version 1
nodes
0 "Hulk" -1
1 "ValveBiped" -1
2 "ValveBiped.Bip01" 1
3 "ValveBiped.Bip01_Pelvis" 2
4 "ValveBiped.Bip01_L_Thigh" 3
5 "ValveBiped.Bip01_L_Calf" 4
6 "ValveBiped.Bip01_L_Foot" 5
7 "ValveBiped.Bip01_L_Toe" 6
8 "ValveBiped.Bip01_R_Thigh" 3
9 "ValveBiped.Bip01_R_Calf" 8
10 "ValveBiped.Bip01_R_Foot" 9
11 "ValveBiped.Bip01_R_Toe" 10
12 "ValveBiped.Bip01_Spine0" 2
13 "ValveBiped.Bip01_Spine1" 12
14 "ValveBiped.Bip01_Spine2" 13
15 "ValveBiped.Bip01_Spine3" 14
16 "ValveBiped.Bip01_Neck0" 15
17 "ValveBiped.Bip01_Head" 16
18 "ValveBiped.Bip01_L_Clavicle" 15
19 "ValveBiped.Bip01_L_UpperArm" 18
20 "ValveBiped.Bip01_L_Forearm" 19
21 "ValveBiped.Bip01_L_Hand" 20
22 "ValveBiped.Bip01_L_Finger4" 21
23 "ValveBiped.Bip01_L_Finger41" 22
24 "ValveBiped.Bip01_L_Finger42" 23
25 "ValveBiped.Bip01_L_Finger3" 21
26 "ValveBiped.Bip01_L_Finger31" 25
27 "ValveBiped.Bip01_L_Finger32" 26
28 "ValveBiped.Bip01_L_Finger2" 21
29 "ValveBiped.Bip01_L_Finger21" 28
30 "ValveBiped.Bip01_L_Finger22" 29
31 "ValveBiped.Bip01_L_Finger1" 21
32 "ValveBiped.Bip01_L_Finger11" 31
33 "ValveBiped.Bip01_L_Finger12" 32
34 "ValveBiped.Bip01_L_Finger0" 21
35 "ValveBiped.Bip01_L_Finger01" 34
36 "ValveBiped.Bip01_L_Finger02" 35
37 "ValveBiped.Bip01_R_Clavicle" 15
38 "ValveBiped.Bip01_R_UpperArm" 37
39 "ValveBiped.Bip01_R_Forearm" 38
40 "ValveBiped.Bip01_R_Hand" 39
41 "ValveBiped.Bip01_R_Finger4" 40
42 "ValveBiped.Bip01_R_Finger41" 41
43 "ValveBiped.Bip01_R_Finger42" 42
44 "ValveBiped.Bip01_R_Finger3" 40
45 "ValveBiped.Bip01_R_Finger31" 44
46 "ValveBiped.Bip01_R_Finger32" 45
47 "ValveBiped.Bip01_R_Finger2" 40
48 "ValveBiped.Bip01_R_Finger21" 47
49 "ValveBiped.Bip01_R_Finger22" 48
50 "ValveBiped.Bip01_R_Finger1" 40
51 "ValveBiped.Bip01_R_Finger11" 50
52 "ValveBiped.Bip01_R_Finger12" 51
53 "ValveBiped.Bip01_R_Finger0" 40
54 "ValveBiped.Bip01_R_Finger01" 53
55 "ValveBiped.Bip01_R_Finger02" 54
56 "ValveBiped.LeftFootParent" 1
57 "ValveBiped.LeftFoot" 56
58 "ValveBiped.LfootUpVectorHeel" 57
59 "ValveBiped.LfootUpVectorBall" 57
60 "ValveBiped.LAnkleGroup" 57
61 "ValveBiped.LeftRoll" 60
62 "ValveBiped.LToePivot" 60
63 "ValveBiped.LHeel" 62
64 "ValveBiped.LToe" 63
65 "ValveBiped.LBall" 64
66 "ValveBiped.LAnkle" 65
67 "ValveBiped.LBallGroup" 65
68 "ValveBiped.LeftToe" 67
69 "ValveBiped.LeftToeTarget" 57
70 "ValveBiped.LegRollL_Point_ClsCtr" 57
71 "ValveBiped.LeftToeLift" 57
72 "ValveBiped.RightFootParent" 1
73 "ValveBiped.RightFoot" 72
74 "ValveBiped.RfootUpVectorHeel" 73
75 "ValveBiped.RfootUpVectorBall" 73
76 "ValveBiped.RAnkleGroup" 73
77 "ValveBiped.RightRoll" 76
78 "ValveBiped.RToePivot" 76
79 "ValveBiped.RHeel" 78
80 "ValveBiped.RToe" 79
81 "ValveBiped.RBall" 80
82 "ValveBiped.RAnkle" 81
83 "ValveBiped.RBallGroup" 81
84 "ValveBiped.RightToe" 83
85 "ValveBiped.RightToeTarget" 73
86 "ValveBiped.LegRollR_Point_ClsCtr" 73
87 "ValveBiped.RightToeLift" 73
88 "ValveBiped.UpperBodyParent" 1
89 "ValveBiped.UpperBody" 88
90 "ValveBiped.SpineControlParent" 89
91 "ValveBiped.SpineControl" 90
92 "ValveBiped.SpineControlConstrainer" 91
93 "ValveBiped.SpineControl1" 91
94 "ValveBiped.SpineControlConstrainer1" 93
95 "ValveBiped.SpineControl2" 93
96 "ValveBiped.SpineControlConstrainer2" 95
97 "ValveBiped.SpineControl3" 95
98 "ValveBiped.SpineControlConstrainer3" 97
99 "ValveBiped.NeckControl" 97
100 "ValveBiped.NeckControlConstrainer" 99
101 "ValveBiped.HeadControl" 99
102 "ValveBiped.HeadControlConstrainer" 101
103 "ValveBiped.ClavicleControlParentL" 97
104 "ValveBiped.ClavicleControlL" 103
105 "ValveBiped.ClavicleControlParentR" 97
106 "ValveBiped.ClavicleControlR" 105
107 "ValveBiped.HandControlPosParentL" 1
108 "ValveBiped.HandControlPosL" 107
109 "ValveBiped.ArmRollL_Point_ClsCtr" 108
110 "ValveBiped.ArmRollL" 107
111 "ValveBiped.LArmUpVParent" 110
112 "ValveBiped.LArmUpV" 111
113 "ValveBiped.HandControlRotGrandmaL" 1
114 "ValveBiped.HandControlRotParentL" 113
115 "ValveBiped.HandControlRotL" 114
116 "ValveBiped.HandControlRotL1" 115
117 "ValveBiped.HandControlRotConstrainerL" 116
118 "ValveBiped.HandControlPosParentR" 1
119 "ValveBiped.HandControlPosR" 118
120 "ValveBiped.ArmRollR_Point_ClsCtr" 119
121 "ValveBiped.ArmRollR" 118
122 "ValveBiped.RArmUpVParent" 121
123 "ValveBiped.RArmUpV" 122
124 "ValveBiped.HandControlRotGrandmaR" 1
125 "ValveBiped.HandControlRotParentR" 124
126 "ValveBiped.HandControlRotR" 125
127 "ValveBiped.HandControlRotR1" 126
128 "ValveBiped.HandControlRotConstrainerR" 127
129 "ValveBiped.LegRollControlParent_L" 1
130 "ValveBiped.LegRollL" 129
131 "ValveBiped.LUpVParent" 130
132 "ValveBiped.LeftLeg_UpV" 131
133 "ValveBiped.LegRollControlParent_R" 1
134 "ValveBiped.LegRollR" 133
135 "ValveBiped.RUpVParent" 134
136 "ValveBiped.RightLeg_UpV" 135
137 "Scene_Root" -1
138 "null" 137
139 "null1" 137
end
skeleton
time 0
0 0.000000 0.000000 0.000000 1.570796 0.000000 0.000000
1 0.000000 0.000000 0.000000 1.570796 0.000000 0.000000
2 1.926350 32.285343 -1.594559 0.000383 -0.517043 -0.004655
3 0.000000 0.000000 0.000000 0.000000 0.000000 0.000000
4 5.757982 0.000000 0.000000 -1.957621 -0.713128 -1.200351
5 18.152637 -0.000000 0.000000 0.000000 -0.000000 1.198915
6 17.091557 0.000000 -0.000000 -0.148680 -0.015757 -1.582417
7 6.229743 0.000000 -0.000000 0.027535 0.010122 -0.333212
8 -5.757982 0.000000 -0.000000 -1.359470 -0.550580 -1.856049
9 18.152637 -0.000000 0.000000 -0.000000 -0.000000 1.294319
10 17.091557 -0.000000 -0.000000 0.281506 0.047722 -1.710761
11 6.229743 0.000000 0.000000 -0.115411 -0.029280 -0.657853
12 0.000000 3.964346 -1.347968 1.570850 -0.364781 1.570944
13 7.507315 0.000000 -0.000000 -0.000117 -0.000080 0.140524
14 9.079733 -0.000000 -0.000000 -0.000019 0.000040 0.207290
15 10.826827 0.000000 0.000000 -0.000077 -0.000061 0.618193
16 8.860067 0.000000 0.000000 2.990893 -0.449714 0.716571
17 4.341945 0.000000 0.000000 0.000277 0.000017 1.832525
18 6.900930 1.363879 3.754603 -2.104723 -2.071386 0.422259
19 12.731754 -0.000000 0.000000 -1.703778 -1.431759 0.641807
20 26.625128 0.000000 0.000000 0.000000 -0.000000 -0.454614
21 20.040787 -0.000017 -0.000030 -1.156704 0.310261 0.168459
22 16.821650 2.696737 -0.203279 -0.454715 2.101277 -2.090298
23 2.039386 0.000000 -0.000000 -0.000000 -0.119732 -0.551019
24 1.516909 -0.000000 0.000000 0.000000 -0.106498 -0.214585
25 17.176727 0.840396 -0.044736 -0.246604 1.977585 -1.852852
26 2.302859 -0.000000 -0.000000 -0.000000 -0.040281 -0.440509
27 2.047745 0.000000 0.000000 -0.000000 -0.019146 -0.127858
28 17.032684 -1.069098 -0.638179 2.512672 1.056836 0.848304
29 2.907259 -0.000000 -0.000000 -0.000000 -0.070674 -0.789421
30 2.470908 -0.000000 -0.000000 -0.000000 0.042753 -0.053852
31 16.797981 -2.957015 -1.264867 2.402309 1.055943 0.717082
32 2.246732 0.000000 -0.000000 0.000000 0.130347 -0.750151
33 1.924987 0.000000 -0.000000 -0.000000 0.084390 -0.071779
34 10.924372 -3.874175 -3.676631 -2.700621 0.350317 -0.102732
35 3.109823 0.000000 0.000000 -0.000000 0.123272 -0.061145
36 1.512893 0.000000 0.000000 0.000000 -0.028966 0.541554
37 6.900930 1.363879 -3.754603 2.032351 2.071420 0.424132
38 12.731754 0.000000 -0.000000 1.823330 1.504007 0.825205
39 26.625128 0.000000 -0.000000 0.000000 0.000000 -0.614345
40 20.040768 -0.000010 0.000019 0.825638 0.058879 0.229061
41 16.821663 2.695864 0.214569 0.458848 -2.097646 -2.093866
42 2.039386 0.000000 0.000000 -0.000000 0.119732 -0.551019
43 1.516909 -0.000000 0.000000 0.000000 0.106498 -0.214585
44 17.176743 0.840203 0.048255 0.249576 -1.973565 -1.855583
45 2.302859 0.000000 -0.000000 0.000000 0.040281 -0.440509
46 2.047745 0.000000 0.000000 0.000000 0.019146 -0.127858
47 17.032701 -1.071759 0.633698 -2.507009 -1.059970 0.843370
48 2.907259 -0.000000 -0.000000 0.000000 0.070674 -0.789421
49 2.470908 -0.000000 0.000000 -0.000000 -0.042753 -0.053852
50 16.798000 -2.962283 1.252475 -2.395869 -1.058686 0.711474
51 2.246732 -0.000000 0.000000 -0.000000 -0.130347 -0.750151
52 1.924987 -0.000000 -0.000000 -0.000000 -0.084390 -0.071779
53 10.924391 -3.889540 3.660376 2.705055 -0.349884 -0.104252
54 3.109823 0.000000 0.000000 -0.000000 -0.123272 -0.061145
55 1.512893 -0.000000 0.000000 0.000000 0.028966 0.541554
56 7.466661 3.907426 -1.935393 0.000000 0.000000 0.000000
57 0.940361 0.001544 9.593372 -0.000140 -0.165797 -0.000274
58 -0.183178 -4.377939 -4.342432 0.000000 0.000000 0.000000
59 -0.002530 -3.188768 4.795198 0.066697 0.001370 -0.001284
60 0.000000 0.000000 0.000000 0.000000 -0.000000 0.000000
61 0.000000 0.000000 0.000000 0.000000 0.000000 0.000000
62 -0.000000 -2.426310 5.737833 -0.000000 0.000937 -0.001514
63 0.206732 -1.514296 -10.147256 0.000000 -0.000937 0.001514
64 -0.194928 1.514586 13.669277 0.000000 0.000937 -0.001514
65 0.003297 0.000007 -3.521831 0.000000 0.000000 0.000000
66 0.001702 2.426307 -5.737833 0.000000 0.000000 0.000000
67 0.000000 0.000000 0.000000 0.000000 0.000000 0.000000
68 0.000000 0.000000 0.000000 0.066696 0.000434 0.000231
69 0.001218 -2.661055 9.251836 0.066697 0.001370 -0.001284
70 8.000000 0.000000 0.000000 0.000188 0.165797 0.000301
71 0.000003 -2.426316 9.259665 -0.000000 0.000937 -0.001514
72 -7.466661 3.907426 -1.935393 0.000000 0.000000 0.000000
73 1.496241 -0.060857 -6.543487 0.000079 -0.862334 0.000035
74 0.334780 -4.377939 -4.346992 0.000000 0.000000 0.000000
75 -0.062719 -3.341104 4.971069 -0.118632 0.000131 -0.001851
76 0.000000 0.000000 0.000000 -0.000000 0.000000 0.000000
77 0.000000 0.000000 0.000000 0.139717 0.000000 0.000000
78 -0.000000 -2.426310 5.737833 0.000000 0.000937 -0.001514
79 -0.183130 -1.514886 -10.147621 0.000000 -0.000937 0.001514
80 0.194928 1.514586 13.669277 0.000000 0.000937 -0.001514
81 0.003303 0.000007 -3.521831 0.139717 0.000000 0.000000
82 0.001702 2.426307 -5.737833 0.000000 0.000000 0.000000
83 0.000000 -0.000000 0.000000 -0.139717 -0.000000 -0.000000
84 0.000000 0.000000 0.000000 -0.118633 -0.000805 -0.000337
85 -0.002071 -2.009504 9.234913 -0.119769 -0.001571 0.061033
86 -8.000000 0.000000 0.000000 -0.000162 0.862334 -0.000146
87 -0.000003 -2.426316 9.259665 -0.000000 0.000937 -0.001514
88 0.000156 39.987263 -0.385905 0.000000 0.000000 0.000000
89 1.926194 -7.701919 -1.208655 0.000383 -0.517043 -0.004655
90 0.000000 3.964346 -1.347968 1.570796 0.083193 1.570796
91 0.000000 0.000000 0.000000 0.000108 0.000136 0.461635
92 0.000000 -0.000000 0.000000 -0.000000 -0.000000 -0.013661
93 7.506614 -0.102554 0.000000 -0.000106 -0.000094 0.000220
94 0.000000 0.000000 0.000000 0.000000 -0.000000 0.126643
95 9.007018 1.146814 0.000000 -0.000031 0.000031 -0.000036
96 -0.000000 -0.000000 0.000000 0.000000 0.000000 0.333969
97 10.228633 3.548980 0.000000 0.000005 -0.000098 -0.000183
98 0.000000 -0.000000 0.000000 -0.000000 -0.000000 0.952345
99 5.136838 7.218981 0.000000 0.458318 -0.119849 -0.000182
100 0.000000 -0.000000 -0.000000 -0.000002 -3.141593 -1.535012
101 -0.155339 4.339165 0.000000 0.000278 0.000020 -0.363311
102 0.000000 0.000000 -0.000000 3.141592 0.000000 0.137367
103 2.889723 6.413463 3.754603 1.037195 -1.069949 -1.767391
104 0.000000 0.000000 0.000000 0.000027 0.000035 0.000320
105 2.889723 6.413463 -3.754603 -1.110908 1.069949 -1.767391
106 0.000000 0.000000 0.000000 -0.000330 -0.000879 0.000686
107 8.192579 60.788845 17.806547 0.000000 0.000000 0.000000
108 0.472301 -42.549473 16.082178 0.000000 0.000000 0.000000
109 0.000000 9.000000 0.000000 0.000000 0.000000 0.000000
110 0.000000 0.000000 0.000000 0.000000 0.000000 0.000000
111 0.000000 0.000000 -10.000000 -0.000000 -0.000000 -0.000000
112 21.842710 7.558799 21.871696 0.000000 0.000000 0.000000
113 12.821725 37.368069 29.593645 0.622707 -0.215992 -1.784779
114 20.040791 -0.000036 0.000008 1.404680 0.142601 0.138624
115 0.000000 0.000000 -0.000000 -0.518786 0.022515 -0.119725
116 0.000000 0.000000 0.000000 -0.235528 0.036014 0.000000
117 -0.000000 0.000000 0.000000 -1.816459 0.017293 -0.015642
118 -17.754242 60.921921 3.053391 0.000000 0.000000 0.000000
119 -5.668728 -43.419720 8.072856 0.000000 0.000000 0.000000
120 0.000000 9.000000 0.000000 0.000000 0.000000 0.000000
121 0.000000 0.000000 0.000000 0.000000 0.000000 0.000000
122 0.000004 -0.000016 -10.000016 -3.141593 -3.141593 3.141593
123 -19.929272 7.007167 0.014198 -0.000000 0.000000 0.000000
124 -27.369650 36.169807 4.996135 -2.813226 -0.310864 -1.362446
125 20.040770 -0.000027 0.000001 1.736913 -0.142601 0.138624
126 0.000000 0.000000 0.000000 0.182736 0.081855 -0.228420
127 0.000000 0.000000 0.000000 0.232579 -0.036013 -0.000000
128 -0.000000 -0.000000 0.000000 -1.329320 0.017292 0.015641
129 6.931621 32.262043 1.251681 0.000000 0.000000 0.000000
130 0.000000 0.000000 0.000000 0.000000 0.000000 0.000000
131 0.000000 0.000000 -10.000000 0.000000 0.000000 0.000000
132 2.300910 -0.010986 -0.003471 0.000000 0.000000 0.000000
133 -3.078921 32.308643 -4.440799 0.000000 0.000000 0.000000
134 0.000000 0.000000 0.000000 0.000000 0.000000 0.000000
135 0.000000 0.000000 -10.000000 -0.000000 0.000000 0.000000
136 -8.438233 0.024053 0.026733 0.000000 0.000000 0.000000
137 0.000000 0.000000 0.000000 1.570796 0.000000 0.000000
138 8.664881 18.239372 33.888725 1.452697 -0.074915 -1.518159
139 -23.422970 17.502199 11.126246 -0.816007 -0.283145 -1.639244
time 1
0 0.000000 0.000000 0.000000 1.570796 0.000000 0.000000
1 0.000000 0.000000 0.000000 1.570796 0.000000 0.000000
2 1.977710 32.115223 -1.559483 -0.008118 -0.527018 -0.004542
3 0.000000 0.000000 0.000000 0.000000 0.000000 0.000000
4 5.757982 0.000000 0.000000 -1.968258 -0.708636 -1.192185
5 18.152637 -0.000000 0.000000 0.000000 -0.000000 1.216809
6 17.091557 0.000000 0.000000 -0.148072 -0.015770 -1.593416
7 6.229743 -0.000000 -0.000000 0.027577 0.010003 -0.329867
8 -5.757982 0.000000 -0.000000 -1.362358 -0.552377 -1.858727
9 18.152637 -0.000000 0.000000 0.000000 0.000000 1.308003
10 17.091557 0.000000 0.000000 0.280745 0.041700 -1.718521
11 6.229743 -0.000000 -0.000000 -0.115410 -0.029281 -0.657857
12 0.000000 3.964346 -1.347968 1.571314 -0.370031 1.569882
13 7.507315 -0.000000 0.000000 -0.000171 -0.000628 0.144736
14 9.079733 0.000000 0.000000 -0.000371 -0.000859 0.205949
15 10.826827 0.000000 -0.000000 -0.001056 -0.001212 0.615446
16 8.860067 0.000000 -0.000000 2.993701 -0.470922 0.715147
17 4.341945 0.000000 0.000000 0.019105 0.006015 1.836423
18 6.900930 1.363879 3.754603 -2.102155 -2.073746 0.424619
19 12.731754 0.000000 0.000000 -1.685997 -1.408022 0.622698
20 26.625128 0.000000 0.000000 -0.000000 0.000000 -0.489821
21 20.040787 -0.000017 -0.000030 -1.161286 0.309031 0.180763
22 16.821650 2.696737 -0.203279 -0.454715 2.101277 -2.090298
23 2.039386 0.000000 0.000000 0.000000 -0.119732 -0.551019
24 1.516909 0.000000 -0.000000 0.000000 -0.106498 -0.214585
25 17.176727 0.840396 -0.044736 -0.246604 1.977585 -1.852852
26 2.302859 -0.000000 0.000000 0.000000 -0.040281 -0.440509
27 2.047745 0.000000 0.000000 -0.000000 -0.019146 -0.127858
28 17.032684 -1.069098 -0.638179 2.512672 1.056836 0.848304
29 2.907259 -0.000000 -0.000000 0.000000 -0.070674 -0.789421
30 2.470908 0.000000 0.000000 -0.000000 0.042753 -0.053852
31 16.797981 -2.957015 -1.264867 2.402309 1.055943 0.717082
32 2.246732 -0.000000 0.000000 -0.000000 0.130347 -0.750151
33 1.924987 0.000000 0.000000 0.000000 0.084390 -0.071779
34 10.924372 -3.874175 -3.676631 -2.700621 0.350317 -0.102732
35 3.109823 0.000000 -0.000000 -0.000000 0.123272 -0.061145
36 1.512893 0.000000 0.000000 0.000000 -0.028966 0.541554
37 6.900930 1.363879 -3.754603 2.033635 2.070478 0.438611
38 12.731754 -0.000000 0.000000 2.070012 1.500746 1.080063
39 26.625128 -0.000000 0.000000 -0.000000 0.000000 -0.613912
40 20.040768 -0.000010 0.000019 0.832748 0.054634 0.225469
41 16.821663 2.695864 0.214569 0.458848 -2.097646 -2.093866
42 2.039386 -0.000000 0.000000 -0.000000 0.119732 -0.551019
43 1.516909 0.000000 -0.000000 0.000000 0.106498 -0.214585
44 17.176743 0.840203 0.048255 0.249576 -1.973565 -1.855583
45 2.302859 -0.000000 0.000000 -0.000000 0.040281 -0.440509
46 2.047745 -0.000000 0.000000 0.000000 0.019146 -0.127858
47 17.032701 -1.071759 0.633698 -2.507009 -1.059970 0.843370
48 2.907259 0.000000 -0.000000 0.000000 0.070674 -0.789421
49 2.470908 0.000000 -0.000000 -0.000000 -0.042753 -0.053852
50 16.798000 -2.962283 1.252475 -2.395869 -1.058686 0.711474
51 2.246732 -0.000000 0.000000 0.000000 -0.130347 -0.750151
52 1.924987 -0.000000 -0.000000 -0.000000 -0.084390 -0.071779
53 10.924391 -3.889540 3.660376 2.705055 -0.349884 -0.104252
54 3.109823 0.000000 0.000000 0.000000 -0.123272 -0.061145
55 1.512893 -0.000000 0.000000 0.000000 0.028966 0.541554
56 7.466661 3.907426 -1.935393 0.000000 0.000000 0.000000
57 0.938227 -0.003318 9.599545 -0.000453 -0.166122 -0.000609
58 -0.183178 -4.377939 -4.342432 0.000000 0.000000 0.000000
59 -0.002540 -3.185609 4.792652 0.070044 0.001392 -0.001271
60 0.000000 0.000000 0.000000 -0.000000 0.000000 0.000000
61 0.000000 0.000000 0.000000 0.000000 0.000000 0.000000
62 -0.000000 -2.426310 5.737833 -0.000000 0.000937 -0.001514
63 0.206732 -1.514296 -10.147256 0.000000 -0.000937 0.001514
64 -0.194928 1.514586 13.669277 0.000000 0.000937 -0.001514
65 0.003297 0.000007 -3.521831 0.000000 0.000000 0.000000
66 0.001702 2.426307 -5.737833 0.000000 0.000000 0.000000
67 0.000000 0.000000 0.000000 0.000000 0.000000 0.000000
68 0.000000 0.000000 0.000000 0.070043 0.000455 0.000243
69 0.001280 -2.672815 9.251030 0.070044 0.001392 -0.001271
70 8.000000 0.000000 0.000000 0.000561 0.166122 0.000694
71 0.000003 -2.426316 9.259665 -0.000000 0.000937 -0.001514
72 -7.466661 3.907426 -1.935393 0.000000 0.000000 0.000000
73 1.509262 -0.080966 -6.526170 -0.003987 -0.865040 0.001202
74 0.334780 -4.377939 -4.346992 0.000000 0.000000 0.000000
75 -0.062719 -3.341107 4.971073 -0.118636 0.000131 -0.001851
76 0.000000 0.000000 0.000000 0.000000 0.000000 -0.000000
77 0.000000 0.000000 0.000000 0.139717 0.000000 0.000000
78 -0.000000 -2.426310 5.737833 0.000000 0.000937 -0.001514
79 -0.183130 -1.514886 -10.147621 0.000000 -0.000937 0.001514
80 0.194928 1.514586 13.669277 0.000000 0.000937 -0.001514
81 0.003303 0.000007 -3.521831 0.139717 0.000000 0.000000
82 0.001702 2.426307 -5.737833 0.000000 0.000000 0.000000
83 -0.000000 -0.000000 0.000000 -0.139717 -0.000000 -0.000000
84 0.000000 0.000000 0.000000 -0.118637 -0.000806 -0.000337
85 -0.002072 -2.009489 9.234911 -0.119773 -0.001571 0.061033
86 -8.000000 0.000000 0.000000 0.004736 0.865037 0.002825
87 -0.000003 -2.426316 9.259665 -0.000000 0.000937 -0.001514
88 0.000156 39.987263 -0.385905 0.000000 0.000000 0.000000
89 1.977554 -7.872040 -1.173579 -0.008118 -0.527018 -0.004542
90 0.000000 3.964346 -1.347968 1.570796 0.083193 1.570796
91 0.000000 0.000000 0.000000 0.000176 -0.000855 0.466885
92 0.000000 -0.000000 0.000000 -0.000000 -0.000000 -0.013661
93 7.506614 -0.102554 0.000000 -0.000091 -0.000644 0.004432
94 0.000000 0.000000 0.000000 0.000000 -0.000000 0.126643
95 9.007018 1.146814 0.000000 -0.000069 -0.000933 -0.001377
96 -0.000000 -0.000000 0.000000 0.000000 0.000000 0.333969
97 10.228633 3.548980 0.000000 0.000376 -0.001563 -0.002931
98 0.000000 -0.000000 0.000000 -0.000000 -0.000000 0.952345
99 5.136838 7.218981 0.000000 0.479319 -0.115251 -0.002822
100 0.000000 -0.000000 -0.000000 -0.000002 -3.141593 -1.535012
101 -0.155339 4.339165 0.000000 0.019749 -0.003344 -0.367185
102 0.000000 0.000000 -0.000000 3.141592 0.000000 0.137367
103 2.889723 6.413463 3.754603 1.037195 -1.069949 -1.767391
104 0.000000 0.000000 0.000000 0.004662 0.002215 -0.001132
105 2.889723 6.413463 -3.754603 -1.110908 1.069949 -1.767391
106 0.000000 0.000000 0.000000 -0.011767 -0.006650 0.004661
107 8.134938 60.584778 17.828966 0.000000 0.000000 0.000000
108 0.592189 -42.345406 16.085505 0.000000 0.000000 0.000000
109 0.000000 9.000000 0.000000 0.000000 0.000000 0.000000
110 0.000000 0.000000 0.000000 0.000000 0.000000 0.000000
111 0.000000 0.000000 -10.000000 -0.000000 -0.000000 -0.000000
112 22.178064 7.896862 22.077152 0.000000 0.000000 0.000000
113 13.154239 37.353390 29.829241 0.628608 -0.205284 -1.798399
114 20.040791 -0.000036 0.000008 1.404680 0.142601 0.138624
115 0.000000 0.000000 0.000000 -0.526443 0.034235 -0.116434
116 0.000000 0.000000 0.000000 -0.235528 0.036014 0.000000
117 -0.000000 0.000000 0.000000 -1.816459 0.017293 -0.015642
118 -17.707628 60.885983 2.913497 0.000000 0.000000 0.000000
119 -5.765573 -43.383785 8.212749 0.000000 0.000000 0.000000
120 0.000000 9.000000 0.000000 0.000000 0.000000 0.000000
121 0.000000 0.000000 0.000000 0.000000 0.000000 0.000000
122 0.000004 -0.000016 -10.000016 -3.141593 -3.141593 3.141593
123 -20.043177 7.218595 0.038193 -0.000000 0.000000 0.000000
124 -27.389088 36.169220 4.974642 -2.819619 -0.311991 -1.364019
125 20.040770 -0.000027 0.000001 1.736913 -0.142601 0.138624
126 0.000000 -0.000000 0.000000 0.190365 0.079141 -0.223428
127 0.000000 0.000000 0.000000 0.232579 -0.036013 -0.000000
128 -0.000000 -0.000000 0.000000 -1.329320 0.017292 0.015641
129 6.954344 32.092617 1.336541 0.000000 0.000000 0.000000
130 0.000000 0.000000 0.000000 0.000000 0.000000 0.000000
131 0.000000 0.000000 -10.000000 0.000000 0.000000 0.000000
132 2.293839 -0.144605 0.089799 0.000000 0.000000 0.000000
133 -2.998924 32.137825 -4.455508 0.000000 0.000000 0.000000
134 0.000000 0.000000 0.000000 0.000000 0.000000 0.000000
135 0.000000 0.000000 -10.000000 -0.000000 0.000000 0.000000
136 -8.486508 0.165231 -0.057015 0.000000 0.000000 0.000000
137 0.000000 0.000000 0.000000 1.570796 0.000000 0.000000
138 8.727128 18.239372 33.914471 1.452697 -0.073785 -1.521668
139 -23.473202 17.502199 11.126246 -0.816007 -0.283145 -1.635989
time 2
0 0.000000 0.000000 0.000000 1.570796 0.000000 0.000000
1 0.000000 0.000000 0.000000 1.570796 0.000000 0.000000
2 2.026319 31.812269 -1.542957 -0.017590 -0.535413 -0.003021
3 0.000000 0.000000 0.000000 0.000000 0.000000 0.000000
4 5.757982 0.000000 0.000000 -1.984633 -0.710352 -1.178872
5 18.152637 -0.000000 0.000000 0.000000 0.000000 1.246741
6 17.091557 -0.000000 0.000000 -0.146272 -0.011324 -1.606677
7 6.229743 0.000000 -0.000000 0.027593 0.009957 -0.328583
8 -5.757982 0.000000 -0.000000 -1.368644 -0.558131 -1.861111
9 18.152637 -0.000000 -0.000000 -0.000000 -0.000000 1.332200
10 17.091557 0.000000 -0.000000 0.281803 0.041073 -1.737489
11 6.229743 0.000000 0.000000 -0.115572 -0.029079 -0.651857
12 0.000000 3.964346 -1.347968 1.571738 -0.375946 1.567880
13 7.507315 -0.000000 0.000000 -0.000659 -0.001539 0.149456
14 9.079733 -0.000000 0.000000 -0.001007 -0.002137 0.204505
15 10.826827 -0.000000 -0.000000 -0.001250 -0.001361 0.612702
16 8.860067 -0.000000 -0.000000 2.996237 -0.488429 0.708485
17 4.341945 -0.000000 0.000000 0.034185 0.010911 1.843737
18 6.900930 1.363879 3.754603 -2.094799 -2.074354 0.430532
19 12.731754 0.000000 0.000000 -1.707234 -1.371272 0.638772
20 26.625128 0.000000 0.000000 0.000000 -0.000000 -0.540405
21 20.040787 -0.000017 -0.000030 -1.167125 0.306215 0.193070
22 16.821650 2.696737 -0.203279 -0.454715 2.101277 -2.090298
23 2.039386 0.000000 -0.000000 -0.000000 -0.119732 -0.551019
24 1.516909 0.000000 0.000000 0.000000 -0.106498 -0.214585
25 17.176727 0.840396 -0.044736 -0.246604 1.977585 -1.852852
26 2.302859 0.000000 -0.000000 -0.000000 -0.040281 -0.440509
27 2.047745 -0.000000 0.000000 0.000000 -0.019146 -0.127858
28 17.032684 -1.069098 -0.638179 2.512672 1.056836 0.848304
29 2.907259 0.000000 0.000000 -0.000000 -0.070674 -0.789421
30 2.470908 0.000000 0.000000 -0.000000 0.042753 -0.053852
31 16.797981 -2.957015 -1.264867 2.402309 1.055943 0.717082
32 2.246732 -0.000000 -0.000000 0.000000 0.130347 -0.750151
33 1.924987 -0.000000 -0.000000 0.000000 0.084390 -0.071779
34 10.924372 -3.874175 -3.676631 -2.700621 0.350317 -0.102732
35 3.109823 -0.000000 0.000000 0.000000 0.123272 -0.061145
36 1.512893 0.000000 0.000000 0.000000 -0.028966 0.541554
37 6.900930 1.363879 -3.754603 2.025145 2.073516 0.440824
38 12.731754 0.000000 0.000000 -0.979173 1.661554 -1.958084
39 26.625128 0.000000 0.000000 -0.000000 -0.000000 -0.639776
40 20.040768 -0.000010 0.000019 0.839691 0.045516 0.229046
41 16.821663 2.695864 0.214569 0.458848 -2.097646 -2.093866
42 2.039386 -0.000000 -0.000000 -0.000000 0.119732 -0.551019
43 1.516909 0.000000 0.000000 0.000000 0.106498 -0.214585
44 17.176743 0.840203 0.048255 0.249576 -1.973565 -1.855583
45 2.302859 -0.000000 -0.000000 0.000000 0.040281 -0.440509
46 2.047745 -0.000000 0.000000 -0.000000 0.019146 -0.127858
47 17.032701 -1.071759 0.633698 -2.507009 -1.059970 0.843370
48 2.907259 -0.000000 0.000000 0.000000 0.070674 -0.789421
49 2.470908 0.000000 -0.000000 -0.000000 -0.042753 -0.053852
50 16.798000 -2.962283 1.252475 -2.395869 -1.058686 0.711474
51 2.246732 0.000000 0.000000 -0.000000 -0.130347 -0.750151
52 1.924987 0.000000 -0.000000 -0.000000 -0.084390 -0.071779
53 10.924391 -3.889540 3.660376 2.705055 -0.349884 -0.104252
54 3.109823 0.000000 -0.000000 -0.000000 -0.123272 -0.061145
55 1.512893 0.000000 0.000000 0.000000 0.028966 0.541554
56 7.466661 3.907426 -1.935393 0.000000 0.000000 0.000000
57 0.940602 0.002370 9.612194 0.001436 -0.166669 -0.001504
58 -0.183178 -4.377939 -4.342432 0.000000 0.000000 0.000000
59 -0.002544 -3.184394 4.791677 0.071329 0.001400 -0.001267
60 0.000000 0.000000 0.000000 -0.000000 0.000000 0.000000
61 0.000000 0.000000 0.000000 0.000000 0.000000 0.000000
62 -0.000000 -2.426310 5.737833 -0.000000 0.000937 -0.001514
63 0.206732 -1.514296 -10.147256 0.000000 -0.000937 0.001514
64 -0.194928 1.514586 13.669277 0.000000 0.000937 -0.001514
65 0.003297 0.000007 -3.521831 0.000000 0.000000 0.000000
66 0.001702 2.426307 -5.737833 0.000000 0.000000 0.000000
67 0.000000 0.000000 0.000000 -0.000000 0.000000 0.000000
68 0.000000 0.000000 0.000000 0.071327 0.000463 0.000248
69 0.001304 -2.677327 9.250710 0.071329 0.001400 -0.001267
70 8.000000 0.000000 0.000000 -0.001203 0.166671 0.001284
71 0.000003 -2.426316 9.259665 -0.000000 0.000937 -0.001514
72 -7.466661 3.907426 -1.935393 0.000000 0.000000 0.000000
73 1.543638 -0.128704 -6.520651 -0.012673 -0.867643 0.001794
74 0.334780 -4.377939 -4.346992 0.000000 0.000000 0.000000
75 -0.062730 -3.336490 4.965600 -0.112635 0.000173 -0.001837
76 0.000000 0.000000 -0.000000 -0.000000 -0.000000 -0.000000
77 0.000000 0.000000 0.000000 0.139717 0.000000 0.000000
78 -0.000000 -2.426310 5.737833 -0.000000 0.000937 -0.001514
79 -0.183130 -1.514886 -10.147621 0.000000 -0.000937 0.001514
80 0.194928 1.514586 13.669277 0.000000 0.000937 -0.001514
81 0.003303 0.000007 -3.521831 0.139717 0.000000 0.000000
82 0.001702 2.426307 -5.737833 0.000000 0.000000 0.000000
83 -0.000000 -0.000000 0.000000 -0.139717 -0.000000 -0.000000
84 0.000000 0.000000 0.000000 -0.112637 -0.000764 -0.000322
85 -0.001970 -2.030482 9.237350 -0.113781 -0.001906 0.061037
86 -8.000000 0.000000 0.000000 0.017482 0.867582 0.012175
87 -0.000003 -2.426316 9.259665 -0.000000 0.000937 -0.001514
88 0.000156 39.987263 -0.385905 0.000000 0.000000 0.000000
89 2.026163 -8.174994 -1.157053 -0.017590 -0.535413 -0.003021
90 0.000000 3.964346 -1.347968 1.570796 0.083193 1.570796
91 0.000000 0.000000 0.000000 -0.000166 -0.002711 0.472802
92 0.000000 -0.000000 0.000000 -0.000000 -0.000000 -0.013661
93 7.506614 -0.102554 0.000000 -0.000460 -0.001609 0.009151
94 0.000000 0.000000 0.000000 0.000000 -0.000000 0.126643
95 9.007018 1.146814 0.000000 -0.000251 -0.002349 -0.002822
96 -0.000000 -0.000000 0.000000 0.000000 0.000000 0.333969
97 10.228633 3.548980 0.000000 0.000385 -0.001807 -0.005675
98 0.000000 -0.000000 0.000000 -0.000000 -0.000000 0.952345
99 5.136838 7.218981 0.000000 0.496625 -0.111266 -0.010269
100 0.000000 -0.000000 -0.000000 -0.000002 -3.141593 -1.535012
101 -0.155339 4.339165 0.000000 0.035358 -0.006130 -0.374445
102 0.000000 0.000000 -0.000000 3.141592 0.000000 0.137367
103 2.889723 6.413463 3.754603 1.037195 -1.069949 -1.767391
104 0.000000 0.000000 0.000000 0.017202 0.004975 -0.000191
105 2.889723 6.413463 -3.754603 -1.110908 1.069949 -1.767391
106 0.000000 0.000000 0.000000 -0.022180 -0.008986 0.002446
107 8.084578 60.256924 17.875221 0.000000 0.000000 0.000000
108 0.811509 -42.017551 16.109125 0.000000 0.000000 0.000000
109 0.000000 9.000000 0.000000 0.000000 0.000000 0.000000
110 0.000000 0.000000 0.000000 0.000000 0.000000 0.000000
111 0.000000 0.000000 -10.000000 -0.000000 -0.000000 -0.000000
112 22.364199 8.091008 22.209970 0.000000 0.000000 0.000000
113 13.693746 37.322075 30.180805 0.634511 -0.190948 -1.817105
114 20.040791 -0.000036 0.000008 1.404680 0.142601 0.138624
115 0.000000 0.000000 0.000000 -0.535189 0.045787 -0.111568
116 0.000000 0.000000 0.000000 -0.235528 0.036014 0.000000
117 -0.000000 0.000000 0.000000 -1.816459 0.017293 -0.015642
118 -17.608580 60.635418 2.749661 0.000000 0.000000 0.000000
119 -6.000964 -43.133217 8.376585 0.000000 0.000000 0.000000
120 0.000000 9.000000 0.000000 0.000000 0.000000 0.000000
121 0.000000 0.000000 0.000000 0.000000 0.000000 0.000000
122 0.000004 -0.000016 -10.000016 -3.141593 -3.141593 3.141593
123 -20.120522 7.329922 0.035078 -0.000000 0.000000 0.000000
124 -27.694874 36.082096 4.822945 -2.828685 -0.319954 -1.354361
125 20.040770 -0.000027 0.000001 1.736913 -0.142601 0.138624
126 0.000000 -0.000000 0.000000 0.197536 0.084290 -0.214838
127 0.000000 0.000000 0.000000 0.232579 -0.036013 -0.000000
128 -0.000000 -0.000000 0.000000 -1.329320 0.017292 0.015641
129 6.978494 31.797308 1.394745 0.000000 0.000000 0.000000
130 0.000000 0.000000 0.000000 0.000000 0.000000 0.000000
131 0.000000 0.000000 -10.000000 0.000000 0.000000 0.000000
132 2.238743 -0.373070 0.247121 0.000000 0.000000 0.000000
133 -2.925856 31.827229 -4.480659 0.000000 0.000000 0.000000
134 0.000000 0.000000 0.000000 0.000000 0.000000 0.000000
135 0.000000 0.000000 -10.000000 -0.000000 0.000000 0.000000
136 -8.476693 0.346172 -0.099034 0.000000 0.000000 0.000000
137 0.000000 0.000000 0.000000 1.570796 0.000000 0.000000
138 8.896086 18.239372 33.984348 1.452697 -0.070706 -1.531249
139 -23.609543 17.502199 11.126246 -0.816007 -0.283145 -1.627155
time 3
0 0.000000 0.000000 0.000000 1.570796 0.000000 0.000000
1 0.000000 0.000000 0.000000 1.570796 0.000000 0.000000
2 2.070567 31.384001 -1.538948 -0.027993 -0.542731 -0.000872
3 0.000000 0.000000 0.000000 0.000000 0.000000 0.000000
4 5.757982 0.000000 0.000000 -2.005807 -0.717576 -1.159782
5 18.152637 -0.000000 0.000000 -0.000000 0.000000 1.288871
6 17.091557 0.000000 -0.000000 -0.143740 -0.003718 -1.622971
7 6.229743 0.000000 -0.000000 0.027595 0.009951 -0.328413
8 -5.757982 -0.000000 -0.000000 -1.378369 -0.567612 -1.862846
9 18.152637 0.000000 0.000000 -0.000000 -0.000000 1.366323
10 17.091557 -0.000000 0.000000 0.285118 0.043917 -1.764491
11 6.229743 0.000000 0.000000 -0.115829 -0.028754 -0.642193
12 0.000000 3.964346 -1.347968 1.572208 -0.379868 1.566402
13 7.507315 0.000000 0.000000 -0.001510 -0.002705 0.154159
14 9.079733 0.000000 -0.000000 -0.001732 -0.003423 0.205494
15 10.826827 -0.000000 -0.000000 -0.002151 -0.001964 0.612037
16 8.860067 -0.000000 -0.000000 2.995636 -0.498947 0.702575
17 4.341945 -0.000000 -0.000000 0.041882 0.016103 1.849235
18 6.900930 1.363879 3.754603 -2.086809 -2.073114 0.432807
19 12.731754 0.000000 -0.000000 -1.718316 -1.326804 0.639435
20 26.625128 0.000000 0.000000 0.000000 -0.000000 -0.601301
21 20.040787 -0.000017 -0.000030 -1.169816 0.304228 0.205177
22 16.821650 2.696737 -0.203279 -0.454715 2.101277 -2.090298
23 2.039386 0.000000 -0.000000 0.000000 -0.119732 -0.551019
24 1.516909 -0.000000 0.000000 0.000000 -0.106498 -0.214585
25 17.176727 0.840396 -0.044736 -0.246604 1.977585 -1.852852
26 2.302859 -0.000000 -0.000000 0.000000 -0.040281 -0.440509
27 2.047745 -0.000000 0.000000 0.000000 -0.019146 -0.127858
28 17.032684 -1.069098 -0.638179 2.512672 1.056836 0.848304
29 2.907259 0.000000 -0.000000 0.000000 -0.070674 -0.789421
30 2.470908 0.000000 -0.000000 -0.000000 0.042753 -0.053852
31 16.797981 -2.957015 -1.264867 2.402309 1.055943 0.717082
32 2.246732 0.000000 0.000000 0.000000 0.130347 -0.750151
33 1.924987 0.000000 -0.000000 0.000000 0.084390 -0.071779
34 10.924372 -3.874175 -3.676631 -2.700621 0.350317 -0.102732
35 3.109823 -0.000000 0.000000 0.000000 0.123272 -0.061145
36 1.512893 0.000000 0.000000 -0.000000 -0.028966 0.541554
37 6.900930 1.363879 -3.754603 2.023376 2.072574 0.442339
38 12.731754 0.000000 -0.000000 -0.980707 1.682833 -1.958076
39 26.625128 0.000000 0.000000 0.000000 -0.000000 -0.678900
40 20.040768 -0.000010 0.000019 0.843804 0.033330 0.235730
41 16.821663 2.695864 0.214569 0.458848 -2.097646 -2.093866
42 2.039386 -0.000000 0.000000 0.000000 0.119732 -0.551019
43 1.516909 0.000000 -0.000000 0.000000 0.106498 -0.214585
44 17.176743 0.840203 0.048255 0.249576 -1.973565 -1.855583
45 2.302859 0.000000 -0.000000 0.000000 0.040281 -0.440509
46 2.047745 -0.000000 0.000000 0.000000 0.019146 -0.127858
47 17.032701 -1.071759 0.633698 -2.507009 -1.059970 0.843370
48 2.907259 0.000000 0.000000 0.000000 0.070674 -0.789421
49 2.470908 0.000000 -0.000000 -0.000000 -0.042753 -0.053852
50 16.798000 -2.962283 1.252475 -2.395869 -1.058686 0.711474
51 2.246732 0.000000 0.000000 -0.000000 -0.130347 -0.750151
52 1.924987 -0.000000 -0.000000 -0.000000 -0.084390 -0.071779
53 10.924391 -3.889540 3.660376 2.705055 -0.349884 -0.104252
54 3.109823 0.000000 0.000000 0.000000 -0.123272 -0.061145
55 1.512893 -0.000000 0.000000 0.000000 0.028966 0.541554
56 7.466661 3.907426 -1.935393 0.000000 0.000000 0.000000
57 0.949326 0.029741 9.629311 0.004987 -0.167305 -0.002576
58 -0.183178 -4.377939 -4.342432 0.000000 0.000000 0.000000
59 -0.002544 -3.184233 4.791548 0.071499 0.001401 -0.001266
60 0.000000 0.000000 -0.000000 -0.000000 -0.000000 0.000000
61 0.000000 0.000000 0.000000 0.000000 0.000000 0.000000
62 -0.000000 -2.426310 5.737833 -0.000000 0.000937 -0.001514
63 0.206732 -1.514296 -10.147256 0.000000 -0.000937 0.001514
64 -0.194928 1.514586 13.669277 0.000000 0.000937 -0.001514
65 0.003297 0.000007 -3.521831 0.000000 0.000000 0.000000
66 0.001702 2.426307 -5.737833 0.000000 0.000000 0.000000
67 0.000000 0.000000 0.000000 -0.000000 0.000000 0.000000
68 0.000000 0.000000 0.000000 0.071497 0.000464 0.000248
69 0.001307 -2.677925 9.250668 0.071499 0.001401 -0.001266
70 8.000000 0.000000 0.000000 -0.004622 0.167316 0.001770
71 0.000003 -2.426316 9.259665 -0.000000 0.000937 -0.001514
72 -7.466661 3.907426 -1.935393 0.000000 0.000000 0.000000
73 1.584310 -0.190995 -6.523802 -0.023942 -0.869810 0.002650
74 0.334780 -4.377939 -4.346992 0.000000 0.000000 0.000000
75 -0.062748 -3.328985 4.956841 -0.102970 0.000240 -0.001812
76 0.000000 -0.000000 -0.000000 0.000000 0.000000 0.000000
77 0.000000 0.000000 0.000000 0.139717 0.000000 0.000000
78 -0.000000 -2.426310 5.737833 -0.000000 0.000937 -0.001514
79 -0.183130 -1.514886 -10.147621 0.000000 -0.000937 0.001514
80 0.194928 1.514586 13.669277 0.000000 0.000937 -0.001514
81 0.003303 0.000007 -3.521831 0.139717 0.000000 0.000000
82 0.001702 2.426307 -5.737833 0.000000 0.000000 0.000000
83 -0.000000 -0.000000 0.000000 -0.139717 -0.000000 -0.000000
84 0.000000 0.000000 0.000000 -0.102971 -0.000697 -0.000298
85 -0.001806 -2.064325 9.241013 -0.104131 -0.002447 0.061038
86 -8.000000 0.000000 0.000000 0.033975 0.869565 0.024253
87 -0.000003 -2.426316 9.259665 -0.000000 0.000937 -0.001514
88 0.000156 39.987263 -0.385905 0.000000 0.000000 0.000000
89 2.070411 -8.603261 -1.153044 -0.027993 -0.542731 -0.000872
90 0.000000 3.964346 -1.347968 1.570796 0.083193 1.570796
91 0.000000 0.000000 0.000000 -0.000273 -0.004077 0.476726
92 0.000000 -0.000000 0.000000 -0.000000 -0.000000 -0.013661
93 7.506614 -0.102554 0.000000 -0.001156 -0.002874 0.013854
94 0.000000 0.000000 0.000000 0.000000 -0.000000 0.126643
95 9.007018 1.146814 0.000000 -0.000515 -0.003801 -0.001834
96 -0.000000 -0.000000 0.000000 0.000000 0.000000 0.333969
97 10.228633 3.548980 0.000000 0.000353 -0.002891 -0.006342
98 0.000000 -0.000000 0.000000 -0.000000 -0.000000 0.952345
99 5.136838 7.218981 0.000000 0.507208 -0.110732 -0.017636
100 0.000000 -0.000000 -0.000000 -0.000002 -3.141593 -1.535012
101 -0.155339 4.339165 0.000000 0.043692 -0.010219 -0.379907
102 0.000000 0.000000 -0.000000 3.141592 0.000000 0.137367
103 2.889723 6.413463 3.754603 1.037195 -1.069949 -1.767391
104 0.000000 0.000000 0.000000 0.027194 0.005274 0.001437
105 2.889723 6.413463 -3.754603 -1.110908 1.069949 -1.767391
106 0.000000 0.000000 0.000000 -0.025288 -0.009201 0.003618
107 8.053995 59.791073 17.876442 0.000000 0.000000 0.000000
108 1.091081 -41.551701 16.210882 0.000000 0.000000 0.000000
109 0.000000 9.000000 0.000000 0.000000 0.000000 0.000000
110 0.000000 0.000000 0.000000 0.000000 0.000000 0.000000
111 0.000000 0.000000 -10.000000 -0.000000 -0.000000 -0.000000
112 22.448215 8.064579 22.192331 0.000000 0.000000 0.000000
113 14.394618 37.255997 30.559668 0.636972 -0.176946 -1.840139
114 20.040791 -0.000036 0.000008 1.404680 0.142601 0.138624
115 0.000000 0.000000 0.000000 -0.540727 0.057164 -0.107688
116 0.000000 0.000000 0.000000 -0.235528 0.036014 0.000000
117 -0.000000 0.000000 0.000000 -1.816459 0.017293 -0.015642
118 -17.548969 60.266125 2.575324 0.000000 0.000000 0.000000
119 -6.261497 -42.763924 8.550922 0.000000 0.000000 0.000000
120 0.000000 9.000000 0.000000 0.000000 0.000000 0.000000
121 0.000000 0.000000 0.000000 0.000000 0.000000 0.000000
122 0.000004 -0.000016 -10.000016 -3.141593 -3.141593 3.141593
123 -20.116678 7.270888 -0.005768 -0.000000 0.000000 0.000000
124 -28.175594 35.936687 4.587943 -2.836470 -0.332333 -1.338287
125 20.040770 -0.000027 0.000001 1.736913 -0.142601 0.138624
126 0.000000 0.000000 0.000000 0.201951 0.092969 -0.203805
127 0.000000 0.000000 0.000000 0.232579 -0.036013 -0.000000
128 -0.000000 -0.000000 0.000000 -1.329320 0.017292 0.015641
129 7.001132 31.379702 1.434915 0.000000 0.000000 0.000000
130 0.000000 0.000000 0.000000 0.000000 0.000000 0.000000
131 0.000000 0.000000 -10.000000 0.000000 0.000000 0.000000
132 2.148641 -0.677415 0.469276 0.000000 0.000000 0.000000
133 -2.859999 31.388298 -4.512811 0.000000 0.000000 0.000000
134 0.000000 0.000000 0.000000 0.000000 0.000000 0.000000
135 0.000000 0.000000 -10.000000 -0.000000 0.000000 0.000000
136 -8.414663 0.563308 -0.106489 0.000000 0.000000 0.000000
137 0.000000 0.000000 0.000000 1.570796 0.000000 0.000000
138 9.145077 18.239372 34.087322 1.452697 -0.066158 -1.545436
139 -23.810467 17.502199 11.126246 -0.816007 -0.283145 -1.614136
time 4
0 0.000000 0.000000 0.000000 1.570796 0.000000 0.000000
1 0.000000 0.000000 0.000000 1.570796 0.000000 0.000000
2 2.107421 30.885168 -1.552959 -0.038248 -0.548069 0.002365
3 0.000000 0.000000 0.000000 0.000000 0.000000 0.000000
4 5.757982 0.000000 0.000000 -2.028338 -0.728254 -1.139420
5 18.152637 0.000000 0.000000 0.000000 0.000000 1.334446
6 17.091557 -0.000000 0.000000 -0.139380 0.004086 -1.639426
7 6.229743 -0.000000 -0.000000 0.027591 0.009961 -0.328692
8 -5.757982 0.000000 -0.000000 -1.395767 -0.583680 -1.861470
9 18.152637 0.000000 0.000000 0.000000 -0.000000 1.409976
10 17.091557 -0.000000 0.000000 0.292128 0.053574 -1.787839
11 6.229743 -0.000000 -0.000000 -0.115936 -0.028616 -0.638128
12 0.000000 3.964346 -1.347968 1.571500 -0.380767 1.565649
13 7.507315 -0.000000 -0.000000 -0.003038 -0.003825 0.158126
14 9.079733 0.000000 0.000000 -0.002679 -0.004677 0.208749
15 10.826827 0.000000 0.000000 -0.004312 -0.003364 0.613271
16 8.860067 -0.000000 -0.000000 2.991397 -0.505412 0.703260
17 4.341945 -0.000000 0.000000 0.046060 0.020317 1.848990
18 6.900930 1.363879 3.754603 -2.066000 -2.071393 0.413826
19 12.731754 0.000000 -0.000000 -1.701824 -1.269747 0.614722
20 26.625128 0.000000 -0.000000 -0.000000 0.000000 -0.673551
21 20.040787 -0.000017 -0.000030 -1.170772 0.304585 0.218316
22 16.821650 2.696737 -0.203279 -0.454715 2.101277 -2.090298
23 2.039386 0.000000 0.000000 -0.000000 -0.119732 -0.551019
24 1.516909 0.000000 0.000000 0.000000 -0.106498 -0.214585
25 17.176727 0.840396 -0.044736 -0.246604 1.977585 -1.852852
26 2.302859 0.000000 0.000000 -0.000000 -0.040281 -0.440509
27 2.047745 0.000000 -0.000000 0.000000 -0.019146 -0.127858
28 17.032684 -1.069098 -0.638179 2.512672 1.056836 0.848304
29 2.907259 0.000000 -0.000000 0.000000 -0.070674 -0.789421
30 2.470908 -0.000000 -0.000000 -0.000000 0.042753 -0.053852
31 16.797981 -2.957015 -1.264867 2.402309 1.055943 0.717082
32 2.246732 0.000000 -0.000000 -0.000000 0.130347 -0.750151
33 1.924987 0.000000 0.000000 0.000000 0.084390 -0.071779
34 10.924372 -3.874175 -3.676631 -2.700621 0.350317 -0.102732
35 3.109823 0.000000 -0.000000 -0.000000 0.123272 -0.061145
36 1.512893 0.000000 0.000000 0.000000 -0.028966 0.541554
37 6.900930 1.363879 -3.754603 2.010160 2.064317 0.434621
38 12.731754 0.000000 0.000000 2.119365 1.428218 1.135611
39 26.625128 0.000000 0.000000 -0.000000 0.000000 -0.728641
40 20.040768 -0.000010 0.000019 0.846925 0.019043 0.246914
41 16.821663 2.695864 0.214569 0.458848 -2.097646 -2.093866
42 2.039386 -0.000000 -0.000000 0.000000 0.119732 -0.551019
43 1.516909 0.000000 -0.000000 0.000000 0.106498 -0.214585
44 17.176743 0.840203 0.048255 0.249576 -1.973565 -1.855583
45 2.302859 -0.000000 -0.000000 -0.000000 0.040281 -0.440509
46 2.047745 -0.000000 0.000000 0.000000 0.019146 -0.127858
47 17.032701 -1.071759 0.633698 -2.507009 -1.059970 0.843370
48 2.907259 0.000000 0.000000 0.000000 0.070674 -0.789421
49 2.470908 0.000000 0.000000 -0.000000 -0.042753 -0.053852
50 16.798000 -2.962283 1.252475 -2.395869 -1.058686 0.711474
51 2.246732 -0.000000 0.000000 -0.000000 -0.130347 -0.750151
52 1.924987 -0.000000 0.000000 -0.000000 -0.084390 -0.071779
53 10.924391 -3.889540 3.660376 2.705055 -0.349884 -0.104252
54 3.109823 -0.000000 0.000000 -0.000000 -0.123272 -0.061145
55 1.512893 -0.000000 0.000000 0.000000 0.028966 0.541554
56 7.466661 3.907426 -1.935393 0.000000 0.000000 0.000000
57 0.945234 0.048702 9.643944 0.008393 -0.167419 -0.002392
58 -0.183178 -4.377939 -4.342432 0.000000 0.000000 0.000000
59 -0.002543 -3.184497 4.791759 0.071220 0.001399 -0.001267
60 0.000000 0.000000 0.000000 -0.000000 -0.000000 -0.000000
61 0.000000 0.000000 0.000000 0.000000 0.000000 0.000000
62 -0.000000 -2.426310 5.737833 -0.000000 0.000937 -0.001514
63 0.206732 -1.514296 -10.147256 0.000000 -0.000937 0.001514
64 -0.194928 1.514586 13.669277 0.000000 0.000937 -0.001514
65 0.003297 0.000007 -3.521831 0.000000 0.000000 0.000000
66 0.001702 2.426307 -5.737833 0.000000 0.000000 0.000000
67 0.000000 0.000000 0.000000 0.000000 0.000000 0.000000
68 0.000000 0.000000 0.000000 0.071218 0.000462 0.000247
69 0.001302 -2.676945 9.250738 0.071220 0.001399 -0.001267
70 8.000000 0.000000 0.000000 -0.008108 0.167433 0.001008
71 0.000003 -2.426316 9.259665 -0.000000 0.000937 -0.001514
72 -7.466661 3.907426 -1.935393 0.000000 0.000000 0.000000
73 1.606107 -0.210821 -6.508825 -0.025903 -0.872145 0.000999
74 0.334780 -4.377939 -4.346992 0.000000 0.000000 0.000000
75 -0.062756 -3.325803 4.953180 -0.098905 0.000268 -0.001802
76 0.000000 0.000000 -0.000000 -0.000000 0.000000 0.000000
77 0.000000 0.000000 0.000000 0.139717 0.000000 0.000000
78 -0.000000 -2.426310 5.737833 -0.000000 0.000937 -0.001514
79 -0.183130 -1.514886 -10.147621 0.000000 -0.000937 0.001514
80 0.194928 1.514586 13.669277 0.000000 0.000937 -0.001514
81 0.003303 0.000007 -3.521831 0.139717 0.000000 0.000000
82 0.001702 2.426307 -5.737833 0.000000 0.000000 0.000000
83 -0.000000 -0.000000 0.000000 -0.139717 -0.000000 -0.000000
84 0.000000 0.000000 0.000000 -0.098906 -0.000669 -0.000288
85 -0.001737 -2.078568 9.242455 -0.100072 -0.002674 0.061037
86 -8.000000 0.000000 0.000000 0.039073 0.871785 0.029273
87 -0.000003 -2.426316 9.259665 -0.000000 0.000937 -0.001514
88 0.000156 39.987263 -0.385905 0.000000 0.000000 0.000000
89 2.107265 -9.102094 -1.167055 -0.038248 -0.548069 0.002365
90 0.000000 3.964346 -1.347968 1.570796 0.083193 1.570796
91 0.000000 0.000000 0.000000 -0.001275 -0.004762 0.477625
92 0.000000 -0.000000 0.000000 -0.000000 -0.000000 -0.013661
93 7.506614 -0.102554 0.000000 -0.002530 -0.004178 0.017822
94 0.000000 0.000000 0.000000 0.000000 -0.000000 0.126643
95 9.007018 1.146814 0.000000 -0.000998 -0.005297 0.001420
96 -0.000000 -0.000000 0.000000 0.000000 0.000000 0.333969
97 10.228633 3.548980 0.000000 0.000241 -0.005464 -0.005114
98 0.000000 -0.000000 0.000000 -0.000000 -0.000000 0.952345
99 5.136838 7.218981 0.000000 0.514064 -0.113762 -0.019759
100 0.000000 -0.000000 -0.000000 -0.000002 -3.141593 -1.535012
101 -0.155339 4.339165 0.000000 0.048407 -0.013823 -0.379643
102 0.000000 0.000000 -0.000000 3.141592 0.000000 0.137367
103 2.889723 6.413463 3.754603 1.037195 -1.069949 -1.767391
104 0.000000 0.000000 0.000000 0.031355 -0.003453 -0.001733
105 2.889723 6.413463 -3.754603 -1.110908 1.069949 -1.767391
106 0.000000 0.000000 0.000000 -0.031753 -0.002151 0.009279
107 8.031002 59.140900 17.789532 0.000000 0.000000 0.000000
108 1.416420 -40.901527 16.422836 0.000000 0.000000 0.000000
109 0.000000 9.000000 0.000000 0.000000 0.000000 0.000000
110 0.000000 0.000000 0.000000 0.000000 0.000000 0.000000
111 0.000000 0.000000 -10.000000 -0.000000 -0.000000 -0.000000
112 22.515421 7.921920 22.095446 0.000000 0.000000 0.000000
113 15.241236 37.144005 30.944252 0.638155 -0.163805 -1.868184
114 20.040791 -0.000036 0.000008 1.404680 0.142601 0.138624
115 0.000000 0.000000 0.000000 -0.544943 0.069810 -0.106065
116 0.000000 0.000000 0.000000 -0.235528 0.036014 0.000000
117 -0.000000 0.000000 0.000000 -1.816459 0.017293 -0.015642
118 -17.572935 59.789131 2.377690 0.000000 0.000000 0.000000
119 -6.481510 -42.286930 8.748557 0.000000 0.000000 0.000000
120 0.000000 9.000000 0.000000 0.000000 0.000000 0.000000
121 0.000000 0.000000 0.000000 0.000000 0.000000 0.000000
122 0.000004 -0.000016 -10.000016 -3.141593 -3.141593 3.141593
123 -20.085648 7.133165 -0.073145 -0.000000 0.000000 0.000000
124 -28.814402 35.729332 4.288954 -2.845292 -0.348160 -1.315354
125 20.040770 -0.000027 0.000001 1.736913 -0.142601 0.138624
126 0.000000 0.000000 0.000000 0.205497 0.106418 -0.191461
127 0.000000 0.000000 0.000000 0.232579 -0.036013 -0.000000
128 -0.000000 -0.000000 0.000000 -1.329320 0.017292 0.015641
129 7.022031 30.896791 1.447179 0.000000 0.000000 0.000000
130 0.000000 0.000000 0.000000 0.000000 0.000000 0.000000
131 0.000000 0.000000 -10.000000 0.000000 0.000000 0.000000
132 2.043368 -0.987360 0.713545 0.000000 0.000000 0.000000
133 -2.807189 30.873543 -4.553098 0.000000 0.000000 0.000000
134 0.000000 0.000000 0.000000 0.000000 0.000000 0.000000
135 0.000000 0.000000 -10.000000 -0.000000 0.000000 0.000000
136 -8.255749 0.805408 -0.037347 0.000000 0.000000 0.000000
137 0.000000 0.000000 0.000000 1.570796 0.000000 0.000000
138 9.447422 18.239372 34.212368 1.452697 -0.060635 -1.562720
139 -24.054445 17.502199 11.126246 -0.816007 -0.283145 -1.598327
time 5
0 0.000000 0.000000 0.000000 1.570796 0.000000 0.000000
1 0.000000 0.000000 0.000000 1.570796 0.000000 0.000000
2 2.135011 30.373728 -1.614957 -0.046456 -0.550751 0.006734
3 0.000000 0.000000 0.000000 0.000000 0.000000 0.000000
4 5.757982 0.000000 0.000000 -2.043114 -0.744720 -1.122814
5 18.152637 -0.000000 0.000000 0.000000 -0.000000 1.377377
6 17.091557 -0.000000 0.000000 -0.139623 0.007339 -1.652922
7 6.229743 -0.000000 0.000000 0.027569 0.010024 -0.330468
8 -5.757982 0.000000 -0.000000 -1.414810 -0.605777 -1.859472
9 18.152637 0.000000 0.000000 0.000000 0.000000 1.458257
10 17.091557 -0.000000 0.000000 0.300450 0.065510 -1.804028
11 6.229743 -0.000000 -0.000000 -0.115885 -0.028682 -0.640085
12 0.000000 3.964346 -1.347968 1.570239 -0.380885 1.564468
13 7.507315 -0.000000 -0.000000 -0.004623 -0.005346 0.160903
14 9.079733 0.000000 0.000000 -0.003618 -0.005947 0.211458
15 10.826827 -0.000000 0.000000 -0.006022 -0.004302 0.614450
16 8.860067 0.000000 0.000000 2.986973 -0.510105 0.701550
17 4.341945 0.000000 0.000000 0.049544 0.021211 1.851243
18 6.900930 1.363879 3.754603 -2.046068 -2.068739 0.394969
19 12.731754 0.000000 0.000000 -1.693662 -1.216110 0.596762
20 26.625128 -0.000000 -0.000000 -0.000000 0.000000 -0.737777
21 20.040787 -0.000017 -0.000030 -1.170293 0.305618 0.224803
22 16.821650 2.696737 -0.203279 -0.454715 2.101277 -2.090298
23 2.039386 0.000000 0.000000 -0.000000 -0.119732 -0.551019
24 1.516909 0.000000 0.000000 0.000000 -0.106498 -0.214585
25 17.176727 0.840396 -0.044736 -0.246604 1.977585 -1.852852
26 2.302859 0.000000 0.000000 -0.000000 -0.040281 -0.440509
27 2.047745 -0.000000 0.000000 -0.000000 -0.019146 -0.127858
28 17.032684 -1.069098 -0.638179 2.512672 1.056836 0.848304
29 2.907259 -0.000000 -0.000000 -0.000000 -0.070674 -0.789421
30 2.470908 0.000000 -0.000000 -0.000000 0.042753 -0.053852
31 16.797981 -2.957015 -1.264867 2.402309 1.055943 0.717082
32 2.246732 0.000000 0.000000 0.000000 0.130347 -0.750151
33 1.924987 0.000000 0.000000 0.000000 0.084390 -0.071779
34 10.924372 -3.874175 -3.676631 -2.700621 0.350317 -0.102732
35 3.109823 0.000000 0.000000 0.000000 0.123272 -0.061145
36 1.512893 0.000000 -0.000000 -0.000000 -0.028966 0.541554
37 6.900930 1.363879 -3.754603 1.990215 2.059690 0.410027
38 12.731754 0.000000 -0.000000 2.035140 1.396915 1.049888
39 26.625128 0.000000 0.000000 0.000000 0.000000 -0.786468
40 20.040768 -0.000010 0.000019 0.851325 0.002615 0.260606
41 16.821663 2.695864 0.214569 0.458848 -2.097646 -2.093866
42 2.039386 -0.000000 -0.000000 -0.000000 0.119732 -0.551019
43 1.516909 -0.000000 -0.000000 0.000000 0.106498 -0.214585
44 17.176743 0.840203 0.048255 0.249576 -1.973565 -1.855583
45 2.302859 -0.000000 0.000000 -0.000000 0.040281 -0.440509
46 2.047745 0.000000 0.000000 0.000000 0.019146 -0.127858
47 17.032701 -1.071759 0.633698 -2.507009 -1.059970 0.843370
48 2.907259 0.000000 0.000000 0.000000 0.070674 -0.789421
49 2.470908 0.000000 0.000000 -0.000000 -0.042753 -0.053852
50 16.798000 -2.962283 1.252475 -2.395869 -1.058686 0.711474
51 2.246732 0.000000 -0.000000 0.000000 -0.130347 -0.750151
52 1.924987 0.000000 0.000000 -0.000000 -0.084390 -0.071779
53 10.924391 -3.889540 3.660376 2.705055 -0.349884 -0.104252
54 3.109823 0.000000 0.000000 0.000000 -0.123272 -0.061145
55 1.512893 -0.000000 0.000000 0.000000 0.028966 0.541554
56 7.466661 3.907426 -1.935393 0.000000 0.000000 0.000000
57 0.944777 0.064293 9.675927 0.010586 -0.167024 -0.002773
58 -0.183178 -4.377939 -4.342432 0.000000 0.000000 0.000000
59 -0.002538 -3.186177 4.793108 0.069443 0.001388 -0.001273
60 0.000000 0.000000 0.000000 -0.000000 0.000000 0.000000
61 0.000000 0.000000 0.000000 0.000000 0.000000 0.000000
62 -0.000000 -2.426310 5.737833 -0.000000 0.000937 -0.001514
63 0.206732 -1.514296 -10.147256 0.000000 -0.000937 0.001514
64 -0.194928 1.514586 13.669277 0.000000 0.000937 -0.001514
65 0.003297 0.000007 -3.521831 0.000000 0.000000 0.000000
66 0.001702 2.426307 -5.737833 0.000000 0.000000 0.000000
67 0.000000 0.000000 0.000000 0.000000 0.000000 0.000000
68 0.000000 0.000000 0.000000 0.069441 0.000451 0.000241
69 0.001269 -2.670702 9.251178 0.069443 0.001388 -0.001273
70 8.000000 0.000000 0.000000 -0.010268 0.167043 0.001028
71 0.000003 -2.426316 9.259665 -0.000000 0.000937 -0.001514
72 -7.466661 3.907426 -1.935393 0.000000 0.000000 0.000000
73 1.602116 -0.181819 -6.488712 -0.018358 -0.873930 -0.002608
74 0.334780 -4.377939 -4.346992 0.000000 0.000000 0.000000
75 -0.062752 -3.327337 4.954941 -0.100862 0.000255 -0.001807
76 0.000000 0.000000 0.000000 0.000000 -0.000000 0.000000
77 0.000000 0.000000 0.000000 0.139717 0.000000 0.000000
78 -0.000000 -2.426310 5.737833 0.000000 0.000937 -0.001514
79 -0.183130 -1.514886 -10.147621 0.000000 -0.000937 0.001514
80 0.194928 1.514586 13.669277 0.000000 0.000937 -0.001514
81 0.003303 0.000007 -3.521831 0.139717 0.000000 0.000000
82 0.001702 2.426307 -5.737833 0.000000 0.000000 0.000000
83 0.000000 -0.000000 0.000000 -0.139717 -0.000000 -0.000000
84 0.000000 0.000000 0.000000 -0.100863 -0.000682 -0.000293
85 -0.001770 -2.071709 9.241768 -0.102026 -0.002565 0.061037
86 -8.000000 0.000000 0.000000 0.031711 0.873650 0.025990
87 -0.000003 -2.426316 9.259665 -0.000000 0.000937 -0.001514
88 0.000156 39.987263 -0.385905 0.000000 0.000000 0.000000
89 2.134855 -9.613534 -1.229053 -0.046456 -0.550751 0.006734
90 0.000000 3.964346 -1.347968 1.570796 0.083193 1.570796
91 0.000000 0.000000 0.000000 -0.002990 -0.005835 0.477747
92 0.000000 -0.000000 0.000000 -0.000000 -0.000000 -0.013661
93 7.506614 -0.102554 0.000000 -0.003911 -0.005887 0.020598
94 0.000000 0.000000 0.000000 0.000000 -0.000000 0.126643
95 9.007018 1.146814 0.000000 -0.001468 -0.006804 0.004127
96 -0.000000 -0.000000 0.000000 0.000000 0.000000 0.333969
97 10.228633 3.548980 0.000000 0.000014 -0.007401 -0.003939
98 0.000000 -0.000000 0.000000 -0.000000 -0.000000 0.952345
99 5.136838 7.218981 0.000000 0.519174 -0.117110 -0.024210
100 0.000000 -0.000000 -0.000000 -0.000002 -3.141593 -1.535012
101 -0.155339 4.339165 0.000000 0.051980 -0.014232 -0.381874
102 0.000000 0.000000 -0.000000 3.141592 0.000000 0.137367
103 2.889723 6.413463 3.754603 1.037195 -1.069949 -1.767391
104 0.000000 0.000000 0.000000 0.034749 -0.012610 -0.003901
105 2.889723 6.413463 -3.754603 -1.110908 1.069949 -1.767391
106 0.000000 0.000000 0.000000 -0.030016 0.010297 0.008271
107 8.015450 58.479694 17.680437 0.000000 0.000000 0.000000
108 1.760996 -40.240322 16.668007 0.000000 0.000000 0.000000
109 0.000000 9.000000 0.000000 0.000000 0.000000 0.000000
110 0.000000 0.000000 0.000000 0.000000 0.000000 0.000000
111 0.000000 0.000000 -10.000000 -0.000000 -0.000000 -0.000000
112 22.518064 7.668774 21.929857 0.000000 0.000000 0.000000
113 16.038225 37.023048 31.250437 0.637020 -0.155207 -1.892573
114 20.040791 -0.000036 0.000008 1.404680 0.142601 0.138624
115 0.000000 0.000000 0.000000 -0.546158 0.076137 -0.106159
116 0.000000 0.000000 0.000000 -0.235528 0.036014 0.000000
117 -0.000000 0.000000 0.000000 -1.816459 0.017293 -0.015642
118 -17.569719 59.195065 2.155610 0.000000 0.000000 0.000000
119 -6.750232 -41.692863 8.970636 0.000000 0.000000 0.000000
120 0.000000 9.000000 0.000000 0.000000 0.000000 0.000000
121 0.000000 0.000000 0.000000 0.000000 0.000000 0.000000
122 0.000004 -0.000016 -10.000016 -3.141593 -3.141593 3.141593
123 -20.092514 7.015229 -0.164626 -0.000000 0.000000 0.000000
124 -29.528357 35.474384 3.949394 -2.856973 -0.366245 -1.288720
125 20.040770 -0.000027 0.000001 1.736913 -0.142601 0.138624
126 0.000000 0.000000 0.000000 0.210766 0.122712 -0.177349
127 0.000000 0.000000 0.000000 0.232579 -0.036013 -0.000000
128 -0.000000 -0.000000 0.000000 -1.329320 0.017292 0.015641
129 7.041458 30.406767 1.398354 0.000000 0.000000 0.000000
130 0.000000 0.000000 0.000000 0.000000 0.000000 0.000000
131 0.000000 0.000000 -10.000000 0.000000 0.000000 0.000000
132 1.990978 -1.271047 0.967198 0.000000 0.000000 0.000000
133 -2.771436 30.340689 -4.628269 0.000000 0.000000 0.000000
134 0.000000 0.000000 0.000000 0.000000 0.000000 0.000000
135 0.000000 0.000000 -10.000000 -0.000000 0.000000 0.000000
136 -8.041721 1.059391 0.064789 0.000000 0.000000 0.000000
137 0.000000 0.000000 0.000000 1.570796 0.000000 0.000000
138 9.776445 18.239372 34.348446 1.452697 -0.054640 -1.581572
139 -24.319950 17.502199 11.126246 -0.816007 -0.283145 -1.581123
time 6
0 0.000000 0.000000 0.000000 1.570796 0.000000 0.000000
1 0.000000 0.000000 0.000000 1.570796 0.000000 0.000000
2 2.139195 29.890242 -1.676096 -0.054231 -0.550591 0.011545
3 0.000000 0.000000 0.000000 0.000000 0.000000 0.000000
4 5.757982 -0.000000 0.000000 -2.055444 -0.758997 -1.110647
5 18.152637 -0.000000 -0.000000 0.000000 0.000000 1.413955
6 17.091557 0.000000 0.000000 -0.137723 0.010548 -1.664105
7 6.229743 0.000000 0.000000 0.027534 0.010124 -0.333291
8 -5.757982 0.000000 -0.000000 -1.430695 -0.626776 -1.859641
9 18.152637 -0.000000 0.000000 -0.000000 -0.000000 1.505168
10 17.091557 -0.000000 0.000000 0.309836 0.073352 -1.814116
11 6.229743 -0.000000 -0.000000 -0.115671 -0.028955 -0.648144
12 0.000000 3.964346 -1.347968 1.569842 -0.380067 1.562903
13 7.507315 0.000000 -0.000000 -0.005344 -0.006895 0.164790
14 9.079733 -0.000000 -0.000000 -0.004412 -0.008054 0.213889
15 10.826827 0.000000 0.000000 -0.005283 -0.003428 0.614090
16 8.860067 -0.000000 0.000000 2.982881 -0.512540 0.696556
17 4.341945 0.000000 -0.000000 0.051289 0.020146 1.857779
18 6.900930 1.363879 3.754603 -2.041913 -2.063769 0.393676
19 12.731754 0.000000 0.000000 -1.697778 -1.182975 0.587513
20 26.625128 -0.000000 0.000000 -0.000000 0.000000 -0.780024
21 20.040787 -0.000017 -0.000030 -1.169349 0.305765 0.220426
22 16.821650 2.696737 -0.203279 -0.454715 2.101277 -2.090298
23 2.039386 0.000000 -0.000000 0.000000 -0.119732 -0.551019
24 1.516909 0.000000 -0.000000 0.000000 -0.106498 -0.214585
25 17.176727 0.840396 -0.044736 -0.246604 1.977585 -1.852852
26 2.302859 0.000000 -0.000000 0.000000 -0.040281 -0.440509
27 2.047745 0.000000 -0.000000 -0.000000 -0.019146 -0.127858
28 17.032684 -1.069098 -0.638179 2.512672 1.056836 0.848304
29 2.907259 0.000000 0.000000 0.000000 -0.070674 -0.789421
30 2.470908 -0.000000 0.000000 0.000000 0.042753 -0.053852
31 16.797981 -2.957015 -1.264867 2.402309 1.055943 0.717082
32 2.246732 0.000000 0.000000 -0.000000 0.130347 -0.750151
33 1.924987 0.000000 0.000000 -0.000000 0.084390 -0.071779
34 10.924372 -3.874175 -3.676631 -2.700621 0.350317 -0.102732
35 3.109823 0.000000 0.000000 0.000000 0.123272 -0.061145
36 1.512893 0.000000 0.000000 0.000000 -0.028966 0.541554
37 6.900930 1.363879 -3.754603 1.982099 2.056442 0.394389
38 12.731754 0.000000 0.000000 1.963799 1.370539 0.974376
39 26.625128 0.000000 0.000000 0.000000 0.000000 -0.838419
40 20.040768 -0.000010 0.000019 0.855976 -0.011923 0.270296
41 16.821663 2.695864 0.214569 0.458848 -2.097646 -2.093866
42 2.039386 -0.000000 -0.000000 -0.000000 0.119732 -0.551019
43 1.516909 0.000000 -0.000000 0.000000 0.106498 -0.214585
44 17.176743 0.840203 0.048255 0.249576 -1.973565 -1.855583
45 2.302859 0.000000 0.000000 -0.000000 0.040281 -0.440509
46 2.047745 0.000000 0.000000 0.000000 0.019146 -0.127858
47 17.032701 -1.071759 0.633698 -2.507009 -1.059970 0.843370
48 2.907259 0.000000 -0.000000 0.000000 0.070674 -0.789421
49 2.470908 0.000000 -0.000000 -0.000000 -0.042753 -0.053852
50 16.798000 -2.962283 1.252475 -2.395869 -1.058686 0.711474
51 2.246732 -0.000000 -0.000000 0.000000 -0.130347 -0.750151
52 1.924987 -0.000000 -0.000000 -0.000000 -0.084390 -0.071779
53 10.924391 -3.889540 3.660376 2.705055 -0.349884 -0.104252
54 3.109823 -0.000000 0.000000 -0.000000 -0.123272 -0.061145
55 1.512893 0.000000 0.000000 0.000000 0.028966 0.541554
56 7.466661 3.907426 -1.935393 0.000000 0.000000 0.000000
57 0.913197 0.041694 9.667072 0.012773 -0.166231 -0.002500
58 -0.183178 -4.377939 -4.342432 0.000000 0.000000 0.000000
59 -0.002529 -3.188842 4.795258 0.066619 0.001370 -0.001284
60 0.000000 0.000000 0.000000 -0.000000 0.000000 0.000000
61 0.000000 0.000000 0.000000 0.000000 0.000000 0.000000
62 -0.000000 -2.426310 5.737833 -0.000000 0.000937 -0.001514
63 0.206732 -1.514296 -10.147256 0.000000 -0.000937 0.001514
64 -0.194928 1.514586 13.669277 0.000000 0.000937 -0.001514
65 0.003297 0.000007 -3.521831 0.000000 0.000000 0.000000
66 0.001702 2.426307 -5.737833 0.000000 0.000000 0.000000
67 0.000000 0.000000 0.000000 0.000000 0.000000 0.000000
68 0.000000 0.000000 0.000000 0.066617 0.000433 0.000230
69 0.001216 -2.660778 9.251854 0.066619 0.001370 -0.001284
70 8.000000 0.000000 0.000000 -0.012532 0.166250 0.000392
71 0.000003 -2.426316 9.259665 -0.000000 0.000937 -0.001514
72 -7.466661 3.907426 -1.935393 0.000000 0.000000 0.000000
73 1.563133 -0.122572 -6.470541 -0.005844 -0.874107 -0.004760
74 0.334780 -4.377939 -4.346992 0.000000 0.000000 0.000000
75 -0.062737 -3.333617 4.962226 -0.108922 0.000199 -0.001827
76 0.000000 -0.000000 -0.000000 -0.000000 -0.000000 -0.000000
77 0.000000 0.000000 0.000000 0.139717 0.000000 0.000000
78 -0.000000 -2.426310 5.737833 0.000000 0.000937 -0.001514
79 -0.183130 -1.514886 -10.147621 0.000000 -0.000937 0.001514
80 0.194928 1.514586 13.669277 0.000000 0.000937 -0.001514
81 0.003303 0.000007 -3.521831 0.139717 0.000000 0.000000
82 0.001702 2.426307 -5.737833 0.000000 0.000000 0.000000
83 0.000000 -0.000000 0.000000 -0.139717 -0.000000 -0.000000
84 0.000000 0.000000 0.000000 -0.108923 -0.000738 -0.000313
85 -0.001907 -2.043479 9.238795 -0.110074 -0.002114 0.061038
86 -8.000000 0.000000 0.000000 0.014796 0.874029 0.014402
87 -0.000003 -2.426316 9.259665 -0.000000 0.000937 -0.001514
88 0.000156 39.987263 -0.385905 0.000000 0.000000 0.000000
89 2.139039 -10.097020 -1.290192 -0.054231 -0.550591 0.011545
90 0.000000 3.964346 -1.347968 1.570796 0.083193 1.570796
91 0.000000 0.000000 0.000000 -0.003983 -0.007276 0.476932
92 0.000000 -0.000000 0.000000 -0.000000 -0.000000 -0.013661
93 7.506614 -0.102554 0.000000 -0.004430 -0.007515 0.024485
94 0.000000 0.000000 0.000000 0.000000 -0.000000 0.126643
95 9.007018 1.146814 0.000000 -0.001528 -0.009056 0.006553
96 -0.000000 -0.000000 0.000000 0.000000 0.000000 0.333969
97 10.228633 3.548980 0.000000 -0.000270 -0.006291 -0.004294
98 0.000000 -0.000000 0.000000 -0.000000 -0.000000 0.952345
99 5.136838 7.218981 0.000000 0.522001 -0.120394 -0.031540
100 0.000000 -0.000000 -0.000000 -0.000002 -3.141593 -1.535012
101 -0.155339 4.339165 0.000000 0.053562 -0.012938 -0.388396
102 0.000000 0.000000 -0.000000 3.141592 0.000000 0.137367
103 2.889723 6.413463 3.754603 1.037195 -1.069949 -1.767391
104 0.000000 0.000000 0.000000 0.037710 -0.015571 0.000139
105 2.889723 6.413463 -3.754603 -1.110908 1.069949 -1.767391
106 0.000000 0.000000 0.000000 -0.024317 0.018304 0.008071
107 8.035593 57.987072 17.601957 0.000000 0.000000 0.000000
108 2.069875 -39.747700 16.882565 0.000000 0.000000 0.000000
109 0.000000 9.000000 0.000000 0.000000 0.000000 0.000000
110 0.000000 0.000000 0.000000 0.000000 0.000000 0.000000
111 0.000000 0.000000 -10.000000 -0.000000 -0.000000 -0.000000
112 22.543062 7.416962 21.776260 0.000000 0.000000 0.000000
113 16.651279 36.934566 31.438839 0.633787 -0.152565 -1.907590
114 20.040791 -0.000036 0.000008 1.404680 0.142601 0.138624
115 0.000000 0.000000 0.000000 -0.544156 0.071936 -0.106972
116 0.000000 0.000000 0.000000 -0.235528 0.036014 0.000000
117 -0.000000 0.000000 0.000000 -1.816459 0.017293 -0.015642
118 -17.573769 58.635956 2.019156 0.000000 0.000000 0.000000
119 -7.011688 -41.133759 9.107091 0.000000 0.000000 0.000000
120 0.000000 9.000000 0.000000 0.000000 0.000000 0.000000
121 0.000000 0.000000 0.000000 0.000000 0.000000 0.000000
122 0.000004 -0.000016 -10.000016 -3.141593 -3.141593 3.141593
123 -20.110155 6.920879 -0.248380 -0.000000 0.000000 0.000000
124 -30.180620 35.242786 3.669723 -2.867550 -0.381235 -1.265283
125 20.040770 -0.000027 0.000001 1.736913 -0.142601 0.138624
126 0.000000 0.000000 0.000000 0.216621 0.134738 -0.164392
127 0.000000 0.000000 0.000000 0.232579 -0.036013 -0.000000
128 -0.000000 -0.000000 0.000000 -1.329320 0.017292 0.015641
129 7.045908 29.946894 1.336430 0.000000 0.000000 0.000000
130 0.000000 0.000000 0.000000 0.000000 0.000000 0.000000
131 0.000000 0.000000 -10.000000 0.000000 0.000000 0.000000
132 1.929837 -1.498778 1.182175 0.000000 0.000000 0.000000
133 -2.767518 29.833590 -4.688623 0.000000 0.000000 0.000000
134 0.000000 0.000000 0.000000 0.000000 0.000000 0.000000
135 0.000000 0.000000 -10.000000 -0.000000 0.000000 0.000000
136 -7.829679 1.290485 0.158129 0.000000 0.000000 0.000000
137 0.000000 0.000000 0.000000 1.570796 0.000000 0.000000
138 10.105469 18.239372 34.484520 1.452697 -0.048674 -1.600462
139 -24.585457 17.502199 11.126246 -0.816007 -0.283145 -1.563919
time 7
0 0.000000 0.000000 0.000000 1.570796 0.000000 0.000000
1 0.000000 0.000000 0.000000 1.570796 0.000000 0.000000
2 2.111184 29.482199 -1.738193 -0.064123 -0.547476 0.016335
3 0.000000 0.000000 0.000000 0.000000 0.000000 0.000000
4 5.757982 0.000000 0.000000 -2.063035 -0.769716 -1.099414
5 18.152637 0.000000 0.000000 0.000000 0.000000 1.445276
6 17.091557 -0.000000 0.000000 -0.136900 0.015649 -1.672757
7 6.229743 0.000000 0.000000 0.027500 0.010223 -0.336067
8 -5.757982 0.000000 -0.000000 -1.445236 -0.641299 -1.859015
9 18.152637 -0.000000 0.000000 -0.000000 0.000000 1.545464
10 17.091557 -0.000000 -0.000000 0.318627 0.080149 -1.819484
11 6.229743 0.000000 -0.000000 -0.115381 -0.029317 -0.658960
12 0.000000 3.964346 -1.347968 1.570506 -0.379601 1.560779
13 7.507315 0.000000 0.000000 -0.005341 -0.008144 0.168839
14 9.079733 0.000000 0.000000 -0.004932 -0.010259 0.216060
15 10.826827 0.000000 0.000000 -0.002436 -0.000827 0.613423
16 8.860067 -0.000000 0.000000 2.978584 -0.513886 0.695720
17 4.341945 -0.000000 0.000000 0.051793 0.020412 1.859719
18 6.900930 1.363879 3.754603 -2.032581 -2.062845 0.385748
19 12.731754 -0.000000 0.000000 -1.704638 -1.161925 0.591409
20 26.625128 0.000000 0.000000 -0.000000 -0.000000 -0.804005
21 20.040787 -0.000017 -0.000030 -1.170888 0.308356 0.207410
22 16.821650 2.696737 -0.203279 -0.454715 2.101277 -2.090298
23 2.039386 0.000000 0.000000 0.000000 -0.119732 -0.551019
24 1.516909 0.000000 0.000000 0.000000 -0.106498 -0.214585
25 17.176727 0.840396 -0.044736 -0.246604 1.977585 -1.852852
26 2.302859 0.000000 0.000000 0.000000 -0.040281 -0.440509
27 2.047745 0.000000 0.000000 -0.000000 -0.019146 -0.127858
28 17.032684 -1.069098 -0.638179 2.512672 1.056836 0.848304
29 2.907259 -0.000000 -0.000000 -0.000000 -0.070674 -0.789421
30 2.470908 0.000000 0.000000 -0.000000 0.042753 -0.053852
31 16.797981 -2.957015 -1.264867 2.402309 1.055943 0.717082
32 2.246732 0.000000 -0.000000 -0.000000 0.130347 -0.750151
33 1.924987 0.000000 -0.000000 0.000000 0.084390 -0.071779
34 10.924372 -3.874175 -3.676631 -2.700621 0.350317 -0.102732
35 3.109823 0.000000 -0.000000 0.000000 0.123272 -0.061145
36 1.512893 0.000000 -0.000000 0.000000 -0.028966 0.541554
37 6.900930 1.363879 -3.754603 1.977270 2.053102 0.389009
38 12.731754 0.000000 0.000000 1.925008 1.345350 0.927338
39 26.625128 0.000000 0.000000 0.000000 0.000000 -0.876696
40 20.040768 -0.000010 0.000019 0.860117 -0.024633 0.273423
41 16.821663 2.695864 0.214569 0.458848 -2.097646 -2.093866
42 2.039386 -0.000000 0.000000 -0.000000 0.119732 -0.551019
43 1.516909 -0.000000 0.000000 0.000000 0.106498 -0.214585
44 17.176743 0.840203 0.048255 0.249576 -1.973565 -1.855583
45 2.302859 0.000000 0.000000 -0.000000 0.040281 -0.440509
46 2.047745 -0.000000 0.000000 0.000000 0.019146 -0.127858
47 17.032701 -1.071759 0.633698 -2.507009 -1.059970 0.843370
48 2.907259 -0.000000 -0.000000 -0.000000 0.070674 -0.789421
49 2.470908 0.000000 -0.000000 -0.000000 -0.042753 -0.053852
50 16.798000 -2.962283 1.252475 -2.395869 -1.058686 0.711474
51 2.246732 0.000000 -0.000000 -0.000000 -0.130347 -0.750151
52 1.924987 -0.000000 0.000000 -0.000000 -0.084390 -0.071779
53 10.924391 -3.889540 3.660376 2.705055 -0.349884 -0.104252
54 3.109823 -0.000000 0.000000 -0.000000 -0.123272 -0.061145
55 1.512893 -0.000000 0.000000 0.000000 0.028966 0.541554
56 7.466661 3.907426 -1.935393 0.000000 0.000000 0.000000
57 0.940093 0.056808 9.686460 0.013774 -0.165697 -0.001011
58 -0.183178 -4.377939 -4.342432 0.000000 0.000000 0.000000
59 -0.002521 -3.191458 4.797380 0.063840 0.001352 -0.001294
60 0.000000 0.000000 0.000000 0.000000 -0.000000 -0.000000
61 0.000000 0.000000 0.000000 0.000000 0.000000 0.000000
62 -0.000000 -2.426310 5.737833 -0.000000 0.000937 -0.001514
63 0.206732 -1.514296 -10.147256 0.000000 -0.000937 0.001514
64 -0.194928 1.514586 13.669277 0.000000 0.000937 -0.001514
65 0.003297 0.000007 -3.521831 0.000000 0.000000 0.000000
66 0.001702 2.426307 -5.737833 0.000000 0.000000 0.000000
67 0.000000 0.000000 0.000000 0.000000 0.000000 0.000000
68 0.000000 0.000000 0.000000 0.063839 0.000415 0.000220
69 0.001165 -2.651015 9.252492 0.063840 0.001352 -0.001294
70 8.000000 0.000000 0.000000 -0.013796 0.165696 -0.001278
71 0.000003 -2.426316 9.259665 -0.000000 0.000937 -0.001514
72 -7.466661 3.907426 -1.935393 0.000000 0.000000 0.000000
73 1.502481 -0.056354 -6.448753 0.008830 -0.872996 -0.006922
74 0.334780 -4.377939 -4.346992 0.000000 0.000000 0.000000
75 -0.062717 -3.341952 4.972082 -0.119739 0.000124 -0.001854
76 0.000000 -0.000000 0.000000 -0.000000 0.000000 0.000000
77 0.000000 0.000000 0.000000 0.139717 0.000000 0.000000
78 -0.000000 -2.426310 5.737833 0.000000 0.000937 -0.001514
79 -0.183130 -1.514886 -10.147621 0.000000 -0.000937 0.001514
80 0.194928 1.514586 13.669277 0.000000 0.000937 -0.001514
81 0.003303 0.000007 -3.521831 0.139717 0.000000 0.000000
82 0.001702 2.426307 -5.737833 0.000000 0.000000 0.000000
83 0.000000 -0.000000 0.000000 -0.139717 -0.000000 -0.000000
84 0.000000 0.000000 0.000000 -0.119740 -0.000813 -0.000340
85 -0.002090 -2.005633 9.234449 -0.120874 -0.001509 0.061032
86 -8.000000 0.000000 0.000000 -0.005488 0.873016 0.000242
87 -0.000003 -2.426316 9.259665 -0.000000 0.000937 -0.001514
88 0.000156 39.987263 -0.385905 0.000000 0.000000 0.000000
89 2.111028 -10.505063 -1.352289 -0.064123 -0.547476 0.016335
90 0.000000 3.964346 -1.347968 1.570796 0.083193 1.570796
91 0.000000 0.000000 0.000000 -0.004129 -0.009249 0.476473
92 0.000000 -0.000000 0.000000 -0.000000 -0.000000 -0.013661
93 7.506614 -0.102554 0.000000 -0.004270 -0.008753 0.028532
94 0.000000 0.000000 0.000000 0.000000 -0.000000 0.126643
95 9.007018 1.146814 0.000000 -0.001296 -0.011309 0.008716
96 -0.000000 -0.000000 0.000000 0.000000 0.000000 0.333969
97 10.228633 3.548980 0.000000 -0.000739 -0.002464 -0.004954
98 0.000000 -0.000000 0.000000 -0.000000 -0.000000 0.952345
99 5.136838 7.218981 0.000000 0.523766 -0.123966 -0.034701
100 0.000000 -0.000000 -0.000000 -0.000002 -3.141593 -1.535012
101 -0.155339 4.339165 0.000000 0.054098 -0.013133 -0.390333
102 0.000000 0.000000 -0.000000 3.141592 0.000000 0.137367
103 2.889723 6.413463 3.754603 1.037195 -1.069949 -1.767391
104 0.000000 0.000000 0.000000 0.040074 -0.019298 -0.000868
105 2.889723 6.413463 -3.754603 -1.110908 1.069949 -1.767391
106 0.000000 0.000000 0.000000 -0.024344 0.021978 0.010052
107 8.127029 57.605762 17.403307 0.000000 0.000000 0.000000
108 2.280786 -39.366390 17.206257 0.000000 0.000000 0.000000
109 0.000000 9.000000 0.000000 0.000000 0.000000 0.000000
110 0.000000 0.000000 0.000000 0.000000 0.000000 0.000000
111 0.000000 0.000000 -10.000000 -0.000000 -0.000000 -0.000000
112 22.574326 7.237897 21.673553 0.000000 0.000000 0.000000
113 17.103552 36.868210 31.484266 0.632757 -0.156586 -1.915846
114 20.040791 -0.000036 0.000008 1.404680 0.142601 0.138624
115 0.000000 0.000000 0.000000 -0.542695 0.059948 -0.111408
116 0.000000 0.000000 0.000000 -0.235528 0.036014 0.000000
117 -0.000000 0.000000 0.000000 -1.816459 0.017293 -0.015642
118 -17.571318 58.192341 1.915851 0.000000 0.000000 0.000000
119 -7.258117 -40.690144 9.210396 0.000000 0.000000 0.000000
120 0.000000 9.000000 0.000000 0.000000 0.000000 0.000000
121 0.000000 0.000000 0.000000 0.000000 0.000000 0.000000
122 0.000004 -0.000016 -10.000016 -3.141593 -3.141593 3.141593
123 -20.141768 6.839599 -0.335934 -0.000000 0.000000 0.000000
124 -30.678829 35.068279 3.454774 -2.874998 -0.392817 -1.249351
125 20.040770 -0.000027 0.000001 1.736913 -0.142601 0.138624
126 0.000000 0.000000 -0.000000 0.222105 0.139966 -0.152148
127 0.000000 0.000000 0.000000 0.232579 -0.036013 -0.000000
128 -0.000000 -0.000000 0.000000 -1.329320 0.017292 0.015641
129 7.026929 29.562504 1.259032 0.000000 0.000000 0.000000
130 0.000000 0.000000 0.000000 0.000000 0.000000 0.000000
131 0.000000 0.000000 -10.000000 0.000000 0.000000 0.000000
132 1.866319 -1.693925 1.376127 0.000000 0.000000 0.000000
133 -2.804561 29.401894 -4.735419 0.000000 0.000000 0.000000
134 0.000000 0.000000 0.000000 0.000000 0.000000 0.000000
135 0.000000 0.000000 -10.000000 -0.000000 0.000000 0.000000
136 -7.625099 1.469296 0.253806 0.000000 0.000000 0.000000
137 0.000000 0.000000 0.000000 1.570796 0.000000 0.000000
138 10.407815 18.239372 34.609566 1.452697 -0.043230 -1.617879
139 -24.829435 17.502199 11.126246 -0.816007 -0.283145 -1.548110
time 8
0 0.000000 0.000000 0.000000 1.570796 0.000000 0.000000
1 0.000000 0.000000 0.000000 1.570796 0.000000 0.000000
2 2.057830 29.124546 -1.835829 -0.074475 -0.539366 0.020701
3 0.000000 0.000000 0.000000 0.000000 0.000000 0.000000
4 5.757982 -0.000000 0.000000 -2.061311 -0.780607 -1.095868
5 18.152637 -0.000000 0.000000 0.000000 0.000000 1.469010
6 17.091557 0.000000 0.000000 -0.135752 0.019161 -1.678020
7 6.229743 0.000000 -0.000000 0.027479 0.010281 -0.337692
8 -5.757982 0.000000 -0.000000 -1.454112 -0.649666 -1.858274
9 18.152637 0.000000 0.000000 -0.000000 -0.000000 1.579738
10 17.091557 -0.000000 -0.000000 0.323935 0.090135 -1.827646
11 6.229743 -0.000000 0.000000 -0.115210 -0.029527 -0.665242
12 0.000000 3.964346 -1.347968 1.571653 -0.379768 1.559521
13 7.507315 0.000000 -0.000000 -0.005003 -0.008920 0.167980
14 9.079733 0.000000 -0.000000 -0.004662 -0.010098 0.216930
15 10.826827 0.000000 -0.000000 -0.001561 -0.000071 0.614851
16 8.860067 -0.000000 0.000000 2.979554 -0.513182 0.693110
17 4.341945 -0.000000 -0.000000 0.050812 0.020658 1.856805
18 6.900930 1.363879 3.754603 -2.004423 -2.072446 0.351640
19 12.731754 -0.000000 -0.000000 -1.707211 -1.145483 0.612759
20 26.625128 0.000000 0.000000 -0.000000 0.000000 -0.813969
21 20.040787 -0.000017 -0.000030 -1.173644 0.319356 0.188460
22 16.821650 2.696737 -0.203279 -0.454715 2.101277 -2.090298
23 2.039386 0.000000 -0.000000 0.000000 -0.119732 -0.551019
24 1.516909 0.000000 0.000000 0.000000 -0.106498 -0.214585
25 17.176727 0.840396 -0.044736 -0.246604 1.977585 -1.852852
26 2.302859 0.000000 -0.000000 -0.000000 -0.040281 -0.440509
27 2.047745 0.000000 0.000000 -0.000000 -0.019146 -0.127858
28 17.032684 -1.069098 -0.638179 2.512672 1.056836 0.848304
29 2.907259 0.000000 0.000000 -0.000000 -0.070674 -0.789421
30 2.470908 -0.000000 0.000000 -0.000000 0.042753 -0.053852
31 16.797981 -2.957015 -1.264867 2.402309 1.055943 0.717082
32 2.246732 0.000000 -0.000000 0.000000 0.130347 -0.750151
33 1.924987 0.000000 0.000000 0.000000 0.084390 -0.071779
34 10.924372 -3.874175 -3.676631 -2.700621 0.350317 -0.102732
35 3.109823 -0.000000 -0.000000 0.000000 0.123272 -0.061145
36 1.512893 0.000000 0.000000 0.000000 -0.028966 0.541554
37 6.900930 1.363879 -3.754603 1.954100 2.056660 0.374578
38 12.731754 0.000000 -0.000000 1.905869 1.314549 0.903020
39 26.625128 0.000000 -0.000000 0.000000 0.000000 -0.904939
40 20.040768 -0.000010 0.000019 0.864060 -0.038277 0.273310
41 16.821663 2.695864 0.214569 0.458848 -2.097646 -2.093866
42 2.039386 -0.000000 0.000000 0.000000 0.119732 -0.551019
43 1.516909 0.000000 -0.000000 0.000000 0.106498 -0.214585
44 17.176743 0.840203 0.048255 0.249576 -1.973565 -1.855583
45 2.302859 -0.000000 -0.000000 0.000000 0.040281 -0.440509
46 2.047745 -0.000000 0.000000 0.000000 0.019146 -0.127858
47 17.032701 -1.071759 0.633698 -2.507009 -1.059970 0.843370
48 2.907259 0.000000 -0.000000 0.000000 0.070674 -0.789421
49 2.470908 -0.000000 -0.000000 -0.000000 -0.042753 -0.053852
50 16.798000 -2.962283 1.252475 -2.395869 -1.058686 0.711474
51 2.246732 0.000000 -0.000000 -0.000000 -0.130347 -0.750151
52 1.924987 -0.000000 0.000000 -0.000000 -0.084390 -0.071779
53 10.924391 -3.889540 3.660376 2.705055 -0.349884 -0.104252
54 3.109823 -0.000000 0.000000 0.000000 -0.123272 -0.061145
55 1.512893 0.000000 0.000000 0.000000 0.028966 0.541554
56 7.466661 3.907426 -1.935393 0.000000 0.000000 0.000000
57 0.937894 0.046485 9.689329 0.012830 -0.165431 0.001065
58 -0.183178 -4.377939 -4.342432 0.000000 0.000000 0.000000
59 -0.002516 -3.192985 4.798625 0.062215 0.001342 -0.001300
60 0.000000 0.000000 0.000000 0.000000 0.000000 0.000000
61 0.000000 0.000000 0.000000 0.000000 0.000000 0.000000
62 -0.000000 -2.426310 5.737833 -0.000000 0.000937 -0.001514
63 0.206732 -1.514296 -10.147256 0.000000 -0.000937 0.001514
64 -0.194928 1.514586 13.669277 0.000000 0.000937 -0.001514
65 0.003297 0.000007 -3.521831 0.000000 0.000000 0.000000
66 0.001702 2.426307 -5.737833 0.000000 0.000000 0.000000
67 0.000000 0.000000 0.000000 -0.000000 0.000000 0.000000
68 0.000000 0.000000 0.000000 0.062214 0.000405 0.000214
69 0.001135 -2.645303 9.252852 0.062215 0.001342 -0.001300
70 8.000000 0.000000 0.000000 -0.013186 0.165404 -0.003222
71 0.000003 -2.426316 9.259665 -0.000000 0.000937 -0.001514
72 -7.466661 3.907426 -1.935393 0.000000 0.000000 0.000000
73 1.467647 -0.016349 -6.431382 0.020190 -0.872134 -0.010992
74 0.334780 -4.377939 -4.346992 0.000000 0.000000 0.000000
75 -0.062706 -3.346743 4.977848 -0.126021 0.000080 -0.001869
76 0.000000 0.000000 0.000000 -0.000000 -0.000000 -0.000000
77 0.000000 0.000000 0.000000 0.139717 0.000000 0.000000
78 -0.000000 -2.426310 5.737833 -0.000000 0.000937 -0.001514
79 -0.183130 -1.514886 -10.147621 0.000000 -0.000937 0.001514
80 0.194928 1.514586 13.669277 0.000000 0.000937 -0.001514
81 0.003303 0.000007 -3.521831 0.139717 0.000000 0.000000
82 0.001702 2.426307 -5.737833 0.000000 0.000000 0.000000
83 0.000000 -0.000000 0.000000 -0.139717 -0.000000 -0.000000
84 0.000000 0.000000 0.000000 -0.126022 -0.000857 -0.000355
85 -0.002196 -1.983674 9.231737 -0.127147 -0.001158 0.061026
86 -8.000000 0.000000 0.000000 -0.018305 0.872164 -0.006947
87 -0.000003 -2.426316 9.259665 -0.000000 0.000937 -0.001514
88 0.000156 39.987263 -0.385905 0.000000 0.000000 0.000000
89 2.057674 -10.862715 -1.449925 -0.074475 -0.539366 0.020701
90 0.000000 3.964346 -1.347968 1.570796 0.083193 1.570796
91 0.000000 0.000000 0.000000 -0.003466 -0.010426 0.476644
92 0.000000 -0.000000 0.000000 -0.000000 -0.000000 -0.013661
93 7.506614 -0.102554 0.000000 -0.003836 -0.009480 0.027672
94 0.000000 0.000000 0.000000 0.000000 -0.000000 0.126643
95 9.007018 1.146814 0.000000 -0.001094 -0.011068 0.009587
96 -0.000000 -0.000000 0.000000 0.000000 0.000000 0.333969
97 10.228633 3.548980 0.000000 -0.000848 -0.001313 -0.003525
98 0.000000 -0.000000 0.000000 -0.000000 -0.000000 0.952345
99 5.136838 7.218981 0.000000 0.522965 -0.123205 -0.036736
100 0.000000 -0.000000 -0.000000 -0.000002 -3.141593 -1.535012
101 -0.155339 4.339165 0.000000 0.053160 -0.013510 -0.387426
102 0.000000 0.000000 -0.000000 3.141592 0.000000 0.137367
103 2.889723 6.413463 3.754603 1.037195 -1.069949 -1.767391
104 0.000000 0.000000 0.000000 0.038637 -0.029172 -0.016964
105 2.889723 6.413463 -3.754603 -1.110908 1.069949 -1.767391
106 0.000000 0.000000 0.000000 -0.034887 0.026633 0.004042
107 8.319910 57.218830 16.868313 0.000000 0.000000 0.000000
108 2.336895 -38.979458 17.844229 0.000000 0.000000 0.000000
109 0.000000 9.000000 0.000000 0.000000 0.000000 0.000000
110 0.000000 0.000000 0.000000 0.000000 0.000000 0.000000
111 0.000000 0.000000 -10.000000 -0.000000 -0.000000 -0.000000
112 22.562559 7.018788 21.553038 0.000000 0.000000 0.000000
113 17.441116 36.784798 31.295761 0.634782 -0.171328 -1.921496
114 20.040791 -0.000036 0.000008 1.404680 0.142601 0.138624
115 0.000000 0.000000 0.000000 -0.541425 0.043647 -0.125059
116 0.000000 0.000000 0.000000 -0.235528 0.036014 0.000000
117 -0.000000 0.000000 0.000000 -1.816459 0.017293 -0.015642
118 -17.490433 57.807247 1.723255 0.000000 0.000000 0.000000
119 -7.539927 -40.305050 9.402991 0.000000 0.000000 0.000000
120 0.000000 9.000000 0.000000 0.000000 0.000000 0.000000
121 0.000000 0.000000 0.000000 0.000000 0.000000 0.000000
122 0.000004 -0.000016 -10.000016 -3.141593 -3.141593 3.141593
123 -20.202126 6.761021 -0.449243 -0.000000 0.000000 0.000000
124 -31.018957 34.925426 3.239432 -2.881157 -0.404477 -1.239733
125 20.040770 -0.000027 0.000001 1.736913 -0.142601 0.138624
126 0.000000 0.000000 0.000000 0.227585 0.142129 -0.138432
127 0.000000 0.000000 0.000000 0.232579 -0.036013 -0.000000
128 -0.000000 -0.000000 0.000000 -1.329320 0.017292 0.015641
129 6.997317 29.226812 1.121427 0.000000 0.000000 0.000000
130 0.000000 0.000000 0.000000 0.000000 0.000000 0.000000
131 0.000000 0.000000 -10.000000 0.000000 0.000000 0.000000
132 1.819490 -1.848988 1.539734 0.000000 0.000000 0.000000
133 -2.881658 29.022282 -4.793085 0.000000 0.000000 0.000000
134 0.000000 0.000000 0.000000 0.000000 0.000000 0.000000
135 0.000000 0.000000 -10.000000 -0.000000 0.000000 0.000000
136 -7.438909 1.602112 0.344704 0.000000 0.000000 0.000000
137 0.000000 0.000000 0.000000 1.570796 0.000000 0.000000
138 10.656805 18.239372 34.712543 1.452697 -0.038788 -1.632359
139 -25.030359 17.502199 11.126246 -0.816007 -0.283145 -1.535091
time 9
0 0.000000 0.000000 0.000000 1.570796 0.000000 0.000000
1 0.000000 0.000000 0.000000 1.570796 0.000000 0.000000
2 1.971775 28.854219 -1.992030 -0.084153 -0.523949 0.024200
3 0.000000 0.000000 0.000000 0.000000 0.000000 0.000000
4 5.757982 0.000000 0.000000 -2.051093 -0.792553 -1.098469
5 18.152637 -0.000000 -0.000000 0.000000 -0.000000 1.483124
6 17.091557 0.000000 0.000000 -0.135512 0.024463 -1.677455
7 6.229743 0.000000 -0.000000 0.027471 0.010303 -0.338338
8 -5.757982 0.000000 -0.000000 -1.452515 -0.649099 -1.858569
9 18.152637 -0.000000 -0.000000 -0.000000 0.000000 1.603868
10 17.091557 -0.000000 -0.000000 0.324971 0.104766 -1.843487
11 6.229743 0.000000 -0.000000 -0.115312 -0.029402 -0.661497
12 0.000000 3.964346 -1.347968 1.571228 -0.381180 1.560302
13 7.507315 -0.000000 0.000000 -0.005740 -0.008975 0.165309
14 9.079733 0.000000 -0.000000 -0.004694 -0.008887 0.214895
15 10.826827 0.000000 -0.000000 -0.002403 -0.000326 0.614902
16 8.860067 -0.000000 -0.000000 2.983300 -0.509950 0.692125
17 4.341945 -0.000000 0.000000 0.048877 0.018508 1.855358
18 6.900930 1.363879 3.754603 -1.991294 -2.071540 0.330969
19 12.731754 0.000000 -0.000000 -1.695868 -1.143763 0.616306
20 26.625128 0.000000 -0.000000 -0.000000 0.000000 -0.808109
21 20.040787 -0.000017 -0.000030 -1.176884 0.329930 0.167910
22 16.821650 2.696737 -0.203279 -0.454715 2.101277 -2.090298
23 2.039386 0.000000 0.000000 -0.000000 -0.119732 -0.551019
24 1.516909 0.000000 -0.000000 0.000000 -0.106498 -0.214585
25 17.176727 0.840396 -0.044736 -0.246604 1.977585 -1.852852
26 2.302859 -0.000000 -0.000000 -0.000000 -0.040281 -0.440509
27 2.047745 0.000000 -0.000000 0.000000 -0.019146 -0.127858
28 17.032684 -1.069098 -0.638179 2.512672 1.056836 0.848304
29 2.907259 0.000000 -0.000000 -0.000000 -0.070674 -0.789421
30 2.470908 0.000000 0.000000 0.000000 0.042753 -0.053852
31 16.797981 -2.957015 -1.264867 2.402309 1.055943 0.717082
32 2.246732 0.000000 -0.000000 0.000000 0.130347 -0.750151
33 1.924987 -0.000000 0.000000 0.000000 0.084390 -0.071779
34 10.924372 -3.874175 -3.676631 -2.700621 0.350317 -0.102732
35 3.109823 -0.000000 -0.000000 0.000000 0.123272 -0.061145
36 1.512893 -0.000000 -0.000000 0.000000 -0.028966 0.541554
37 6.900930 1.363879 -3.754603 1.952544 2.057711 0.376667
38 12.731754 0.000000 0.000000 1.874844 1.305503 0.858712
39 26.625128 0.000000 0.000000 -0.000000 -0.000000 -0.914671
40 20.040768 -0.000010 0.000019 0.864920 -0.048305 0.269247
41 16.821663 2.695864 0.214569 0.458848 -2.097646 -2.093866
42 2.039386 -0.000000 0.000000 -0.000000 0.119732 -0.551019
43 1.516909 0.000000 -0.000000 0.000000 0.106498 -0.214585
44 17.176743 0.840203 0.048255 0.249576 -1.973565 -1.855583
45 2.302859 -0.000000 -0.000000 0.000000 0.040281 -0.440509
46 2.047745 -0.000000 -0.000000 0.000000 0.019146 -0.127858
47 17.032701 -1.071759 0.633698 -2.507009 -1.059970 0.843370
48 2.907259 0.000000 0.000000 0.000000 0.070674 -0.789421
49 2.470908 0.000000 0.000000 -0.000000 -0.042753 -0.053852
50 16.798000 -2.962283 1.252475 -2.395869 -1.058686 0.711474
51 2.246732 0.000000 -0.000000 -0.000000 -0.130347 -0.750151
52 1.924987 0.000000 -0.000000 -0.000000 -0.084390 -0.071779
53 10.924391 -3.889540 3.660376 2.705055 -0.349884 -0.104252
54 3.109823 0.000000 0.000000 0.000000 -0.123272 -0.061145
55 1.512893 0.000000 0.000000 0.000000 0.028966 0.541554
56 7.466661 3.907426 -1.935393 0.000000 0.000000 0.000000
57 0.938545 0.031570 9.685346 0.010430 -0.165257 0.002061
58 -0.183178 -4.377939 -4.342432 0.000000 0.000000 0.000000
59 -0.002514 -3.193592 4.799121 0.061568 0.001338 -0.001302
60 0.000000 -0.000000 0.000000 0.000000 -0.000000 0.000000
61 0.000000 0.000000 0.000000 0.000000 0.000000 0.000000
62 -0.000000 -2.426310 5.737833 -0.000000 0.000937 -0.001514
63 0.206732 -1.514296 -10.147256 0.000000 -0.000937 0.001514
64 -0.194928 1.514586 13.669277 0.000000 0.000937 -0.001514
65 0.003297 0.000007 -3.521831 0.000000 0.000000 0.000000
66 0.001702 2.426307 -5.737833 0.000000 0.000000 0.000000
67 0.000000 0.000000 0.000000 -0.000000 0.000000 0.000000
68 0.000000 0.000000 0.000000 0.061567 0.000401 0.000212
69 0.001123 -2.643029 9.252993 0.061568 0.001338 -0.001302
70 8.000000 0.000000 0.000000 -0.010918 0.165225 -0.003829
71 0.000003 -2.426316 9.259665 -0.000000 0.000937 -0.001514
72 -7.466661 3.907426 -1.935393 0.000000 0.000000 0.000000
73 1.482981 -0.028183 -6.431759 0.020133 -0.872303 -0.014018
74 0.334780 -4.377939 -4.346992 0.000000 0.000000 0.000000
75 -0.062713 -3.343891 4.974407 -0.122277 0.000106 -0.001860
76 0.000000 0.000000 0.000000 -0.000000 -0.000000 0.000000
77 0.000000 0.000000 0.000000 0.139717 0.000000 0.000000
78 -0.000000 -2.426310 5.737833 -0.000000 0.000937 -0.001514
79 -0.183130 -1.514886 -10.147621 0.000000 -0.000937 0.001514
80 0.194928 1.514586 13.669277 0.000000 0.000937 -0.001514
81 0.003303 0.000007 -3.521831 0.139717 0.000000 0.000000
82 0.001702 2.426307 -5.737833 0.000000 0.000000 0.000000
83 -0.000000 -0.000000 0.000000 -0.139717 -0.000000 -0.000000
84 0.000000 0.000000 0.000000 -0.122278 -0.000831 -0.000346
85 -0.002133 -1.996761 9.233371 -0.123408 -0.001367 0.061030
86 -8.000000 0.000000 0.000000 -0.014616 0.872383 -0.002179
87 -0.000003 -2.426316 9.259665 -0.000000 0.000937 -0.001514
88 0.000156 39.987263 -0.385905 0.000000 0.000000 0.000000
89 1.971619 -11.133043 -1.606126 -0.084153 -0.523949 0.024200
90 0.000000 3.964346 -1.347968 1.570796 0.083193 1.570796
91 0.000000 0.000000 0.000000 -0.003605 -0.009693 0.478054
92 0.000000 -0.000000 0.000000 -0.000000 -0.000000 -0.013661
93 7.506614 -0.102554 0.000000 -0.004560 -0.009628 0.025001
94 0.000000 0.000000 0.000000 0.000000 -0.000000 0.126643
95 9.007018 1.146814 0.000000 -0.001522 -0.009935 0.007556
96 -0.000000 -0.000000 0.000000 0.000000 0.000000 0.333969
97 10.228633 3.548980 0.000000 -0.001127 -0.002147 -0.003474
98 0.000000 -0.000000 0.000000 -0.000000 -0.000000 0.952345
99 5.136838 7.218981 0.000000 0.519367 -0.120313 -0.035450
100 0.000000 -0.000000 -0.000000 -0.000002 -3.141593 -1.535012
101 -0.155339 4.339165 0.000000 0.050950 -0.011646 -0.385989
102 0.000000 0.000000 -0.000000 3.141592 0.000000 0.137367
103 2.889723 6.413463 3.754603 1.037195 -1.069949 -1.767391
104 0.000000 0.000000 0.000000 0.033760 -0.038462 -0.020594
105 2.889723 6.413463 -3.754603 -1.110908 1.069949 -1.767391
106 0.000000 0.000000 0.000000 -0.038304 0.025313 0.003479
107 8.529810 57.005646 16.351093 0.000000 0.000000 0.000000
108 2.295953 -38.766273 18.431326 0.000000 0.000000 0.000000
109 0.000000 9.000000 0.000000 0.000000 0.000000 0.000000
110 0.000000 0.000000 0.000000 0.000000 0.000000 0.000000
111 0.000000 0.000000 -10.000000 -0.000000 -0.000000 -0.000000
112 22.562967 6.875864 21.478445 0.000000 0.000000 0.000000
113 17.589228 36.728874 31.037035 0.637042 -0.187993 -1.921477
114 20.040791 -0.000036 0.000008 1.404680 0.142601 0.138624
115 0.000000 -0.000000 0.000000 -0.539754 0.025899 -0.138578
116 0.000000 0.000000 0.000000 -0.235528 0.036014 0.000000
117 -0.000000 0.000000 0.000000 -1.816459 0.017293 -0.015642
118 -17.473049 57.633030 1.540385 0.000000 0.000000 0.000000
119 -7.693652 -40.130829 9.585862 0.000000 0.000000 0.000000
120 0.000000 9.000000 0.000000 0.000000 0.000000 0.000000
121 0.000000 0.000000 0.000000 0.000000 0.000000 0.000000
122 0.000004 -0.000016 -10.000016 -3.141593 -3.141593 3.141593
123 -20.309681 6.686854 -0.603615 -0.000000 0.000000 0.000000
124 -31.168295 34.852913 3.090848 -2.881938 -0.412556 -1.237780
125 20.040770 -0.000027 0.000001 1.736913 -0.142601 0.138624
126 0.000000 -0.000000 0.000000 0.229520 0.139752 -0.127760
127 0.000000 0.000000 0.000000 0.232579 -0.036013 -0.000000
128 -0.000000 -0.000000 0.000000 -1.329320 0.017292 0.015641
129 6.955864 28.974859 0.888709 0.000000 0.000000 0.000000
130 0.000000 0.000000 0.000000 0.000000 0.000000 0.000000
131 0.000000 0.000000 -10.000000 0.000000 0.000000 0.000000
132 1.766998 -1.966547 1.665740 0.000000 0.000000 0.000000
133 -3.012314 28.733578 -4.872769 0.000000 0.000000 0.000000
134 0.000000 0.000000 0.000000 0.000000 0.000000 0.000000
135 0.000000 0.000000 -10.000000 -0.000000 0.000000 0.000000
136 -7.294658 1.671148 0.425074 0.000000 0.000000 0.000000
137 0.000000 0.000000 0.000000 1.570796 0.000000 0.000000
138 10.825763 18.239372 34.782417 1.452697 -0.035808 -1.642497
139 -25.166700 17.502199 11.126246 -0.816007 -0.283145 -1.526257
time 10
0 0.000000 0.000000 0.000000 1.570796 0.000000 0.000000
1 0.000000 0.000000 0.000000 1.570796 0.000000 0.000000
2 1.877003 28.736105 -2.185592 -0.088167 -0.507077 0.026444
3 0.000000 0.000000 0.000000 0.000000 0.000000 0.000000
4 5.757982 0.000000 0.000000 -2.037677 -0.803536 -1.104817
5 18.152637 -0.000000 0.000000 0.000000 0.000000 1.483175
6 17.091557 -0.000000 0.000000 -0.138163 0.030011 -1.673195
7 6.229743 0.000000 -0.000000 0.027511 0.010192 -0.335200
8 -5.757982 -0.000000 -0.000000 -1.440985 -0.646627 -1.861296
9 18.152637 -0.000000 -0.000000 0.000000 -0.000000 1.614824
10 17.091557 -0.000000 -0.000000 0.321204 0.116711 -1.856302
11 6.229743 0.000000 -0.000000 -0.115495 -0.029176 -0.654736
12 0.000000 3.964346 -1.347968 1.570194 -0.381959 1.561849
13 7.507315 0.000000 -0.000000 -0.006473 -0.008661 0.161423
14 9.079733 -0.000000 0.000000 -0.004831 -0.007828 0.209982
15 10.826827 0.000000 0.000000 -0.004138 -0.001596 0.612532
16 8.860067 -0.000000 -0.000000 2.988897 -0.505692 0.690276
17 4.341945 -0.000000 0.000000 0.046734 0.014841 1.855811
18 6.900930 1.363879 3.754603 -1.994825 -2.064316 0.336445
19 12.731754 -0.000000 0.000000 -1.698384 -1.159054 0.627232
20 26.625128 -0.000000 -0.000000 0.000000 -0.000000 -0.781528
21 20.040787 -0.000017 -0.000030 -1.180306 0.337214 0.145465
22 16.821650 2.696737 -0.203279 -0.454715 2.101277 -2.090298
23 2.039386 -0.000000 0.000000 -0.000000 -0.119732 -0.551019
24 1.516909 0.000000 -0.000000 0.000000 -0.106498 -0.214585
25 17.176727 0.840396 -0.044736 -0.246604 1.977585 -1.852852
26 2.302859 0.000000 -0.000000 -0.000000 -0.040281 -0.440509
27 2.047745 0.000000 0.000000 -0.000000 -0.019146 -0.127858
28 17.032684 -1.069098 -0.638179 2.512672 1.056836 0.848304
29 2.907259 0.000000 -0.000000 -0.000000 -0.070674 -0.789421
30 2.470908 -0.000000 -0.000000 0.000000 0.042753 -0.053852
31 16.797981 -2.957015 -1.264867 2.402309 1.055943 0.717082
32 2.246732 -0.000000 0.000000 0.000000 0.130347 -0.750151
33 1.924987 0.000000 0.000000 0.000000 0.084390 -0.071779
34 10.924372 -3.874175 -3.676631 -2.700621 0.350317 -0.102732
35 3.109823 0.000000 -0.000000 -0.000000 0.123272 -0.061145
36 1.512893 0.000000 0.000000 0.000000 -0.028966 0.541554
37 6.900930 1.363879 -3.754603 1.958899 2.059351 0.386358
38 12.731754 0.000000 -0.000000 1.841197 1.310592 0.811463
39 26.625128 0.000000 0.000000 0.000000 0.000000 -0.908472
40 20.040768 -0.000010 0.000019 0.863682 -0.052847 0.263395
41 16.821663 2.695864 0.214569 0.458848 -2.097646 -2.093866
42 2.039386 0.000000 -0.000000 -0.000000 0.119732 -0.551019
43 1.516909 0.000000 -0.000000 0.000000 0.106498 -0.214585
44 17.176743 0.840203 0.048255 0.249576 -1.973565 -1.855583
45 2.302859 -0.000000 0.000000 0.000000 0.040281 -0.440509
46 2.047745 -0.000000 -0.000000 -0.000000 0.019146 -0.127858
47 17.032701 -1.071759 0.633698 -2.507009 -1.059970 0.843370
48 2.907259 0.000000 0.000000 -0.000000 0.070674 -0.789421
49 2.470908 0.000000 -0.000000 -0.000000 -0.042753 -0.053852
50 16.798000 -2.962283 1.252475 -2.395869 -1.058686 0.711474
51 2.246732 0.000000 -0.000000 -0.000000 -0.130347 -0.750151
52 1.924987 -0.000000 0.000000 -0.000000 -0.084390 -0.071779
53 10.924391 -3.889540 3.660376 2.705055 -0.349884 -0.104252
54 3.109823 0.000000 -0.000000 -0.000000 -0.123272 -0.061145
55 1.512893 0.000000 0.000000 0.000000 0.028966 0.541554
56 7.466661 3.907426 -1.935393 0.000000 0.000000 0.000000
57 0.950324 0.002364 9.665914 0.005323 -0.165180 0.000557
58 -0.183178 -4.377939 -4.342432 0.000000 0.000000 0.000000
59 -0.002524 -3.190641 4.796717 0.064708 0.001358 -0.001291
60 0.000000 0.000000 0.000000 0.000000 0.000000 0.000000
61 0.000000 0.000000 0.000000 0.000000 0.000000 0.000000
62 -0.000000 -2.426310 5.737833 -0.000000 0.000937 -0.001514
63 0.206732 -1.514296 -10.147256 0.000000 -0.000937 0.001514
64 -0.194928 1.514586 13.669277 0.000000 0.000937 -0.001514
65 0.003297 0.000007 -3.521831 0.000000 0.000000 0.000000
66 0.001702 2.426307 -5.737833 0.000000 0.000000 0.000000
67 0.000000 0.000000 0.000000 -0.000000 0.000000 0.000000
68 0.000000 0.000000 0.000000 0.064706 0.000421 0.000223
69 0.001181 -2.654064 9.252295 0.064708 0.001358 -0.001291
70 8.000000 0.000000 0.000000 -0.005489 0.165175 -0.001452
71 0.000003 -2.426316 9.259665 -0.000000 0.000937 -0.001514
72 -7.466661 3.907426 -1.935393 0.000000 0.000000 0.000000
73 1.513921 -0.055707 -6.443696 0.015541 -0.872249 -0.015508
74 0.334780 -4.377939 -4.346992 0.000000 0.000000 0.000000
75 -0.062725 -3.338710 4.968223 -0.115515 0.000153 -0.001844
76 0.000000 0.000000 0.000000 -0.000000 -0.000000 -0.000000
77 0.000000 0.000000 0.000000 0.139717 0.000000 0.000000
78 -0.000000 -2.426310 5.737833 -0.000000 0.000937 -0.001514
79 -0.183130 -1.514886 -10.147621 0.000000 -0.000937 0.001514
80 0.194928 1.514586 13.669277 0.000000 0.000937 -0.001514
81 0.003303 0.000007 -3.521831 0.139717 0.000000 0.000000
82 0.001702 2.426307 -5.737833 0.000000 0.000000 0.000000
83 -0.000000 -0.000000 0.000000 -0.139717 -0.000000 -0.000000
84 0.000000 0.000000 0.000000 -0.115516 -0.000784 -0.000329
85 -0.002019 -2.020406 9.236196 -0.116657 -0.001745 0.061035
86 -8.000000 0.000000 0.000000 -0.005700 0.872337 0.005608
87 -0.000003 -2.426316 9.259665 -0.000000 0.000937 -0.001514
88 0.000156 39.987263 -0.385905 0.000000 0.000000 0.000000
89 1.876847 -11.251156 -1.799688 -0.088167 -0.507077 0.026444
90 0.000000 3.964346 -1.347968 1.570796 0.083193 1.570796
91 0.000000 0.000000 0.000000 -0.004050 -0.008248 0.478828
92 0.000000 -0.000000 0.000000 -0.000000 -0.000000 -0.013661
93 7.506614 -0.102554 0.000000 -0.005327 -0.009409 0.021116
94 0.000000 0.000000 0.000000 0.000000 -0.000000 0.126643
95 9.007018 1.146814 0.000000 -0.001998 -0.008979 0.002646
96 -0.000000 -0.000000 0.000000 0.000000 0.000000 0.333969
97 10.228633 3.548980 0.000000 -0.001099 -0.004297 -0.005845
98 0.000000 -0.000000 0.000000 -0.000000 -0.000000 0.952345
99 5.136838 7.218981 0.000000 0.514576 -0.115908 -0.034013
100 0.000000 -0.000000 -0.000000 -0.000002 -3.141593 -1.535012
101 -0.155339 4.339165 0.000000 0.048326 -0.008306 -0.386452
102 0.000000 0.000000 -0.000000 3.141592 0.000000 0.137367
103 2.889723 6.413463 3.754603 1.037195 -1.069949 -1.767391
104 0.000000 0.000000 0.000000 0.034745 -0.039302 -0.012953
105 2.889723 6.413463 -3.754603 -1.110908 1.069949 -1.767391
106 0.000000 0.000000 0.000000 -0.040501 0.020500 0.003855
107 8.711189 57.062500 15.938044 0.000000 0.000000 0.000000
108 2.176821 -38.823128 18.870121 0.000000 0.000000 0.000000
109 0.000000 9.000000 0.000000 0.000000 0.000000 0.000000
110 0.000000 0.000000 0.000000 0.000000 0.000000 0.000000
111 0.000000 0.000000 -10.000000 -0.000000 -0.000000 -0.000000
112 22.556767 6.841085 21.460560 0.000000 0.000000 0.000000
113 17.462532 36.726204 30.728127 0.638457 -0.205020 -1.912480
114 20.040791 -0.000036 0.000008 1.404680 0.142601 0.138624
115 0.000000 0.000000 0.000000 -0.537169 0.005969 -0.149231
116 0.000000 0.000000 0.000000 -0.235528 0.036014 0.000000
117 -0.000000 0.000000 0.000000 -1.816459 0.017293 -0.015642
118 -17.492102 57.661682 1.413518 0.000000 0.000000 0.000000
119 -7.724830 -40.159485 9.712729 0.000000 0.000000 0.000000
120 0.000000 9.000000 0.000000 0.000000 0.000000 0.000000
121 0.000000 0.000000 0.000000 0.000000 0.000000 0.000000
122 0.000004 -0.000016 -10.000016 -3.141593 -3.141593 3.141593
123 -20.448551 6.663499 -0.752303 -0.000000 0.000000 0.000000
124 -31.135752 34.855595 3.035433 -2.878895 -0.415576 -1.242094
125 20.040770 -0.000027 0.000001 1.736913 -0.142601 0.138624
126 0.000000 0.000000 0.000000 0.228655 0.134693 -0.122327
127 0.000000 0.000000 0.000000 0.232579 -0.036013 -0.000000
128 -0.000000 -0.000000 0.000000 -1.329320 0.017292 0.015641
129 6.908685 28.869192 0.610623 0.000000 0.000000 0.000000
130 0.000000 0.000000 0.000000 0.000000 0.000000 0.000000
131 0.000000 0.000000 -10.000000 0.000000 0.000000 0.000000
132 1.728953 -2.015726 1.716670 0.000000 0.000000 0.000000
133 -3.154679 28.603018 -4.981808 0.000000 0.000000 0.000000
134 0.000000 0.000000 0.000000 0.000000 0.000000 0.000000
135 0.000000 0.000000 -10.000000 -0.000000 0.000000 0.000000
136 -7.221940 1.700284 0.466566 0.000000 0.000000 0.000000
137 0.000000 0.000000 0.000000 1.570796 0.000000 0.000000
138 10.888011 18.239372 34.808163 1.452697 -0.034724 -1.646966
139 -25.216932 17.502199 11.126246 -0.816007 -0.283145 -1.523002
time 11
0 0.000000 0.000000 0.000000 1.570796 0.000000 0.000000
1 0.000000 0.000000 0.000000 1.570796 0.000000 0.000000
2 1.782770 28.816477 -2.341134 -0.092460 -0.495516 0.027733
3 0.000000 0.000000 0.000000 0.000000 0.000000 0.000000
4 5.757982 0.000000 0.000000 -2.024914 -0.801273 -1.113430
5 18.152637 -0.000000 0.000000 -0.000000 -0.000000 1.468917
6 17.091557 0.000000 -0.000000 -0.143761 0.036319 -1.667626
7 6.229743 0.000000 0.000000 0.027579 0.009995 -0.329646
8 -5.757982 -0.000000 -0.000000 -1.430649 -0.635510 -1.860920
9 18.152637 0.000000 0.000000 0.000000 -0.000000 1.607808
10 17.091557 0.000000 0.000000 0.314203 0.124332 -1.865530
11 6.229743 -0.000000 -0.000000 -0.115737 -0.028870 -0.645642
12 0.000000 3.964346 -1.347968 1.570508 -0.381173 1.563083
13 7.507315 -0.000000 -0.000000 -0.005868 -0.007972 0.160773
14 9.079733 -0.000000 -0.000000 -0.004781 -0.008166 0.206242
15 10.826827 0.000000 0.000000 -0.007030 -0.004969 0.608543
16 8.860067 -0.000000 0.000000 2.994892 -0.501192 0.689562
17 4.341945 -0.000000 0.000000 0.044776 0.010668 1.856346
18 6.900930 1.363879 3.754603 -2.008080 -2.053463 0.355740
19 12.731754 0.000000 -0.000000 -1.711987 -1.187318 0.644432
20 26.625128 0.000000 0.000000 0.000000 -0.000000 -0.736347
21 20.040787 -0.000017 -0.000030 -1.180979 0.345375 0.127320
22 16.821650 2.696737 -0.203279 -0.454715 2.101277 -2.090298
23 2.039386 0.000000 -0.000000 0.000000 -0.119732 -0.551019
24 1.516909 0.000000 0.000000 0.000000 -0.106498 -0.214585
25 17.176727 0.840396 -0.044736 -0.246604 1.977585 -1.852852
26 2.302859 -0.000000 -0.000000 -0.000000 -0.040281 -0.440509
27 2.047745 0.000000 -0.000000 -0.000000 -0.019146 -0.127858
28 17.032684 -1.069098 -0.638179 2.512672 1.056836 0.848304
29 2.907259 0.000000 0.000000 -0.000000 -0.070674 -0.789421
30 2.470908 0.000000 0.000000 0.000000 0.042753 -0.053852
31 16.797981 -2.957015 -1.264867 2.402309 1.055943 0.717082
32 2.246732 0.000000 -0.000000 -0.000000 0.130347 -0.750151
33 1.924987 0.000000 0.000000 0.000000 0.084390 -0.071779
34 10.924372 -3.874175 -3.676631 -2.700621 0.350317 -0.102732
35 3.109823 -0.000000 -0.000000 -0.000000 0.123272 -0.061145
36 1.512893 0.000000 0.000000 -0.000000 -0.028966 0.541554
37 6.900930 1.363879 -3.754603 1.962068 2.059410 0.393375
38 12.731754 -0.000000 -0.000000 1.804701 1.324942 0.761890
39 26.625128 0.000000 0.000000 -0.000000 -0.000000 -0.885538
40 20.040768 -0.000010 0.000019 0.860687 -0.052246 0.254876
41 16.821663 2.695864 0.214569 0.458848 -2.097646 -2.093866
42 2.039386 0.000000 -0.000000 -0.000000 0.119732 -0.551019
43 1.516909 -0.000000 -0.000000 0.000000 0.106498 -0.214585
44 17.176743 0.840203 0.048255 0.249576 -1.973565 -1.855583
45 2.302859 0.000000 0.000000 -0.000000 0.040281 -0.440509
46 2.047745 -0.000000 0.000000 -0.000000 0.019146 -0.127858
47 17.032701 -1.071759 0.633698 -2.507009 -1.059970 0.843370
48 2.907259 -0.000000 -0.000000 -0.000000 0.070674 -0.789421
49 2.470908 0.000000 0.000000 -0.000000 -0.042753 -0.053852
50 16.798000 -2.962283 1.252475 -2.395869 -1.058686 0.711474
51 2.246732 -0.000000 0.000000 0.000000 -0.130347 -0.750151
52 1.924987 0.000000 -0.000000 -0.000000 -0.084390 -0.071779
53 10.924391 -3.889540 3.660376 2.705055 -0.349884 -0.104252
54 3.109823 0.000000 0.000000 -0.000000 -0.123272 -0.061145
55 1.512893 -0.000000 0.000000 0.000000 0.028966 0.541554
56 7.466661 3.907426 -1.935393 0.000000 0.000000 0.000000
57 0.975691 -0.026873 9.637916 -0.000559 -0.165008 -0.004249
58 -0.183178 -4.377939 -4.342432 0.000000 0.000000 0.000000
59 -0.002541 -3.185400 4.792484 0.070265 0.001393 -0.001270
60 0.000000 0.000000 0.000000 0.000000 0.000000 0.000000
61 0.000000 0.000000 0.000000 0.000000 0.000000 0.000000
62 -0.000000 -2.426310 5.737833 -0.000000 0.000937 -0.001514
63 0.206732 -1.514296 -10.147256 0.000000 -0.000937 0.001514
64 -0.194928 1.514586 13.669277 0.000000 0.000937 -0.001514
65 0.003297 0.000007 -3.521831 0.000000 0.000000 0.000000
66 0.001702 2.426307 -5.737833 0.000000 0.000000 0.000000
67 0.000000 0.000000 0.000000 0.000000 0.000000 0.000000
68 0.000000 0.000000 0.000000 0.070263 0.000456 0.000244
69 0.001284 -2.673591 9.250976 0.070265 0.001393 -0.001270
70 8.000000 0.000000 0.000000 0.001274 0.165004 0.004401
71 0.000003 -2.426316 9.259665 -0.000000 0.000937 -0.001514
72 -7.466661 3.907426 -1.935393 0.000000 0.000000 0.000000
73 1.555891 -0.106770 -6.475513 0.004731 -0.871143 -0.014671
74 0.334780 -4.377939 -4.346992 0.000000 0.000000 0.000000
75 -0.062742 -3.331673 4.959959 -0.106420 0.000216 -0.001821
76 0.000000 -0.000000 -0.000000 -0.000000 0.000000 0.000000
77 0.000000 0.000000 0.000000 0.139717 0.000000 0.000000
78 -0.000000 -2.426310 5.737833 -0.000000 0.000937 -0.001514
79 -0.183130 -1.514886 -10.147621 0.000000 -0.000937 0.001514
80 0.194928 1.514586 13.669277 0.000000 0.000937 -0.001514
81 0.003303 0.000007 -3.521831 0.139717 0.000000 0.000000
82 0.001702 2.426307 -5.737833 0.000000 0.000000 0.000000
83 -0.000000 -0.000000 0.000000 -0.139717 -0.000000 -0.000000
84 0.000000 0.000000 0.000000 -0.106421 -0.000721 -0.000307
85 -0.001865 -2.052242 9.239742 -0.107575 -0.002254 0.061038
86 -8.000000 0.000000 0.000000 0.010083 0.871109 0.017162
87 -0.000003 -2.426316 9.259665 -0.000000 0.000937 -0.001514
88 0.000156 39.987263 -0.385905 0.000000 0.000000 0.000000
89 1.782614 -11.170785 -1.955230 -0.092460 -0.495516 0.027733
90 0.000000 3.964346 -1.347968 1.570796 0.083193 1.570796
91 0.000000 0.000000 0.000000 -0.003255 -0.007116 0.478037
92 0.000000 -0.000000 0.000000 -0.000000 -0.000000 -0.013661
93 7.506614 -0.102554 0.000000 -0.004814 -0.008649 0.020466
94 0.000000 0.000000 0.000000 0.000000 -0.000000 0.126643
95 9.007018 1.146814 0.000000 -0.001840 -0.009282 -0.001095
96 -0.000000 -0.000000 0.000000 0.000000 0.000000 0.333969
97 10.228633 3.548980 0.000000 -0.000027 -0.008608 -0.009850
98 0.000000 -0.000000 0.000000 -0.000000 -0.000000 0.952345
99 5.136838 7.218981 0.000000 0.509522 -0.111152 -0.031262
100 0.000000 -0.000000 -0.000000 -0.000002 -3.141593 -1.535012
101 -0.155339 4.339165 0.000000 0.045815 -0.004440 -0.386996
102 0.000000 0.000000 -0.000000 3.141592 0.000000 0.137367
103 2.889723 6.413463 3.754603 1.037195 -1.069949 -1.767391
104 0.000000 0.000000 0.000000 0.038013 -0.036110 0.000821
105 2.889723 6.413463 -3.754603 -1.110908 1.069949 -1.767391
106 0.000000 0.000000 0.000000 -0.043504 0.017484 0.005179
107 8.871773 57.343590 15.613425 0.000000 0.000000 0.000000
108 1.911752 -39.104218 19.194738 0.000000 0.000000 0.000000
109 0.000000 9.000000 0.000000 0.000000 0.000000 0.000000
110 0.000000 0.000000 0.000000 0.000000 0.000000 0.000000
111 0.000000 0.000000 -10.000000 -0.000000 -0.000000 -0.000000
112 22.466478 6.794368 21.435020 0.000000 0.000000 0.000000
113 17.055149 36.749325 30.371679 0.638402 -0.223222 -1.897481
114 20.040791 -0.000036 0.000008 1.404680 0.142601 0.138624
115 0.000000 0.000000 0.000000 -0.532754 -0.009768 -0.160237
116 0.000000 0.000000 0.000000 -0.235528 0.036014 0.000000
117 -0.000000 0.000000 0.000000 -1.816459 0.017293 -0.015642
118 -17.536753 57.892265 1.328821 0.000000 0.000000 0.000000
119 -7.653281 -40.390064 9.797425 0.000000 0.000000 0.000000
120 0.000000 9.000000 0.000000 0.000000 0.000000 0.000000
121 0.000000 0.000000 0.000000 0.000000 0.000000 0.000000
122 0.000004 -0.000016 -10.000016 -3.141593 -3.141593 3.141593
123 -20.576691 6.673165 -0.866224 -0.000000 0.000000 0.000000
124 -30.914833 34.938427 3.073994 -2.872145 -0.413474 -1.253558
125 20.040770 -0.000027 0.000001 1.736913 -0.142601 0.138624
126 0.000000 0.000000 -0.000000 0.225398 0.126153 -0.121635
127 0.000000 0.000000 0.000000 0.232579 -0.036013 -0.000000
128 -0.000000 -0.000000 0.000000 -1.329320 0.017292 0.015641
129 6.846254 28.956938 0.396703 0.000000 0.000000 0.000000
130 0.000000 0.000000 0.000000 0.000000 0.000000 0.000000
131 0.000000 0.000000 -10.000000 0.000000 0.000000 0.000000
132 1.700341 -1.978278 1.666133 0.000000 0.000000 0.000000
133 -3.280714 28.676014 -5.078972 0.000000 0.000000 0.000000
134 0.000000 0.000000 0.000000 0.000000 0.000000 0.000000
135 0.000000 0.000000 -10.000000 -0.000000 0.000000 0.000000
136 -7.228886 1.652568 0.483014 0.000000 0.000000 0.000000
137 0.000000 0.000000 0.000000 1.570796 0.000000 0.000000
138 10.783525 18.239372 34.808163 1.452697 -0.035862 -1.641751
139 -25.190033 17.502199 11.126246 -0.816007 -0.283145 -1.525265
time 12
0 0.000000 0.000000 0.000000 1.570796 0.000000 0.000000
1 0.000000 0.000000 0.000000 1.570796 0.000000 0.000000
2 1.693772 29.001532 -2.468454 -0.096821 -0.488151 0.028310
3 0.000000 0.000000 0.000000 0.000000 0.000000 0.000000
4 5.757982 0.000000 0.000000 -2.013168 -0.790790 -1.122111
5 18.152637 -0.000000 0.000000 0.000000 -0.000000 1.447144
6 17.091557 0.000000 -0.000000 -0.154834 0.043771 -1.664084
7 6.229743 0.000000 0.000000 0.027587 0.009973 -0.329018
8 -5.757982 0.000000 -0.000000 -1.421507 -0.619945 -1.858678
9 18.152637 0.000000 0.000000 0.000000 -0.000000 1.590652
10 17.091557 0.000000 0.000000 0.305164 0.128054 -1.873009
11 6.229743 -0.000000 -0.000000 -0.115973 -0.028569 -0.636744
12 0.000000 3.964346 -1.347968 1.571595 -0.378507 1.563444
13 7.507315 -0.000000 0.000000 -0.004659 -0.007134 0.158534
14 9.079733 0.000000 -0.000000 -0.004158 -0.007997 0.204991
15 10.826827 -0.000000 0.000000 -0.010755 -0.009451 0.607762
16 8.860067 -0.000000 -0.000000 2.999120 -0.497388 0.692923
17 4.341945 -0.000000 -0.000000 0.043178 0.007805 1.852839
18 6.900930 1.363879 3.754603 -2.026977 -2.052099 0.367732
19 12.731754 -0.000000 0.000000 -1.717792 -1.230409 0.662103
20 26.625128 0.000000 -0.000000 0.000000 0.000000 -0.672604
21 20.040787 -0.000017 -0.000030 -1.178704 0.359379 0.107909
22 16.821650 2.696737 -0.203279 -0.454715 2.101277 -2.090298
23 2.039386 0.000000 -0.000000 -0.000000 -0.119732 -0.551019
24 1.516909 0.000000 0.000000 0.000000 -0.106498 -0.214585
25 17.176727 0.840396 -0.044736 -0.246604 1.977585 -1.852852
26 2.302859 -0.000000 -0.000000 0.000000 -0.040281 -0.440509
27 2.047745 0.000000 0.000000 -0.000000 -0.019146 -0.127858
28 17.032684 -1.069098 -0.638179 2.512672 1.056836 0.848304
29 2.907259 0.000000 -0.000000 -0.000000 -0.070674 -0.789421
30 2.470908 0.000000 -0.000000 -0.000000 0.042753 -0.053852
31 16.797981 -2.957015 -1.264867 2.402309 1.055943 0.717082
32 2.246732 0.000000 0.000000 -0.000000 0.130347 -0.750151
33 1.924987 -0.000000 0.000000 0.000000 0.084390 -0.071779
34 10.924372 -3.874175 -3.676631 -2.700621 0.350317 -0.102732
35 3.109823 0.000000 -0.000000 -0.000000 0.123272 -0.061145
36 1.512893 0.000000 0.000000 -0.000000 -0.028966 0.541554
37 6.900930 1.363879 -3.754603 1.939113 2.066499 0.374598
38 12.731754 0.000000 -0.000000 1.775723 1.332277 0.731832
39 26.625128 0.000000 -0.000000 -0.000000 -0.000000 -0.857541
40 20.040768 -0.000010 0.000019 0.857500 -0.053303 0.246462
41 16.821663 2.695864 0.214569 0.458848 -2.097646 -2.093866
42 2.039386 -0.000000 0.000000 0.000000 0.119732 -0.551019
43 1.516909 -0.000000 0.000000 0.000000 0.106498 -0.214585
44 17.176743 0.840203 0.048255 0.249576 -1.973565 -1.855583
45 2.302859 -0.000000 0.000000 0.000000 0.040281 -0.440509
46 2.047745 -0.000000 -0.000000 0.000000 0.019146 -0.127858
47 17.032701 -1.071759 0.633698 -2.507009 -1.059970 0.843370
48 2.907259 0.000000 0.000000 0.000000 0.070674 -0.789421
49 2.470908 -0.000000 0.000000 -0.000000 -0.042753 -0.053852
50 16.798000 -2.962283 1.252475 -2.395869 -1.058686 0.711474
51 2.246732 -0.000000 0.000000 -0.000000 -0.130347 -0.750151
52 1.924987 0.000000 -0.000000 -0.000000 -0.084390 -0.071779
53 10.924391 -3.889540 3.660376 2.705055 -0.349884 -0.104252
54 3.109823 -0.000000 0.000000 0.000000 -0.123272 -0.061145
55 1.512893 -0.000000 0.000000 0.000000 0.028966 0.541554
56 7.466661 3.907426 -1.935393 0.000000 0.000000 0.000000
57 1.021824 -0.059164 9.603387 -0.008004 -0.164984 -0.014246
58 -0.183178 -4.377939 -4.342432 0.000000 0.000000 0.000000
59 -0.002542 -3.184805 4.792007 0.070894 0.001397 -0.001268
60 0.000000 -0.000000 -0.000000 -0.000000 0.000000 0.000000
61 0.000000 0.000000 0.000000 0.000000 0.000000 0.000000
62 -0.000000 -2.426310 5.737833 -0.000000 0.000937 -0.001514
63 0.206732 -1.514296 -10.147256 0.000000 -0.000937 0.001514
64 -0.194928 1.514586 13.669277 0.000000 0.000937 -0.001514
65 0.003297 0.000007 -3.521831 0.000000 0.000000 0.000000
66 0.001702 2.426307 -5.737833 0.000000 0.000000 0.000000
67 0.000000 0.000000 0.000000 -0.000000 0.000000 0.000000
68 0.000000 0.000000 0.000000 0.070892 0.000460 0.000246
69 0.001295 -2.675799 9.250819 0.070894 0.001397 -0.001268
70 8.000000 0.000000 0.000000 0.010485 0.164846 0.015773
71 0.000003 -2.426316 9.259665 -0.000000 0.000937 -0.001514
72 -7.466661 3.907426 -1.935393 0.000000 0.000000 0.000000
73 1.603241 -0.174085 -6.519083 -0.010014 -0.869019 -0.012371
74 0.334780 -4.377939 -4.346992 0.000000 0.000000 0.000000
75 -0.062759 -3.324716 4.951935 -0.097520 0.000278 -0.001798
76 0.000000 0.000000 0.000000 0.000000 0.000000 0.000000
77 0.000000 0.000000 0.000000 0.139717 0.000000 0.000000
78 -0.000000 -2.426310 5.737833 -0.000000 0.000937 -0.001514
79 -0.183130 -1.514886 -10.147621 0.000000 -0.000937 0.001514
80 0.194928 1.514586 13.669277 0.000000 0.000937 -0.001514
81 0.003303 0.000007 -3.521831 0.139717 0.000000 0.000000
82 0.001702 2.426307 -5.737833 0.000000 0.000000 0.000000
83 -0.000000 -0.000000 0.000000 -0.139717 -0.000000 -0.000000
84 0.000000 0.000000 0.000000 -0.097521 -0.000659 -0.000284
85 -0.001713 -2.083421 9.242933 -0.098689 -0.002751 0.061036
86 -8.000000 0.000000 0.000000 0.030136 0.868678 0.030999
87 -0.000003 -2.426316 9.259665 -0.000000 0.000937 -0.001514
88 0.000156 39.987263 -0.385905 0.000000 0.000000 0.000000
89 1.693616 -10.985730 -2.082550 -0.096821 -0.488151 0.028310
90 0.000000 3.964346 -1.347968 1.570796 0.083193 1.570796
91 0.000000 0.000000 0.000000 -0.002011 -0.006805 0.475371
92 0.000000 -0.000000 0.000000 -0.000000 -0.000000 -0.013661
93 7.506614 -0.102554 0.000000 -0.003721 -0.007665 0.018228
94 0.000000 0.000000 0.000000 0.000000 -0.000000 0.126643
95 9.007018 1.146814 0.000000 -0.001306 -0.008918 -0.002346
96 -0.000000 -0.000000 0.000000 0.000000 0.000000 0.333969
97 10.228633 3.548980 0.000000 0.001466 -0.014243 -0.010675
98 0.000000 -0.000000 0.000000 -0.000000 -0.000000 0.952345
99 5.136838 7.218981 0.000000 0.505338 -0.107843 -0.025419
100 0.000000 -0.000000 -0.000000 -0.000002 -3.141593 -1.535012
101 -0.155339 4.339165 0.000000 0.043841 -0.001823 -0.383497
102 0.000000 0.000000 -0.000000 3.141592 0.000000 0.137367
103 2.889723 6.413463 3.754603 1.037195 -1.069949 -1.767391
104 0.000000 0.000000 0.000000 0.029613 -0.031811 0.004602
105 2.889723 6.413463 -3.754603 -1.110908 1.069949 -1.767391
106 0.000000 0.000000 0.000000 -0.050114 0.022628 -0.004948
107 9.036074 57.697369 15.160162 0.000000 0.000000 0.000000
108 1.517580 -39.457996 19.648001 0.000000 0.000000 0.000000
109 0.000000 9.000000 0.000000 0.000000 0.000000 0.000000
110 0.000000 0.000000 0.000000 0.000000 0.000000 0.000000
111 0.000000 0.000000 -10.000000 -0.000000 -0.000000 -0.000000
112 22.361370 6.700705 21.387592 0.000000 0.000000 0.000000
113 16.405592 36.757137 29.860310 0.636800 -0.249469 -1.876883
114 20.040791 -0.000036 0.000008 1.404680 0.142601 0.138624
115 0.000000 -0.000000 0.000000 -0.524686 -0.025707 -0.177394
116 0.000000 0.000000 0.000000 -0.235528 0.036014 0.000000
117 -0.000000 0.000000 0.000000 -1.816459 0.017293 -0.015642
118 -17.466633 58.124283 1.121570 0.000000 0.000000 0.000000
119 -7.651023 -40.622086 10.004677 0.000000 0.000000 0.000000
120 0.000000 9.000000 0.000000 0.000000 0.000000 0.000000
121 0.000000 0.000000 0.000000 0.000000 0.000000 0.000000
122 0.000004 -0.000016 -10.000016 -3.141593 -3.141593 3.141593
123 -20.685480 6.655235 -0.974342 -0.000000 0.000000 0.000000
124 -30.570366 35.030193 3.084395 -2.865487 -0.412907 -1.269200
125 20.040770 -0.000027 0.000001 1.736913 -0.142601 0.138624
126 0.000000 0.000000 0.000000 0.222099 0.117981 -0.119318
127 0.000000 0.000000 0.000000 0.232579 -0.036013 -0.000000
128 -0.000000 -0.000000 0.000000 -1.329320 0.017292 0.015641
129 6.777193 29.145481 0.232003 0.000000 0.000000 0.000000
130 0.000000 0.000000 0.000000 0.000000 0.000000 0.000000
131 0.000000 0.000000 -10.000000 0.000000 0.000000 0.000000
132 1.682153 -1.889249 1.558292 0.000000 0.000000 0.000000
133 -3.389649 28.857582 -5.168911 0.000000 0.000000 0.000000
134 0.000000 0.000000 0.000000 0.000000 0.000000 0.000000
135 0.000000 0.000000 -10.000000 -0.000000 0.000000 0.000000
136 -7.286472 1.563194 0.479503 0.000000 0.000000 0.000000
137 0.000000 0.000000 0.000000 1.570796 0.000000 0.000000
138 10.553654 18.239372 34.808163 1.452697 -0.038803 -1.628999
139 -25.117657 17.502199 11.126246 -0.816007 -0.283145 -1.531351
time 13
0 0.000000 0.000000 0.000000 1.570796 0.000000 0.000000
1 0.000000 0.000000 0.000000 1.570796 0.000000 0.000000
2 1.583231 29.245573 -2.581523 -0.100377 -0.482589 0.028072
3 0.000000 0.000000 0.000000 0.000000 0.000000 0.000000
4 5.757982 -0.000000 0.000000 -2.000811 -0.776500 -1.129562
5 18.152637 -0.000000 0.000000 0.000000 -0.000000 1.421828
6 17.091557 -0.000000 0.000000 -0.177435 0.054169 -1.663767
7 6.229743 0.000000 -0.000000 0.027566 0.010033 -0.330728
8 -5.757982 0.000000 -0.000000 -1.412301 -0.601499 -1.854551
9 18.152637 0.000000 0.000000 -0.000000 -0.000000 1.567146
10 17.091557 0.000000 0.000000 0.294359 0.129992 -1.880530
11 6.229743 0.000000 -0.000000 -0.116222 -0.028242 -0.627182
12 0.000000 3.964346 -1.347968 1.573056 -0.374260 1.562591
13 7.507315 0.000000 -0.000000 -0.003367 -0.007082 0.155835
14 9.079733 -0.000000 -0.000000 -0.003527 -0.007696 0.205088
15 10.826827 -0.000000 0.000000 -0.012019 -0.011125 0.607871
16 8.860067 0.000000 0.000000 3.000026 -0.495036 0.698743
17 4.341945 -0.000000 0.000000 0.042497 0.005174 1.850919
18 6.900930 1.363879 3.754603 -2.040607 -2.056535 0.373635
19 12.731754 0.000000 -0.000000 -1.728069 -1.279670 0.689075
20 26.625128 0.000000 -0.000000 -0.000000 -0.000000 -0.593916
21 20.040787 -0.000017 -0.000030 -1.177811 0.371606 0.079647
22 16.821650 2.696737 -0.203279 -0.454715 2.101277 -2.090298
23 2.039386 0.000000 -0.000000 0.000000 -0.119732 -0.551019
24 1.516909 0.000000 -0.000000 0.000000 -0.106498 -0.214585
25 17.176727 0.840396 -0.044736 -0.246604 1.977585 -1.852852
26 2.302859 -0.000000 -0.000000 0.000000 -0.040281 -0.440509
27 2.047745 -0.000000 -0.000000 -0.000000 -0.019146 -0.127858
28 17.032684 -1.069098 -0.638179 2.512672 1.056836 0.848304
29 2.907259 0.000000 -0.000000 0.000000 -0.070674 -0.789421
30 2.470908 0.000000 -0.000000 -0.000000 0.042753 -0.053852
31 16.797981 -2.957015 -1.264867 2.402309 1.055943 0.717082
32 2.246732 0.000000 -0.000000 -0.000000 0.130347 -0.750151
33 1.924987 0.000000 -0.000000 -0.000000 0.084390 -0.071779
34 10.924372 -3.874175 -3.676631 -2.700621 0.350317 -0.102732
35 3.109823 -0.000000 0.000000 0.000000 0.123272 -0.061145
36 1.512893 0.000000 0.000000 0.000000 -0.028966 0.541554
37 6.900930 1.363879 -3.754603 1.938184 2.068692 0.366808
38 12.731754 -0.000000 0.000000 1.713113 1.355254 0.664602
39 26.625128 0.000000 0.000000 -0.000000 -0.000000 -0.817504
40 20.040768 -0.000010 0.000019 0.851956 -0.052252 0.234567
41 16.821663 2.695864 0.214569 0.458848 -2.097646 -2.093866
42 2.039386 -0.000000 0.000000 -0.000000 0.119732 -0.551019
43 1.516909 -0.000000 -0.000000 0.000000 0.106498 -0.214585
44 17.176743 0.840203 0.048255 0.249576 -1.973565 -1.855583
45 2.302859 0.000000 -0.000000 0.000000 0.040281 -0.440509
46 2.047745 -0.000000 0.000000 0.000000 0.019146 -0.127858
47 17.032701 -1.071759 0.633698 -2.507009 -1.059970 0.843370
48 2.907259 0.000000 -0.000000 -0.000000 0.070674 -0.789421
49 2.470908 0.000000 0.000000 -0.000000 -0.042753 -0.053852
50 16.798000 -2.962283 1.252475 -2.395869 -1.058686 0.711474
51 2.246732 0.000000 -0.000000 0.000000 -0.130347 -0.750151
52 1.924987 -0.000000 0.000000 -0.000000 -0.084390 -0.071779
53 10.924391 -3.889540 3.660376 2.705055 -0.349884 -0.104252
54 3.109823 -0.000000 0.000000 0.000000 -0.123272 -0.061145
55 1.512893 0.000000 -0.000000 0.000000 0.028966 0.541554
56 7.466661 3.907426 -1.935393 0.000000 0.000000 0.000000
57 1.097993 -0.080067 9.562899 -0.016354 -0.165017 -0.034169
58 -0.183178 -4.377939 -4.342432 0.000000 0.000000 0.000000
59 -0.002537 -3.186422 4.793306 0.069183 0.001386 -0.001274
60 0.000000 0.000000 0.000000 -0.000000 0.000000 -0.000000
61 0.000000 0.000000 0.000000 0.000000 0.000000 0.000000
62 -0.000000 -2.426310 5.737833 -0.000000 0.000937 -0.001514
63 0.206732 -1.514296 -10.147256 0.000000 -0.000937 0.001514
64 -0.194928 1.514586 13.669277 0.000000 0.000937 -0.001514
65 0.003297 0.000007 -3.521831 0.000000 0.000000 0.000000
66 0.001702 2.426307 -5.737833 0.000000 0.000000 0.000000
67 0.000000 0.000000 0.000000 -0.000000 0.000000 0.000000
68 0.000000 0.000000 0.000000 0.069181 0.000449 0.000240
69 0.001264 -2.669789 9.251241 0.069183 0.001386 -0.001274
70 8.000000 0.000000 0.000000 0.022257 0.164331 0.037354
71 0.000003 -2.426316 9.259665 -0.000000 0.000937 -0.001514
72 -7.466661 3.907426 -1.935393 0.000000 0.000000 0.000000
73 1.653029 -0.255828 -6.569583 -0.027563 -0.866279 -0.009322
74 0.334780 -4.377939 -4.346992 0.000000 0.000000 0.000000
75 -0.062778 -3.317160 4.943382 -0.087956 0.000343 -0.001773
76 0.000000 0.000000 0.000000 -0.000000 -0.000000 -0.000000
77 0.000000 0.000000 0.000000 0.139717 0.000000 0.000000
78 -0.000000 -2.426310 5.737833 -0.000000 0.000937 -0.001514
79 -0.183130 -1.514886 -10.147621 0.000000 -0.000937 0.001514
80 0.194928 1.514586 13.669277 0.000000 0.000937 -0.001514
81 0.003303 0.000007 -3.521831 0.139717 0.000000 0.000000
82 0.001702 2.426307 -5.737833 0.000000 0.000000 0.000000
83 -0.000000 -0.000000 0.000000 -0.139717 -0.000000 -0.000000
84 0.000000 0.000000 0.000000 -0.087958 -0.000593 -0.000259
85 -0.001549 -2.116959 9.246053 -0.089140 -0.003286 0.061029
86 -8.000000 0.000000 0.000000 0.053481 0.865385 0.046775
87 -0.000003 -2.426316 9.259665 -0.000000 0.000937 -0.001514
88 0.000156 39.987263 -0.385905 0.000000 0.000000 0.000000
89 1.583075 -10.741689 -2.195619 -0.100377 -0.482589 0.028072
90 0.000000 3.964346 -1.347968 1.570796 0.083193 1.570796
91 0.000000 0.000000 0.000000 -0.000844 -0.007626 0.471126
92 0.000000 -0.000000 0.000000 -0.000000 -0.000000 -0.013661
93 7.506614 -0.102554 0.000000 -0.002446 -0.007451 0.015528
94 0.000000 0.000000 0.000000 0.000000 -0.000000 0.126643
95 9.007018 1.146814 0.000000 -0.000809 -0.008427 -0.002248
96 -0.000000 -0.000000 0.000000 0.000000 0.000000 0.333969
97 10.228633 3.548980 0.000000 0.002096 -0.016243 -0.010589
98 0.000000 -0.000000 0.000000 -0.000000 -0.000000 0.952345
99 5.136838 7.218981 0.000000 0.502905 -0.107285 -0.018907
100 0.000000 -0.000000 -0.000000 -0.000002 -3.141593 -1.535012
101 -0.155339 4.339165 0.000000 0.042806 0.000691 -0.381581
102 0.000000 0.000000 -0.000000 3.141592 0.000000 0.137367
103 2.889723 6.413463 3.754603 1.037195 -1.069949 -1.767391
104 0.000000 0.000000 0.000000 0.021287 -0.027306 0.001972
105 2.889723 6.413463 -3.754603 -1.110908 1.069949 -1.767391
106 0.000000 0.000000 0.000000 -0.044277 0.025141 -0.008452
107 9.198911 58.097706 14.683323 0.000000 0.000000 0.000000
108 1.124872 -39.858334 20.124840 0.000000 0.000000 0.000000
109 0.000000 9.000000 0.000000 0.000000 0.000000 0.000000
110 0.000000 0.000000 0.000000 0.000000 0.000000 0.000000
111 0.000000 0.000000 -10.000000 -0.000000 -0.000000 -0.000000
112 22.207426 6.634879 21.356298 0.000000 0.000000 0.000000
113 15.602051 36.761143 29.265787 0.633840 -0.280207 -1.848414
114 20.040791 -0.000036 0.000008 1.404680 0.142601 0.138624
115 0.000000 -0.000000 0.000000 -0.514594 -0.049955 -0.194432
116 0.000000 0.000000 0.000000 -0.235528 0.036014 0.000000
117 -0.000000 0.000000 0.000000 -1.816459 0.017293 -0.015642
118 -17.406551 58.473152 0.925159 0.000000 0.000000 0.000000
119 -7.605724 -40.970951 10.201087 0.000000 0.000000 0.000000
120 0.000000 9.000000 0.000000 0.000000 0.000000 0.000000
121 0.000000 0.000000 0.000000 0.000000 0.000000 0.000000
122 0.000004 -0.000016 -10.000016 -3.141593 -3.141593 3.141593
123 -20.768839 6.595472 -1.080165 -0.000000 0.000000 0.000000
124 -30.090019 35.168308 3.141310 -2.854716 -0.409809 -1.290912
125 20.040770 -0.000027 0.000001 1.736913 -0.142601 0.138624
126 0.000000 0.000000 0.000000 0.216152 0.106006 -0.118595
127 0.000000 0.000000 0.000000 0.232579 -0.036013 -0.000000
128 -0.000000 -0.000000 0.000000 -1.329320 0.017292 0.015641
129 6.681622 29.388733 0.090605 0.000000 0.000000 0.000000
130 0.000000 0.000000 0.000000 0.000000 0.000000 0.000000
131 0.000000 0.000000 -10.000000 0.000000 0.000000 0.000000
132 1.675918 -1.770580 1.422547 0.000000 0.000000 0.000000
133 -3.515160 29.102413 -5.253652 0.000000 0.000000 0.000000
134 0.000000 0.000000 0.000000 0.000000 0.000000 0.000000
135 0.000000 0.000000 -10.000000 -0.000000 0.000000 0.000000
136 -7.374404 1.438150 0.466429 0.000000 0.000000 0.000000
137 0.000000 0.000000 0.000000 1.570796 0.000000 0.000000
138 10.323783 18.239372 34.808163 1.452697 -0.042833 -1.616572
139 -25.012276 17.502199 11.126246 -0.816007 -0.283145 -1.540200
time 14
0 0.000000 0.000000 0.000000 1.570796 0.000000 0.000000
1 0.000000 0.000000 0.000000 1.570796 0.000000 0.000000
2 1.486638 29.530218 -2.678686 -0.102660 -0.478708 0.026365
3 0.000000 0.000000 0.000000 0.000000 0.000000 0.000000
4 5.757982 0.000000 0.000000 -1.987331 -0.760801 -1.136657
5 18.152637 -0.000000 0.000000 -0.000000 -0.000000 1.394390
6 17.091557 0.000000 0.000000 -0.205323 0.063074 -1.663063
7 6.229743 0.000000 -0.000000 0.027482 0.010274 -0.337516
8 -5.757982 0.000000 -0.000000 -1.401732 -0.580372 -1.849961
9 18.152637 -0.000000 0.000000 -0.000000 -0.000000 1.537102
10 17.091557 0.000000 0.000000 0.283119 0.128797 -1.889668
11 6.229743 -0.000000 -0.000000 -0.116589 -0.027751 -0.612904
12 0.000000 3.964346 -1.347968 1.574735 -0.368682 1.562265
13 7.507315 0.000000 0.000000 -0.001830 -0.006749 0.152773
14 9.079733 -0.000000 0.000000 -0.002706 -0.007439 0.206092
15 10.826827 0.000000 -0.000000 -0.011576 -0.011727 0.608963
16 8.860067 -0.000000 -0.000000 2.997537 -0.492465 0.713003
17 4.341945 0.000000 0.000000 0.041183 0.004476 1.845158
18 6.900930 1.363879 3.754603 -2.041751 -2.062172 0.367327
19 12.731754 0.000000 -0.000000 -1.735072 -1.328457 0.714473
20 26.625128 0.000000 0.000000 0.000000 -0.000000 -0.503233
21 20.040787 -0.000017 -0.000030 -1.178836 0.378055 0.036234
22 16.821650 2.696737 -0.203279 -0.454715 2.101277 -2.090298
23 2.039386 0.000000 -0.000000 0.000000 -0.119732 -0.551019
24 1.516909 0.000000 0.000000 0.000000 -0.106498 -0.214585
25 17.176727 0.840396 -0.044736 -0.246604 1.977585 -1.852852
26 2.302859 -0.000000 -0.000000 -0.000000 -0.040281 -0.440509
27 2.047745 -0.000000 -0.000000 -0.000000 -0.019146 -0.127858
28 17.032684 -1.069098 -0.638179 2.512672 1.056836 0.848304
29 2.907259 0.000000 -0.000000 -0.000000 -0.070674 -0.789421
30 2.470908 -0.000000 0.000000 0.000000 0.042753 -0.053852
31 16.797981 -2.957015 -1.264867 2.402309 1.055943 0.717082
32 2.246732 0.000000 0.000000 0.000000 0.130347 -0.750151
33 1.924987 0.000000 0.000000 -0.000000 0.084390 -0.071779
34 10.924372 -3.874175 -3.676631 -2.700621 0.350317 -0.102732
35 3.109823 -0.000000 0.000000 -0.000000 0.123272 -0.061145
36 1.512893 0.000000 -0.000000 -0.000000 -0.028966 0.541554
37 6.900930 1.363879 -3.754603 1.935145 2.069041 0.356146
38 12.731754 0.000000 0.000000 1.634777 1.375458 0.582476
39 26.625128 0.000000 0.000000 -0.000000 0.000000 -0.775283
40 20.040768 -0.000010 0.000019 0.846364 -0.050369 0.223158
41 16.821663 2.695864 0.214569 0.458848 -2.097646 -2.093866
42 2.039386 -0.000000 0.000000 0.000000 0.119732 -0.551019
43 1.516909 -0.000000 -0.000000 0.000000 0.106498 -0.214585
44 17.176743 0.840203 0.048255 0.249576 -1.973565 -1.855583
45 2.302859 0.000000 0.000000 0.000000 0.040281 -0.440509
46 2.047745 -0.000000 -0.000000 0.000000 0.019146 -0.127858
47 17.032701 -1.071759 0.633698 -2.507009 -1.059970 0.843370
48 2.907259 0.000000 0.000000 0.000000 0.070674 -0.789421
49 2.470908 0.000000 0.000000 -0.000000 -0.042753 -0.053852
50 16.798000 -2.962283 1.252475 -2.395869 -1.058686 0.711474
51 2.246732 0.000000 0.000000 -0.000000 -0.130347 -0.750151
52 1.924987 0.000000 -0.000000 -0.000000 -0.084390 -0.071779
53 10.924391 -3.889540 3.660376 2.705055 -0.349884 -0.104252
54 3.109823 -0.000000 0.000000 0.000000 -0.123272 -0.061145
55 1.512893 0.000000 0.000000 0.000000 0.028966 0.541554
56 7.466661 3.907426 -1.935393 0.000000 0.000000 0.000000
57 1.188349 -0.093776 9.525057 -0.023351 -0.164393 -0.058081
58 -0.183178 -4.377939 -4.342432 0.000000 0.000000 0.000000
59 -0.002517 -3.192820 4.798490 0.062391 0.001343 -0.001299
60 0.000000 0.000000 0.000000 -0.000000 0.000000 0.000000
61 0.000000 0.000000 0.000000 0.000000 0.000000 0.000000
62 -0.000000 -2.426310 5.737833 0.000000 0.000937 -0.001514
63 0.206732 -1.514296 -10.147256 0.000000 -0.000937 0.001514
64 -0.194928 1.514586 13.669277 0.000000 0.000937 -0.001514
65 0.003297 0.000007 -3.521831 0.000000 0.000000 0.000000
66 0.001702 2.426307 -5.737833 0.000000 0.000000 0.000000
67 0.000000 0.000000 0.000000 0.000000 0.000000 0.000000
68 0.000000 0.000000 0.000000 0.062390 0.000406 0.000215
69 0.001139 -2.645921 9.252813 0.062391 0.001343 -0.001299
70 8.000000 0.000000 0.000000 0.033252 0.162695 0.062716
71 0.000003 -2.426316 9.259665 -0.000000 0.000937 -0.001514
72 -7.466661 3.907426 -1.935393 0.000000 0.000000 0.000000
73 1.711589 -0.363002 -6.630446 -0.051198 -0.863175 -0.004100
74 0.334780 -4.377939 -4.346992 0.000000 0.000000 0.000000
75 -0.062807 -3.305727 4.930747 -0.073676 0.000441 -0.001735
76 0.000000 0.000000 -0.000000 0.000000 0.000000 0.000000
77 0.000000 0.000000 0.000000 0.139717 0.000000 0.000000
78 -0.000000 -2.426310 5.737833 0.000000 0.000937 -0.001514
79 -0.183130 -1.514886 -10.147621 0.000000 -0.000937 0.001514
80 0.194928 1.514586 13.669277 0.000000 0.000937 -0.001514
81 0.003303 0.000007 -3.521831 0.139717 0.000000 0.000000
82 0.001702 2.426307 -5.737833 0.000000 0.000000 0.000000
83 -0.000000 -0.000000 0.000000 -0.139717 -0.000000 -0.000000
84 0.000000 0.000000 0.000000 -0.073677 -0.000496 -0.000221
85 -0.001303 -2.167088 9.250113 -0.074882 -0.004084 0.061010
86 -8.000000 0.000000 0.000000 0.083430 0.861313 0.066029
87 -0.000003 -2.426316 9.259665 -0.000000 0.000937 -0.001514
88 0.000156 39.987263 -0.385905 0.000000 0.000000 0.000000
89 1.486482 -10.457043 -2.292782 -0.102660 -0.478708 0.026365
90 0.000000 3.964346 -1.347968 1.570796 0.083193 1.570796
91 0.000000 0.000000 0.000000 0.000755 -0.007969 0.465549
92 0.000000 -0.000000 0.000000 -0.000000 -0.000000 -0.013661
93 7.506614 -0.102554 0.000000 -0.000963 -0.006926 0.012467
94 0.000000 0.000000 0.000000 0.000000 -0.000000 0.126643
95 9.007018 1.146814 0.000000 -0.000118 -0.007915 -0.001243
96 -0.000000 -0.000000 0.000000 0.000000 0.000000 0.333969
97 10.228633 3.548980 0.000000 0.002844 -0.016231 -0.009504
98 0.000000 -0.000000 0.000000 -0.000000 -0.000000 0.952345
99 5.136838 7.218981 0.000000 0.500550 -0.109721 -0.005571
100 0.000000 -0.000000 -0.000000 -0.000002 -3.141593 -1.535012
101 -0.155339 4.339165 0.000000 0.041409 0.001203 -0.375828
102 0.000000 0.000000 -0.000000 3.141592 0.000000 0.137367
103 2.889723 6.413463 3.754603 1.037195 -1.069949 -1.767391
104 0.000000 0.000000 0.000000 0.014747 -0.027276 -0.004398
105 2.889723 6.413463 -3.754603 -1.110908 1.069949 -1.767391
106 0.000000 0.000000 0.000000 -0.038015 0.029680 -0.010790
107 9.367815 58.493782 14.210425 0.000000 0.000000 0.000000
108 0.851481 -40.254410 20.597738 0.000000 0.000000 0.000000
109 0.000000 9.000000 0.000000 0.000000 0.000000 0.000000
110 0.000000 0.000000 0.000000 0.000000 0.000000 0.000000
111 0.000000 0.000000 -10.000000 -0.000000 -0.000000 -0.000000
112 22.025021 6.553305 21.321692 0.000000 0.000000 0.000000
113 14.750875 36.746914 28.597704 0.626650 -0.315078 -1.810922
114 20.040791 -0.000036 0.000008 1.404680 0.142601 0.138624
115 0.000000 0.000000 0.000000 -0.500776 -0.088984 -0.208864
116 0.000000 0.000000 0.000000 -0.235528 0.036014 0.000000
117 -0.000000 0.000000 0.000000 -1.816459 0.017293 -0.015642
118 -17.336626 58.824421 0.723827 0.000000 0.000000 0.000000
119 -7.549738 -41.322220 10.402420 0.000000 0.000000 0.000000
120 0.000000 9.000000 0.000000 0.000000 0.000000 0.000000
121 0.000000 0.000000 0.000000 0.000000 0.000000 0.000000
122 0.000004 -0.000016 -10.000016 -3.141593 -3.141593 3.141593
123 -20.792173 6.520221 -1.140560 -0.000000 0.000000 0.000000
124 -29.571907 35.308510 3.213282 -2.844080 -0.405896 -1.313490
125 20.040770 -0.000027 0.000001 1.736913 -0.142601 0.138624
126 0.000000 -0.000000 -0.000000 0.210121 0.094372 -0.118772
127 0.000000 0.000000 0.000000 0.232579 -0.036013 -0.000000
128 -0.000000 -0.000000 0.000000 -1.329320 0.017292 0.015641
129 6.595594 29.664948 -0.026372 0.000000 0.000000 0.000000
130 0.000000 0.000000 0.000000 0.000000 0.000000 0.000000
131 0.000000 0.000000 -10.000000 0.000000 0.000000 0.000000
132 1.688372 -1.628732 1.270221 0.000000 0.000000 0.000000
133 -3.622318 29.395489 -5.331001 0.000000 0.000000 0.000000
134 0.000000 0.000000 0.000000 0.000000 0.000000 0.000000
135 0.000000 0.000000 -10.000000 -0.000000 0.000000 0.000000
136 -7.498360 1.282118 0.434544 0.000000 0.000000 0.000000
137 0.000000 0.000000 0.000000 1.570796 0.000000 0.000000
138 10.219296 18.239372 34.808163 1.452697 -0.047283 -1.611220
139 -24.886364 17.502199 11.126246 -0.816007 -0.283145 -1.550754
time 15
0 0.000000 0.000000 0.000000 1.570796 0.000000 0.000000
1 0.000000 0.000000 0.000000 1.570796 0.000000 0.000000
2 1.401775 29.832922 -2.759032 -0.102788 -0.476616 0.022266
3 0.000000 0.000000 0.000000 0.000000 0.000000 0.000000
4 5.757982 0.000000 0.000000 -1.976873 -0.745275 -1.140758
5 18.152637 -0.000000 -0.000000 -0.000000 0.000000 1.366527
6 17.091557 -0.000000 0.000000 -0.221749 0.070500 -1.658612
7 6.229743 -0.000000 -0.000000 0.027337 0.010675 -0.348848
8 -5.757982 0.000000 -0.000000 -1.389512 -0.558838 -1.845309
9 18.152637 -0.000000 0.000000 0.000000 0.000000 1.503917
10 17.091557 -0.000000 0.000000 0.273766 0.122614 -1.897279
11 6.229743 0.000000 -0.000000 -0.116978 -0.027212 -0.597439
12 0.000000 3.964346 -1.347968 1.576566 -0.362627 1.563248
13 7.507315 0.000000 0.000000 0.000066 -0.006539 0.148787
14 9.079733 0.000000 0.000000 -0.001586 -0.006892 0.206926
15 10.826827 0.000000 -0.000000 -0.011137 -0.012247 0.610130
16 8.860067 0.000000 0.000000 2.996003 -0.489716 0.728500
17 4.341945 0.000000 0.000000 0.039698 0.003986 1.838319
18 6.900930 1.363879 3.754603 -2.037987 -2.069636 0.357598
19 12.731754 0.000000 0.000000 -1.734154 -1.369701 0.733711
20 26.625128 -0.000000 0.000000 0.000000 -0.000000 -0.424204
21 20.040787 -0.000017 -0.000030 -1.185580 0.376972 -0.011123
22 16.821650 2.696737 -0.203279 -0.454715 2.101277 -2.090298
23 2.039386 0.000000 -0.000000 -0.000000 -0.119732 -0.551019
24 1.516909 0.000000 0.000000 0.000000 -0.106498 -0.214585
25 17.176727 0.840396 -0.044736 -0.246604 1.977585 -1.852852
26 2.302859 -0.000000 -0.000000 -0.000000 -0.040281 -0.440509
27 2.047745 0.000000 0.000000 -0.000000 -0.019146 -0.127858
28 17.032684 -1.069098 -0.638179 2.512672 1.056836 0.848304
29 2.907259 0.000000 -0.000000 -0.000000 -0.070674 -0.789421
30 2.470908 0.000000 0.000000 -0.000000 0.042753 -0.053852
31 16.797981 -2.957015 -1.264867 2.402309 1.055943 0.717082
32 2.246732 0.000000 -0.000000 0.000000 0.130347 -0.750151
33 1.924987 0.000000 0.000000 0.000000 0.084390 -0.071779
34 10.924372 -3.874175 -3.676631 -2.700621 0.350317 -0.102732
35 3.109823 0.000000 0.000000 -0.000000 0.123272 -0.061145
36 1.512893 0.000000 -0.000000 -0.000000 -0.028966 0.541554
37 6.900930 1.363879 -3.754603 1.929495 2.074812 0.344568
38 12.731754 0.000000 0.000000 1.557767 1.396988 0.507028
39 26.625128 0.000000 -0.000000 0.000000 -0.000000 -0.725659
40 20.040768 -0.000010 0.000019 0.840768 -0.049277 0.206717
41 16.821663 2.695864 0.214569 0.458848 -2.097646 -2.093866
42 2.039386 -0.000000 0.000000 -0.000000 0.119732 -0.551019
43 1.516909 -0.000000 0.000000 0.000000 0.106498 -0.214585
44 17.176743 0.840203 0.048255 0.249576 -1.973565 -1.855583
45 2.302859 -0.000000 -0.000000 0.000000 0.040281 -0.440509
46 2.047745 -0.000000 0.000000 0.000000 0.019146 -0.127858
47 17.032701 -1.071759 0.633698 -2.507009 -1.059970 0.843370
48 2.907259 0.000000 0.000000 0.000000 0.070674 -0.789421
49 2.470908 -0.000000 -0.000000 -0.000000 -0.042753 -0.053852
50 16.798000 -2.962283 1.252475 -2.395869 -1.058686 0.711474
51 2.246732 -0.000000 0.000000 -0.000000 -0.130347 -0.750151
52 1.924987 -0.000000 0.000000 -0.000000 -0.084390 -0.071779
53 10.924391 -3.889540 3.660376 2.705055 -0.349884 -0.104252
54 3.109823 0.000000 -0.000000 -0.000000 -0.123272 -0.061145
55 1.512893 0.000000 0.000000 0.000000 0.028966 0.541554
56 7.466661 3.907426 -1.935393 0.000000 0.000000 0.000000
57 1.251554 -0.107741 9.498607 -0.028188 -0.166477 -0.072119
58 -0.183178 -4.377939 -4.342432 0.000000 0.000000 0.000000
59 -0.002483 -3.203421 4.807241 0.051052 0.001270 -0.001340
60 0.000000 0.000000 0.000000 0.000000 0.000000 -0.000000
61 0.000000 0.000000 0.000000 0.000000 0.000000 0.000000
62 -0.000000 -2.426310 5.737833 -0.000000 0.000937 -0.001514
63 0.206732 -1.514296 -10.147256 0.000000 -0.000937 0.001514
64 -0.194928 1.514586 13.669277 0.000000 0.000937 -0.001514
65 0.003297 0.000007 -3.521831 0.000000 0.000000 0.000000
66 0.001702 2.426307 -5.737833 0.000000 0.000000 0.000000
67 0.000000 0.000000 0.000000 0.000000 0.000000 0.000000
68 0.000000 0.000000 0.000000 0.051051 0.000333 0.000174
69 0.000930 -2.606052 9.255077 0.051052 0.001270 -0.001340
70 8.000000 0.000000 0.000000 0.040602 0.163914 0.077807
71 0.000003 -2.426316 9.259665 -0.000000 0.000937 -0.001514
72 -7.466661 3.907426 -1.935393 0.000000 0.000000 0.000000
73 1.759996 -0.465104 -6.702597 -0.077272 -0.859894 0.004378
74 0.334780 -4.377939 -4.346992 0.000000 0.000000 0.000000
75 -0.062840 -3.293140 4.917246 -0.058208 0.000547 -0.001692
76 0.000000 0.000000 0.000000 0.000000 -0.000000 0.000000
77 0.000000 0.000000 0.000000 0.139717 0.000000 0.000000
78 -0.000000 -2.426310 5.737833 0.000000 0.000937 -0.001514
79 -0.183130 -1.514886 -10.147621 0.000000 -0.000937 0.001514
80 0.194928 1.514586 13.669277 0.000000 0.000937 -0.001514
81 0.003303 0.000007 -3.521831 0.139717 0.000000 0.000000
82 0.001702 2.426307 -5.737833 0.000000 0.000000 0.000000
83 -0.000000 -0.000000 0.000000 -0.139717 -0.000000 -0.000000
84 0.000000 0.000000 0.000000 -0.058210 -0.000390 -0.000177
85 -0.001034 -2.221444 9.253702 -0.059438 -0.004948 0.060976
86 -8.000000 0.000000 0.000000 0.113089 0.856940 0.082769
87 -0.000003 -2.426316 9.259665 -0.000000 0.000937 -0.001514
88 0.000156 39.987263 -0.385905 0.000000 0.000000 0.000000
89 1.401619 -10.154339 -2.373128 -0.102788 -0.476616 0.022266
90 0.000000 3.964346 -1.347968 1.570796 0.083193 1.570796
91 0.000000 0.000000 0.000000 0.002995 -0.007099 0.459490
92 0.000000 -0.000000 0.000000 -0.000000 -0.000000 -0.013661
93 7.506614 -0.102554 0.000000 0.000892 -0.006478 0.008480
94 0.000000 0.000000 0.000000 0.000000 -0.000000 0.126643
95 9.007018 1.146814 0.000000 0.000760 -0.007031 -0.000408
96 -0.000000 -0.000000 0.000000 0.000000 0.000000 0.333969
97 10.228633 3.548980 0.000000 0.003523 -0.016175 -0.008343
98 0.000000 -0.000000 0.000000 -0.000000 -0.000000 0.952345
99 5.136838 7.218981 0.000000 0.497934 -0.111342 0.009491
100 0.000000 -0.000000 -0.000000 -0.000002 -3.141593 -1.535012
101 -0.155339 4.339165 0.000000 0.039871 0.001484 -0.368997
102 0.000000 0.000000 -0.000000 3.141592 0.000000 0.137367
103 2.889723 6.413463 3.754603 1.037195 -1.069949 -1.767391
104 0.000000 0.000000 0.000000 0.010192 -0.027915 -0.013158
105 2.889723 6.413463 -3.754603 -1.110908 1.069949 -1.767391
106 0.000000 0.000000 0.000000 -0.033742 0.032576 -0.018268
107 9.547203 58.881721 13.749647 0.000000 0.000000 0.000000
108 0.649324 -40.536911 20.963295 0.000000 0.000000 0.000000
109 0.000000 9.000000 0.000000 0.000000 0.000000 0.000000
110 0.000000 0.000000 0.000000 0.000000 0.000000 0.000000
111 0.000000 0.000000 -10.000000 -0.000000 -0.000000 -0.000000
112 21.785154 6.439960 21.280313 0.000000 0.000000 0.000000
113 14.053578 36.806931 27.937449 0.618999 -0.344881 -1.776751
114 20.040791 -0.000036 0.000008 1.404680 0.142601 0.138624
115 0.000000 0.000000 0.000000 -0.491176 -0.132697 -0.217138
116 0.000000 0.000000 0.000000 -0.235528 0.036014 0.000000
117 -0.000000 0.000000 0.000000 -1.816459 0.017293 -0.015642
118 -17.181795 59.196751 0.491526 0.000000 0.000000 0.000000
119 -7.570604 -41.694550 10.634721 0.000000 0.000000 0.000000
120 0.000000 9.000000 0.000000 0.000000 0.000000 0.000000
121 0.000000 0.000000 0.000000 0.000000 0.000000 0.000000
122 0.000004 -0.000016 -10.000016 -3.141593 -3.141593 3.141593
123 -20.743279 6.399368 -1.161837 -0.000000 0.000000 0.000000
124 -28.935743 35.472580 3.303257 -2.831560 -0.401015 -1.342079
125 20.040770 -0.000027 0.000001 1.736913 -0.142601 0.138624
126 0.000000 0.000000 0.000000 0.204021 0.077903 -0.117346
127 0.000000 0.000000 0.000000 0.232579 -0.036013 -0.000000
128 -0.000000 -0.000000 0.000000 -1.329320 0.017292 0.015641
129 6.516776 29.946835 -0.117413 0.000000 0.000000 0.000000
130 0.000000 0.000000 0.000000 0.000000 0.000000 0.000000
131 0.000000 0.000000 -10.000000 0.000000 0.000000 0.000000
132 1.697881 -1.474458 1.110924 0.000000 0.000000 0.000000
133 -3.713226 29.719011 -5.400651 0.000000 0.000000 0.000000
134 0.000000 0.000000 0.000000 0.000000 0.000000 0.000000
135 0.000000 0.000000 -10.000000 -0.000000 0.000000 0.000000
136 -7.651818 1.113800 0.378011 0.000000 0.000000 0.000000
137 0.000000 0.000000 0.000000 1.570796 0.000000 0.000000
138 10.196527 18.344812 34.712944 1.450770 -0.051576 -1.616579
139 -24.752399 17.502199 11.126246 -0.816007 -0.283145 -1.561956
time 16
0 0.000000 0.000000 0.000000 1.570796 0.000000 0.000000
1 0.000000 0.000000 0.000000 1.570796 0.000000 0.000000
2 1.311406 30.139454 -2.819741 -0.101390 -0.475394 0.015676
3 0.000000 0.000000 0.000000 0.000000 0.000000 0.000000
4 5.757982 0.000000 0.000000 -1.969716 -0.730076 -1.141400
5 18.152637 -0.000000 0.000000 0.000000 -0.000000 1.339264
6 17.091557 0.000000 -0.000000 -0.222735 0.075098 -1.648275
7 6.229743 0.000000 -0.000000 0.027116 0.011259 -0.365456
8 -5.757982 0.000000 -0.000000 -1.379382 -0.539510 -1.837096
9 18.152637 0.000000 -0.000000 0.000000 -0.000000 1.472163
10 17.091557 0.000000 0.000000 0.264854 0.116477 -1.895840
11 6.229743 -0.000000 0.000000 -0.117206 -0.026888 -0.588215
12 0.000000 3.964346 -1.347968 1.578680 -0.357398 1.564479
13 7.507315 0.000000 -0.000000 0.002377 -0.005935 0.144241
14 9.079733 -0.000000 0.000000 -0.000347 -0.006252 0.206689
15 10.826827 -0.000000 -0.000000 -0.008770 -0.011062 0.611035
16 8.860067 0.000000 -0.000000 2.993973 -0.486948 0.743081
17 4.341945 -0.000000 0.000000 0.037700 0.003977 1.831613
18 6.900930 1.363879 3.754603 -2.033677 -2.078305 0.352951
19 12.731754 0.000000 0.000000 -1.738481 -1.397588 0.756058
20 26.625128 0.000000 0.000000 -0.000000 0.000000 -0.382073
21 20.040787 -0.000017 -0.000030 -1.198090 0.369600 -0.042762
22 16.821650 2.696737 -0.203279 -0.454715 2.101277 -2.090298
23 2.039386 0.000000 0.000000 0.000000 -0.119732 -0.551019
24 1.516909 0.000000 -0.000000 0.000000 -0.106498 -0.214585
25 17.176727 0.840396 -0.044736 -0.246604 1.977585 -1.852852
26 2.302859 -0.000000 -0.000000 -0.000000 -0.040281 -0.440509
27 2.047745 0.000000 -0.000000 0.000000 -0.019146 -0.127858
28 17.032684 -1.069098 -0.638179 2.512672 1.056836 0.848304
29 2.907259 -0.000000 0.000000 -0.000000 -0.070674 -0.789421
30 2.470908 0.000000 -0.000000 -0.000000 0.042753 -0.053852
31 16.797981 -2.957015 -1.264867 2.402309 1.055943 0.717082
32 2.246732 -0.000000 -0.000000 0.000000 0.130347 -0.750151
33 1.924987 0.000000 -0.000000 0.000000 0.084390 -0.071779
34 10.924372 -3.874175 -3.676631 -2.700621 0.350317 -0.102732
35 3.109823 -0.000000 0.000000 -0.000000 0.123272 -0.061145
36 1.512893 -0.000000 0.000000 0.000000 -0.028966 0.541554
37 6.900930 1.363879 -3.754603 1.932925 2.080776 0.348847
38 12.731754 -0.000000 0.000000 1.497902 1.425548 0.445727
39 26.625128 0.000000 0.000000 0.000000 -0.000000 -0.662515
40 20.040768 -0.000010 0.000019 0.833801 -0.047673 0.181163
41 16.821663 2.695864 0.214569 0.458848 -2.097646 -2.093866
42 2.039386 -0.000000 0.000000 0.000000 0.119732 -0.551019
43 1.516909 0.000000 -0.000000 0.000000 0.106498 -0.214585
44 17.176743 0.840203 0.048255 0.249576 -1.973565 -1.855583
45 2.302859 0.000000 0.000000 0.000000 0.040281 -0.440509
46 2.047745 0.000000 -0.000000 0.000000 0.019146 -0.127858
47 17.032701 -1.071759 0.633698 -2.507009 -1.059970 0.843370
48 2.907259 0.000000 -0.000000 -0.000000 0.070674 -0.789421
49 2.470908 0.000000 0.000000 -0.000000 -0.042753 -0.053852
50 16.798000 -2.962283 1.252475 -2.395869 -1.058686 0.711474
51 2.246732 0.000000 0.000000 -0.000000 -0.130347 -0.750151
52 1.924987 -0.000000 0.000000 -0.000000 -0.084390 -0.071779
53 10.924391 -3.889540 3.660376 2.705055 -0.349884 -0.104252
54 3.109823 -0.000000 0.000000 0.000000 -0.123272 -0.061145
55 1.512893 -0.000000 0.000000 0.000000 0.028966 0.541554
56 7.466661 3.907426 -1.935393 0.000000 0.000000 0.000000
57 1.276874 -0.122938 9.487681 -0.029960 -0.169363 -0.072034
58 -0.183178 -4.377939 -4.342432 0.000000 0.000000 0.000000
59 -0.002434 -3.218776 4.820282 0.034436 0.001163 -0.001399
60 0.000000 0.000000 0.000000 -0.000000 -0.000000 -0.000000
61 0.000000 0.000000 0.000000 0.000000 0.000000 0.000000
62 -0.000000 -2.426310 5.737833 0.000000 0.000937 -0.001514
63 0.206732 -1.514296 -10.147256 0.000000 -0.000937 0.001514
64 -0.194928 1.514586 13.669277 0.000000 0.000937 -0.001514
65 0.003297 0.000007 -3.521831 0.000000 0.000000 0.000000
66 0.001702 2.426307 -5.737833 0.000000 0.000000 0.000000
67 0.000000 0.000000 0.000000 -0.000000 0.000000 0.000000
68 0.000000 0.000000 0.000000 0.034434 0.000226 0.000115
69 0.000626 -2.547585 9.257579 0.034436 0.001163 -0.001399
70 8.000000 0.000000 0.000000 0.042606 0.166657 0.078137
71 0.000003 -2.426316 9.259665 -0.000000 0.000937 -0.001514
72 -7.466661 3.907426 -1.935393 0.000000 0.000000 0.000000
73 1.800183 -0.523435 -6.744754 -0.092273 -0.856977 0.009709
74 0.334780 -4.377939 -4.346992 0.000000 0.000000 0.000000
75 -0.062860 -3.285533 4.909286 -0.048982 0.000609 -0.001665
76 0.000000 0.000000 -0.000000 -0.000000 -0.000000 -0.000000
77 0.000000 0.000000 0.000000 0.139717 0.000000 0.000000
78 -0.000000 -2.426310 5.737833 0.000000 0.000937 -0.001514
79 -0.183130 -1.514886 -10.147621 0.000000 -0.000937 0.001514
80 0.194928 1.514586 13.669277 0.000000 0.000937 -0.001514
81 0.003303 0.000007 -3.521831 0.139717 0.000000 0.000000
82 0.001702 2.426307 -5.737833 0.000000 0.000000 0.000000
83 -0.000000 -0.000000 0.000000 -0.139717 -0.000000 -0.000000
84 0.000000 0.000000 0.000000 -0.048983 -0.000328 -0.000151
85 -0.000873 -2.253893 9.255443 -0.050225 -0.005464 0.060949
86 -8.000000 0.000000 0.000000 0.129393 0.853385 0.091355
87 -0.000003 -2.426316 9.259665 -0.000000 0.000937 -0.001514
88 0.000156 39.987263 -0.385905 0.000000 0.000000 0.000000
89 1.311250 -9.847808 -2.433837 -0.101390 -0.475394 0.015676
90 0.000000 3.964346 -1.347968 1.570796 0.083193 1.570796
91 0.000000 0.000000 0.000000 0.005593 -0.005995 0.454259
92 0.000000 -0.000000 0.000000 -0.000000 -0.000000 -0.013661
93 7.506614 -0.102554 0.000000 0.003107 -0.005588 0.003936
94 0.000000 0.000000 0.000000 0.000000 -0.000000 0.126643
95 9.007018 1.146814 0.000000 0.001722 -0.006020 -0.000643
96 -0.000000 -0.000000 0.000000 0.000000 0.000000 0.333969
97 10.228633 3.548980 0.000000 0.003929 -0.013559 -0.007416
98 0.000000 -0.000000 0.000000 -0.000000 -0.000000 0.952345
99 5.136838 7.218981 0.000000 0.495345 -0.113405 0.023410
100 0.000000 -0.000000 -0.000000 -0.000002 -3.141593 -1.535012
101 -0.155339 4.339165 0.000000 0.037890 0.001220 -0.362302
102 0.000000 0.000000 -0.000000 3.141592 0.000000 0.137367
103 2.889723 6.413463 3.754603 1.037195 -1.069949 -1.767391
104 0.000000 0.000000 0.000000 0.010666 -0.025939 -0.021894
105 2.889723 6.413463 -3.754603 -1.110908 1.069949 -1.767391
106 0.000000 0.000000 0.000000 -0.034197 0.028366 -0.022977
107 9.739859 59.313217 13.337900 0.000000 0.000000 0.000000
108 0.394236 -40.679298 21.113951 0.000000 0.000000 0.000000
109 0.000000 9.000000 0.000000 0.000000 0.000000 0.000000
110 0.000000 0.000000 0.000000 0.000000 0.000000 0.000000
111 0.000000 0.000000 -10.000000 -0.000000 -0.000000 -0.000000
112 21.531801 6.307056 21.239412 0.000000 0.000000 0.000000
113 13.690687 37.053539 27.401867 0.616543 -0.359474 -1.761536
114 20.040791 -0.000036 0.000008 1.404680 0.142601 0.138624
115 0.000000 0.000000 0.000000 -0.493468 -0.162991 -0.216253
116 0.000000 0.000000 0.000000 -0.235528 0.036014 0.000000
117 -0.000000 0.000000 0.000000 -1.816459 0.017293 -0.015642
118 -16.992067 59.648445 0.290603 0.000000 0.000000 0.000000
119 -7.630788 -42.146244 10.835644 0.000000 0.000000 0.000000
120 0.000000 9.000000 0.000000 0.000000 0.000000 0.000000
121 0.000000 0.000000 0.000000 0.000000 0.000000 0.000000
122 0.000004 -0.000016 -10.000016 -3.141593 -3.141593 3.141593
123 -20.589203 6.183754 -1.135538 -0.000000 0.000000 0.000000
124 -28.144167 35.679714 3.457325 -2.814148 -0.392679 -1.379448
125 20.040770 -0.000027 0.000001 1.736913 -0.142601 0.138624
126 0.000000 0.000000 0.000000 0.196270 0.052343 -0.114978
127 0.000000 0.000000 0.000000 0.232579 -0.036013 -0.000000
128 -0.000000 -0.000000 0.000000 -1.329320 0.017292 0.015641
129 6.430272 30.219702 -0.184380 0.000000 0.000000 0.000000
130 0.000000 0.000000 0.000000 0.000000 0.000000 0.000000
131 0.000000 0.000000 -10.000000 0.000000 0.000000 0.000000
132 1.692939 -1.314591 0.950536 0.000000 0.000000 0.000000
133 -3.807460 30.059204 -5.455103 0.000000 0.000000 0.000000
134 0.000000 0.000000 0.000000 0.000000 0.000000 0.000000
135 0.000000 0.000000 -10.000000 -0.000000 0.000000 0.000000
136 -7.786726 0.950076 0.327905 0.000000 0.000000 0.000000
137 0.000000 0.000000 0.000000 1.570796 0.000000 0.000000
138 10.134094 18.633921 34.451851 1.445735 -0.055548 -1.630580
139 -24.622856 17.502199 11.126246 -0.816007 -0.283145 -1.572745
time 17
0 0.000000 0.000000 0.000000 1.570796 0.000000 0.000000
1 0.000000 0.000000 0.000000 1.570796 0.000000 0.000000
2 1.227901 30.441782 -2.850225 -0.101189 -0.474765 0.009939
3 0.000000 0.000000 0.000000 0.000000 0.000000 0.000000
4 5.757982 0.000000 0.000000 -1.962371 -0.714110 -1.143875
5 18.152637 -0.000000 -0.000000 0.000000 -0.000000 1.313286
6 17.091557 -0.000000 0.000000 -0.217534 0.076009 -1.636113
7 6.229743 -0.000000 0.000000 0.027201 0.011038 -0.359163
8 -5.757982 0.000000 -0.000000 -1.374004 -0.520714 -1.828232
9 18.152637 -0.000000 0.000000 -0.000000 -0.000000 1.442487
10 17.091557 0.000000 -0.000000 0.258991 0.112054 -1.890483
11 6.229743 0.000000 -0.000000 -0.117294 -0.026763 -0.584658
12 0.000000 3.964346 -1.347968 1.580821 -0.353384 1.565173
13 7.507315 0.000000 0.000000 0.004316 -0.005851 0.139872
14 9.079733 0.000000 0.000000 0.000748 -0.005643 0.205762
15 10.826827 0.000000 0.000000 -0.006239 -0.009671 0.611795
16 8.860067 0.000000 -0.000000 2.994122 -0.483675 0.756412
17 4.341945 0.000000 0.000000 0.035431 0.004204 1.825159
18 6.900930 1.363879 3.754603 -2.033643 -2.087774 0.355208
19 12.731754 -0.000000 -0.000000 -1.739449 -1.411469 0.772053
20 26.625128 -0.000000 0.000000 -0.000000 0.000000 -0.378766
21 20.040787 -0.000017 -0.000030 -1.213325 0.357993 -0.055706
22 16.821650 2.696737 -0.203279 -0.454715 2.101277 -2.090298
23 2.039386 0.000000 0.000000 0.000000 -0.119732 -0.551019
24 1.516909 0.000000 0.000000 0.000000 -0.106498 -0.214585
25 17.176727 0.840396 -0.044736 -0.246604 1.977585 -1.852852
26 2.302859 -0.000000 -0.000000 0.000000 -0.040281 -0.440509
27 2.047745 0.000000 -0.000000 0.000000 -0.019146 -0.127858
28 17.032684 -1.069098 -0.638179 2.512672 1.056836 0.848304
29 2.907259 0.000000 0.000000 0.000000 -0.070674 -0.789421
30 2.470908 0.000000 0.000000 -0.000000 0.042753 -0.053852
31 16.797981 -2.957015 -1.264867 2.402309 1.055943 0.717082
32 2.246732 0.000000 -0.000000 -0.000000 0.130347 -0.750151
33 1.924987 0.000000 -0.000000 0.000000 0.084390 -0.071779
34 10.924372 -3.874175 -3.676631 -2.700621 0.350317 -0.102732
35 3.109823 0.000000 -0.000000 -0.000000 0.123272 -0.061145
36 1.512893 -0.000000 -0.000000 0.000000 -0.028966 0.541554
37 6.900930 1.363879 -3.754603 1.941961 2.089445 0.361448
38 12.731754 0.000000 0.000000 1.430822 1.462852 0.377731
39 26.625128 0.000000 0.000000 -0.000000 0.000000 -0.584977
40 20.040768 -0.000010 0.000019 0.826489 -0.046820 0.145089
41 16.821663 2.695864 0.214569 0.458848 -2.097646 -2.093866
42 2.039386 0.000000 -0.000000 -0.000000 0.119732 -0.551019
43 1.516909 -0.000000 0.000000 0.000000 0.106498 -0.214585
44 17.176743 0.840203 0.048255 0.249576 -1.973565 -1.855583
45 2.302859 0.000000 -0.000000 -0.000000 0.040281 -0.440509
46 2.047745 0.000000 0.000000 -0.000000 0.019146 -0.127858
47 17.032701 -1.071759 0.633698 -2.507009 -1.059970 0.843370
48 2.907259 -0.000000 0.000000 -0.000000 0.070674 -0.789421
49 2.470908 -0.000000 0.000000 -0.000000 -0.042753 -0.053852
50 16.798000 -2.962283 1.252475 -2.395869 -1.058686 0.711474
51 2.246732 0.000000 0.000000 0.000000 -0.130347 -0.750151
52 1.924987 -0.000000 -0.000000 -0.000000 -0.084390 -0.071779
53 10.924391 -3.889540 3.660376 2.705055 -0.349884 -0.104252
54 3.109823 -0.000000 0.000000 0.000000 -0.123272 -0.061145
55 1.512893 -0.000000 0.000000 0.000000 0.028966 0.541554
56 7.466661 3.907426 -1.935393 0.000000 0.000000 0.000000
57 1.279883 -0.130084 9.476756 -0.030032 -0.171238 -0.065781
58 -0.183178 -4.377939 -4.342432 0.000000 0.000000 0.000000
59 -0.002452 -3.212983 4.815310 0.040733 0.001204 -0.001377
60 0.000000 0.000000 0.000000 -0.000000 0.000000 -0.000000
61 0.000000 0.000000 0.000000 0.000000 0.000000 0.000000
62 -0.000000 -2.426310 5.737833 -0.000000 0.000937 -0.001514
63 0.206732 -1.514296 -10.147256 0.000000 -0.000937 0.001514
64 -0.194928 1.514586 13.669277 0.000000 0.000937 -0.001514
65 0.003297 0.000007 -3.521831 0.000000 0.000000 0.000000
66 0.001702 2.426307 -5.737833 0.000000 0.000000 0.000000
67 0.000000 0.000000 0.000000 0.000000 0.000000 0.000000
68 0.000000 0.000000 0.000000 0.040731 0.000267 0.000137
69 0.000741 -2.569746 9.256745 0.040733 0.001204 -0.001377
70 8.000000 0.000000 0.000000 0.041764 0.168783 0.071893
71 0.000003 -2.426316 9.259665 -0.000000 0.000937 -0.001514
72 -7.466661 3.907426 -1.935393 0.000000 0.000000 0.000000
73 1.823183 -0.551961 -6.783493 -0.101804 -0.854611 0.013800
74 0.334780 -4.377939 -4.346992 0.000000 0.000000 0.000000
75 -0.062868 -3.282581 4.906236 -0.045424 0.000633 -0.001655
76 0.000000 0.000000 -0.000000 0.000000 -0.000000 -0.000000
77 0.000000 0.000000 0.000000 0.139717 0.000000 0.000000
78 -0.000000 -2.426310 5.737833 -0.000000 0.000937 -0.001514
79 -0.183130 -1.514886 -10.147621 0.000000 -0.000937 0.001514
80 0.194928 1.514586 13.669277 0.000000 0.000937 -0.001514
81 0.003303 0.000007 -3.521831 0.139717 0.000000 0.000000
82 0.001702 2.426307 -5.737833 0.000000 0.000000 0.000000
83 -0.000000 -0.000000 0.000000 -0.139717 -0.000000 -0.000000
84 0.000000 0.000000 0.000000 -0.045425 -0.000304 -0.000140
85 -0.000810 -2.266408 9.256034 -0.046673 -0.005662 0.060937
86 -8.000000 0.000000 0.000000 0.138837 0.850698 0.095564
87 -0.000003 -2.426316 9.259665 -0.000000 0.000937 -0.001514
88 0.000156 39.987263 -0.385905 0.000000 0.000000 0.000000
89 1.227745 -9.545479 -2.464321 -0.101189 -0.474765 0.009939
90 0.000000 3.964346 -1.347968 1.570796 0.083193 1.570796
91 0.000000 0.000000 0.000000 0.008005 -0.005386 0.450243
92 0.000000 -0.000000 0.000000 -0.000000 -0.000000 -0.013661
93 7.506614 -0.102554 0.000000 0.005021 -0.005259 -0.000433
94 0.000000 0.000000 0.000000 0.000000 -0.000000 0.126643
95 9.007018 1.146814 0.000000 0.002556 -0.005086 -0.001568
96 -0.000000 -0.000000 0.000000 0.000000 0.000000 0.333969
97 10.228633 3.548980 0.000000 0.004263 -0.010690 -0.006635
98 0.000000 -0.000000 0.000000 -0.000000 -0.000000 0.952345
99 5.136838 7.218981 0.000000 0.492054 -0.113604 0.037182
100 0.000000 -0.000000 -0.000000 -0.000002 -3.141593 -1.535012
101 -0.155339 4.339165 0.000000 0.035674 0.000684 -0.355859
102 0.000000 0.000000 -0.000000 3.141592 0.000000 0.137367
103 2.889723 6.413463 3.754603 1.037195 -1.069949 -1.767391
104 0.000000 0.000000 0.000000 0.012852 -0.020628 -0.029812
105 2.889723 6.413463 -3.754603 -1.110908 1.069949 -1.767391
106 0.000000 0.000000 0.000000 -0.036263 0.019270 -0.028533
107 9.924799 59.768570 12.958487 0.000000 0.000000 0.000000
108 0.116013 -40.702686 21.103266 0.000000 0.000000 0.000000
109 0.000000 9.000000 0.000000 0.000000 0.000000 0.000000
110 0.000000 0.000000 0.000000 0.000000 0.000000 0.000000
111 0.000000 0.000000 -10.000000 -0.000000 -0.000000 -0.000000
112 21.316338 6.156592 21.196072 0.000000 0.000000 0.000000
113 13.682767 37.468864 27.011894 0.619516 -0.359467 -1.766172
114 20.040791 -0.000036 0.000008 1.404680 0.142601 0.138624
115 0.000000 -0.000000 0.000000 -0.505913 -0.176934 -0.207136
116 0.000000 0.000000 0.000000 -0.235528 0.036014 0.000000
117 -0.000000 0.000000 0.000000 -1.816459 0.017293 -0.015642
118 -16.766230 60.145462 0.087802 0.000000 0.000000 0.000000
119 -7.743979 -42.643265 11.038445 0.000000 0.000000 0.000000
120 0.000000 9.000000 0.000000 0.000000 0.000000 0.000000
121 0.000000 0.000000 0.000000 0.000000 0.000000 0.000000
122 0.000004 -0.000016 -10.000016 -3.141593 -3.141593 3.141593
123 -20.428955 5.924129 -1.113413 -0.000000 0.000000 0.000000
124 -27.194836 35.911816 3.675553 -2.792758 -0.380921 -1.425990
125 20.040770 -0.000027 0.000001 1.736913 -0.142601 0.138624
126 0.000000 0.000000 0.000000 0.187810 0.016528 -0.110145
127 0.000000 0.000000 0.000000 0.232579 -0.036013 -0.000000
128 -0.000000 -0.000000 0.000000 -1.329320 0.017292 0.015641
129 6.348799 30.492683 -0.218083 0.000000 0.000000 0.000000
130 0.000000 0.000000 0.000000 0.000000 0.000000 0.000000
131 0.000000 0.000000 -10.000000 0.000000 0.000000 0.000000
132 1.692187 -1.149099 0.792698 0.000000 0.000000 0.000000
133 -3.892997 30.390882 -5.482368 0.000000 0.000000 0.000000
134 0.000000 0.000000 0.000000 0.000000 0.000000 0.000000
135 0.000000 0.000000 -10.000000 -0.000000 0.000000 0.000000
136 -7.887621 0.779597 0.302809 0.000000 0.000000 0.000000
137 0.000000 0.000000 0.000000 1.570796 0.000000 0.000000
138 10.040812 19.065882 34.061752 1.438533 -0.059203 -1.650608
139 -24.510208 17.502199 11.126246 -0.816007 -0.283145 -1.582065
time 18
0 0.000000 0.000000 0.000000 1.570796 0.000000 0.000000
1 0.000000 0.000000 0.000000 1.570796 0.000000 0.000000
2 1.153178 30.758629 -2.837649 -0.102751 -0.474292 0.006081
3 0.000000 0.000000 0.000000 0.000000 0.000000 0.000000
4 5.757982 0.000000 0.000000 -1.952017 -0.695800 -1.150815
5 18.152637 -0.000000 0.000000 0.000000 0.000000 1.286116
6 17.091557 -0.000000 0.000000 -0.215875 0.075564 -1.625908
7 6.229743 0.000000 0.000000 0.027347 0.010646 -0.348019
8 -5.757982 -0.000000 -0.000000 -1.369304 -0.499492 -1.821795
9 18.152637 0.000000 0.000000 -0.000000 0.000000 1.411654
10 17.091557 0.000000 0.000000 0.253933 0.106394 -1.884230
11 6.229743 -0.000000 -0.000000 -0.117347 -0.026685 -0.582454
12 0.000000 3.964346 -1.347968 1.582472 -0.349394 1.565356
13 7.507315 -0.000000 0.000000 0.005766 -0.006223 0.135842
14 9.079733 0.000000 0.000000 0.001653 -0.004992 0.205374
15 10.826827 -0.000000 0.000000 -0.003981 -0.007975 0.612621
16 8.860067 0.000000 -0.000000 2.995356 -0.479774 0.771427
17 4.341945 -0.000000 0.000000 0.032298 0.004951 1.817166
18 6.900930 1.363879 3.754603 -2.032771 -2.097915 0.357101
19 12.731754 -0.000000 0.000000 -1.721570 -1.412959 0.766931
20 26.625128 0.000000 0.000000 0.000000 -0.000000 -0.405398
21 20.040787 -0.000017 -0.000030 -1.229270 0.343627 -0.053673
22 16.821650 2.696737 -0.203279 -0.454715 2.101277 -2.090298
23 2.039386 0.000000 0.000000 0.000000 -0.119732 -0.551019
24 1.516909 0.000000 0.000000 0.000000 -0.106498 -0.214585
25 17.176727 0.840396 -0.044736 -0.246604 1.977585 -1.852852
26 2.302859 -0.000000 0.000000 -0.000000 -0.040281 -0.440509
27 2.047745 0.000000 -0.000000 -0.000000 -0.019146 -0.127858
28 17.032684 -1.069098 -0.638179 2.512672 1.056836 0.848304
29 2.907259 0.000000 0.000000 -0.000000 -0.070674 -0.789421
30 2.470908 0.000000 -0.000000 -0.000000 0.042753 -0.053852
31 16.797981 -2.957015 -1.264867 2.402309 1.055943 0.717082
32 2.246732 0.000000 0.000000 -0.000000 0.130347 -0.750151
33 1.924987 -0.000000 0.000000 0.000000 0.084390 -0.071779
34 10.924372 -3.874175 -3.676631 -2.700621 0.350317 -0.102732
35 3.109823 -0.000000 -0.000000 -0.000000 0.123272 -0.061145
36 1.512893 0.000000 -0.000000 -0.000000 -0.028966 0.541554
37 6.900930 1.363879 -3.754603 1.947847 2.099795 0.369539
38 12.731754 0.000000 -0.000000 1.279446 1.502442 0.229904
39 26.625128 -0.000000 -0.000000 -0.000000 0.000000 -0.496663
40 20.040768 -0.000010 0.000019 0.821157 -0.047396 0.099918
41 16.821663 2.695864 0.214569 0.458848 -2.097646 -2.093866
42 2.039386 -0.000000 0.000000 0.000000 0.119732 -0.551019
43 1.516909 0.000000 0.000000 0.000000 0.106498 -0.214585
44 17.176743 0.840203 0.048255 0.249576 -1.973565 -1.855583
45 2.302859 -0.000000 -0.000000 0.000000 0.040281 -0.440509
46 2.047745 -0.000000 0.000000 0.000000 0.019146 -0.127858
47 17.032701 -1.071759 0.633698 -2.507009 -1.059970 0.843370
48 2.907259 0.000000 0.000000 0.000000 0.070674 -0.789421
49 2.470908 0.000000 -0.000000 -0.000000 -0.042753 -0.053852
50 16.798000 -2.962283 1.252475 -2.395869 -1.058686 0.711474
51 2.246732 -0.000000 -0.000000 -0.000000 -0.130347 -0.750151
52 1.924987 0.000000 0.000000 -0.000000 -0.084390 -0.071779
53 10.924391 -3.889540 3.660376 2.705055 -0.349884 -0.104252
54 3.109823 0.000000 0.000000 0.000000 -0.123272 -0.061145
55 1.512893 -0.000000 0.000000 0.000000 0.028966 0.541554
56 7.466661 3.907426 -1.935393 0.000000 0.000000 0.000000
57 1.283871 -0.134163 9.466517 -0.030444 -0.172824 -0.062517
58 -0.183178 -4.377939 -4.342432 0.000000 0.000000 0.000000
59 -0.002485 -3.202649 4.806597 0.051882 0.001275 -0.001337
60 0.000000 0.000000 0.000000 -0.000000 -0.000000 -0.000000
61 0.000000 0.000000 0.000000 0.000000 0.000000 0.000000
62 -0.000000 -2.426310 5.737833 -0.000000 0.000937 -0.001514
63 0.206732 -1.514296 -10.147256 0.000000 -0.000937 0.001514
64 -0.194928 1.514586 13.669277 0.000000 0.000937 -0.001514
65 0.003297 0.000007 -3.521831 0.000000 0.000000 0.000000
66 0.001702 2.426307 -5.737833 0.000000 0.000000 0.000000
67 0.000000 0.000000 0.000000 0.000000 0.000000 0.000000
68 0.000000 0.000000 0.000000 0.051880 0.000339 0.000177
69 0.000945 -2.608970 9.254928 0.051882 0.001275 -0.001337
70 8.000000 0.000000 0.000000 0.041736 0.170472 0.068721
71 0.000003 -2.426316 9.259665 -0.000000 0.000937 -0.001514
72 -7.466661 3.907426 -1.935393 0.000000 0.000000 0.000000
73 1.841721 -0.576058 -6.822975 -0.109668 -0.851990 0.017007
74 0.334780 -4.377939 -4.346992 0.000000 0.000000 0.000000
75 -0.062873 -3.280746 4.904351 -0.043220 0.000648 -0.001648
76 0.000000 0.000000 0.000000 -0.000000 0.000000 0.000000
77 0.000000 0.000000 0.000000 0.139717 0.000000 0.000000
78 -0.000000 -2.426310 5.737833 -0.000000 0.000937 -0.001514
79 -0.183130 -1.514886 -10.147621 0.000000 -0.000937 0.001514
80 0.194928 1.514586 13.669277 0.000000 0.000937 -0.001514
81 0.003303 0.000007 -3.521831 0.139717 0.000000 0.000000
82 0.001702 2.426307 -5.737833 0.000000 0.000000 0.000000
83 -0.000000 -0.000000 0.000000 -0.139717 -0.000000 -0.000000
84 0.000000 0.000000 0.000000 -0.043221 -0.000289 -0.000134
85 -0.000771 -2.274165 9.256378 -0.044472 -0.005785 0.060930
86 -8.000000 0.000000 0.000000 0.146694 0.847797 0.099089
87 -0.000003 -2.426316 9.259665 -0.000000 0.000937 -0.001514
88 0.000156 39.987263 -0.385905 0.000000 0.000000 0.000000
89 1.153022 -9.228633 -2.451745 -0.102751 -0.474292 0.006081
90 0.000000 3.964346 -1.347968 1.570796 0.083193 1.570796
91 0.000000 0.000000 0.000000 0.009743 -0.005245 0.446252
92 0.000000 -0.000000 0.000000 -0.000000 -0.000000 -0.013661
93 7.506614 -0.102554 0.000000 0.006506 -0.005445 -0.004462
94 0.000000 0.000000 0.000000 0.000000 -0.000000 0.126643
95 9.007018 1.146814 0.000000 0.003198 -0.004175 -0.001954
96 -0.000000 -0.000000 0.000000 0.000000 0.000000 0.333969
97 10.228633 3.548980 0.000000 0.004190 -0.007868 -0.005788
98 0.000000 -0.000000 0.000000 -0.000000 -0.000000 0.952345
99 5.136838 7.218981 0.000000 0.488037 -0.112906 0.053223
100 0.000000 -0.000000 -0.000000 -0.000002 -3.141593 -1.535012
101 -0.155339 4.339165 0.000000 0.032672 -0.000484 -0.347880
102 0.000000 0.000000 -0.000000 3.141592 0.000000 0.137367
103 2.889723 6.413463 3.754603 1.037195 -1.069949 -1.767391
104 0.000000 0.000000 0.000000 0.015518 -0.015137 -0.038391
105 2.889723 6.413463 -3.754603 -1.110908 1.069949 -1.767391
106 0.000000 0.000000 0.000000 -0.037505 0.011425 -0.036405
107 10.084345 60.234825 12.603650 0.000000 0.000000 0.000000
108 -0.158849 -40.634941 20.975853 0.000000 0.000000 0.000000
109 0.000000 9.000000 0.000000 0.000000 0.000000 0.000000
110 0.000000 0.000000 0.000000 0.000000 0.000000 0.000000
111 0.000000 0.000000 -10.000000 -0.000000 -0.000000 -0.000000
112 21.154222 5.991389 21.147694 0.000000 0.000000 0.000000
113 13.942369 38.003513 26.738071 0.625903 -0.348379 -1.785691
114 20.040791 -0.000036 0.000008 1.404680 0.142601 0.138624
115 0.000000 0.000000 0.000000 -0.524791 -0.177598 -0.191919
116 0.000000 0.000000 0.000000 -0.235528 0.036014 0.000000
117 -0.000000 0.000000 0.000000 -1.816459 0.017293 -0.015642
118 -16.526550 60.625164 -0.132717 0.000000 0.000000 0.000000
119 -7.900379 -43.122963 11.258964 0.000000 0.000000 0.000000
120 0.000000 9.000000 0.000000 0.000000 0.000000 0.000000
121 0.000000 0.000000 0.000000 0.000000 0.000000 0.000000
122 0.000004 -0.000016 -10.000016 -3.141593 -3.141593 3.141593
123 -20.281528 5.690279 -1.079192 -0.000000 0.000000 0.000000
124 -26.144083 36.136189 3.952694 -2.770710 -0.366069 -1.478904
125 20.040770 -0.000027 0.000001 1.736913 -0.142601 0.138624
126 0.000000 0.000000 0.000000 0.180754 -0.027984 -0.102310
127 0.000000 0.000000 0.000000 0.232579 -0.036013 -0.000000
128 -0.000000 -0.000000 0.000000 -1.329320 0.017292 0.015641
129 6.275477 30.789776 -0.207928 0.000000 0.000000 0.000000
130 0.000000 0.000000 0.000000 0.000000 0.000000 0.000000
131 0.000000 0.000000 -10.000000 0.000000 0.000000 0.000000
132 1.709289 -0.958815 0.622960 0.000000 0.000000 0.000000
133 -3.969122 30.727482 -5.467371 0.000000 0.000000 0.000000
134 0.000000 0.000000 0.000000 0.000000 0.000000 0.000000
135 0.000000 0.000000 -10.000000 -0.000000 0.000000 0.000000
136 -7.993409 0.584714 0.275787 0.000000 0.000000 0.000000
137 0.000000 0.000000 0.000000 1.570796 0.000000 0.000000
138 9.925495 19.599884 33.579502 1.429934 -0.062536 -1.674520
139 -24.426929 17.502199 11.126246 -0.816007 -0.283145 -1.588857
time 19
0 0.000000 0.000000 0.000000 1.570796 0.000000 0.000000
1 0.000000 0.000000 0.000000 1.570796 0.000000 0.000000
2 1.092912 31.048622 -2.778066 -0.103702 -0.473550 0.003340
3 0.000000 0.000000 0.000000 0.000000 0.000000 0.000000
4 5.757982 0.000000 0.000000 -1.939429 -0.678939 -1.159787
5 18.152637 0.000000 0.000000 0.000000 0.000000 1.261558
6 17.091557 0.000000 0.000000 -0.225107 0.075752 -1.621863
7 6.229743 0.000000 0.000000 0.027416 0.010459 -0.342726
8 -5.757982 -0.000000 -0.000000 -1.365015 -0.477767 -1.817409
9 18.152637 0.000000 0.000000 0.000000 -0.000000 1.381086
10 17.091557 0.000000 -0.000000 0.249624 0.099791 -1.882111
11 6.229743 -0.000000 -0.000000 -0.117457 -0.026525 -0.577939
12 0.000000 3.964346 -1.347968 1.583314 -0.343946 1.565714
13 7.507315 -0.000000 0.000000 0.006506 -0.006285 0.130808
14 9.079733 0.000000 -0.000000 0.002307 -0.004140 0.205477
15 10.826827 0.000000 -0.000000 -0.002531 -0.006776 0.614616
16 8.860067 -0.000000 0.000000 2.995259 -0.475105 0.786854
17 4.341945 -0.000000 -0.000000 0.027996 0.006283 1.808614
18 6.900930 1.363879 3.754603 -2.033797 -2.107883 0.360341
19 12.731754 0.000000 -0.000000 -1.689941 -1.407280 0.746391
20 26.625128 0.000000 -0.000000 0.000000 -0.000000 -0.450723
21 20.040787 -0.000017 -0.000030 -1.246121 0.327329 -0.042319
22 16.821650 2.696737 -0.203279 -0.454715 2.101277 -2.090298
23 2.039386 0.000000 0.000000 0.000000 -0.119732 -0.551019
24 1.516909 0.000000 -0.000000 0.000000 -0.106498 -0.214585
25 17.176727 0.840396 -0.044736 -0.246604 1.977585 -1.852852
26 2.302859 -0.000000 -0.000000 0.000000 -0.040281 -0.440509
27 2.047745 0.000000 -0.000000 0.000000 -0.019146 -0.127858
28 17.032684 -1.069098 -0.638179 2.512672 1.056836 0.848304
29 2.907259 0.000000 0.000000 0.000000 -0.070674 -0.789421
30 2.470908 0.000000 0.000000 -0.000000 0.042753 -0.053852
31 16.797981 -2.957015 -1.264867 2.402309 1.055943 0.717082
32 2.246732 -0.000000 -0.000000 0.000000 0.130347 -0.750151
33 1.924987 -0.000000 0.000000 0.000000 0.084390 -0.071779
34 10.924372 -3.874175 -3.676631 -2.700621 0.350317 -0.102732
35 3.109823 0.000000 0.000000 -0.000000 0.123272 -0.061145
36 1.512893 0.000000 0.000000 0.000000 -0.028966 0.541554
37 6.900930 1.363879 -3.754603 1.952658 2.111353 0.374212
38 12.731754 -0.000000 -0.000000 0.888285 1.532657 -0.153490
39 26.625128 -0.000000 0.000000 -0.000000 -0.000000 -0.421269
40 20.040768 -0.000010 0.000019 0.822314 -0.053025 0.056844
41 16.821663 2.695864 0.214569 0.458848 -2.097646 -2.093866
42 2.039386 -0.000000 -0.000000 -0.000000 0.119732 -0.551019
43 1.516909 0.000000 0.000000 0.000000 0.106498 -0.214585
44 17.176743 0.840203 0.048255 0.249576 -1.973565 -1.855583
45 2.302859 0.000000 0.000000 -0.000000 0.040281 -0.440509
46 2.047745 -0.000000 -0.000000 -0.000000 0.019146 -0.127858
47 17.032701 -1.071759 0.633698 -2.507009 -1.059970 0.843370
48 2.907259 0.000000 0.000000 0.000000 0.070674 -0.789421
49 2.470908 0.000000 -0.000000 -0.000000 -0.042753 -0.053852
50 16.798000 -2.962283 1.252475 -2.395869 -1.058686 0.711474
51 2.246732 0.000000 0.000000 0.000000 -0.130347 -0.750151
52 1.924987 0.000000 -0.000000 -0.000000 -0.084390 -0.071779
53 10.924391 -3.889540 3.660376 2.705055 -0.349884 -0.104252
54 3.109823 0.000000 -0.000000 -0.000000 -0.123272 -0.061145
55 1.512893 -0.000000 -0.000000 0.000000 0.028966 0.541554
56 7.466661 3.907426 -1.935393 0.000000 0.000000 0.000000
57 1.307971 -0.137708 9.455850 -0.031954 -0.174065 -0.069222
58 -0.183178 -4.377939 -4.342432 0.000000 0.000000 0.000000
59 -0.002501 -3.197706 4.802498 0.057178 0.001310 -0.001318
60 0.000000 0.000000 0.000000 0.000000 0.000000 -0.000000
61 0.000000 0.000000 0.000000 0.000000 0.000000 0.000000
62 -0.000000 -2.426310 5.737833 -0.000000 0.000937 -0.001514
63 0.206732 -1.514296 -10.147256 0.000000 -0.000937 0.001514
64 -0.194928 1.514586 13.669277 0.000000 0.000937 -0.001514
65 0.003297 0.000007 -3.521831 0.000000 0.000000 0.000000
66 0.001702 2.426307 -5.737833 0.000000 0.000000 0.000000
67 0.000000 0.000000 0.000000 0.000000 0.000000 0.000000
68 0.000000 0.000000 0.000000 0.057177 0.000373 0.000196
69 0.001043 -2.627595 9.253911 0.057178 0.001310 -0.001318
70 8.000000 0.000000 0.000000 0.044510 0.171311 0.075833
71 0.000003 -2.426316 9.259665 -0.000000 0.000937 -0.001514
72 -7.466661 3.907426 -1.935393 0.000000 0.000000 0.000000
73 1.864502 -0.616011 -6.872447 -0.119682 -0.848081 0.019692
74 0.334780 -4.377939 -4.346992 0.000000 0.000000 0.000000
75 -0.062884 -3.276974 4.900503 -0.038704 0.000679 -0.001635
76 0.000000 0.000000 0.000000 0.000000 0.000000 0.000000
77 0.000000 0.000000 0.000000 0.139717 0.000000 0.000000
78 -0.000000 -2.426310 5.737833 -0.000000 0.000937 -0.001514
79 -0.183130 -1.514886 -10.147621 0.000000 -0.000937 0.001514
80 0.194928 1.514586 13.669277 0.000000 0.000937 -0.001514
81 0.003303 0.000007 -3.521831 0.139717 0.000000 0.000000
82 0.001702 2.426307 -5.737833 0.000000 0.000000 0.000000
83 -0.000000 -0.000000 0.000000 -0.139717 -0.000000 -0.000000
84 0.000000 0.000000 0.000000 -0.038705 -0.000258 -0.000120
85 -0.000692 -2.290056 9.257030 -0.039963 -0.006037 0.060914
86 -8.000000 0.000000 0.000000 0.158121 0.843319 0.105434
87 -0.000003 -2.426316 9.259665 -0.000000 0.000937 -0.001514
88 0.000156 39.987263 -0.385905 0.000000 0.000000 0.000000
89 1.092756 -8.938640 -2.392162 -0.103702 -0.473550 0.003340
90 0.000000 3.964346 -1.347968 1.570796 0.083193 1.570796
91 0.000000 0.000000 0.000000 0.010737 -0.004931 0.440804
92 0.000000 -0.000000 0.000000 -0.000000 -0.000000 -0.013661
93 7.506614 -0.102554 0.000000 0.007248 -0.005413 -0.009495
94 0.000000 0.000000 0.000000 0.000000 -0.000000 0.126643
95 9.007018 1.146814 0.000000 0.003537 -0.003155 -0.001850
96 -0.000000 -0.000000 0.000000 0.000000 0.000000 0.333969
97 10.228633 3.548980 0.000000 0.004054 -0.005991 -0.003781
98 0.000000 -0.000000 0.000000 -0.000000 -0.000000 0.952345
99 5.136838 7.218981 0.000000 0.483370 -0.113456 0.069133
100 0.000000 -0.000000 -0.000000 -0.000002 -3.141593 -1.535012
101 -0.155339 4.339165 0.000000 0.028593 -0.002392 -0.339347
102 0.000000 0.000000 -0.000000 3.141592 0.000000 0.137367
103 2.889723 6.413463 3.754603 1.037195 -1.069949 -1.767391
104 0.000000 0.000000 0.000000 0.017382 -0.009084 -0.046482
105 2.889723 6.413463 -3.754603 -1.110908 1.069949 -1.767391
106 0.000000 0.000000 0.000000 -0.036791 0.004570 -0.046011
107 10.216868 60.690449 12.279390 0.000000 0.000000 0.000000
108 -0.419911 -40.495338 20.762573 0.000000 0.000000 0.000000
109 0.000000 9.000000 0.000000 0.000000 0.000000 0.000000
110 0.000000 0.000000 0.000000 0.000000 0.000000 0.000000
111 0.000000 0.000000 -10.000000 -0.000000 -0.000000 -0.000000
112 20.998287 5.826309 21.104515 0.000000 0.000000 0.000000
113 14.360559 38.597752 26.549644 0.634711 -0.329907 -1.813879
114 20.040791 -0.000036 0.000008 1.404680 0.142601 0.138624
115 0.000000 -0.000000 -0.000000 -0.547789 -0.169853 -0.172733
116 0.000000 0.000000 0.000000 -0.235528 0.036014 0.000000
117 -0.000000 0.000000 0.000000 -1.816459 0.017293 -0.015642
118 -16.281927 61.063457 -0.368888 0.000000 0.000000 0.000000
119 -8.081838 -43.439072 11.495134 0.000000 0.000000 0.000000
120 0.000000 9.000000 0.000000 0.000000 0.000000 0.000000
121 0.000000 0.000000 0.000000 0.000000 0.000000 0.000000
122 0.000004 -0.000016 -10.000016 -3.141593 -3.141593 3.141593
123 -20.186199 5.527020 -1.055907 -0.000000 0.000000 0.000000
124 -25.231607 36.404362 4.184105 -2.753648 -0.353731 -1.524618
125 20.040770 -0.000027 0.000001 1.736913 -0.142601 0.138624
126 0.000000 0.000000 0.000000 0.179413 -0.069470 -0.089573
127 0.000000 0.000000 0.000000 0.232579 -0.036013 -0.000000
128 -0.000000 -0.000000 0.000000 -1.329320 0.017292 0.015641
129 6.217227 31.065739 -0.152146 0.000000 0.000000 0.000000
130 0.000000 0.000000 0.000000 0.000000 0.000000 0.000000
131 0.000000 0.000000 -10.000000 0.000000 0.000000 0.000000
132 1.747905 -0.766783 0.464038 0.000000 0.000000 0.000000
133 -4.031403 31.031506 -5.403987 0.000000 0.000000 0.000000
134 0.000000 0.000000 0.000000 0.000000 0.000000 0.000000
135 0.000000 0.000000 -10.000000 -0.000000 0.000000 0.000000
136 -8.096546 0.364052 0.251753 0.000000 0.000000 0.000000
137 0.000000 0.000000 0.000000 1.570796 0.000000 0.000000
138 9.796958 20.195107 33.041965 1.420600 -0.065533 -1.700476
139 -24.363766 17.624384 11.126246 -0.813384 -0.281387 -1.589422
time 20
0 0.000000 0.000000 0.000000 1.570796 0.000000 0.000000
1 0.000000 0.000000 0.000000 1.570796 0.000000 0.000000
2 1.052979 31.342724 -2.689104 -0.104147 -0.473712 0.001426
3 0.000000 0.000000 0.000000 0.000000 0.000000 0.000000
4 5.757982 0.000000 0.000000 -1.929421 -0.661859 -1.169054
5 18.152637 -0.000000 0.000000 0.000000 -0.000000 1.237033
6 17.091557 -0.000000 -0.000000 -0.230197 0.074086 -1.617171
7 6.229743 0.000000 -0.000000 0.027339 0.010669 -0.348689
8 -5.757982 0.000000 -0.000000 -1.366860 -0.455318 -1.810686
9 18.152637 0.000000 -0.000000 0.000000 -0.000000 1.346950
10 17.091557 0.000000 0.000000 0.247291 0.096493 -1.882798
11 6.229743 0.000000 -0.000000 -0.117668 -0.026213 -0.569165
12 0.000000 3.964346 -1.347968 1.583480 -0.338224 1.566231
13 7.507315 0.000000 -0.000000 0.006843 -0.006045 0.125994
14 9.079733 0.000000 -0.000000 0.002773 -0.003153 0.205549
15 10.826827 -0.000000 -0.000000 -0.002158 -0.006419 0.616177
16 8.860067 0.000000 0.000000 2.997412 -0.471242 0.801911
17 4.341945 -0.000000 0.000000 0.025191 0.006225 1.798974
18 6.900930 1.363879 3.754603 -2.043432 -2.115933 0.369378
19 12.731754 -0.000000 0.000000 -1.637870 -1.403560 0.701952
20 26.625128 0.000000 -0.000000 -0.000000 -0.000000 -0.498647
21 20.040787 -0.000017 -0.000030 -1.262966 0.308836 -0.029370
22 16.821650 2.696737 -0.203279 -0.454715 2.101277 -2.090298
23 2.039386 0.000000 0.000000 0.000000 -0.119732 -0.551019
24 1.516909 -0.000000 -0.000000 0.000000 -0.106498 -0.214585
25 17.176727 0.840396 -0.044736 -0.246604 1.977585 -1.852852
26 2.302859 0.000000 -0.000000 -0.000000 -0.040281 -0.440509
27 2.047745 0.000000 -0.000000 -0.000000 -0.019146 -0.127858
28 17.032684 -1.069098 -0.638179 2.512672 1.056836 0.848304
29 2.907259 0.000000 -0.000000 0.000000 -0.070674 -0.789421
30 2.470908 0.000000 0.000000 -0.000000 0.042753 -0.053852
31 16.797981 -2.957015 -1.264867 2.402309 1.055943 0.717082
32 2.246732 0.000000 -0.000000 -0.000000 0.130347 -0.750151
33 1.924987 0.000000 0.000000 0.000000 0.084390 -0.071779
34 10.924372 -3.874175 -3.676631 -2.700621 0.350317 -0.102732
35 3.109823 -0.000000 0.000000 0.000000 0.123272 -0.061145
36 1.512893 -0.000000 -0.000000 0.000000 -0.028966 0.541554
37 6.900930 1.363879 -3.754603 1.965455 2.118240 0.385887
38 12.731754 0.000000 0.000000 0.006883 1.542133 -1.029591
39 26.625128 -0.000000 0.000000 -0.000000 -0.000000 -0.371129
40 20.040768 -0.000010 0.000019 0.832337 -0.063762 0.022967
41 16.821663 2.695864 0.214569 0.458848 -2.097646 -2.093866
42 2.039386 -0.000000 -0.000000 -0.000000 0.119732 -0.551019
43 1.516909 -0.000000 -0.000000 0.000000 0.106498 -0.214585
44 17.176743 0.840203 0.048255 0.249576 -1.973565 -1.855583
45 2.302859 -0.000000 0.000000 -0.000000 0.040281 -0.440509
46 2.047745 0.000000 0.000000 0.000000 0.019146 -0.127858
47 17.032701 -1.071759 0.633698 -2.507009 -1.059970 0.843370
48 2.907259 0.000000 0.000000 -0.000000 0.070674 -0.789421
49 2.470908 0.000000 -0.000000 -0.000000 -0.042753 -0.053852
50 16.798000 -2.962283 1.252475 -2.395869 -1.058686 0.711474
51 2.246732 -0.000000 0.000000 0.000000 -0.130347 -0.750151
52 1.924987 -0.000000 -0.000000 -0.000000 -0.084390 -0.071779
53 10.924391 -3.889540 3.660376 2.705055 -0.349884 -0.104252
54 3.109823 -0.000000 0.000000 -0.000000 -0.123272 -0.061145
55 1.512893 0.000000 0.000000 0.000000 0.028966 0.541554
56 7.466661 3.907426 -1.935393 0.000000 0.000000 0.000000
57 1.321077 -0.138779 9.447397 -0.032967 -0.174460 -0.072766
58 -0.183178 -4.377939 -4.342432 0.000000 0.000000 0.000000
59 -0.002483 -3.203273 4.807117 0.051212 0.001271 -0.001340
60 0.000000 0.000000 0.000000 0.000000 0.000000 0.000000
61 0.000000 0.000000 0.000000 0.000000 0.000000 0.000000
62 -0.000000 -2.426310 5.737833 -0.000000 0.000937 -0.001514
63 0.206732 -1.514296 -10.147256 0.000000 -0.000937 0.001514
64 -0.194928 1.514586 13.669277 0.000000 0.000937 -0.001514
65 0.003297 0.000007 -3.521831 0.000000 0.000000 0.000000
66 0.001702 2.426307 -5.737833 0.000000 0.000000 0.000000
67 0.000000 0.000000 0.000000 -0.000000 0.000000 0.000000
68 0.000000 0.000000 0.000000 0.051211 0.000334 0.000175
69 0.000933 -2.606614 9.255049 0.051212 0.001271 -0.001340
70 8.000000 0.000000 0.000000 0.046180 0.171465 0.079619
71 0.000003 -2.426316 9.259665 -0.000000 0.000937 -0.001514
72 -7.466661 3.907426 -1.935393 0.000000 0.000000 0.000000
73 1.893337 -0.684493 -6.931486 -0.133913 -0.842889 0.022328
74 0.334780 -4.377939 -4.346992 0.000000 0.000000 0.000000
75 -0.062904 -3.269593 4.893072 -0.029927 0.000738 -0.001608
76 0.000000 0.000000 0.000000 0.000000 0.000000 0.000000
77 0.000000 0.000000 0.000000 0.139717 0.000000 0.000000
78 -0.000000 -2.426310 5.737833 -0.000000 0.000937 -0.001514
79 -0.183130 -1.514886 -10.147621 0.000000 -0.000937 0.001514
80 0.194928 1.514586 13.669277 0.000000 0.000937 -0.001514
81 0.003303 0.000007 -3.521831 0.139717 0.000000 0.000000
82 0.001702 2.426307 -5.737833 0.000000 0.000000 0.000000
83 -0.000000 -0.000000 0.000000 -0.139717 -0.000000 -0.000000
84 0.000000 0.000000 0.000000 -0.029928 -0.000199 -0.000094
85 -0.000537 -2.320948 9.258090 -0.031199 -0.006527 0.060879
86 -8.000000 0.000000 0.000000 0.175562 0.837065 0.116032
87 -0.000003 -2.426316 9.259665 -0.000000 0.000937 -0.001514
88 0.000156 39.987263 -0.385905 0.000000 0.000000 0.000000
89 1.052823 -8.644538 -2.303200 -0.104147 -0.473712 0.001426
90 0.000000 3.964346 -1.347968 1.570796 0.083193 1.570796
91 0.000000 0.000000 0.000000 0.011109 -0.004459 0.435081
92 0.000000 -0.000000 0.000000 -0.000000 -0.000000 -0.013661
93 7.506614 -0.102554 0.000000 0.007551 -0.005132 -0.014308
94 0.000000 0.000000 0.000000 0.000000 -0.000000 0.126643
95 9.007018 1.146814 0.000000 0.003654 -0.002069 -0.001776
96 -0.000000 -0.000000 0.000000 0.000000 0.000000 0.333969
97 10.228633 3.548980 0.000000 0.003979 -0.005480 -0.002217
98 0.000000 -0.000000 0.000000 -0.000000 -0.000000 0.952345
99 5.136838 7.218981 0.000000 0.479312 -0.111929 0.085627
100 0.000000 -0.000000 -0.000000 -0.000002 -3.141593 -1.535012
101 -0.155339 4.339165 0.000000 0.025806 -0.002719 -0.329718
102 0.000000 0.000000 -0.000000 3.141592 0.000000 0.137367
103 2.889723 6.413463 3.754603 1.037195 -1.069949 -1.767391
104 0.000000 0.000000 0.000000 0.015519 -0.001217 -0.051439
105 2.889723 6.413463 -3.754603 -1.110908 1.069949 -1.767391
106 0.000000 0.000000 0.000000 -0.033985 -0.003770 -0.049805
107 10.310380 61.170757 12.030908 0.000000 0.000000 0.000000
108 -0.646367 -40.360020 20.455088 0.000000 0.000000 0.000000
109 0.000000 9.000000 0.000000 0.000000 0.000000 0.000000
110 0.000000 0.000000 0.000000 0.000000 0.000000 0.000000
111 0.000000 0.000000 -10.000000 -0.000000 -0.000000 -0.000000
112 20.835197 5.673617 21.072657 0.000000 0.000000 0.000000
113 14.779643 39.208202 26.403427 0.643095 -0.308373 -1.842007
114 20.040791 -0.000036 0.000008 1.404680 0.142601 0.138624
115 0.000000 0.000000 0.000000 -0.571220 -0.160888 -0.151116
116 0.000000 0.000000 0.000000 -0.235528 0.036014 0.000000
117 -0.000000 0.000000 0.000000 -1.816459 0.017293 -0.015642
118 -16.103361 61.547791 -0.567629 0.000000 0.000000 0.000000
119 -8.199748 -43.601284 11.693876 0.000000 0.000000 0.000000
120 0.000000 9.000000 0.000000 0.000000 0.000000 0.000000
121 0.000000 0.000000 0.000000 0.000000 0.000000 0.000000
122 0.000004 -0.000016 -10.000016 -3.141593 -3.141593 3.141593
123 -20.097872 5.427946 -1.009944 -0.000000 0.000000 0.000000
124 -24.607304 36.796986 4.329121 -2.743818 -0.346028 -1.554661
125 20.040770 -0.000027 0.000001 1.736913 -0.142601 0.138624
126 0.000000 0.000000 0.000000 0.186085 -0.100851 -0.072971
127 0.000000 0.000000 0.000000 0.232579 -0.036013 -0.000000
128 -0.000000 -0.000000 0.000000 -1.329320 0.017292 0.015641
129 6.176892 31.350031 -0.062354 0.000000 0.000000 0.000000
130 0.000000 0.000000 0.000000 0.000000 0.000000 0.000000
131 0.000000 0.000000 -10.000000 0.000000 0.000000 0.000000
132 1.781281 -0.561136 0.301558 0.000000 0.000000 0.000000
133 -4.070934 31.335415 -5.315855 0.000000 0.000000 0.000000
134 0.000000 0.000000 0.000000 0.000000 0.000000 0.000000
135 0.000000 0.000000 -10.000000 -0.000000 0.000000 0.000000
136 -8.162683 0.089693 0.266462 0.000000 0.000000 0.000000
137 0.000000 0.000000 0.000000 1.570796 0.000000 0.000000
138 9.664013 20.810738 32.485996 1.411127 -0.068178 -1.726819
139 -24.303110 17.946507 11.126246 -0.806190 -0.276565 -1.581894
time 21
0 0.000000 0.000000 0.000000 1.570796 0.000000 0.000000
1 0.000000 0.000000 0.000000 1.570796 0.000000 0.000000
2 1.039851 31.606829 -2.604668 -0.102489 -0.474902 -0.000155
3 0.000000 0.000000 0.000000 0.000000 0.000000 0.000000
4 5.757982 0.000000 0.000000 -1.925245 -0.648075 -1.175476
5 18.152637 -0.000000 0.000000 0.000000 0.000000 1.215130
6 17.091557 0.000000 0.000000 -0.231252 0.072741 -1.611930
7 6.229743 -0.000000 -0.000000 0.027194 0.011057 -0.359700
8 -5.757982 0.000000 -0.000000 -1.374907 -0.437730 -1.801483
9 18.152637 -0.000000 -0.000000 -0.000000 -0.000000 1.314529
10 17.091557 0.000000 0.000000 0.247014 0.098686 -1.883081
11 6.229743 0.000000 -0.000000 -0.117891 -0.025878 -0.559801
12 0.000000 3.964346 -1.347968 1.583256 -0.333187 1.566978
13 7.507315 0.000000 0.000000 0.006830 -0.005330 0.120400
14 9.079733 0.000000 0.000000 0.003133 -0.002130 0.203696
15 10.826827 0.000000 -0.000000 -0.002630 -0.006710 0.616492
16 8.860067 0.000000 -0.000000 2.999133 -0.467123 0.816782
17 4.341945 -0.000000 0.000000 0.022573 0.005258 1.789369
18 6.900930 1.363879 3.754603 -2.066045 -2.119264 0.386854
19 12.731754 0.000000 0.000000 -1.545680 -1.405232 0.611131
20 26.625128 -0.000000 -0.000000 0.000000 -0.000000 -0.543721
21 20.040787 -0.000017 -0.000030 -1.278216 0.289087 -0.016428
22 16.821650 2.696737 -0.203279 -0.454715 2.101277 -2.090298
23 2.039386 0.000000 0.000000 0.000000 -0.119732 -0.551019
24 1.516909 0.000000 0.000000 0.000000 -0.106498 -0.214585
25 17.176727 0.840396 -0.044736 -0.246604 1.977585 -1.852852
26 2.302859 -0.000000 0.000000 -0.000000 -0.040281 -0.440509
27 2.047745 0.000000 -0.000000 -0.000000 -0.019146 -0.127858
28 17.032684 -1.069098 -0.638179 2.512672 1.056836 0.848304
29 2.907259 -0.000000 0.000000 -0.000000 -0.070674 -0.789421
30 2.470908 0.000000 0.000000 -0.000000 0.042753 -0.053852
31 16.797981 -2.957015 -1.264867 2.402309 1.055943 0.717082
32 2.246732 -0.000000 0.000000 0.000000 0.130347 -0.750151
33 1.924987 0.000000 0.000000 0.000000 0.084390 -0.071779
34 10.924372 -3.874175 -3.676631 -2.700621 0.350317 -0.102732
35 3.109823 -0.000000 -0.000000 -0.000000 0.123272 -0.061145
36 1.512893 0.000000 0.000000 0.000000 -0.028966 0.541554
37 6.900930 1.363879 -3.754603 1.989952 2.115531 0.404381
38 12.731754 0.000000 0.000000 -0.457620 1.525639 -1.496322
39 26.625128 0.000000 0.000000 -0.000000 -0.000000 -0.354355
40 20.040768 -0.000010 0.000019 0.848578 -0.077383 0.004847
41 16.821663 2.695864 0.214569 0.458848 -2.097646 -2.093866
42 2.039386 -0.000000 -0.000000 0.000000 0.119732 -0.551019
43 1.516909 0.000000 0.000000 0.000000 0.106498 -0.214585
44 17.176743 0.840203 0.048255 0.249576 -1.973565 -1.855583
45 2.302859 0.000000 -0.000000 0.000000 0.040281 -0.440509
46 2.047745 -0.000000 -0.000000 0.000000 0.019146 -0.127858
47 17.032701 -1.071759 0.633698 -2.507009 -1.059970 0.843370
48 2.907259 0.000000 -0.000000 0.000000 0.070674 -0.789421
49 2.470908 0.000000 -0.000000 -0.000000 -0.042753 -0.053852
50 16.798000 -2.962283 1.252475 -2.395869 -1.058686 0.711474
51 2.246732 0.000000 -0.000000 -0.000000 -0.130347 -0.750151
52 1.924987 -0.000000 -0.000000 -0.000000 -0.084390 -0.071779
53 10.924391 -3.889540 3.660376 2.705055 -0.349884 -0.104252
54 3.109823 -0.000000 0.000000 0.000000 -0.123272 -0.061145
55 1.512893 0.000000 0.000000 0.000000 0.028966 0.541554
56 7.466661 3.907426 -1.935393 0.000000 0.000000 0.000000
57 1.322831 -0.137696 9.442924 -0.033489 -0.174491 -0.074165
58 -0.183178 -4.377939 -4.342432 0.000000 0.000000 0.000000
59 -0.002451 -3.213479 4.815733 0.040195 0.001200 -0.001379
60 0.000000 0.000000 0.000000 0.000000 0.000000 0.000000
61 0.000000 0.000000 0.000000 0.000000 0.000000 0.000000
62 -0.000000 -2.426310 5.737833 0.000000 0.000937 -0.001514
63 0.206732 -1.514296 -10.147256 0.000000 -0.000937 0.001514
64 -0.194928 1.514586 13.669277 0.000000 0.000937 -0.001514
65 0.003297 0.000007 -3.521831 0.000000 0.000000 0.000000
66 0.001702 2.426307 -5.737833 0.000000 0.000000 0.000000
67 0.000000 0.000000 0.000000 0.000000 0.000000 0.000000
68 0.000000 0.000000 0.000000 0.040194 0.000263 0.000136
69 0.000731 -2.567855 9.256822 0.040195 0.001200 -0.001379
70 8.000000 0.000000 0.000000 0.046952 0.171389 0.081129
71 0.000003 -2.426316 9.259665 -0.000000 0.000937 -0.001514
72 -7.466661 3.907426 -1.935393 0.000000 0.000000 0.000000
73 1.922871 -0.757288 -6.985665 -0.147438 -0.838089 0.023758
74 0.334780 -4.377939 -4.346992 0.000000 0.000000 0.000000
75 -0.062927 -3.261646 4.885214 -0.020561 0.000800 -0.001579
76 0.000000 0.000000 -0.000000 -0.000000 0.000000 0.000000
77 0.000000 0.000000 0.000000 0.139717 0.000000 0.000000
78 -0.000000 -2.426310 5.737833 -0.000000 0.000937 -0.001514
79 -0.183130 -1.514886 -10.147621 0.000000 -0.000937 0.001514
80 0.194928 1.514586 13.669277 0.000000 0.000937 -0.001514
81 0.003303 0.000007 -3.521831 0.139717 0.000000 0.000000
82 0.001702 2.426307 -5.737833 0.000000 0.000000 0.000000
83 -0.000000 -0.000000 0.000000 -0.139717 -0.000000 -0.000000
84 0.000000 0.000000 0.000000 -0.020562 -0.000137 -0.000065
85 -0.000371 -2.353924 9.258923 -0.021847 -0.007049 0.060837
86 -8.000000 0.000000 0.000000 0.193134 0.830967 0.127428
87 -0.000003 -2.426316 9.259665 -0.000000 0.000937 -0.001514
88 0.000156 39.987263 -0.385905 0.000000 0.000000 0.000000
89 1.039695 -8.380433 -2.218764 -0.102489 -0.474902 -0.000155
90 0.000000 3.964346 -1.347968 1.570796 0.083193 1.570796
91 0.000000 0.000000 0.000000 0.011161 -0.003761 0.430043
92 0.000000 -0.000000 0.000000 -0.000000 -0.000000 -0.013661
93 7.506614 -0.102554 0.000000 0.007449 -0.004425 -0.019902
94 0.000000 0.000000 0.000000 0.000000 -0.000000 0.126643
95 9.007018 1.146814 0.000000 0.003658 -0.000985 -0.003629
96 -0.000000 -0.000000 0.000000 0.000000 0.000000 0.333969
97 10.228633 3.548980 0.000000 0.003942 -0.006033 -0.001904
98 0.000000 -0.000000 0.000000 -0.000000 -0.000000 0.952345
99 5.136838 7.218981 0.000000 0.475036 -0.110801 0.101752
100 0.000000 -0.000000 -0.000000 -0.000002 -3.141593 -1.535012
101 -0.155339 4.339165 0.000000 0.023081 -0.002120 -0.320121
102 0.000000 0.000000 -0.000000 3.141592 0.000000 0.137367
103 2.889723 6.413463 3.754603 1.037195 -1.069949 -1.767391
104 0.000000 0.000000 0.000000 0.007839 0.008360 -0.050047
105 2.889723 6.413463 -3.754603 -1.110908 1.069949 -1.767391
106 0.000000 0.000000 0.000000 -0.025342 -0.011328 -0.043289
107 10.372972 61.662415 11.885344 0.000000 0.000000 0.000000
108 -0.837498 -40.256451 20.063112 0.000000 0.000000 0.000000
109 0.000000 9.000000 0.000000 0.000000 0.000000 0.000000
110 0.000000 0.000000 0.000000 0.000000 0.000000 0.000000
111 0.000000 0.000000 -10.000000 -0.000000 -0.000000 -0.000000
112 20.732534 5.584209 21.057751 0.000000 0.000000 0.000000
113 15.156786 39.794559 26.300945 0.649689 -0.285670 -1.867470
114 20.040791 -0.000036 0.000008 1.404680 0.142601 0.138624
115 0.000000 0.000000 0.000000 -0.592782 -0.152048 -0.128403
116 0.000000 0.000000 0.000000 -0.235528 0.036014 0.000000
117 -0.000000 0.000000 0.000000 -1.816459 0.017293 -0.015642
118 -16.042778 62.040024 -0.699453 0.000000 0.000000 0.000000
119 -8.202134 -43.638103 11.825700 0.000000 0.000000 0.000000
120 0.000000 9.000000 0.000000 0.000000 0.000000 0.000000
121 0.000000 0.000000 0.000000 0.000000 0.000000 0.000000
122 0.000004 -0.000016 -10.000016 -3.141593 -3.141593 3.141593
123 -19.986322 5.346460 -0.931593 -0.000000 0.000000 0.000000
124 -24.377739 37.263142 4.353449 -2.741587 -0.344738 -1.563754
125 20.040770 -0.000027 0.000001 1.736913 -0.142601 0.138624
126 0.000000 0.000000 0.000000 0.198990 -0.116074 -0.055934
127 0.000000 0.000000 0.000000 0.232579 -0.036013 -0.000000
128 -0.000000 -0.000000 0.000000 -1.329320 0.017292 0.015641
129 6.160639 31.606037 0.028179 0.000000 0.000000 0.000000
130 0.000000 0.000000 0.000000 0.000000 0.000000 0.000000
131 0.000000 0.000000 -10.000000 0.000000 0.000000 0.000000
132 1.794760 -0.369247 0.154860 0.000000 0.000000 0.000000
133 -4.080937 31.607620 -5.237515 0.000000 0.000000 0.000000
134 0.000000 0.000000 0.000000 0.000000 0.000000 0.000000
135 0.000000 0.000000 -10.000000 -0.000000 0.000000 0.000000
136 -8.170908 -0.190503 0.323444 0.000000 0.000000 0.000000
137 0.000000 0.000000 0.000000 1.570796 0.000000 0.000000
138 9.535475 21.405962 31.948456 1.402073 -0.070444 -1.751995
139 -24.244913 18.401920 11.126246 -0.795441 -0.269360 -1.567968
time 22
0 0.000000 0.000000 0.000000 1.570796 0.000000 0.000000
1 0.000000 0.000000 0.000000 1.570796 0.000000 0.000000
2 1.058396 31.807581 -2.544791 -0.097109 -0.476412 -0.002123
3 0.000000 0.000000 0.000000 0.000000 0.000000 0.000000
4 5.757982 0.000000 0.000000 -1.927226 -0.641520 -1.177444
5 18.152637 -0.000000 0.000000 0.000000 -0.000000 1.199165
6 17.091557 0.000000 -0.000000 -0.228783 0.072853 -1.607066
7 6.229743 0.000000 0.000000 0.027058 0.011408 -0.369715
8 -5.757982 -0.000000 -0.000000 -1.386903 -0.428457 -1.790757
9 18.152637 -0.000000 -0.000000 -0.000000 -0.000000 1.288182
10 17.091557 -0.000000 0.000000 0.248715 0.105778 -1.883514
11 6.229743 0.000000 -0.000000 -0.118098 -0.025558 -0.550922
12 0.000000 3.964346 -1.347968 1.581969 -0.329097 1.568698
13 7.507315 0.000000 -0.000000 0.006417 -0.004259 0.113261
14 9.079733 0.000000 0.000000 0.003316 -0.000155 0.198787
15 10.826827 0.000000 -0.000000 -0.004315 -0.007950 0.615200
16 8.860067 -0.000000 -0.000000 2.999013 -0.462202 0.830095
17 4.341945 -0.000000 0.000000 0.018244 0.005024 1.781870
18 6.900930 1.363879 3.754603 -2.112922 -2.113394 0.429982
19 12.731754 -0.000000 0.000000 -1.415347 -1.419723 0.466562
20 26.625128 0.000000 -0.000000 0.000000 -0.000000 -0.570984
21 20.040787 -0.000017 -0.000030 -1.289631 0.267773 -0.009994
22 16.821650 2.696737 -0.203279 -0.454715 2.101277 -2.090298
23 2.039386 0.000000 -0.000000 -0.000000 -0.119732 -0.551019
24 1.516909 0.000000 0.000000 0.000000 -0.106498 -0.214585
25 17.176727 0.840396 -0.044736 -0.246604 1.977585 -1.852852
26 2.302859 -0.000000 0.000000 -0.000000 -0.040281 -0.440509
27 2.047745 0.000000 0.000000 0.000000 -0.019146 -0.127858
28 17.032684 -1.069098 -0.638179 2.512672 1.056836 0.848304
29 2.907259 0.000000 -0.000000 0.000000 -0.070674 -0.789421
30 2.470908 0.000000 0.000000 -0.000000 0.042753 -0.053852
31 16.797981 -2.957015 -1.264867 2.402309 1.055943 0.717082
32 2.246732 0.000000 0.000000 0.000000 0.130347 -0.750151
33 1.924987 0.000000 -0.000000 0.000000 0.084390 -0.071779
34 10.924372 -3.874175 -3.676631 -2.700621 0.350317 -0.102732
35 3.109823 0.000000 0.000000 0.000000 0.123272 -0.061145
36 1.512893 0.000000 -0.000000 0.000000 -0.028966 0.541554
37 6.900930 1.363879 -3.754603 2.024464 2.109787 0.431982
38 12.731754 0.000000 -0.000000 -0.590117 1.505855 -1.632116
39 26.625128 0.000000 -0.000000 -0.000000 0.000000 -0.359188
40 20.040768 -0.000010 0.000019 0.870392 -0.093751 -0.003924
41 16.821663 2.695864 0.214569 0.458848 -2.097646 -2.093866
42 2.039386 -0.000000 0.000000 -0.000000 0.119732 -0.551019
43 1.516909 -0.000000 -0.000000 0.000000 0.106498 -0.214585
44 17.176743 0.840203 0.048255 0.249576 -1.973565 -1.855583
45 2.302859 -0.000000 0.000000 0.000000 0.040281 -0.440509
46 2.047745 -0.000000 0.000000 0.000000 0.019146 -0.127858
47 17.032701 -1.071759 0.633698 -2.507009 -1.059970 0.843370
48 2.907259 0.000000 0.000000 0.000000 0.070674 -0.789421
49 2.470908 0.000000 -0.000000 -0.000000 -0.042753 -0.053852
50 16.798000 -2.962283 1.252475 -2.395869 -1.058686 0.711474
51 2.246732 -0.000000 0.000000 -0.000000 -0.130347 -0.750151
52 1.924987 -0.000000 0.000000 -0.000000 -0.084390 -0.071779
53 10.924391 -3.889540 3.660376 2.705055 -0.349884 -0.104252
54 3.109823 -0.000000 0.000000 -0.000000 -0.123272 -0.061145
55 1.512893 -0.000000 0.000000 0.000000 0.028966 0.541554
56 7.466661 3.907426 -1.935393 0.000000 0.000000 0.000000
57 1.318628 -0.132701 9.442344 -0.033489 -0.174850 -0.074002
58 -0.183178 -4.377939 -4.342432 0.000000 0.000000 0.000000
59 -0.002422 -3.222680 4.823667 0.030174 0.001135 -0.001413
60 0.000000 0.000000 0.000000 -0.000000 0.000000 0.000000
61 0.000000 0.000000 0.000000 0.000000 0.000000 0.000000
62 -0.000000 -2.426310 5.737833 0.000000 0.000937 -0.001514
63 0.206732 -1.514296 -10.147256 0.000000 -0.000937 0.001514
64 -0.194928 1.514586 13.669277 0.000000 0.000937 -0.001514
65 0.003297 0.000007 -3.521831 0.000000 0.000000 0.000000
66 0.001702 2.426307 -5.737833 0.000000 0.000000 0.000000
67 0.000000 0.000000 0.000000 -0.000000 0.000000 0.000000
68 0.000000 0.000000 0.000000 0.030173 0.000198 0.000101
69 0.000549 -2.532584 9.258063 0.030174 0.001135 -0.001413
70 8.000000 0.000000 0.000000 0.046953 0.171755 0.080981
71 0.000003 -2.426316 9.259665 -0.000000 0.000937 -0.001514
72 -7.466661 3.907426 -1.935393 0.000000 0.000000 0.000000
73 1.954632 -0.821278 -7.030489 -0.159458 -0.834079 0.024611
74 0.334780 -4.377939 -4.346992 0.000000 0.000000 0.000000
75 -0.062949 -3.254041 4.877831 -0.011679 0.000859 -0.001552
76 0.000000 0.000000 -0.000000 0.000000 -0.000000 -0.000000
77 0.000000 0.000000 0.000000 0.139717 0.000000 0.000000
78 -0.000000 -2.426310 5.737833 -0.000000 0.000937 -0.001514
79 -0.183130 -1.514886 -10.147621 0.000000 -0.000937 0.001514
80 0.194928 1.514586 13.669277 0.000000 0.000937 -0.001514
81 0.003303 0.000007 -3.521831 0.139717 0.000000 0.000000
82 0.001702 2.426307 -5.737833 0.000000 0.000000 0.000000
83 -0.000000 -0.000000 0.000000 -0.139717 -0.000000 -0.000000
84 0.000000 0.000000 0.000000 -0.011680 -0.000077 -0.000037
85 -0.000212 -2.385201 9.259427 -0.012979 -0.007543 0.060793
86 -8.000000 0.000000 0.000000 0.209069 0.825618 0.137992
87 -0.000003 -2.426316 9.259665 -0.000000 0.000937 -0.001514
88 0.000156 39.987263 -0.385905 0.000000 0.000000 0.000000
89 1.058240 -8.179681 -2.158887 -0.097109 -0.476412 -0.002123
90 0.000000 3.964346 -1.347968 1.570796 0.083193 1.570796
91 0.000000 0.000000 0.000000 0.010466 -0.002129 0.425951
92 0.000000 -0.000000 0.000000 -0.000000 -0.000000 -0.013661
93 7.506614 -0.102554 0.000000 0.006903 -0.003414 -0.027041
94 0.000000 0.000000 0.000000 0.000000 -0.000000 0.126643
95 9.007018 1.146814 0.000000 0.003184 0.000940 -0.008537
96 -0.000000 -0.000000 0.000000 0.000000 0.000000 0.333969
97 10.228633 3.548980 0.000000 0.003976 -0.008124 -0.003209
98 0.000000 -0.000000 0.000000 -0.000000 -0.000000 0.952345
99 5.136838 7.218981 0.000000 0.470119 -0.111381 0.115556
100 0.000000 -0.000000 -0.000000 -0.000002 -3.141593 -1.535012
101 -0.155339 4.339165 0.000000 0.018761 -0.002480 -0.312635
102 0.000000 0.000000 -0.000000 3.141592 0.000000 0.137367
103 2.889723 6.413463 3.754603 1.037195 -1.069949 -1.767391
104 0.000000 0.000000 0.000000 -0.001899 0.024837 -0.033806
105 2.889723 6.413463 -3.754603 -1.110908 1.069949 -1.767391
106 0.000000 0.000000 0.000000 -0.014666 -0.021574 -0.031858
107 10.401147 62.246887 11.900618 0.000000 0.000000 0.000000
108 -0.980989 -40.306927 19.565590 0.000000 0.000000 0.000000
109 0.000000 9.000000 0.000000 0.000000 0.000000 0.000000
110 0.000000 0.000000 0.000000 0.000000 0.000000 0.000000
111 0.000000 0.000000 -10.000000 -0.000000 -0.000000 -0.000000
112 20.770235 5.617566 21.063177 0.000000 0.000000 0.000000
113 15.358109 40.342857 26.202345 0.651361 -0.265775 -1.882914
114 20.040791 -0.000036 0.000008 1.404680 0.142601 0.138624
115 0.000000 0.000000 0.000000 -0.608634 -0.149699 -0.105643
116 0.000000 0.000000 0.000000 -0.235528 0.036014 0.000000
117 -0.000000 0.000000 0.000000 -1.816459 0.017293 -0.015642
118 -16.035851 62.517975 -0.819161 0.000000 0.000000 0.000000
119 -8.153278 -43.593994 11.945407 0.000000 0.000000 0.000000
120 0.000000 9.000000 0.000000 0.000000 0.000000 0.000000
121 0.000000 0.000000 0.000000 0.000000 0.000000 0.000000
122 0.000004 -0.000016 -10.000016 -3.141593 -3.141593 3.141593
123 -19.911879 5.340774 -0.859031 -0.000000 0.000000 0.000000
124 -24.396719 37.761028 4.288366 -2.745137 -0.348191 -1.559776
125 20.040770 -0.000027 0.000001 1.736913 -0.142601 0.138624
126 0.000000 0.000000 0.000000 0.217490 -0.121489 -0.037602
127 0.000000 0.000000 0.000000 0.232579 -0.036013 -0.000000
128 -0.000000 -0.000000 0.000000 -1.329320 0.017292 0.015641
129 6.175192 31.796717 0.095784 0.000000 0.000000 0.000000
130 0.000000 0.000000 0.000000 0.000000 0.000000 0.000000
131 0.000000 0.000000 -10.000000 0.000000 0.000000 0.000000
132 1.786912 -0.224489 0.045972 0.000000 0.000000 0.000000
133 -4.058400 31.818445 -5.185366 0.000000 0.000000 0.000000
134 0.000000 0.000000 0.000000 0.000000 0.000000 0.000000
135 0.000000 0.000000 -10.000000 -0.000000 0.000000 0.000000
136 -8.120556 -0.434030 0.414548 0.000000 0.000000 0.000000
137 0.000000 0.000000 0.000000 1.570796 0.000000 0.000000
138 9.420158 21.939962 31.466208 1.393989 -0.072300 -1.774478
139 -24.189129 18.923979 11.126246 -0.782153 -0.260454 -1.549338
time 23
0 0.000000 0.000000 0.000000 1.570796 0.000000 0.000000
1 0.000000 0.000000 0.000000 1.570796 0.000000 0.000000
2 1.115477 31.921412 -2.497472 -0.085546 -0.477292 -0.004823
3 0.000000 0.000000 0.000000 0.000000 0.000000 0.000000
4 5.757982 0.000000 0.000000 -1.932582 -0.645988 -1.176251
5 18.152637 0.000000 0.000000 -0.000000 0.000000 1.191286
6 17.091557 -0.000000 0.000000 -0.224164 0.072385 -1.604885
7 6.229743 0.000000 0.000000 0.026994 0.011571 -0.374370
8 -5.757982 0.000000 -0.000000 -1.398269 -0.430672 -1.781837
9 18.152637 0.000000 0.000000 -0.000000 0.000000 1.271433
10 17.091557 0.000000 -0.000000 0.253007 0.114489 -1.883371
11 6.229743 -0.000000 -0.000000 -0.118239 -0.025338 -0.544856
12 0.000000 3.964346 -1.347968 1.579614 -0.324181 1.571682
13 7.507315 -0.000000 -0.000000 0.005735 -0.002616 0.104088
14 9.079733 0.000000 0.000000 0.003491 0.002216 0.191150
15 10.826827 0.000000 0.000000 -0.005147 -0.008235 0.612220
16 8.860067 -0.000000 -0.000000 2.993809 -0.454637 0.844702
17 4.341945 0.000000 0.000000 0.010738 0.006143 1.773104
18 6.900930 1.363879 3.754603 0.954898 -1.037900 -2.655108
19 12.731754 0.000000 -0.000000 -1.101372 -1.443401 0.135039
20 26.625128 0.000000 0.000000 -0.000000 0.000000 -0.582117
21 20.040787 -0.000017 -0.000030 -1.301499 0.245620 -0.010473
22 16.821650 2.696737 -0.203279 -0.454715 2.101277 -2.090298
23 2.039386 -0.000000 -0.000000 0.000000 -0.119732 -0.551019
24 1.516909 0.000000 0.000000 0.000000 -0.106498 -0.214585
25 17.176727 0.840396 -0.044736 -0.246604 1.977585 -1.852852
26 2.302859 0.000000 -0.000000 0.000000 -0.040281 -0.440509
27 2.047745 -0.000000 -0.000000 -0.000000 -0.019146 -0.127858
28 17.032684 -1.069098 -0.638179 2.512672 1.056836 0.848304
29 2.907259 -0.000000 0.000000 0.000000 -0.070674 -0.789421
30 2.470908 0.000000 0.000000 -0.000000 0.042753 -0.053852
31 16.797981 -2.957015 -1.264867 2.402309 1.055943 0.717082
32 2.246732 -0.000000 -0.000000 -0.000000 0.130347 -0.750151
33 1.924987 -0.000000 0.000000 0.000000 0.084390 -0.071779
34 10.924372 -3.874175 -3.676631 -2.700621 0.350317 -0.102732
35 3.109823 -0.000000 0.000000 0.000000 0.123272 -0.061145
36 1.512893 0.000000 0.000000 -0.000000 -0.028966 0.541554
37 6.900930 1.363879 -3.754603 2.090757 2.096896 0.482888
38 12.731754 0.000000 0.000000 -0.673843 1.473034 -1.722922
39 26.625128 0.000000 0.000000 0.000000 0.000000 -0.370362
40 20.040768 -0.000010 0.000019 0.899432 -0.108431 -0.011032
41 16.821663 2.695864 0.214569 0.458848 -2.097646 -2.093866
42 2.039386 -0.000000 -0.000000 -0.000000 0.119732 -0.551019
43 1.516909 0.000000 0.000000 0.000000 0.106498 -0.214585
44 17.176743 0.840203 0.048255 0.249576 -1.973565 -1.855583
45 2.302859 0.000000 0.000000 0.000000 0.040281 -0.440509
46 2.047745 0.000000 -0.000000 -0.000000 0.019146 -0.127858
47 17.032701 -1.071759 0.633698 -2.507009 -1.059970 0.843370
48 2.907259 0.000000 0.000000 0.000000 0.070674 -0.789421
49 2.470908 0.000000 -0.000000 -0.000000 -0.042753 -0.053852
50 16.798000 -2.962283 1.252475 -2.395869 -1.058686 0.711474
51 2.246732 0.000000 0.000000 -0.000000 -0.130347 -0.750151
52 1.924987 0.000000 -0.000000 -0.000000 -0.084390 -0.071779
53 10.924391 -3.889540 3.660376 2.705055 -0.349884 -0.104252
54 3.109823 0.000000 0.000000 0.000000 -0.123272 -0.061145
55 1.512893 0.000000 0.000000 0.000000 0.028966 0.541554
56 7.466661 3.907426 -1.935393 0.000000 0.000000 0.000000
57 1.310341 -0.133109 9.442306 -0.033783 -0.175656 -0.072549
58 -0.183178 -4.377939 -4.342432 0.000000 0.000000 0.000000
59 -0.002409 -3.226928 4.827385 0.025517 0.001105 -0.001429
60 0.000000 0.000000 0.000000 -0.000000 -0.000000 -0.000000
61 0.000000 0.000000 0.000000 0.000000 0.000000 0.000000
62 -0.000000 -2.426310 5.737833 0.000000 0.000937 -0.001514
63 0.206732 -1.514296 -10.147256 0.000000 -0.000937 0.001514
64 -0.194928 1.514586 13.669277 0.000000 0.000937 -0.001514
65 0.003297 0.000007 -3.521831 0.000000 0.000000 0.000000
66 0.001702 2.426307 -5.737833 0.000000 0.000000 0.000000
67 0.000000 0.000000 0.000000 -0.000000 0.000000 0.000000
68 0.000000 0.000000 0.000000 0.025516 0.000168 0.000085
69 0.000464 -2.516189 9.258520 0.025517 0.001105 -0.001429
70 8.000000 0.000000 0.000000 0.047064 0.172602 0.079596
71 0.000003 -2.426316 9.259665 -0.000000 0.000937 -0.001514
72 -7.466661 3.907426 -1.935393 0.000000 0.000000 0.000000
73 1.977445 -0.861762 -7.059930 -0.167960 -0.831406 0.025654
74 0.334780 -4.377939 -4.346992 0.000000 0.000000 0.000000
75 -0.062964 -3.248808 4.872827 -0.005611 0.000900 -0.001532
76 0.000000 0.000000 0.000000 -0.000000 -0.000000 -0.000000
77 0.000000 0.000000 0.000000 0.139717 0.000000 0.000000
78 -0.000000 -2.426310 5.737833 -0.000000 0.000937 -0.001514
79 -0.183130 -1.514886 -10.147621 0.000000 -0.000937 0.001514
80 0.194928 1.514586 13.669277 0.000000 0.000937 -0.001514
81 0.003303 0.000007 -3.521831 0.139717 0.000000 0.000000
82 0.001702 2.426307 -5.737833 0.000000 0.000000 0.000000
83 -0.000000 -0.000000 0.000000 -0.139717 -0.000000 -0.000000
84 0.000000 0.000000 0.000000 -0.005613 -0.000037 -0.000018
85 -0.000104 -2.406569 9.259611 -0.006920 -0.007881 0.060760
86 -8.000000 0.000000 0.000000 0.219810 0.822031 0.144745
87 -0.000003 -2.426316 9.259665 -0.000000 0.000937 -0.001514
88 0.000156 39.987263 -0.385905 0.000000 0.000000 0.000000
89 1.115321 -8.065850 -2.111568 -0.085546 -0.477292 -0.004823
90 0.000000 3.964346 -1.347968 1.570796 0.083193 1.570796
91 0.000000 0.000000 0.000000 0.009111 0.000715 0.421035
92 0.000000 -0.000000 0.000000 -0.000000 -0.000000 -0.013661
93 7.506614 -0.102554 0.000000 0.006019 -0.001871 -0.036214
94 0.000000 0.000000 0.000000 0.000000 -0.000000 0.126643
95 9.007018 1.146814 0.000000 0.002572 0.003238 -0.016175
96 -0.000000 -0.000000 0.000000 0.000000 0.000000 0.333969
97 10.228633 3.548980 0.000000 0.003726 -0.008968 -0.006194
98 0.000000 -0.000000 0.000000 -0.000000 -0.000000 0.952345
99 5.136838 7.218981 0.000000 0.462993 -0.116757 0.128671
100 0.000000 -0.000000 -0.000000 -0.000002 -3.141593 -1.535012
101 -0.155339 4.339165 0.000000 0.011479 -0.004616 -0.303884
102 0.000000 0.000000 -0.000000 3.141592 0.000000 0.137367
103 2.889723 6.413463 3.754603 1.037195 -1.069949 -1.767391
104 0.000000 0.000000 0.000000 -0.026323 0.044088 -0.010110
105 2.889723 6.413463 -3.754603 -1.110908 1.069949 -1.767391
106 0.000000 0.000000 0.000000 0.007063 -0.038299 -0.008303
107 10.390649 62.849449 12.039705 0.000000 0.000000 0.000000
108 -1.063773 -40.477524 19.036402 0.000000 0.000000 0.000000
109 0.000000 9.000000 0.000000 0.000000 0.000000 0.000000
110 0.000000 0.000000 0.000000 0.000000 0.000000 0.000000
111 0.000000 0.000000 -10.000000 -0.000000 -0.000000 -0.000000
112 21.069338 6.060978 21.186749 0.000000 0.000000 0.000000
113 15.388974 40.825500 26.141474 0.653499 -0.248788 -1.888195
114 20.040791 -0.000036 0.000008 1.404680 0.142601 0.138624
115 0.000000 0.000000 -0.000000 -0.623310 -0.154006 -0.083424
116 0.000000 0.000000 0.000000 -0.235528 0.036014 0.000000
117 -0.000000 0.000000 0.000000 -1.816459 0.017293 -0.015642
118 -16.125450 63.007839 -0.855259 0.000000 0.000000 0.000000
119 -8.010256 -43.561802 11.981505 0.000000 0.000000 0.000000
120 0.000000 9.000000 0.000000 0.000000 0.000000 0.000000
121 0.000000 0.000000 0.000000 0.000000 0.000000 0.000000
122 0.000004 -0.000016 -10.000016 -3.141593 -3.141593 3.141593
123 -20.005707 5.655923 -0.827006 -0.000000 0.000000 0.000000
124 -24.532692 38.266212 4.250382 -2.755366 -0.350208 -1.549706
125 20.040770 -0.000027 0.000001 1.736913 -0.142601 0.138624
126 0.000000 0.000000 0.000000 0.243398 -0.125425 -0.021016
127 0.000000 0.000000 0.000000 0.232579 -0.036013 -0.000000
128 -0.000000 -0.000000 0.000000 -1.329320 0.017292 0.015641
129 6.229900 31.896742 0.147603 0.000000 0.000000 0.000000
130 0.000000 0.000000 0.000000 0.000000 0.000000 0.000000
131 0.000000 0.000000 -10.000000 0.000000 0.000000 0.000000
132 1.781834 -0.145645 -0.011755 0.000000 0.000000 0.000000
133 -3.998946 31.946081 -5.142548 0.000000 0.000000 0.000000
134 0.000000 0.000000 0.000000 0.000000 0.000000 0.000000
135 0.000000 0.000000 -10.000000 -0.000000 0.000000 0.000000
136 -8.035758 -0.599565 0.514400 0.000000 0.000000 0.000000
137 0.000000 0.000000 0.000000 1.570796 0.000000 0.000000
138 9.326877 22.371925 31.076107 1.387434 -0.073702 -1.792705
139 -24.135706 19.446039 11.126246 -0.767342 -0.250527 -1.527697
time 24
0 0.000000 0.000000 0.000000 1.570796 0.000000 0.000000
1 0.000000 0.000000 0.000000 1.570796 0.000000 0.000000
2 1.211279 31.972244 -2.458771 -0.066455 -0.480044 -0.008679
3 0.000000 0.000000 0.000000 0.000000 0.000000 0.000000
4 5.757982 0.000000 0.000000 -1.941325 -0.660949 -1.171259
5 18.152637 -0.000000 0.000000 0.000000 0.000000 1.190313
6 17.091557 -0.000000 -0.000000 -0.218223 0.068843 -1.604678
7 6.229743 0.000000 -0.000000 0.026999 0.011558 -0.373998
8 -5.757982 0.000000 -0.000000 -1.409281 -0.446398 -1.774424
9 18.152637 0.000000 0.000000 -0.000000 -0.000000 1.263256
10 17.091557 0.000000 -0.000000 0.258775 0.122950 -1.877735
11 6.229743 0.000000 -0.000000 -0.118236 -0.025343 -0.544990
12 0.000000 3.964346 -1.347968 1.577719 -0.320205 1.574657
13 7.507315 -0.000000 0.000000 0.005527 -0.001025 0.093795
14 9.079733 0.000000 0.000000 0.003762 0.004383 0.179068
15 10.826827 0.000000 -0.000000 -0.002462 -0.005535 0.605046
16 8.860067 -0.000000 -0.000000 2.982894 -0.445576 0.860033
17 4.341945 0.000000 0.000000 0.000615 0.009834 1.756306
18 6.900930 1.363879 3.754603 0.883637 -1.042626 -2.592253
19 12.731754 0.000000 -0.000000 -0.676919 -1.461523 -0.294683
20 26.625128 0.000000 0.000000 0.000000 -0.000000 -0.573025
21 20.040787 -0.000017 -0.000030 -1.322414 0.220783 -0.021791
22 16.821650 2.696737 -0.203279 -0.454715 2.101277 -2.090298
23 2.039386 0.000000 -0.000000 0.000000 -0.119732 -0.551019
24 1.516909 -0.000000 -0.000000 0.000000 -0.106498 -0.214585
25 17.176727 0.840396 -0.044736 -0.246604 1.977585 -1.852852
26 2.302859 0.000000 0.000000 0.000000 -0.040281 -0.440509
27 2.047745 0.000000 -0.000000 -0.000000 -0.019146 -0.127858
28 17.032684 -1.069098 -0.638179 2.512672 1.056836 0.848304
29 2.907259 0.000000 0.000000 -0.000000 -0.070674 -0.789421
30 2.470908 -0.000000 0.000000 -0.000000 0.042753 -0.053852
31 16.797981 -2.957015 -1.264867 2.402309 1.055943 0.717082
32 2.246732 -0.000000 0.000000 -0.000000 0.130347 -0.750151
33 1.924987 -0.000000 0.000000 0.000000 0.084390 -0.071779
34 10.924372 -3.874175 -3.676631 -2.700621 0.350317 -0.102732
35 3.109823 -0.000000 0.000000 -0.000000 0.123272 -0.061145
36 1.512893 0.000000 0.000000 0.000000 -0.028966 0.541554
37 6.900930 1.363879 -3.754603 -0.974442 1.049480 -2.590411
38 12.731754 0.000000 -0.000000 -0.795655 1.444715 -1.834957
39 26.625128 -0.000000 0.000000 0.000000 -0.000000 -0.378519
40 20.040768 -0.000010 0.000019 0.940121 -0.120096 -0.024539
41 16.821663 2.695864 0.214569 0.458848 -2.097646 -2.093866
42 2.039386 -0.000000 -0.000000 -0.000000 0.119732 -0.551019
43 1.516909 -0.000000 -0.000000 0.000000 0.106498 -0.214585
44 17.176743 0.840203 0.048255 0.249576 -1.973565 -1.855583
45 2.302859 0.000000 -0.000000 0.000000 0.040281 -0.440509
46 2.047745 -0.000000 -0.000000 0.000000 0.019146 -0.127858
47 17.032701 -1.071759 0.633698 -2.507009 -1.059970 0.843370
48 2.907259 0.000000 -0.000000 0.000000 0.070674 -0.789421
49 2.470908 0.000000 -0.000000 -0.000000 -0.042753 -0.053852
50 16.798000 -2.962283 1.252475 -2.395869 -1.058686 0.711474
51 2.246732 -0.000000 -0.000000 0.000000 -0.130347 -0.750151
52 1.924987 -0.000000 0.000000 -0.000000 -0.084390 -0.071779
53 10.924391 -3.889540 3.660376 2.705055 -0.349884 -0.104252
54 3.109823 0.000000 0.000000 -0.000000 -0.123272 -0.061145
55 1.512893 -0.000000 0.000000 0.000000 0.028966 0.541554
56 7.466661 3.907426 -1.935393 0.000000 0.000000 0.000000
57 1.296937 -0.133642 9.446290 -0.033748 -0.176687 -0.069098
58 -0.183178 -4.377939 -4.342432 0.000000 0.000000 0.000000
59 -0.002410 -3.226590 4.827088 0.025889 0.001107 -0.001428
60 0.000000 0.000000 0.000000 -0.000000 0.000000 0.000000
61 0.000000 0.000000 0.000000 0.000000 0.000000 0.000000
62 -0.000000 -2.426310 5.737833 0.000000 0.000937 -0.001514
63 0.206732 -1.514296 -10.147256 0.000000 -0.000937 0.001514
64 -0.194928 1.514586 13.669277 0.000000 0.000937 -0.001514
65 0.003297 0.000007 -3.521831 0.000000 0.000000 0.000000
66 0.001702 2.426307 -5.737833 0.000000 0.000000 0.000000
67 0.000000 0.000000 0.000000 -0.000000 0.000000 0.000000
68 0.000000 0.000000 0.000000 0.025887 0.000170 0.000086
69 0.000471 -2.517498 9.258487 0.025889 0.001107 -0.001428
70 8.000000 0.000000 0.000000 0.046507 0.173794 0.076140
71 0.000003 -2.426316 9.259665 -0.000000 0.000937 -0.001514
72 -7.466661 3.907426 -1.935393 0.000000 0.000000 0.000000
73 1.978982 -0.867675 -7.063088 -0.168401 -0.830572 0.025122
74 0.334780 -4.377939 -4.346992 0.000000 0.000000 0.000000
75 -0.062963 -3.248925 4.872937 -0.005746 0.000899 -0.001533
76 0.000000 0.000000 0.000000 -0.000000 0.000000 0.000000
77 0.000000 0.000000 0.000000 0.139717 0.000000 0.000000
78 -0.000000 -2.426310 5.737833 -0.000000 0.000937 -0.001514
79 -0.183130 -1.514886 -10.147621 0.000000 -0.000937 0.001514
80 0.194928 1.514586 13.669277 0.000000 0.000937 -0.001514
81 0.003303 0.000007 -3.521831 0.139717 0.000000 0.000000
82 0.001702 2.426307 -5.737833 0.000000 0.000000 0.000000
83 -0.000000 -0.000000 0.000000 -0.139717 -0.000000 -0.000000
84 0.000000 0.000000 0.000000 -0.005747 -0.000038 -0.000019
85 -0.000106 -2.406096 9.259608 -0.007054 -0.007874 0.060761
86 -8.000000 0.000000 0.000000 0.220834 0.821038 0.145708
87 -0.000003 -2.426316 9.259665 -0.000000 0.000937 -0.001514
88 0.000156 39.987263 -0.385905 0.000000 0.000000 0.000000
89 1.211123 -8.015018 -2.072867 -0.066455 -0.480044 -0.008679
90 0.000000 3.964346 -1.347968 1.570796 0.083193 1.570796
91 0.000000 0.000000 0.000000 0.008187 0.003553 0.417061
92 0.000000 -0.000000 0.000000 -0.000000 -0.000000 -0.013661
93 7.506614 -0.102554 0.000000 0.005612 -0.000318 -0.046507
94 0.000000 0.000000 0.000000 0.000000 -0.000000 0.126643
95 9.007018 1.146814 0.000000 0.002118 0.005374 -0.028260
96 -0.000000 -0.000000 0.000000 0.000000 0.000000 0.333969
97 10.228633 3.548980 0.000000 0.003082 -0.005215 -0.013345
98 0.000000 -0.000000 0.000000 -0.000000 -0.000000 0.952345
99 5.136838 7.218981 0.000000 0.454893 -0.127436 0.140240
100 0.000000 -0.000000 -0.000000 -0.000002 -3.141593 -1.535012
101 -0.155339 4.339165 0.000000 0.001956 -0.009659 -0.287100
102 0.000000 0.000000 -0.000000 3.141592 0.000000 0.137367
103 2.889723 6.413463 3.754603 1.037195 -1.069949 -1.767391
104 0.000000 0.000000 0.000000 -0.042123 0.067287 0.012183
105 2.889723 6.413463 -3.754603 -1.110908 1.069949 -1.767391
106 0.000000 0.000000 0.000000 0.023185 -0.065066 0.013464
107 10.325206 63.441212 12.292174 0.000000 0.000000 0.000000
108 -1.060762 -40.780178 18.522842 0.000000 0.000000 0.000000
109 0.000000 9.000000 0.000000 0.000000 0.000000 0.000000
110 0.000000 0.000000 0.000000 0.000000 0.000000 0.000000
111 0.000000 0.000000 -10.000000 -0.000000 -0.000000 -0.000000
112 21.535727 7.096248 21.625515 0.000000 0.000000 0.000000
113 15.177767 41.233990 26.155413 0.664831 -0.234653 -1.879032
114 20.040791 -0.000036 0.000008 1.404680 0.142601 0.138624
115 0.000000 0.000000 0.000000 -0.645357 -0.168831 -0.060396
116 0.000000 0.000000 0.000000 -0.235528 0.036014 0.000000
117 -0.000000 0.000000 0.000000 -1.816459 0.017293 -0.015642
118 -16.151035 63.449562 -0.823152 0.000000 0.000000 0.000000
119 -7.933562 -43.548107 11.949399 0.000000 0.000000 0.000000
120 0.000000 9.000000 0.000000 0.000000 0.000000 0.000000
121 0.000000 0.000000 0.000000 0.000000 0.000000 0.000000
122 0.000004 -0.000016 -10.000016 -3.141593 -3.141593 3.141593
123 -20.249241 6.396739 -0.709786 -0.000000 0.000000 0.000000
124 -24.628305 38.734726 4.296435 -2.775438 -0.347763 -1.541935
125 20.040770 -0.000027 0.000001 1.736913 -0.142601 0.138624
126 0.000000 0.000000 0.000000 0.280324 -0.135985 -0.005907
127 0.000000 0.000000 0.000000 0.232579 -0.036013 -0.000000
128 -0.000000 -0.000000 0.000000 -1.329320 0.017292 0.015641
129 6.318269 31.927921 0.200372 0.000000 0.000000 0.000000
130 0.000000 0.000000 0.000000 0.000000 0.000000 0.000000
131 0.000000 0.000000 -10.000000 0.000000 0.000000 0.000000
132 1.805597 -0.121779 -0.024748 0.000000 0.000000 0.000000
133 -3.895712 32.016567 -5.117914 0.000000 0.000000 0.000000
134 0.000000 0.000000 0.000000 0.000000 0.000000 0.000000
135 0.000000 0.000000 -10.000000 -0.000000 0.000000 0.000000
136 -7.938438 -0.671625 0.606360 0.000000 0.000000 0.000000
137 0.000000 0.000000 0.000000 1.570796 0.000000 0.000000
138 9.264443 22.661034 30.815016 1.383008 -0.074597 -1.805015
139 -24.084599 19.901453 11.126246 -0.752023 -0.240260 -1.504738
time 25
0 0.000000 0.000000 0.000000 1.570796 0.000000 0.000000
1 0.000000 0.000000 0.000000 1.570796 0.000000 0.000000
2 1.336462 31.937492 -2.437331 -0.042112 -0.485214 -0.016313
3 0.000000 0.000000 0.000000 0.000000 0.000000 0.000000
4 5.757982 0.000000 0.000000 -1.954374 -0.684655 -1.158203
5 18.152637 -0.000000 -0.000000 -0.000000 -0.000000 1.200080
6 17.091557 -0.000000 0.000000 -0.211699 0.063295 -1.607260
7 6.229743 -0.000000 -0.000000 0.027079 0.011355 -0.368201
8 -5.757982 0.000000 -0.000000 -1.417265 -0.473702 -1.767648
9 18.152637 0.000000 -0.000000 0.000000 0.000000 1.266680
10 17.091557 -0.000000 0.000000 0.264797 0.127514 -1.865935
11 6.229743 -0.000000 -0.000000 -0.118035 -0.025656 -0.553652
12 0.000000 3.964346 -1.347968 1.576134 -0.317790 1.579351
13 7.507315 0.000000 -0.000000 0.006315 0.001103 0.083710
14 9.079733 -0.000000 -0.000000 0.004474 0.006689 0.165099
15 10.826827 0.000000 0.000000 0.003351 -0.000233 0.595773
16 8.860067 0.000000 0.000000 2.964402 -0.436497 0.874811
17 4.341945 -0.000000 0.000000 -0.010199 0.014814 1.738532
18 6.900930 1.363879 3.754603 0.837035 -1.039299 -2.538667
19 12.731754 0.000000 0.000000 -0.244749 -1.473671 -0.716800
20 26.625128 -0.000000 -0.000000 -0.000000 0.000000 -0.545458
21 20.040787 -0.000017 -0.000030 -1.350575 0.197643 -0.042372
22 16.821650 2.696737 -0.203279 -0.454715 2.101277 -2.090298
23 2.039386 0.000000 -0.000000 -0.000000 -0.119732 -0.551019
24 1.516909 0.000000 -0.000000 0.000000 -0.106498 -0.214585
25 17.176727 0.840396 -0.044736 -0.246604 1.977585 -1.852852
26 2.302859 0.000000 -0.000000 -0.000000 -0.040281 -0.440509
27 2.047745 0.000000 -0.000000 -0.000000 -0.019146 -0.127858
28 17.032684 -1.069098 -0.638179 2.512672 1.056836 0.848304
29 2.907259 -0.000000 0.000000 -0.000000 -0.070674 -0.789421
30 2.470908 0.000000 0.000000 0.000000 0.042753 -0.053852
31 16.797981 -2.957015 -1.264867 2.402309 1.055943 0.717082
32 2.246732 -0.000000 -0.000000 0.000000 0.130347 -0.750151
33 1.924987 0.000000 0.000000 0.000000 0.084390 -0.071779
34 10.924372 -3.874175 -3.676631 -2.700621 0.350317 -0.102732
35 3.109823 0.000000 0.000000 -0.000000 0.123272 -0.061145
36 1.512893 0.000000 -0.000000 -0.000000 -0.028966 0.541554
37 6.900930 1.363879 -3.754603 -0.918510 1.044267 -2.529568
38 12.731754 -0.000000 0.000000 -0.908671 1.440093 -1.916069
39 26.625128 -0.000000 -0.000000 0.000000 -0.000000 -0.401987
40 20.040768 -0.000010 0.000019 0.990338 -0.129017 -0.033113
41 16.821663 2.695864 0.214569 0.458848 -2.097646 -2.093866
42 2.039386 -0.000000 -0.000000 -0.000000 0.119732 -0.551019
43 1.516909 0.000000 0.000000 0.000000 0.106498 -0.214585
44 17.176743 0.840203 0.048255 0.249576 -1.973565 -1.855583
45 2.302859 -0.000000 -0.000000 0.000000 0.040281 -0.440509
46 2.047745 -0.000000 -0.000000 0.000000 0.019146 -0.127858
47 17.032701 -1.071759 0.633698 -2.507009 -1.059970 0.843370
48 2.907259 0.000000 -0.000000 -0.000000 0.070674 -0.789421
49 2.470908 -0.000000 -0.000000 -0.000000 -0.042753 -0.053852
50 16.798000 -2.962283 1.252475 -2.395869 -1.058686 0.711474
51 2.246732 0.000000 0.000000 -0.000000 -0.130347 -0.750151
52 1.924987 -0.000000 0.000000 -0.000000 -0.084390 -0.071779
53 10.924391 -3.889540 3.660376 2.705055 -0.349884 -0.104252
54 3.109823 -0.000000 0.000000 -0.000000 -0.123272 -0.061145
55 1.512893 0.000000 0.000000 0.000000 0.028966 0.541554
56 7.466661 3.907426 -1.935393 0.000000 0.000000 0.000000
57 1.280731 -0.127973 9.454309 -0.032517 -0.177625 -0.064266
58 -0.183178 -4.377939 -4.342432 0.000000 0.000000 0.000000
59 -0.002427 -3.221293 4.822461 0.031690 0.001145 -0.001408
60 0.000000 0.000000 0.000000 -0.000000 -0.000000 -0.000000
61 0.000000 0.000000 0.000000 0.000000 0.000000 0.000000
62 -0.000000 -2.426310 5.737833 0.000000 0.000937 -0.001514
63 0.206732 -1.514296 -10.147256 0.000000 -0.000937 0.001514
64 -0.194928 1.514586 13.669277 0.000000 0.000937 -0.001514
65 0.003297 0.000007 -3.521831 0.000000 0.000000 0.000000
66 0.001702 2.426307 -5.737833 0.000000 0.000000 0.000000
67 0.000000 0.000000 0.000000 -0.000000 0.000000 0.000000
68 0.000000 0.000000 0.000000 0.031688 0.000208 0.000106
69 0.000576 -2.537919 9.257898 0.031690 0.001145 -0.001408
70 8.000000 0.000000 0.000000 0.044480 0.175039 0.071065
71 0.000003 -2.426316 9.259665 -0.000000 0.000937 -0.001514
72 -7.466661 3.907426 -1.935393 0.000000 0.000000 0.000000
73 1.961211 -0.819407 -7.036422 -0.158383 -0.831711 0.022764
74 0.334780 -4.377939 -4.346992 0.000000 0.000000 0.000000
75 -0.062942 -3.256386 4.880094 -0.014410 0.000841 -0.001560
76 0.000000 -0.000000 0.000000 0.000000 -0.000000 -0.000000
77 0.000000 0.000000 0.000000 0.139717 0.000000 0.000000
78 -0.000000 -2.426310 5.737833 -0.000000 0.000937 -0.001514
79 -0.183130 -1.514886 -10.147621 0.000000 -0.000937 0.001514
80 0.194928 1.514586 13.669277 0.000000 0.000937 -0.001514
81 0.003303 0.000007 -3.521831 0.139717 0.000000 0.000000
82 0.001702 2.426307 -5.737833 0.000000 0.000000 0.000000
83 -0.000000 -0.000000 0.000000 -0.139717 -0.000000 -0.000000
84 0.000000 0.000000 0.000000 -0.014411 -0.000096 -0.000046
85 -0.000261 -2.375583 9.259301 -0.015706 -0.007391 0.060807
86 -8.000000 0.000000 0.000000 0.208979 0.823067 0.138777
87 -0.000003 -2.426316 9.259665 -0.000000 0.000937 -0.001514
88 0.000156 39.987263 -0.385905 0.000000 0.000000 0.000000
89 1.336306 -8.049769 -2.051427 -0.042112 -0.485214 -0.016313
90 0.000000 3.964346 -1.347968 1.570796 0.083193 1.570796
91 0.000000 0.000000 0.000000 0.008121 0.008016 0.414655
92 0.000000 -0.000000 0.000000 -0.000000 -0.000000 -0.013661
93 7.506614 -0.102554 0.000000 0.006125 0.001892 -0.056592
94 0.000000 0.000000 0.000000 0.000000 -0.000000 0.126643
95 9.007018 1.146814 0.000000 0.002034 0.007786 -0.042233
96 -0.000000 -0.000000 0.000000 0.000000 0.000000 0.333969
97 10.228633 3.548980 0.000000 0.002133 0.002595 -0.022601
98 0.000000 -0.000000 0.000000 -0.000000 -0.000000 0.952345
99 5.136838 7.218981 0.000000 0.447545 -0.145017 0.148122
100 0.000000 -0.000000 -0.000000 -0.000002 -3.141593 -1.535012
101 -0.155339 4.339165 0.000000 -0.008073 -0.016073 -0.269330
102 0.000000 0.000000 -0.000000 3.141592 0.000000 0.137367
103 2.889723 6.413463 3.754603 1.037195 -1.069949 -1.767391
104 0.000000 0.000000 0.000000 -0.041362 0.090596 0.026407
105 2.889723 6.413463 -3.754603 -1.110908 1.069949 -1.767391
106 0.000000 0.000000 0.000000 0.025410 -0.093127 0.026388
107 10.211816 63.906475 12.570138 0.000000 0.000000 0.000000
108 -0.970141 -41.140003 18.149658 0.000000 0.000000 0.000000
109 0.000000 9.000000 0.000000 0.000000 0.000000 0.000000
110 0.000000 0.000000 0.000000 0.000000 0.000000 0.000000
111 0.000000 0.000000 -10.000000 -0.000000 -0.000000 -0.000000
112 21.667959 8.163663 22.287224 0.000000 0.000000 0.000000
113 14.758862 41.497925 26.211203 0.685486 -0.226913 -1.857238
114 20.040791 -0.000036 0.000008 1.404680 0.142601 0.138624
115 0.000000 0.000000 0.000000 -0.673346 -0.191986 -0.040639
116 0.000000 0.000000 0.000000 -0.235528 0.036014 0.000000
117 -0.000000 0.000000 0.000000 -1.816459 0.017293 -0.015642
118 -16.084881 63.671028 -0.779328 0.000000 0.000000 0.000000
119 -7.950874 -43.447453 11.905574 0.000000 0.000000 0.000000
120 0.000000 9.000000 0.000000 0.000000 0.000000 0.000000
121 0.000000 0.000000 0.000000 0.000000 0.000000 0.000000
122 0.000004 -0.000016 -10.000016 -3.141593 -3.141593 3.141593
123 -20.495613 7.306962 -0.380921 -0.000000 0.000000 0.000000
124 -24.860006 39.057476 4.326331 -2.808043 -0.346176 -1.527060
125 20.040770 -0.000027 0.000001 1.736913 -0.142601 0.138624
126 0.000000 0.000000 0.000000 0.327609 -0.142115 0.005907
127 0.000000 0.000000 0.000000 0.232579 -0.036013 -0.000000
128 -0.000000 -0.000000 0.000000 -1.329320 0.017292 0.015641
129 6.429152 31.854406 0.248179 0.000000 0.000000 0.000000
130 0.000000 0.000000 0.000000 0.000000 0.000000 0.000000
131 0.000000 0.000000 -10.000000 0.000000 0.000000 0.000000
132 1.848204 -0.184984 0.027866 0.000000 0.000000 0.000000
133 -3.756228 32.020576 -5.122842 0.000000 0.000000 0.000000
134 0.000000 0.000000 0.000000 0.000000 0.000000 0.000000
135 0.000000 0.000000 -10.000000 -0.000000 0.000000 0.000000
136 -7.860203 -0.610040 0.661595 0.000000 0.000000 0.000000
137 0.000000 0.000000 0.000000 1.570796 0.000000 0.000000
138 9.241674 22.766474 30.719795 1.381370 -0.074915 -1.809568
139 -24.035755 20.223576 11.126246 -0.737212 -0.230332 -1.482156
time 26
0 0.000000 0.000000 0.000000 1.570796 0.000000 0.000000
1 0.000000 0.000000 0.000000 1.570796 0.000000 0.000000
2 1.474238 31.802731 -2.444897 -0.019478 -0.491661 -0.023694
3 0.000000 0.000000 0.000000 0.000000 0.000000 0.000000
4 5.757982 0.000000 0.000000 -1.972942 -0.711762 -1.139855
5 18.152637 -0.000000 0.000000 0.000000 0.000000 1.219107
6 17.091557 -0.000000 0.000000 -0.201374 0.058110 -1.609576
7 6.229743 0.000000 0.000000 0.027119 0.011253 -0.365279
8 -5.757982 0.000000 -0.000000 -1.414963 -0.507876 -1.768956
9 18.152637 0.000000 0.000000 0.000000 0.000000 1.283838
10 17.091557 0.000000 -0.000000 0.268343 0.122644 -1.850893
11 6.229743 -0.000000 -0.000000 -0.117711 -0.026148 -0.567362
12 0.000000 3.964346 -1.347968 1.574914 -0.318968 1.583587
13 7.507315 0.000000 -0.000000 0.007407 0.003292 0.076743
14 9.079733 0.000000 -0.000000 0.005050 0.008427 0.152139
15 10.826827 0.000000 0.000000 0.010776 0.006363 0.585913
16 8.860067 0.000000 -0.000000 2.941617 -0.428942 0.883350
17 4.341945 -0.000000 0.000000 -0.019847 0.019283 1.724534
18 6.900930 1.363879 3.754603 0.828819 -1.027781 -2.522683
19 12.731754 -0.000000 0.000000 -0.079830 -1.476505 -0.848180
20 26.625128 0.000000 0.000000 0.000000 -0.000000 -0.549515
21 20.040787 -0.000017 -0.000030 -1.380574 0.181162 -0.042124
22 16.821650 2.696737 -0.203279 -0.454715 2.101277 -2.090298
23 2.039386 -0.000000 -0.000000 0.000000 -0.119732 -0.551019
24 1.516909 0.000000 -0.000000 0.000000 -0.106498 -0.214585
25 17.176727 0.840396 -0.044736 -0.246604 1.977585 -1.852852
26 2.302859 -0.000000 0.000000 0.000000 -0.040281 -0.440509
27 2.047745 0.000000 0.000000 -0.000000 -0.019146 -0.127858
28 17.032684 -1.069098 -0.638179 2.512672 1.056836 0.848304
29 2.907259 -0.000000 -0.000000 0.000000 -0.070674 -0.789421
30 2.470908 -0.000000 0.000000 -0.000000 0.042753 -0.053852
31 16.797981 -2.957015 -1.264867 2.402309 1.055943 0.717082
32 2.246732 -0.000000 0.000000 -0.000000 0.130347 -0.750151
33 1.924987 0.000000 -0.000000 0.000000 0.084390 -0.071779
34 10.924372 -3.874175 -3.676631 -2.700621 0.350317 -0.102732
35 3.109823 0.000000 0.000000 0.000000 0.123272 -0.061145
36 1.512893 0.000000 -0.000000 -0.000000 -0.028966 0.541554
37 6.900930 1.363879 -3.754603 -0.868503 1.040019 -2.475370
38 12.731754 -0.000000 0.000000 -1.014756 1.443868 -1.982996
39 26.625128 0.000000 0.000000 0.000000 -0.000000 -0.435363
40 20.040768 -0.000010 0.000019 1.044758 -0.131630 -0.035360
41 16.821663 2.695864 0.214569 0.458848 -2.097646 -2.093866
42 2.039386 0.000000 0.000000 -0.000000 0.119732 -0.551019
43 1.516909 -0.000000 0.000000 0.000000 0.106498 -0.214585
44 17.176743 0.840203 0.048255 0.249576 -1.973565 -1.855583
45 2.302859 0.000000 -0.000000 -0.000000 0.040281 -0.440509
46 2.047745 -0.000000 -0.000000 0.000000 0.019146 -0.127858
47 17.032701 -1.071759 0.633698 -2.507009 -1.059970 0.843370
48 2.907259 -0.000000 -0.000000 -0.000000 0.070674 -0.789421
49 2.470908 0.000000 -0.000000 -0.000000 -0.042753 -0.053852
50 16.798000 -2.962283 1.252475 -2.395869 -1.058686 0.711474
51 2.246732 0.000000 0.000000 0.000000 -0.130347 -0.750151
52 1.924987 -0.000000 0.000000 -0.000000 -0.084390 -0.071779
53 10.924391 -3.889540 3.660376 2.705055 -0.349884 -0.104252
54 3.109823 0.000000 0.000000 -0.000000 -0.123272 -0.061145
55 1.512893 -0.000000 0.000000 0.000000 0.028966 0.541554
56 7.466661 3.907426 -1.935393 0.000000 0.000000 0.000000
57 1.255645 -0.116169 9.471869 -0.029018 -0.178291 -0.056240
58 -0.183178 -4.377939 -4.342432 0.000000 0.000000 0.000000
59 -0.002435 -3.218615 4.820142 0.034612 0.001164 -0.001398
60 0.000000 0.000000 0.000000 -0.000000 0.000000 0.000000
61 0.000000 0.000000 0.000000 0.000000 0.000000 0.000000
62 -0.000000 -2.426310 5.737833 -0.000000 0.000937 -0.001514
63 0.206732 -1.514296 -10.147256 0.000000 -0.000937 0.001514
64 -0.194928 1.514586 13.669277 0.000000 0.000937 -0.001514
65 0.003297 0.000007 -3.521831 0.000000 0.000000 0.000000
66 0.001702 2.426307 -5.737833 0.000000 0.000000 0.000000
67 0.000000 0.000000 0.000000 -0.000000 0.000000 0.000000
68 0.000000 0.000000 0.000000 0.034611 0.000227 0.000116
69 0.000629 -2.548207 9.257557 0.034612 0.001164 -0.001398
70 8.000000 0.000000 0.000000 0.039555 0.176273 0.062330
71 0.000003 -2.426316 9.259665 -0.000000 0.000937 -0.001514
72 -7.466661 3.907426 -1.935393 0.000000 0.000000 0.000000
73 1.918442 -0.729417 -6.977543 -0.139404 -0.834870 0.018745
74 0.334780 -4.377939 -4.346992 0.000000 0.000000 0.000000
75 -0.062909 -3.268069 4.891553 -0.028123 0.000750 -0.001603
76 0.000000 0.000000 -0.000000 -0.000000 -0.000000 -0.000000
77 0.000000 0.000000 0.000000 0.139717 0.000000 0.000000
78 -0.000000 -2.426310 5.737833 -0.000000 0.000937 -0.001514
79 -0.183130 -1.514886 -10.147621 0.000000 -0.000937 0.001514
80 0.194928 1.514586 13.669277 0.000000 0.000937 -0.001514
81 0.003303 0.000007 -3.521831 0.139717 0.000000 0.000000
82 0.001702 2.426307 -5.737833 0.000000 0.000000 0.000000
83 -0.000000 -0.000000 0.000000 -0.139717 -0.000000 -0.000000
84 0.000000 0.000000 0.000000 -0.028125 -0.000187 -0.000089
85 -0.000505 -2.327297 9.258274 -0.029398 -0.006627 0.060871
86 -8.000000 0.000000 0.000000 0.186113 0.827874 0.125114
87 -0.000003 -2.426316 9.259665 -0.000000 0.000937 -0.001514
88 0.000156 39.987263 -0.385905 0.000000 0.000000 0.000000
89 1.474082 -8.184532 -2.058993 -0.019478 -0.491661 -0.023694
90 0.000000 3.964346 -1.347968 1.570796 0.083193 1.570796
91 0.000000 0.000000 0.000000 0.008294 0.012033 0.415847
92 0.000000 -0.000000 0.000000 -0.000000 -0.000000 -0.013661
93 7.506614 -0.102554 0.000000 0.006932 0.004201 -0.063559
94 0.000000 0.000000 0.000000 0.000000 -0.000000 0.126643
95 9.007018 1.146814 0.000000 0.002009 0.009617 -0.055198
96 -0.000000 -0.000000 0.000000 0.000000 0.000000 0.333969
97 10.228633 3.548980 0.000000 0.001064 0.012469 -0.032491
98 0.000000 -0.000000 0.000000 -0.000000 -0.000000 0.952345
99 5.136838 7.218981 0.000000 0.442300 -0.166420 0.147920
100 0.000000 -0.000000 -0.000000 -0.000002 -3.141593 -1.535012
101 -0.155339 4.339165 0.000000 -0.017019 -0.021821 -0.255326
102 0.000000 0.000000 -0.000000 3.141592 0.000000 0.137367
103 2.889723 6.413463 3.754603 1.037195 -1.069949 -1.767391
104 0.000000 0.000000 0.000000 -0.036193 0.104269 0.022838
105 2.889723 6.413463 -3.754603 -1.110908 1.069949 -1.767391
106 0.000000 0.000000 0.000000 0.027221 -0.117444 0.039647
107 10.041444 64.005165 12.800918 0.000000 0.000000 0.000000
108 -0.696745 -41.224319 17.907194 0.000000 0.000000 0.000000
109 0.000000 9.000000 0.000000 0.000000 0.000000 0.000000
110 0.000000 0.000000 0.000000 0.000000 0.000000 0.000000
111 0.000000 0.000000 -10.000000 -0.000000 -0.000000 -0.000000
112 21.354446 9.062201 23.053272 0.000000 0.000000 0.000000
113 14.643336 41.645752 26.504078 0.717562 -0.211343 -1.844614
114 20.040791 -0.000036 0.000008 1.404680 0.142601 0.138624
115 0.000000 0.000000 0.000000 -0.706384 -0.193549 -0.023333
116 0.000000 0.000000 0.000000 -0.235528 0.036014 0.000000
117 -0.000000 0.000000 0.000000 -1.816459 0.017293 -0.015642
118 -16.081230 63.665195 -0.665769 0.000000 0.000000 0.000000
119 -7.907901 -43.319435 11.792015 0.000000 0.000000 0.000000
120 0.000000 9.000000 0.000000 0.000000 0.000000 0.000000
121 0.000000 0.000000 0.000000 0.000000 0.000000 0.000000
122 0.000004 -0.000016 -10.000016 -3.141593 -3.141593 3.141593
123 -20.607189 8.174361 0.220115 -0.000000 0.000000 0.000000
124 -25.236876 39.181709 4.396898 -2.849707 -0.342436 -1.504650
125 20.040770 -0.000027 0.000001 1.736913 -0.142601 0.138624
126 0.000000 0.000000 0.000000 0.381000 -0.143263 0.010455
127 0.000000 0.000000 0.000000 0.232579 -0.036013 -0.000000
128 -0.000000 -0.000000 0.000000 -1.329320 0.017292 0.015641
129 6.548762 31.682468 0.273392 0.000000 0.000000 0.000000
130 0.000000 0.000000 0.000000 0.000000 0.000000 0.000000
131 0.000000 0.000000 -10.000000 0.000000 0.000000 0.000000
132 1.873989 -0.330586 0.139714 0.000000 0.000000 0.000000
133 -3.600286 31.922991 -5.163187 0.000000 0.000000 0.000000
134 0.000000 0.000000 0.000000 0.000000 0.000000 0.000000
135 0.000000 0.000000 -10.000000 -0.000000 0.000000 0.000000
136 -7.860124 -0.389128 0.626129 0.000000 0.000000 0.000000
137 0.000000 0.000000 0.000000 1.570796 0.000000 0.000000
138 9.344699 22.780848 30.708113 1.384435 -0.074915 -1.801944
139 -23.989132 20.345760 11.126246 -0.723924 -0.221426 -1.461644
time 27
0 0.000000 0.000000 0.000000 1.570796 0.000000 0.000000
1 0.000000 0.000000 0.000000 1.570796 0.000000 0.000000
2 1.619314 31.554598 -2.483022 -0.003362 -0.499185 -0.025737
3 0.000000 0.000000 0.000000 0.000000 0.000000 0.000000
4 5.757982 0.000000 0.000000 -1.997843 -0.738895 -1.120195
5 18.152637 -0.000000 0.000000 0.000000 0.000000 1.245867
6 17.091557 -0.000000 -0.000000 -0.188766 0.055168 -1.611183
7 6.229743 0.000000 -0.000000 0.027121 0.011246 -0.365079
8 -5.757982 0.000000 -0.000000 -1.408687 -0.546909 -1.779116
9 18.152637 0.000000 0.000000 -0.000000 0.000000 1.315780
10 17.091557 0.000000 0.000000 0.271657 0.114382 -1.837526
11 6.229743 -0.000000 -0.000000 -0.117371 -0.026651 -0.581483
12 0.000000 3.964346 -1.347968 1.575530 -0.324354 1.583358
13 7.507315 0.000000 0.000000 0.007703 0.003623 0.074886
14 9.079733 0.000000 0.000000 0.005284 0.009282 0.142743
15 10.826827 0.000000 0.000000 0.019299 0.014510 0.576942
16 8.860067 0.000000 -0.000000 2.924188 -0.423250 0.888480
17 4.341945 -0.000000 0.000000 -0.027378 0.022677 1.711539
18 6.900930 1.363879 3.754603 0.835323 -1.028194 -2.512399
19 12.731754 0.000000 0.000000 -0.322419 -1.480643 -0.572630
20 26.625128 0.000000 0.000000 0.000000 -0.000000 -0.600600
21 20.040787 -0.000017 -0.000030 -1.410093 0.165669 -0.007092
22 16.821650 2.696737 -0.203279 -0.454715 2.101277 -2.090298
23 2.039386 0.000000 0.000000 -0.000000 -0.119732 -0.551019
24 1.516909 0.000000 -0.000000 0.000000 -0.106498 -0.214585
25 17.176727 0.840396 -0.044736 -0.246604 1.977585 -1.852852
26 2.302859 -0.000000 0.000000 0.000000 -0.040281 -0.440509
27 2.047745 0.000000 0.000000 -0.000000 -0.019146 -0.127858
28 17.032684 -1.069098 -0.638179 2.512672 1.056836 0.848304
29 2.907259 0.000000 0.000000 0.000000 -0.070674 -0.789421
30 2.470908 0.000000 -0.000000 0.000000 0.042753 -0.053852
31 16.797981 -2.957015 -1.264867 2.402309 1.055943 0.717082
32 2.246732 -0.000000 -0.000000 0.000000 0.130347 -0.750151
33 1.924987 -0.000000 0.000000 0.000000 0.084390 -0.071779
34 10.924372 -3.874175 -3.676631 -2.700621 0.350317 -0.102732
35 3.109823 -0.000000 0.000000 -0.000000 0.123272 -0.061145
36 1.512893 -0.000000 0.000000 -0.000000 -0.028966 0.541554
37 6.900930 1.363879 -3.754603 -0.845300 1.032972 -2.445792
38 12.731754 0.000000 0.000000 -1.105312 1.477960 -2.023050
39 26.625128 0.000000 -0.000000 -0.000000 0.000000 -0.509841
40 20.040768 -0.000010 0.000019 1.099945 -0.129216 -0.012447
41 16.821663 2.695864 0.214569 0.458848 -2.097646 -2.093866
42 2.039386 0.000000 -0.000000 -0.000000 0.119732 -0.551019
43 1.516909 0.000000 -0.000000 0.000000 0.106498 -0.214585
44 17.176743 0.840203 0.048255 0.249576 -1.973565 -1.855583
45 2.302859 -0.000000 0.000000 0.000000 0.040281 -0.440509
46 2.047745 0.000000 -0.000000 0.000000 0.019146 -0.127858
47 17.032701 -1.071759 0.633698 -2.507009 -1.059970 0.843370
48 2.907259 0.000000 0.000000 0.000000 0.070674 -0.789421
49 2.470908 0.000000 0.000000 -0.000000 -0.042753 -0.053852
50 16.798000 -2.962283 1.252475 -2.395869 -1.058686 0.711474
51 2.246732 -0.000000 -0.000000 0.000000 -0.130347 -0.750151
52 1.924987 -0.000000 -0.000000 -0.000000 -0.084390 -0.071779
53 10.924391 -3.889540 3.660376 2.705055 -0.349884 -0.104252
54 3.109823 0.000000 0.000000 0.000000 -0.123272 -0.061145
55 1.512893 -0.000000 0.000000 0.000000 0.028966 0.541554
56 7.466661 3.907426 -1.935393 0.000000 0.000000 0.000000
57 1.224825 -0.096472 9.499223 -0.023107 -0.178519 -0.047338
58 -0.183178 -4.377939 -4.342432 0.000000 0.000000 0.000000
59 -0.002435 -3.218431 4.819983 0.034813 0.001165 -0.001397
60 0.000000 0.000000 0.000000 0.000000 0.000000 0.000000
61 0.000000 0.000000 0.000000 0.000000 0.000000 0.000000
62 -0.000000 -2.426310 5.737833 -0.000000 0.000937 -0.001514
63 0.206732 -1.514296 -10.147256 0.000000 -0.000937 0.001514
64 -0.194928 1.514586 13.669277 0.000000 0.000937 -0.001514
65 0.003297 0.000007 -3.521831 0.000000 0.000000 0.000000
66 0.001702 2.426307 -5.737833 0.000000 0.000000 0.000000
67 0.000000 0.000000 0.000000 0.000000 0.000000 0.000000
68 0.000000 0.000000 0.000000 0.034811 0.000228 0.000117
69 0.000633 -2.548911 9.257532 0.034813 0.001165 -0.001397
70 8.000000 0.000000 0.000000 0.031986 0.177158 0.052247
71 0.000003 -2.426316 9.259665 -0.000000 0.000937 -0.001514
72 -7.466661 3.907426 -1.935393 0.000000 0.000000 0.000000
73 1.861161 -0.619375 -6.897336 -0.116620 -0.840053 0.014782
74 0.334780 -4.377939 -4.346992 0.000000 0.000000 0.000000
75 -0.062876 -3.279936 4.903522 -0.042248 0.000655 -0.001645
76 0.000000 0.000000 0.000000 -0.000000 -0.000000 -0.000000
77 0.000000 0.000000 0.000000 0.139717 0.000000 0.000000
78 -0.000000 -2.426310 5.737833 -0.000000 0.000937 -0.001514
79 -0.183130 -1.514886 -10.147621 0.000000 -0.000937 0.001514
80 0.194928 1.514586 13.669277 0.000000 0.000937 -0.001514
81 0.003303 0.000007 -3.521831 0.139717 0.000000 0.000000
82 0.001702 2.426307 -5.737833 0.000000 0.000000 0.000000
83 -0.000000 -0.000000 0.000000 -0.139717 -0.000000 -0.000000
84 0.000000 0.000000 0.000000 -0.042249 -0.000282 -0.000131
85 -0.000754 -2.277583 9.256524 -0.043502 -0.005839 0.060926
86 -8.000000 0.000000 0.000000 0.157696 0.834945 0.107410
87 -0.000003 -2.426316 9.259665 -0.000000 0.000937 -0.001514
88 0.000156 39.987263 -0.385905 0.000000 0.000000 0.000000
89 1.619158 -8.432664 -2.097118 -0.003362 -0.499185 -0.025737
90 0.000000 3.964346 -1.347968 1.570796 0.083193 1.570796
91 0.000000 0.000000 0.000000 0.008899 0.011786 0.421232
92 0.000000 -0.000000 0.000000 -0.000000 -0.000000 -0.013661
93 7.506614 -0.102554 0.000000 0.007184 0.004567 -0.065416
94 0.000000 0.000000 0.000000 0.000000 -0.000000 0.126643
95 9.007018 1.146814 0.000000 0.001950 0.010502 -0.064597
96 -0.000000 -0.000000 0.000000 0.000000 0.000000 0.333969
97 10.228633 3.548980 0.000000 -0.000635 0.024136 -0.041582
98 0.000000 -0.000000 0.000000 -0.000000 -0.000000 0.952345
99 5.136838 7.218981 0.000000 0.438495 -0.182859 0.146507
100 0.000000 -0.000000 -0.000000 -0.000002 -3.141593 -1.535012
101 -0.155339 4.339165 0.000000 -0.024015 -0.026214 -0.242322
102 0.000000 0.000000 -0.000000 3.141592 0.000000 0.137367
103 2.889723 6.413463 3.754603 1.037195 -1.069949 -1.767391
104 0.000000 0.000000 0.000000 -0.020481 0.108027 0.026637
105 2.889723 6.413463 -3.754603 -1.110908 1.069949 -1.767391
106 0.000000 0.000000 0.000000 0.024449 -0.133554 0.043801
107 9.827625 63.848949 13.276673 0.000000 0.000000 0.000000
108 -0.237253 -41.073544 17.431519 0.000000 0.000000 0.000000
109 0.000000 9.000000 0.000000 0.000000 0.000000 0.000000
110 0.000000 0.000000 0.000000 0.000000 0.000000 0.000000
111 0.000000 0.000000 -10.000000 -0.000000 -0.000000 -0.000000
112 20.527245 9.712367 23.882282 0.000000 0.000000 0.000000
113 14.946960 41.776512 27.258709 0.759056 -0.172984 -1.845575
114 20.040791 -0.000036 0.000008 1.404680 0.142601 0.138624
115 0.000000 0.000000 0.000000 -0.743957 -0.160936 -0.000454
116 0.000000 0.000000 0.000000 -0.235528 0.036014 0.000000
117 -0.000000 0.000000 0.000000 -1.816459 0.017293 -0.015642
118 -16.084534 63.324833 -0.496578 0.000000 0.000000 0.000000
119 -7.848662 -42.956921 11.622825 0.000000 0.000000 0.000000
120 0.000000 9.000000 0.000000 0.000000 0.000000 0.000000
121 0.000000 0.000000 0.000000 0.000000 0.000000 0.000000
122 0.000004 -0.000016 -10.000016 -3.141593 -3.141593 3.141593
123 -20.531548 8.863873 1.058220 -0.000000 0.000000 0.000000
124 -26.056297 39.130058 4.409960 -2.903993 -0.341744 -1.458117
125 20.040770 -0.000027 0.000001 1.736913 -0.142601 0.138624
126 0.000000 0.000000 0.000000 0.439803 -0.120904 0.005447
127 0.000000 0.000000 0.000000 0.232579 -0.036013 -0.000000
128 -0.000000 -0.000000 0.000000 -1.329320 0.017292 0.015641
129 6.672994 31.424501 0.273380 0.000000 0.000000 0.000000
130 0.000000 0.000000 0.000000 0.000000 0.000000 0.000000
131 0.000000 0.000000 -10.000000 0.000000 0.000000 0.000000
132 1.865746 -0.545268 0.304051 0.000000 0.000000 0.000000
133 -3.434366 31.684694 -5.239425 0.000000 0.000000 0.000000
134 0.000000 0.000000 0.000000 0.000000 0.000000 0.000000
135 0.000000 0.000000 -10.000000 -0.000000 0.000000 0.000000
136 -7.874887 -0.042422 0.544971 0.000000 0.000000 0.000000
137 0.000000 0.000000 0.000000 1.570796 0.000000 0.000000
138 9.590372 22.775404 30.708193 1.392515 -0.074915 -1.781843
139 -23.933195 20.367914 11.126246 -0.713175 -0.214222 -1.444895
time 28
0 0.000000 0.000000 0.000000 1.570796 0.000000 0.000000
1 0.000000 0.000000 0.000000 1.570796 0.000000 0.000000
2 1.784276 31.047647 -2.560743 0.011308 -0.507463 -0.025352
3 0.000000 0.000000 0.000000 0.000000 0.000000 0.000000
4 5.757982 0.000000 0.000000 -2.029868 -0.777595 -1.092110
5 18.152637 -0.000000 0.000000 0.000000 0.000000 1.294380
6 17.091557 0.000000 0.000000 -0.178159 0.052074 -1.620545
7 6.229743 0.000000 -0.000000 0.027115 0.011262 -0.365547
8 -5.757982 0.000000 -0.000000 -1.399977 -0.597834 -1.796270
9 18.152637 -0.000000 -0.000000 -0.000000 0.000000 1.370853
10 17.091557 0.000000 0.000000 0.275723 0.103516 -1.834817
11 6.229743 0.000000 -0.000000 -0.116987 -0.027201 -0.597102
12 0.000000 3.964346 -1.347968 1.577600 -0.332054 1.580026
13 7.507315 -0.000000 0.000000 0.007875 0.002606 0.076635
14 9.079733 -0.000000 -0.000000 0.005115 0.008761 0.137480
15 10.826827 -0.000000 0.000000 0.028822 0.023773 0.571021
16 8.860067 0.000000 -0.000000 2.921048 -0.423558 0.873908
17 4.341945 0.000000 0.000000 -0.026727 0.018739 1.721637
18 6.900930 1.363879 3.754603 0.779039 -1.033086 -2.444090
19 12.731754 0.000000 -0.000000 -0.389015 -1.493494 -0.507381
20 26.625128 0.000000 0.000000 -0.000000 -0.000000 -0.647171
21 20.040787 -0.000017 -0.000030 -1.424876 0.154301 0.034843
22 16.821650 2.696737 -0.203279 -0.454715 2.101277 -2.090298
23 2.039386 0.000000 0.000000 0.000000 -0.119732 -0.551019
24 1.516909 -0.000000 -0.000000 0.000000 -0.106498 -0.214585
25 17.176727 0.840396 -0.044736 -0.246604 1.977585 -1.852852
26 2.302859 0.000000 0.000000 0.000000 -0.040281 -0.440509
27 2.047745 -0.000000 -0.000000 -0.000000 -0.019146 -0.127858
28 17.032684 -1.069098 -0.638179 2.512672 1.056836 0.848304
29 2.907259 0.000000 0.000000 0.000000 -0.070674 -0.789421
30 2.470908 -0.000000 0.000000 -0.000000 0.042753 -0.053852
31 16.797981 -2.957015 -1.264867 2.402309 1.055943 0.717082
32 2.246732 0.000000 -0.000000 -0.000000 0.130347 -0.750151
33 1.924987 0.000000 -0.000000 0.000000 0.084390 -0.071779
34 10.924372 -3.874175 -3.676631 -2.700621 0.350317 -0.102732
35 3.109823 -0.000000 0.000000 0.000000 0.123272 -0.061145
36 1.512893 -0.000000 0.000000 -0.000000 -0.028966 0.541554
37 6.900930 1.363879 -3.754603 -0.814232 1.031224 -2.395555
38 12.731754 0.000000 -0.000000 1.606955 1.611359 0.712941
39 26.625128 0.000000 -0.000000 -0.000000 0.000000 -0.612882
40 20.040768 -0.000010 0.000019 1.137524 -0.121600 0.034043
41 16.821663 2.695864 0.214569 0.458848 -2.097646 -2.093866
42 2.039386 -0.000000 -0.000000 -0.000000 0.119732 -0.551019
43 1.516909 -0.000000 -0.000000 0.000000 0.106498 -0.214585
44 17.176743 0.840203 0.048255 0.249576 -1.973565 -1.855583
45 2.302859 0.000000 -0.000000 0.000000 0.040281 -0.440509
46 2.047745 -0.000000 0.000000 -0.000000 0.019146 -0.127858
47 17.032701 -1.071759 0.633698 -2.507009 -1.059970 0.843370
48 2.907259 -0.000000 0.000000 -0.000000 0.070674 -0.789421
49 2.470908 0.000000 0.000000 -0.000000 -0.042753 -0.053852
50 16.798000 -2.962283 1.252475 -2.395869 -1.058686 0.711474
51 2.246732 0.000000 0.000000 -0.000000 -0.130347 -0.750151
52 1.924987 -0.000000 -0.000000 -0.000000 -0.084390 -0.071779
53 10.924391 -3.889540 3.660376 2.705055 -0.349884 -0.104252
54 3.109823 0.000000 0.000000 0.000000 -0.123272 -0.061145
55 1.512893 -0.000000 0.000000 0.000000 0.028966 0.541554
56 7.466661 3.907426 -1.935393 0.000000 0.000000 0.000000
57 1.192726 -0.070317 9.527713 -0.016846 -0.178738 -0.039554
58 -0.183178 -4.377939 -4.342432 0.000000 0.000000 0.000000
59 -0.002434 -3.218860 4.820354 0.034345 0.001162 -0.001399
60 0.000000 0.000000 0.000000 0.000000 -0.000000 0.000000
61 0.000000 0.000000 0.000000 0.000000 0.000000 0.000000
62 -0.000000 -2.426310 5.737833 -0.000000 0.000937 -0.001514
63 0.206732 -1.514296 -10.147256 0.000000 -0.000937 0.001514
64 -0.194928 1.514586 13.669277 0.000000 0.000937 -0.001514
65 0.003297 0.000007 -3.521831 0.000000 0.000000 0.000000
66 0.001702 2.426307 -5.737833 0.000000 0.000000 0.000000
67 0.000000 0.000000 0.000000 0.000000 0.000000 0.000000
68 0.000000 0.000000 0.000000 0.034344 0.000225 0.000115
69 0.000624 -2.547266 9.257589 0.034345 0.001162 -0.001399
70 8.000000 0.000000 0.000000 0.024246 0.177895 0.043226
71 0.000003 -2.426316 9.259665 -0.000000 0.000937 -0.001514
72 -7.466661 3.907426 -1.935393 0.000000 0.000000 0.000000
73 1.798153 -0.512432 -6.824593 -0.094348 -0.844560 0.011631
74 0.334780 -4.377939 -4.346992 0.000000 0.000000 0.000000
75 -0.062841 -3.292864 4.916955 -0.057871 0.000549 -0.001691
76 0.000000 0.000000 0.000000 -0.000000 0.000000 0.000000
77 0.000000 0.000000 0.000000 0.139717 0.000000 0.000000
78 -0.000000 -2.426310 5.737833 -0.000000 0.000937 -0.001514
79 -0.183130 -1.514886 -10.147621 0.000000 -0.000937 0.001514
80 0.194928 1.514586 13.669277 0.000000 0.000937 -0.001514
81 0.003303 0.000007 -3.521831 0.139717 0.000000 0.000000
82 0.001702 2.426307 -5.737833 0.000000 0.000000 0.000000
83 -0.000000 -0.000000 -0.000000 -0.139717 -0.000000 -0.000000
84 0.000000 0.000000 0.000000 -0.057873 -0.000388 -0.000176
85 -0.001028 -2.222629 9.253771 -0.059101 -0.004967 0.060975
86 -8.000000 0.000000 0.000000 0.128679 0.841133 0.088401
87 -0.000003 -2.426316 9.259665 -0.000000 0.000937 -0.001514
88 0.000156 39.987263 -0.385905 0.000000 0.000000 0.000000
89 1.784120 -8.939615 -2.174839 0.011308 -0.507463 -0.025352
90 0.000000 3.964346 -1.347968 1.570796 0.083193 1.570796
91 0.000000 0.000000 0.000000 0.009931 0.008591 0.428921
92 0.000000 -0.000000 0.000000 -0.000000 -0.000000 -0.013661
93 7.506614 -0.102554 0.000000 0.007483 0.003580 -0.063666
94 0.000000 0.000000 0.000000 0.000000 -0.000000 0.126643
95 9.007018 1.146814 0.000000 0.001960 0.009953 -0.069858
96 -0.000000 -0.000000 0.000000 0.000000 0.000000 0.333969
97 10.228633 3.548980 0.000000 -0.002667 0.037264 -0.047747
98 0.000000 -0.000000 0.000000 -0.000000 -0.000000 0.952345
99 5.136838 7.218981 0.000000 0.439167 -0.185661 0.130522
100 0.000000 -0.000000 -0.000000 -0.000002 -3.141593 -1.535012
101 -0.155339 4.339165 0.000000 -0.023909 -0.022223 -0.252408
102 0.000000 0.000000 -0.000000 3.141592 0.000000 0.137367
103 2.889723 6.413463 3.754603 1.037195 -1.069949 -1.767391
104 0.000000 0.000000 0.000000 -0.014888 0.130507 0.054261
105 2.889723 6.413463 -3.754603 -1.110908 1.069949 -1.767391
106 0.000000 0.000000 0.000000 0.010109 -0.154022 0.059721
107 9.536687 63.677219 14.015525 0.000000 0.000000 0.000000
108 0.346908 -40.999935 16.757202 0.000000 0.000000 0.000000
109 0.000000 9.000000 0.000000 0.000000 0.000000 0.000000
110 0.000000 0.000000 0.000000 0.000000 0.000000 0.000000
111 0.000000 0.000000 -10.000000 -0.000000 -0.000000 -0.000000
112 19.442656 9.804293 24.396486 0.000000 0.000000 0.000000
113 15.203472 41.815784 28.117390 0.788627 -0.132887 -1.841919
114 20.040791 -0.000036 0.000008 1.404680 0.142601 0.138624
115 0.000000 0.000000 -0.000000 -0.765838 -0.121291 0.018837
116 0.000000 0.000000 0.000000 -0.235528 0.036014 0.000000
117 -0.000000 0.000000 0.000000 -1.816459 0.017293 -0.015642
118 -16.201571 62.776215 -0.100629 0.000000 0.000000 0.000000
119 -7.659023 -42.411942 11.226875 0.000000 0.000000 0.000000
120 0.000000 9.000000 0.000000 0.000000 0.000000 0.000000
121 0.000000 0.000000 0.000000 0.000000 0.000000 0.000000
122 0.000004 -0.000016 -10.000016 -3.141593 -3.141593 3.141593
123 -20.055220 8.983963 1.922759 -0.000000 0.000000 0.000000
124 -27.202932 38.959641 4.442301 -2.952021 -0.340031 -1.392955
125 20.040770 -0.000027 0.000001 1.736913 -0.142601 0.138624
126 0.000000 -0.000000 0.000000 0.484779 -0.076626 -0.009240
127 0.000000 0.000000 0.000000 0.232579 -0.036013 -0.000000
128 -0.000000 -0.000000 0.000000 -1.329320 0.017292 0.015641
129 6.815022 30.920082 0.237412 0.000000 0.000000 0.000000
130 0.000000 0.000000 0.000000 0.000000 0.000000 0.000000
131 0.000000 0.000000 -10.000000 0.000000 0.000000 0.000000
132 1.855510 -0.909046 0.605620 0.000000 0.000000 0.000000
133 -3.246471 31.175211 -5.358899 0.000000 0.000000 0.000000
134 0.000000 0.000000 0.000000 0.000000 0.000000 0.000000
135 0.000000 0.000000 -10.000000 -0.000000 0.000000 0.000000
136 -7.853187 0.451034 0.435972 0.000000 0.000000 0.000000
137 0.000000 0.000000 0.000000 1.570796 0.000000 0.000000
138 9.883595 22.677284 30.772728 1.403938 -0.074915 -1.753424
139 -23.860594 20.364271 11.126246 -0.705981 -0.209400 -1.433604
time 29
0 0.000000 0.000000 0.000000 1.570796 0.000000 0.000000
1 0.000000 0.000000 0.000000 1.570796 0.000000 0.000000
2 1.988870 30.447481 -2.633121 0.018127 -0.516486 -0.022824
3 0.000000 0.000000 0.000000 0.000000 0.000000 0.000000
4 5.757982 -0.000000 0.000000 -2.059432 -0.812738 -1.065938
5 18.152637 -0.000000 -0.000000 0.000000 -0.000000 1.346175
6 17.091557 0.000000 0.000000 -0.169593 0.046646 -1.630529
7 6.229743 -0.000000 0.000000 0.027115 0.011262 -0.365520
8 -5.757982 0.000000 -0.000000 -1.398598 -0.647203 -1.813963
9 18.152637 -0.000000 0.000000 0.000000 -0.000000 1.432638
10 17.091557 0.000000 -0.000000 0.283425 0.095788 -1.831990
11 6.229743 0.000000 0.000000 -0.116535 -0.027825 -0.615035
12 0.000000 3.964346 -1.347968 1.578775 -0.341569 1.576972
13 7.507315 0.000000 0.000000 0.007460 0.001726 0.084440
14 9.079733 0.000000 -0.000000 0.004599 0.007693 0.141111
15 10.826827 -0.000000 0.000000 0.033912 0.029085 0.572303
16 8.860067 -0.000000 0.000000 2.923275 -0.424811 0.850539
17 4.341945 -0.000000 0.000000 -0.026761 0.016516 1.737496
18 6.900930 1.363879 3.754603 0.733284 -1.034019 -2.394941
19 12.731754 -0.000000 -0.000000 -0.732363 -1.495381 -0.189474
20 26.625128 -0.000000 -0.000000 -0.000000 0.000000 -0.708725
21 20.040787 -0.000017 -0.000030 -1.412229 0.157246 0.089885
22 16.821650 2.696737 -0.203279 -0.454715 2.101277 -2.090298
23 2.039386 -0.000000 0.000000 0.000000 -0.119732 -0.551019
24 1.516909 0.000000 0.000000 0.000000 -0.106498 -0.214585
25 17.176727 0.840396 -0.044736 -0.246604 1.977585 -1.852852
26 2.302859 -0.000000 -0.000000 0.000000 -0.040281 -0.440509
27 2.047745 0.000000 0.000000 0.000000 -0.019146 -0.127858
28 17.032684 -1.069098 -0.638179 2.512672 1.056836 0.848304
29 2.907259 0.000000 0.000000 -0.000000 -0.070674 -0.789421
30 2.470908 0.000000 -0.000000 -0.000000 0.042753 -0.053852
31 16.797981 -2.957015 -1.264867 2.402309 1.055943 0.717082
32 2.246732 0.000000 -0.000000 -0.000000 0.130347 -0.750151
33 1.924987 0.000000 -0.000000 0.000000 0.084390 -0.071779
34 10.924372 -3.874175 -3.676631 -2.700621 0.350317 -0.102732
35 3.109823 -0.000000 -0.000000 -0.000000 0.123272 -0.061145
36 1.512893 0.000000 0.000000 0.000000 -0.028966 0.541554
37 6.900930 1.363879 -3.754603 -0.826393 1.019507 -2.403528
38 12.731754 0.000000 0.000000 -0.481747 1.612190 -1.359808
39 26.625128 0.000000 0.000000 0.000000 0.000000 -0.731702
40 20.040768 -0.000010 0.000019 1.143983 -0.121952 0.096925
41 16.821663 2.695864 0.214569 0.458848 -2.097646 -2.093866
42 2.039386 -0.000000 0.000000 0.000000 0.119732 -0.551019
43 1.516909 0.000000 0.000000 0.000000 0.106498 -0.214585
44 17.176743 0.840203 0.048255 0.249576 -1.973565 -1.855583
45 2.302859 0.000000 -0.000000 0.000000 0.040281 -0.440509
46 2.047745 0.000000 0.000000 0.000000 0.019146 -0.127858
47 17.032701 -1.071759 0.633698 -2.507009 -1.059970 0.843370
48 2.907259 0.000000 -0.000000 0.000000 0.070674 -0.789421
49 2.470908 0.000000 0.000000 -0.000000 -0.042753 -0.053852
50 16.798000 -2.962283 1.252475 -2.395869 -1.058686 0.711474
51 2.246732 0.000000 -0.000000 -0.000000 -0.130347 -0.750151
52 1.924987 0.000000 -0.000000 -0.000000 -0.084390 -0.071779
53 10.924391 -3.889540 3.660376 2.705055 -0.349884 -0.104252
54 3.109823 -0.000000 0.000000 -0.000000 -0.123272 -0.061145
55 1.512893 -0.000000 0.000000 0.000000 0.028966 0.541554
56 7.466661 3.907426 -1.935393 0.000000 0.000000 0.000000
57 1.170630 -0.067915 9.577809 -0.010622 -0.178575 -0.033006
58 -0.183178 -4.377939 -4.342432 0.000000 0.000000 0.000000
59 -0.002434 -3.218835 4.820333 0.034372 0.001162 -0.001399
60 0.000000 0.000000 0.000000 0.000000 -0.000000 0.000000
61 0.000000 0.000000 0.000000 0.000000 0.000000 0.000000
62 -0.000000 -2.426310 5.737833 -0.000000 0.000937 -0.001514
63 0.206732 -1.514296 -10.147256 0.000000 -0.000937 0.001514
64 -0.194928 1.514586 13.669277 0.000000 0.000937 -0.001514
65 0.003297 0.000007 -3.521831 0.000000 0.000000 0.000000
66 0.001702 2.426307 -5.737833 0.000000 0.000000 0.000000
67 0.000000 0.000000 0.000000 0.000000 0.000000 0.000000
68 0.000000 0.000000 0.000000 0.034370 0.000225 0.000115
69 0.000625 -2.547359 9.257586 0.034372 0.001162 -0.001399
70 8.000000 0.000000 0.000000 0.016744 0.178111 0.035452
71 0.000003 -2.426316 9.259665 -0.000000 0.000937 -0.001514
72 -7.466661 3.907426 -1.935393 0.000000 0.000000 0.000000
73 1.727243 -0.399197 -6.750021 -0.069791 -0.849052 0.007731
74 0.334780 -4.377939 -4.346992 0.000000 0.000000 0.000000
75 -0.062802 -3.307445 4.932622 -0.075808 0.000427 -0.001741
76 0.000000 0.000000 -0.000000 -0.000000 0.000000 0.000000
77 0.000000 0.000000 0.000000 0.139717 0.000000 0.000000
78 -0.000000 -2.426310 5.737833 -0.000000 0.000937 -0.001514
79 -0.183130 -1.514886 -10.147621 0.000000 -0.000937 0.001514
80 0.194928 1.514586 13.669277 0.000000 0.000937 -0.001514
81 0.003303 0.000007 -3.521831 0.139717 0.000000 0.000000
82 0.001702 2.426307 -5.737833 0.000000 0.000000 0.000000
83 -0.000000 -0.000000 0.000000 -0.139717 -0.000000 -0.000000
84 0.000000 0.000000 0.000000 -0.075809 -0.000510 -0.000226
85 -0.001340 -2.159602 9.249552 -0.077010 -0.003965 0.061013
86 -8.000000 0.000000 0.000000 0.096716 0.847071 0.067454
87 -0.000003 -2.426316 9.259665 -0.000000 0.000937 -0.001514
88 0.000156 39.987263 -0.385905 0.000000 0.000000 0.000000
89 1.988714 -9.539782 -2.247217 0.018127 -0.516486 -0.022824
90 0.000000 3.964346 -1.347968 1.570796 0.083193 1.570796
91 0.000000 0.000000 0.000000 0.010126 0.005681 0.438429
92 0.000000 -0.000000 0.000000 -0.000000 -0.000000 -0.013661
93 7.506614 -0.102554 0.000000 0.007183 0.002655 -0.055861
94 0.000000 0.000000 0.000000 0.000000 -0.000000 0.126643
95 9.007018 1.146814 0.000000 0.001824 0.008775 -0.066225
96 -0.000000 -0.000000 0.000000 0.000000 0.000000 0.333969
97 10.228633 3.548980 0.000000 -0.004049 0.044489 -0.046657
98 0.000000 -0.000000 0.000000 -0.000000 -0.000000 0.952345
99 5.136838 7.218981 0.000000 0.440175 -0.183492 0.107884
100 0.000000 -0.000000 -0.000000 -0.000002 -3.141593 -1.535012
101 -0.155339 4.339165 0.000000 -0.024247 -0.020027 -0.268261
102 0.000000 0.000000 -0.000000 3.141592 0.000000 0.137367
103 2.889723 6.413463 3.754603 1.037195 -1.069949 -1.767391
104 0.000000 0.000000 0.000000 -0.015803 0.147375 0.073122
105 2.889723 6.413463 -3.754603 -1.110908 1.069949 -1.767391
106 0.000000 0.000000 0.000000 0.006568 -0.158892 0.048149
107 9.169618 63.135159 14.781528 0.000000 0.000000 0.000000
108 0.959651 -40.721523 16.172882 0.000000 0.000000 0.000000
109 0.000000 9.000000 0.000000 0.000000 0.000000 0.000000
110 0.000000 0.000000 0.000000 0.000000 0.000000 0.000000
111 0.000000 0.000000 -10.000000 -0.000000 -0.000000 -0.000000
112 18.562889 9.289976 24.263416 0.000000 0.000000 0.000000
113 15.628115 41.588669 29.027021 0.794008 -0.096322 -1.850073
114 20.040791 -0.000036 0.000008 1.404680 0.142601 0.138624
115 0.000000 0.000000 -0.000000 5.523573 -0.067492 0.025280
116 0.000000 0.000000 0.000000 -0.235528 0.036014 0.000000
117 -0.000000 0.000000 0.000000 -1.816459 0.017293 -0.015642
118 -16.203299 61.795773 0.197269 0.000000 0.000000 0.000000
119 -7.574241 -41.566105 10.928977 0.000000 0.000000 0.000000
120 0.000000 9.000000 0.000000 0.000000 0.000000 0.000000
121 0.000000 0.000000 0.000000 0.000000 0.000000 0.000000
122 0.000004 -0.000016 -10.000016 -3.141593 -3.141593 3.141593
123 -19.405077 8.472939 2.330872 -0.000000 0.000000 0.000000
124 -28.402405 38.481487 4.262148 -2.978108 -0.349583 -1.322628
125 20.040770 -0.000027 0.000001 1.736913 -0.142601 0.138624
126 0.000000 0.000000 -0.000000 0.499265 -0.015017 -0.019370
127 0.000000 0.000000 0.000000 0.232579 -0.036013 -0.000000
128 -0.000000 -0.000000 0.000000 -1.329320 0.017292 0.015641
129 6.994475 30.333210 0.210331 0.000000 0.000000 0.000000
130 0.000000 0.000000 0.000000 0.000000 0.000000 0.000000
131 0.000000 0.000000 -10.000000 0.000000 0.000000 0.000000
132 1.858596 -1.266171 0.934734 0.000000 0.000000 0.000000
133 -3.016735 30.561750 -5.476573 0.000000 0.000000 0.000000
134 0.000000 0.000000 0.000000 0.000000 0.000000 0.000000
135 0.000000 0.000000 -10.000000 -0.000000 0.000000 0.000000
136 -7.755001 0.948954 0.354749 0.000000 0.000000 0.000000
137 0.000000 0.000000 0.000000 1.570796 0.000000 0.000000
138 10.129269 22.413635 30.954409 1.417033 -0.074915 -1.720847
139 -23.777540 20.229668 11.126246 -0.703358 -0.207642 -1.429464
time 30
0 0.000000 0.000000 0.000000 1.570796 0.000000 0.000000
1 0.000000 0.000000 0.000000 1.570796 0.000000 0.000000
2 2.211326 29.784090 -2.717594 0.015475 -0.524930 -0.018573
3 0.000000 0.000000 0.000000 0.000000 0.000000 0.000000
4 5.757982 0.000000 0.000000 -2.080292 -0.843523 -1.046144
5 18.152637 0.000000 0.000000 0.000000 0.000000 1.401779
6 17.091557 -0.000000 -0.000000 -0.165361 0.037596 -1.645628
7 6.229743 -0.000000 -0.000000 0.027239 0.010938 -0.356304
8 -5.757982 0.000000 -0.000000 -1.406943 -0.690981 -1.828512
9 18.152637 0.000000 -0.000000 -0.000000 -0.000000 1.497108
10 17.091557 -0.000000 -0.000000 0.295483 0.091580 -1.829942
11 6.229743 0.000000 -0.000000 -0.116098 -0.028405 -0.631939
12 0.000000 3.964346 -1.347968 1.576736 -0.353116 1.575052
13 7.507315 -0.000000 -0.000000 0.005234 0.000964 0.099485
14 9.079733 -0.000000 -0.000000 0.003104 0.005656 0.153379
15 10.826827 0.000000 0.000000 0.034211 0.030697 0.579384
16 8.860067 0.000000 -0.000000 2.933102 -0.428447 0.822272
17 4.341945 0.000000 0.000000 -0.024778 0.015428 1.762168
18 6.900930 1.363879 3.754603 0.744615 -1.034309 -2.407250
19 12.731754 -0.000000 0.000000 -1.212990 -1.444892 0.226722
20 26.625128 0.000000 0.000000 0.000000 -0.000000 -0.797472
21 20.040787 -0.000017 -0.000030 -1.348799 0.183258 0.166498
22 16.821650 2.696737 -0.203279 -0.454715 2.101277 -2.090298
23 2.039386 -0.000000 -0.000000 -0.000000 -0.119732 -0.551019
24 1.516909 -0.000000 -0.000000 0.000000 -0.106498 -0.214585
25 17.176727 0.840396 -0.044736 -0.246604 1.977585 -1.852852
26 2.302859 -0.000000 -0.000000 -0.000000 -0.040281 -0.440509
27 2.047745 0.000000 -0.000000 -0.000000 -0.019146 -0.127858
28 17.032684 -1.069098 -0.638179 2.512672 1.056836 0.848304
29 2.907259 -0.000000 0.000000 -0.000000 -0.070674 -0.789421
30 2.470908 0.000000 0.000000 -0.000000 0.042753 -0.053852
31 16.797981 -2.957015 -1.264867 2.402309 1.055943 0.717082
32 2.246732 0.000000 -0.000000 0.000000 0.130347 -0.750151
33 1.924987 0.000000 -0.000000 0.000000 0.084390 -0.071779
34 10.924372 -3.874175 -3.676631 -2.700621 0.350317 -0.102732
35 3.109823 0.000000 -0.000000 -0.000000 0.123272 -0.061145
36 1.512893 0.000000 0.000000 0.000000 -0.028966 0.541554
37 6.900930 1.363879 -3.754603 -0.858119 1.017601 -2.448432
38 12.731754 0.000000 0.000000 -0.935600 1.665054 -1.841913
39 26.625128 0.000000 0.000000 -0.000000 -0.000000 -0.842167
40 20.040768 -0.000010 0.000019 1.054783 -0.104679 0.213881
41 16.821663 2.695864 0.214569 0.458848 -2.097646 -2.093866
42 2.039386 -0.000000 0.000000 0.000000 0.119732 -0.551019
43 1.516909 -0.000000 0.000000 0.000000 0.106498 -0.214585
44 17.176743 0.840203 0.048255 0.249576 -1.973565 -1.855583
45 2.302859 0.000000 -0.000000 0.000000 0.040281 -0.440509
46 2.047745 -0.000000 0.000000 0.000000 0.019146 -0.127858
47 17.032701 -1.071759 0.633698 -2.507009 -1.059970 0.843370
48 2.907259 0.000000 -0.000000 0.000000 0.070674 -0.789421
49 2.470908 0.000000 -0.000000 -0.000000 -0.042753 -0.053852
50 16.798000 -2.962283 1.252475 -2.395869 -1.058686 0.711474
51 2.246732 -0.000000 -0.000000 -0.000000 -0.130347 -0.750151
52 1.924987 0.000000 0.000000 -0.000000 -0.084390 -0.071779
53 10.924391 -3.889540 3.660376 2.705055 -0.349884 -0.104252
54 3.109823 -0.000000 -0.000000 -0.000000 -0.123272 -0.061145
55 1.512893 0.000000 0.000000 0.000000 0.028966 0.541554
56 7.466661 3.907426 -1.935393 0.000000 0.000000 0.000000
57 1.143113 -0.060201 9.592240 -0.007326 -0.177938 -0.029042
58 -0.183178 -4.377939 -4.342432 0.000000 0.000000 0.000000
59 -0.002461 -3.210342 4.813064 0.043592 0.001222 -0.001367
60 0.000000 0.000000 0.000000 0.000000 -0.000000 -0.000000
61 0.000000 0.000000 0.000000 0.000000 0.000000 0.000000
62 -0.000000 -2.426310 5.737833 -0.000000 0.000937 -0.001514
63 0.206732 -1.514296 -10.147256 0.000000 -0.000937 0.001514
64 -0.194928 1.514586 13.669277 0.000000 0.000937 -0.001514
65 0.003297 0.000007 -3.521831 0.000000 0.000000 0.000000
66 0.001702 2.426307 -5.737833 0.000000 0.000000 0.000000
67 0.000000 0.000000 0.000000 -0.000000 0.000000 0.000000
68 0.000000 0.000000 0.000000 0.043591 0.000285 0.000147
69 0.000793 -2.579808 9.256321 0.043592 0.001222 -0.001367
70 8.000000 0.000000 0.000000 0.012662 0.177641 0.030823
71 0.000003 -2.426316 9.259665 -0.000000 0.000937 -0.001514
72 -7.466661 3.907426 -1.935393 0.000000 0.000000 0.000000
73 1.651309 -0.289406 -6.688053 -0.046290 -0.852314 0.004784
74 0.334780 -4.377939 -4.346992 0.000000 0.000000 0.000000
75 -0.062768 -3.320929 4.947628 -0.092714 0.000311 -0.001786
76 0.000000 0.000000 -0.000000 -0.000000 0.000000 0.000000
77 0.000000 0.000000 0.000000 0.139717 0.000000 0.000000
78 -0.000000 -2.426310 5.737833 -0.000000 0.000937 -0.001514
79 -0.183130 -1.514886 -10.147621 0.000000 -0.000937 0.001514
80 0.194928 1.514586 13.669277 0.000000 0.000937 -0.001514
81 0.003303 0.000007 -3.521831 0.139717 0.000000 0.000000
82 0.001702 2.426307 -5.737833 0.000000 0.000000 0.000000
83 -0.000000 -0.000000 0.000000 -0.139717 -0.000000 -0.000000
84 0.000000 0.000000 0.000000 -0.092715 -0.000626 -0.000272
85 -0.001631 -2.100271 9.244541 -0.093891 -0.003020 0.061033
86 -8.000000 0.000000 0.000000 0.064811 0.851412 0.045629
87 -0.000003 -2.426316 9.259665 -0.000000 0.000937 -0.001514
88 0.000156 39.987263 -0.385905 0.000000 0.000000 0.000000
89 2.211170 -10.203171 -2.331690 0.015475 -0.524930 -0.018573
90 0.000000 3.964346 -1.347968 1.570796 0.083193 1.570796
91 0.000000 0.000000 0.000000 0.007465 0.003891 0.449972
92 0.000000 -0.000000 0.000000 -0.000000 -0.000000 -0.013661
93 7.506614 -0.102554 0.000000 0.005070 0.001617 -0.040817
94 0.000000 0.000000 0.000000 0.000000 -0.000000 0.126643
95 9.007018 1.146814 0.000000 0.001079 0.006361 -0.053952
96 -0.000000 -0.000000 0.000000 0.000000 0.000000 0.333969
97 10.228633 3.548980 0.000000 -0.005191 0.045666 -0.039636
98 0.000000 -0.000000 0.000000 -0.000000 -0.000000 0.952345
99 5.136838 7.218981 0.000000 0.442732 -0.174168 0.083229
100 0.000000 -0.000000 -0.000000 -0.000002 -3.141593 -1.535012
101 -0.155339 4.339165 0.000000 -0.022432 -0.018677 -0.292937
102 0.000000 0.000000 -0.000000 3.141592 0.000000 0.137367
103 2.889723 6.413463 3.754603 1.037195 -1.069949 -1.767391
104 0.000000 0.000000 0.000000 -0.015692 0.142853 0.068690
105 2.889723 6.413463 -3.754603 -1.110908 1.069949 -1.767391
106 0.000000 0.000000 0.000000 0.015642 -0.142396 0.031033
107 8.787354 61.963490 15.502985 0.000000 0.000000 0.000000
108 1.444939 -40.051888 15.802946 0.000000 0.000000 0.000000
109 0.000000 9.000000 0.000000 0.000000 0.000000 0.000000
110 0.000000 0.000000 0.000000 0.000000 0.000000 0.000000
111 0.000000 0.000000 -10.000000 -0.000000 -0.000000 -0.000000
112 18.512550 8.143070 23.189259 0.000000 0.000000 0.000000
113 16.477234 40.899456 29.858112 0.754207 -0.072307 -1.888544
114 20.040791 -0.000036 0.000008 1.404680 0.142601 0.138624
115 0.000000 0.000000 0.000000 -0.705412 0.008823 0.010926
116 0.000000 0.000000 0.000000 -0.235528 0.036014 0.000000
117 -0.000000 0.000000 0.000000 -1.816459 0.017293 -0.015642
118 -16.290888 60.507572 0.446928 0.000000 0.000000 0.000000
119 -7.399360 -40.648628 10.679318 0.000000 0.000000 0.000000
120 0.000000 9.000000 0.000000 0.000000 0.000000 0.000000
121 0.000000 0.000000 0.000000 0.000000 0.000000 0.000000
122 0.000004 -0.000016 -10.000016 -3.141593 -3.141593 3.141593
123 -18.818605 7.246403 1.878110 -0.000000 0.000000 0.000000
124 -29.417042 37.573627 3.708170 -2.961753 -0.379169 -1.258121
125 20.040770 -0.000027 0.000001 1.736913 -0.142601 0.138624
126 0.000000 0.000000 0.000000 0.422035 0.096250 -0.057698
127 0.000000 0.000000 0.000000 0.232579 -0.036013 -0.000000
128 -0.000000 -0.000000 0.000000 -1.329320 0.017292 0.015641
129 7.193188 29.691551 0.168033 0.000000 0.000000 0.000000
130 0.000000 0.000000 0.000000 0.000000 0.000000 0.000000
131 0.000000 0.000000 -10.000000 0.000000 0.000000 0.000000
132 1.886461 -1.612623 1.292531 0.000000 0.000000 0.000000
133 -2.770536 29.876631 -5.603221 0.000000 0.000000 0.000000
134 0.000000 0.000000 0.000000 0.000000 0.000000 0.000000
135 0.000000 0.000000 -10.000000 -0.000000 0.000000 0.000000
136 -7.573609 1.414842 0.319411 0.000000 0.000000 0.000000
137 0.000000 0.000000 0.000000 1.570796 0.000000 0.000000
138 10.232293 21.911602 31.305931 1.430129 -0.074915 -1.688269
139 -23.690248 19.858942 11.126246 -0.732563 -0.227217 -1.483851
time 31
0 0.000000 0.000000 0.000000 1.570796 0.000000 0.000000
1 0.000000 0.000000 0.000000 1.570796 0.000000 0.000000
2 2.412318 29.077168 -2.802841 -0.001023 -0.533463 -0.012931
3 0.000000 0.000000 0.000000 0.000000 0.000000 0.000000
4 5.757982 0.000000 0.000000 -2.093266 -0.862368 -1.032175
5 18.152637 0.000000 0.000000 0.000000 0.000000 1.456845
6 17.091557 -0.000000 -0.000000 -0.161803 0.029244 -1.660915
7 6.229743 0.000000 -0.000000 0.027374 0.010574 -0.345976
8 -5.757982 -0.000000 -0.000000 -1.423536 -0.719996 -1.837181
9 18.152637 0.000000 0.000000 -0.000000 -0.000000 1.558985
10 17.091557 0.000000 0.000000 0.306642 0.090174 -1.838229
11 6.229743 0.000000 0.000000 -0.115891 -0.028673 -0.639830
12 0.000000 3.964346 -1.347968 1.573782 -0.367249 1.572693
13 7.507315 0.000000 0.000000 0.002342 -0.000177 0.118331
14 9.079733 0.000000 0.000000 0.001234 0.003134 0.169363
15 10.826827 -0.000000 0.000000 0.032160 0.030325 0.589766
16 8.860067 -0.000000 -0.000000 2.949039 -0.440078 0.826131
17 4.341945 0.000000 0.000000 -0.010303 0.013893 1.771818
18 6.900930 1.363879 3.754603 0.874229 -1.035882 -2.548980
19 12.731754 -0.000000 0.000000 -1.413052 -1.336692 0.351393
20 26.625128 0.000000 0.000000 0.000000 0.000000 -0.854615
21 20.040787 -0.000017 -0.000030 -1.240016 0.236611 0.223476
22 16.821650 2.696737 -0.203279 -0.454715 2.101277 -2.090298
23 2.039386 -0.000000 0.000000 0.000000 -0.119732 -0.551019
24 1.516909 0.000000 0.000000 0.000000 -0.106498 -0.214585
25 17.176727 0.840396 -0.044736 -0.246604 1.977585 -1.852852
26 2.302859 0.000000 0.000000 -0.000000 -0.040281 -0.440509
27 2.047745 -0.000000 -0.000000 0.000000 -0.019146 -0.127858
28 17.032684 -1.069098 -0.638179 2.512672 1.056836 0.848304
29 2.907259 -0.000000 -0.000000 -0.000000 -0.070674 -0.789421
30 2.470908 0.000000 0.000000 -0.000000 0.042753 -0.053852
31 16.797981 -2.957015 -1.264867 2.402309 1.055943 0.717082
32 2.246732 -0.000000 -0.000000 0.000000 0.130347 -0.750151
33 1.924987 0.000000 0.000000 0.000000 0.084390 -0.071779
34 10.924372 -3.874175 -3.676631 -2.700621 0.350317 -0.102732
35 3.109823 -0.000000 -0.000000 -0.000000 0.123272 -0.061145
36 1.512893 -0.000000 -0.000000 0.000000 -0.028966 0.541554
37 6.900930 1.363879 -3.754603 -0.984541 1.028735 -2.573761
38 12.731754 0.000000 -0.000000 1.980826 1.403939 1.023085
39 26.625128 0.000000 0.000000 -0.000000 -0.000000 -0.911229
40 20.040768 -0.000010 0.000019 0.887486 -0.063567 0.346988
41 16.821663 2.695864 0.214569 0.458848 -2.097646 -2.093866
42 2.039386 -0.000000 -0.000000 -0.000000 0.119732 -0.551019
43 1.516909 -0.000000 0.000000 0.000000 0.106498 -0.214585
44 17.176743 0.840203 0.048255 0.249576 -1.973565 -1.855583
45 2.302859 -0.000000 -0.000000 -0.000000 0.040281 -0.440509
46 2.047745 0.000000 -0.000000 0.000000 0.019146 -0.127858
47 17.032701 -1.071759 0.633698 -2.507009 -1.059970 0.843370
48 2.907259 0.000000 0.000000 0.000000 0.070674 -0.789421
49 2.470908 -0.000000 0.000000 -0.000000 -0.042753 -0.053852
50 16.798000 -2.962283 1.252475 -2.395869 -1.058686 0.711474
51 2.246732 0.000000 -0.000000 -0.000000 -0.130347 -0.750151
52 1.924987 -0.000000 -0.000000 -0.000000 -0.084390 -0.071779
53 10.924391 -3.889540 3.660376 2.705055 -0.349884 -0.104252
54 3.109823 -0.000000 0.000000 -0.000000 -0.123272 -0.061145
55 1.512893 0.000000 0.000000 0.000000 0.028966 0.541554
56 7.466661 3.907426 -1.935393 0.000000 0.000000 0.000000
57 1.120431 -0.069522 9.605436 -0.004837 -0.177475 -0.025050
58 -0.183178 -4.377939 -4.342432 0.000000 0.000000 0.000000
59 -0.002491 -3.200743 4.805011 0.053927 0.001289 -0.001330
60 0.000000 0.000000 0.000000 0.000000 0.000000 0.000000
61 0.000000 0.000000 0.000000 0.000000 0.000000 0.000000
62 -0.000000 -2.426310 5.737833 -0.000000 0.000937 -0.001514
63 0.206732 -1.514296 -10.147256 0.000000 -0.000937 0.001514
64 -0.194928 1.514586 13.669277 0.000000 0.000937 -0.001514
65 0.003297 0.000007 -3.521831 0.000000 0.000000 0.000000
66 0.001702 2.426307 -5.737833 0.000000 0.000000 0.000000
67 0.000000 0.000000 0.000000 0.000000 0.000000 0.000000
68 0.000000 0.000000 0.000000 0.053925 0.000352 0.000184
69 0.000983 -2.616161 9.254546 0.053927 0.001289 -0.001330
70 8.000000 0.000000 0.000000 0.009405 0.177293 0.026317
71 0.000003 -2.426316 9.259665 -0.000000 0.000937 -0.001514
72 -7.466661 3.907426 -1.935393 0.000000 0.000000 0.000000
73 1.604389 -0.236201 -6.648480 -0.033029 -0.854024 0.002020
74 0.334780 -4.377939 -4.346992 0.000000 0.000000 0.000000
75 -0.062753 -3.327137 4.954711 -0.100606 0.000256 -0.001806
76 0.000000 0.000000 0.000000 0.000000 -0.000000 -0.000000
77 0.000000 0.000000 0.000000 0.139717 0.000000 0.000000
78 -0.000000 -2.426310 5.737833 -0.000000 0.000937 -0.001514
79 -0.183130 -1.514886 -10.147621 0.000000 -0.000937 0.001514
80 0.194928 1.514586 13.669277 0.000000 0.000937 -0.001514
81 0.003303 0.000007 -3.521831 0.139717 0.000000 0.000000
82 0.001702 2.426307 -5.737833 0.000000 0.000000 0.000000
83 -0.000000 -0.000000 0.000000 -0.139717 -0.000000 -0.000000
84 0.000000 0.000000 0.000000 -0.100608 -0.000681 -0.000292
85 -0.001766 -2.072606 9.241858 -0.101771 -0.002579 0.061037
86 -8.000000 0.000000 0.000000 0.047938 0.853497 0.034810
87 -0.000003 -2.426316 9.259665 -0.000000 0.000937 -0.001514
88 0.000156 39.987263 -0.385905 0.000000 0.000000 0.000000
89 2.412162 -10.910095 -2.416937 -0.001023 -0.533463 -0.012931
90 0.000000 3.964346 -1.347968 1.570796 0.083193 1.570796
91 0.000000 0.000000 0.000000 0.003690 0.001720 0.464103
92 0.000000 -0.000000 0.000000 -0.000000 -0.000000 -0.013661
93 7.506614 -0.102554 0.000000 0.002346 0.000121 -0.021972
94 0.000000 0.000000 0.000000 0.000000 -0.000000 0.126643
95 9.007018 1.146814 0.000000 0.000138 0.003365 -0.037964
96 -0.000000 -0.000000 0.000000 0.000000 0.000000 0.333969
97 10.228633 3.548980 0.000000 -0.006077 0.043779 -0.029231
98 0.000000 -0.000000 0.000000 -0.000000 -0.000000 0.952345
99 5.136838 7.218981 0.000000 0.452717 -0.158441 0.092140
100 0.000000 -0.000000 -0.000000 -0.000002 -3.141593 -1.535012
101 -0.155339 4.339165 0.000000 -0.008302 -0.015175 -0.302614
102 0.000000 0.000000 -0.000000 3.141592 0.000000 0.137367
103 2.889723 6.413463 3.754603 1.037195 -1.069949 -1.767391
104 0.000000 0.000000 0.000000 -0.013586 0.088714 0.020415
105 2.889723 6.413463 -3.754603 -1.110908 1.069949 -1.767391
106 0.000000 0.000000 0.000000 -0.000319 -0.083493 0.000701
107 8.646972 59.920948 15.824272 0.000000 0.000000 0.000000
108 1.814420 -39.248295 16.353054 0.000000 0.000000 0.000000
109 0.000000 9.000000 0.000000 0.000000 0.000000 0.000000
110 0.000000 0.000000 0.000000 0.000000 0.000000 0.000000
111 0.000000 0.000000 -10.000000 -0.000000 -0.000000 -0.000000
112 19.467127 6.228984 21.623323 0.000000 0.000000 0.000000
113 17.547447 39.307133 30.133350 0.677659 -0.102168 -1.934176
114 20.040791 -0.000036 0.000008 1.404680 0.142601 0.138624
115 0.000000 0.000000 -0.000000 -0.608766 0.067753 -0.035791
116 0.000000 0.000000 0.000000 -0.235528 0.036014 0.000000
117 -0.000000 0.000000 0.000000 -1.816459 0.017293 -0.015642
118 -16.347654 58.717464 0.449049 0.000000 0.000000 0.000000
119 -7.204861 -39.981979 10.677197 0.000000 0.000000 0.000000
120 0.000000 9.000000 0.000000 0.000000 0.000000 0.000000
121 0.000000 0.000000 0.000000 0.000000 0.000000 0.000000
122 0.000004 -0.000016 -10.000016 -3.141593 -3.141593 3.141593
123 -18.518024 5.016417 0.781347 -0.000000 0.000000 0.000000
124 -29.788979 35.852139 2.773960 -2.905450 -0.429882 -1.221395
125 20.040770 -0.000027 0.000001 1.736913 -0.142601 0.138624
126 0.000000 0.000000 0.000000 0.255928 0.219157 -0.124301
127 0.000000 0.000000 0.000000 0.232579 -0.036013 -0.000000
128 -0.000000 -0.000000 0.000000 -1.329320 0.017292 0.015641
129 7.369823 29.013058 0.125195 0.000000 0.000000 0.000000
130 0.000000 0.000000 0.000000 0.000000 0.000000 0.000000
131 0.000000 0.000000 -10.000000 0.000000 0.000000 0.000000
132 1.901826 -1.931036 1.653225 0.000000 0.000000 0.000000
133 -2.545186 29.141275 -5.730878 0.000000 0.000000 0.000000
134 0.000000 0.000000 0.000000 0.000000 0.000000 0.000000
135 0.000000 0.000000 -10.000000 -0.000000 0.000000 0.000000
136 -7.372618 1.813819 0.297945 0.000000 0.000000 0.000000
137 0.000000 0.000000 0.000000 1.570796 0.000000 0.000000
138 10.461391 20.672649 32.177326 1.441552 -0.074915 -1.659851
139 -23.552515 18.735483 11.126246 -0.786802 -0.263570 -1.584856
time 32
0 0.000000 0.000000 0.000000 1.570796 0.000000 0.000000
1 0.000000 0.000000 0.000000 1.570796 0.000000 0.000000
2 2.570913 28.416204 -2.814631 -0.023763 -0.541582 -0.006391
3 0.000000 0.000000 0.000000 0.000000 0.000000 0.000000
4 5.757982 0.000000 0.000000 -2.096540 -0.872597 -1.026340
5 18.152637 -0.000000 0.000000 0.000000 -0.000000 1.508153
6 17.091557 -0.000000 0.000000 -0.161239 0.019902 -1.677801
7 6.229743 0.000000 -0.000000 0.027444 0.010380 -0.340490
8 -5.757982 0.000000 -0.000000 -1.446507 -0.733936 -1.839551
9 18.152637 0.000000 0.000000 -0.000000 -0.000000 1.610245
10 17.091557 0.000000 0.000000 0.315888 0.092994 -1.858340
11 6.229743 0.000000 0.000000 -0.115972 -0.028570 -0.636769
12 0.000000 3.964346 -1.347968 1.570838 -0.376459 1.570730
13 7.507315 -0.000000 0.000000 -0.000204 -0.001342 0.139787
14 9.079733 0.000000 0.000000 -0.000912 -0.001004 0.185157
15 10.826827 -0.000000 0.000000 0.029526 0.028939 0.596123
16 8.860067 0.000000 0.000000 2.965997 -0.455944 0.846507
17 4.341945 0.000000 0.000000 0.012070 0.006546 1.773362
18 6.900930 1.363879 3.754603 -2.118703 -2.091561 0.423313
19 12.731754 0.000000 -0.000000 -1.467951 -1.225609 0.318539
20 26.625128 0.000000 0.000000 0.000000 0.000000 -0.864459
21 20.040787 -0.000017 -0.000030 -1.124082 0.287405 0.252102
22 16.821650 2.696737 -0.203279 -0.454715 2.101277 -2.090298
23 2.039386 0.000000 -0.000000 -0.000000 -0.119732 -0.551019
24 1.516909 0.000000 0.000000 0.000000 -0.106498 -0.214585
25 17.176727 0.840396 -0.044736 -0.246604 1.977585 -1.852852
26 2.302859 0.000000 -0.000000 -0.000000 -0.040281 -0.440509
27 2.047745 0.000000 0.000000 -0.000000 -0.019146 -0.127858
28 17.032684 -1.069098 -0.638179 2.512672 1.056836 0.848304
29 2.907259 0.000000 -0.000000 -0.000000 -0.070674 -0.789421
30 2.470908 0.000000 -0.000000 -0.000000 0.042753 -0.053852
31 16.797981 -2.957015 -1.264867 2.402309 1.055943 0.717082
32 2.246732 0.000000 -0.000000 -0.000000 0.130347 -0.750151
33 1.924987 0.000000 -0.000000 0.000000 0.084390 -0.071779
34 10.924372 -3.874175 -3.676631 -2.700621 0.350317 -0.102732
35 3.109823 -0.000000 -0.000000 0.000000 0.123272 -0.061145
36 1.512893 0.000000 0.000000 0.000000 -0.028966 0.541554
37 6.900930 1.363879 -3.754603 2.034900 2.100201 0.423068
38 12.731754 0.000000 0.000000 1.798781 1.349879 0.801564
39 26.625128 0.000000 0.000000 -0.000000 0.000000 -0.958935
40 20.040768 -0.000010 0.000019 0.772268 -0.040732 0.423016
41 16.821663 2.695864 0.214569 0.458848 -2.097646 -2.093866
42 2.039386 -0.000000 -0.000000 0.000000 0.119732 -0.551019
43 1.516909 -0.000000 0.000000 0.000000 0.106498 -0.214585
44 17.176743 0.840203 0.048255 0.249576 -1.973565 -1.855583
45 2.302859 0.000000 0.000000 -0.000000 0.040281 -0.440509
46 2.047745 -0.000000 0.000000 0.000000 0.019146 -0.127858
47 17.032701 -1.071759 0.633698 -2.507009 -1.059970 0.843370
48 2.907259 0.000000 0.000000 0.000000 0.070674 -0.789421
49 2.470908 0.000000 0.000000 -0.000000 -0.042753 -0.053852
50 16.798000 -2.962283 1.252475 -2.395869 -1.058686 0.711474
51 2.246732 0.000000 0.000000 0.000000 -0.130347 -0.750151
52 1.924987 -0.000000 -0.000000 -0.000000 -0.084390 -0.071779
53 10.924391 -3.889540 3.660376 2.705055 -0.349884 -0.104252
54 3.109823 0.000000 0.000000 0.000000 -0.123272 -0.061145
55 1.512893 -0.000000 0.000000 0.000000 0.028966 0.541554
56 7.466661 3.907426 -1.935393 0.000000 0.000000 0.000000
57 1.104354 -0.070666 9.622079 -0.002858 -0.176664 -0.021894
58 -0.183178 -4.377939 -4.342432 0.000000 0.000000 0.000000
59 -0.002508 -3.195612 4.800776 0.059415 0.001324 -0.001310
60 0.000000 0.000000 0.000000 0.000000 0.000000 0.000000
61 0.000000 0.000000 0.000000 0.000000 0.000000 0.000000
62 -0.000000 -2.426310 5.737833 -0.000000 0.000937 -0.001514
63 0.206732 -1.514296 -10.147256 0.000000 -0.000937 0.001514
64 -0.194928 1.514586 13.669277 0.000000 0.000937 -0.001514
65 0.003297 0.000007 -3.521831 0.000000 0.000000 0.000000
66 0.001702 2.426307 -5.737833 0.000000 0.000000 0.000000
67 0.000000 0.000000 0.000000 -0.000000 0.000000 0.000000
68 0.000000 0.000000 0.000000 0.059413 0.000387 0.000204
69 0.001084 -2.635459 9.253451 0.059415 0.001324 -0.001310
70 8.000000 0.000000 0.000000 0.006810 0.176556 0.022750
71 0.000003 -2.426316 9.259665 -0.000000 0.000937 -0.001514
72 -7.466661 3.907426 -1.935393 0.000000 0.000000 0.000000
73 1.596978 -0.256159 -6.630744 -0.031483 -0.854482 -0.001903
74 0.334780 -4.377939 -4.346992 0.000000 0.000000 0.000000
75 -0.062759 -3.324736 4.951958 -0.097546 0.000277 -0.001798
76 0.000000 0.000000 0.000000 -0.000000 -0.000000 0.000000
77 0.000000 0.000000 0.000000 0.139717 0.000000 0.000000
78 -0.000000 -2.426310 5.737833 -0.000000 0.000937 -0.001514
79 -0.183130 -1.514886 -10.147621 0.000000 -0.000937 0.001514
80 0.194928 1.514586 13.669277 0.000000 0.000937 -0.001514
81 0.003303 0.000007 -3.521831 0.139717 0.000000 0.000000
82 0.001702 2.426307 -5.737833 0.000000 0.000000 0.000000
83 -0.000000 -0.000000 0.000000 -0.139717 -0.000000 -0.000000
84 0.000000 0.000000 0.000000 -0.097547 -0.000659 -0.000284
85 -0.001713 -2.083332 9.242925 -0.098715 -0.002750 0.061036
86 -8.000000 0.000000 0.000000 0.050108 0.853819 0.039035
87 -0.000003 -2.426316 9.259665 -0.000000 0.000937 -0.001514
88 0.000156 39.987263 -0.385905 0.000000 0.000000 0.000000
89 2.570757 -11.571058 -2.428727 -0.023763 -0.541582 -0.006391
90 0.000000 3.964346 -1.347968 1.570796 0.083193 1.570796
91 0.000000 0.000000 0.000000 0.000017 -0.000062 0.473313
92 0.000000 -0.000000 0.000000 -0.000000 -0.000000 -0.013661
93 7.506614 -0.102554 0.000000 -0.000033 -0.001357 -0.000518
94 0.000000 0.000000 0.000000 0.000000 -0.000000 0.126643
95 9.007018 1.146814 0.000000 -0.000532 -0.001248 -0.022169
96 -0.000000 -0.000000 0.000000 0.000000 0.000000 0.333969
97 10.228633 3.548980 0.000000 -0.006472 0.040830 -0.022813
98 0.000000 -0.000000 0.000000 -0.000000 -0.000000 0.952345
99 5.136838 7.218981 0.000000 0.466918 -0.141465 0.117741
100 0.000000 -0.000000 -0.000000 -0.000002 -3.141593 -1.535012
101 -0.155339 4.339165 0.000000 0.012854 -0.004833 -0.304140
102 0.000000 0.000000 -0.000000 3.141592 0.000000 0.137367
103 2.889723 6.413463 3.754603 1.037195 -1.069949 -1.767391
104 0.000000 0.000000 0.000000 -0.013126 0.010753 -0.016780
105 2.889723 6.413463 -3.754603 -1.110908 1.069949 -1.767391
106 0.000000 0.000000 0.000000 0.003328 -0.013222 -0.025320
107 8.592919 57.806072 16.123077 0.000000 0.000000 0.000000
108 2.293940 -38.758087 17.196926 0.000000 0.000000 0.000000
109 0.000000 9.000000 0.000000 0.000000 0.000000 0.000000
110 0.000000 0.000000 0.000000 0.000000 0.000000 0.000000
111 0.000000 0.000000 -10.000000 -0.000000 -0.000000 -0.000000
112 20.608410 3.034256 20.549616 0.000000 0.000000 0.000000
113 18.367584 37.358700 30.096563 0.594317 -0.161546 -1.958646
114 20.040791 -0.000036 0.000008 1.404680 0.142601 0.138624
115 0.000000 0.000000 0.000000 -0.504523 0.097826 -0.085680
116 0.000000 0.000000 0.000000 -0.235528 0.036014 0.000000
117 -0.000000 0.000000 0.000000 -1.816459 0.017293 -0.015642
118 -16.375072 56.971264 0.354515 0.000000 0.000000 0.000000
119 -7.047897 -39.469067 10.771731 0.000000 0.000000 0.000000
120 0.000000 9.000000 0.000000 0.000000 0.000000 0.000000
121 0.000000 0.000000 0.000000 0.000000 0.000000 0.000000
122 0.000004 -0.000016 -10.000016 -3.141593 -3.141593 3.141593
123 -18.727018 1.846206 0.091402 -0.000000 0.000000 0.000000
124 -29.901714 34.092957 1.938935 -2.857640 -0.476228 -1.198504
125 20.040770 -0.000027 0.000001 1.736913 -0.142601 0.138624
126 0.000000 -0.000000 0.000000 0.134836 0.288851 -0.163133
127 0.000000 0.000000 0.000000 0.232579 -0.036013 -0.000000
128 -0.000000 -0.000000 0.000000 -1.329320 0.017292 0.015641
129 7.504796 28.384670 0.153561 0.000000 0.000000 0.000000
130 0.000000 0.000000 0.000000 0.000000 0.000000 0.000000
131 0.000000 0.000000 -10.000000 0.000000 0.000000 0.000000
132 1.928312 -2.194518 1.983846 0.000000 0.000000 0.000000
133 -2.362969 28.447737 -5.782824 0.000000 0.000000 0.000000
134 0.000000 0.000000 0.000000 0.000000 0.000000 0.000000
135 0.000000 0.000000 -10.000000 -0.000000 0.000000 0.000000
136 -7.187510 2.083988 0.305335 0.000000 0.000000 0.000000
137 0.000000 0.000000 0.000000 1.570796 0.000000 0.000000
138 10.886859 19.047985 33.320004 1.449632 -0.074915 -1.639750
139 -23.422970 17.502199 11.126246 -0.816007 -0.283145 -1.639244
time 33
0 0.000000 0.000000 0.000000 1.570796 0.000000 0.000000
1 0.000000 0.000000 0.000000 1.570796 0.000000 0.000000
2 2.654701 27.890471 -2.790552 -0.046350 -0.544005 0.000415
3 0.000000 0.000000 0.000000 0.000000 0.000000 0.000000
4 5.757982 -0.000000 0.000000 -2.096630 -0.877490 -1.025413
5 18.152637 0.000000 -0.000000 0.000000 0.000000 1.548329
6 17.091557 0.000000 0.000000 -0.158777 0.015596 -1.690244
7 6.229743 -0.000000 -0.000000 0.027488 0.010257 -0.337017
8 -5.757982 0.000000 -0.000000 -1.471495 -0.736747 -1.836888
9 18.152637 0.000000 -0.000000 0.000000 -0.000000 1.650255
10 17.091557 0.000000 -0.000000 0.326736 0.101975 -1.880484
11 6.229743 -0.000000 -0.000000 -0.116162 -0.028321 -0.629483
12 0.000000 3.964346 -1.347968 1.567461 -0.380350 1.568942
13 7.507315 0.000000 0.000000 -0.004124 -0.003515 0.165846
14 9.079733 0.000000 0.000000 -0.004886 -0.009394 0.199133
15 10.826827 -0.000000 0.000000 0.028900 0.029663 0.596049
16 8.860067 0.000000 0.000000 2.991662 -0.470219 0.835738
17 4.341945 -0.000000 0.000000 0.030627 -0.003339 1.787515
18 6.900930 1.363879 3.754603 -1.952776 -2.067172 0.247063
19 12.731754 0.000000 0.000000 -1.520306 -1.072919 0.335031
20 26.625128 0.000000 0.000000 -0.000000 0.000000 -0.968499
21 20.040787 -0.000017 -0.000030 -1.078303 0.309072 0.319050
22 16.821650 2.696737 -0.203279 -0.454715 2.101277 -2.090298
23 2.039386 0.000000 0.000000 -0.000000 -0.119732 -0.551019
24 1.516909 0.000000 0.000000 0.000000 -0.106498 -0.214585
25 17.176727 0.840396 -0.044736 -0.246604 1.977585 -1.852852
26 2.302859 -0.000000 0.000000 0.000000 -0.040281 -0.440509
27 2.047745 0.000000 0.000000 -0.000000 -0.019146 -0.127858
28 17.032684 -1.069098 -0.638179 2.512672 1.056836 0.848304
29 2.907259 0.000000 0.000000 -0.000000 -0.070674 -0.789421
30 2.470908 -0.000000 0.000000 -0.000000 0.042753 -0.053852
31 16.797981 -2.957015 -1.264867 2.402309 1.055943 0.717082
32 2.246732 0.000000 0.000000 0.000000 0.130347 -0.750151
33 1.924987 0.000000 0.000000 0.000000 0.084390 -0.071779
34 10.924372 -3.874175 -3.676631 -2.700621 0.350317 -0.102732
35 3.109823 0.000000 -0.000000 -0.000000 0.123272 -0.061145
36 1.512893 0.000000 -0.000000 0.000000 -0.028966 0.541554
37 6.900930 1.363879 -3.754603 1.948131 2.068210 0.329673
38 12.731754 0.000000 -0.000000 1.752394 1.273068 0.751099
39 26.625128 0.000000 0.000000 0.000000 -0.000000 -1.055988
40 20.040768 -0.000010 0.000019 0.783137 -0.044798 0.474393
41 16.821663 2.695864 0.214569 0.458848 -2.097646 -2.093866
42 2.039386 -0.000000 0.000000 -0.000000 0.119732 -0.551019
43 1.516909 -0.000000 0.000000 0.000000 0.106498 -0.214585
44 17.176743 0.840203 0.048255 0.249576 -1.973565 -1.855583
45 2.302859 -0.000000 -0.000000 -0.000000 0.040281 -0.440509
46 2.047745 0.000000 -0.000000 0.000000 0.019146 -0.127858
47 17.032701 -1.071759 0.633698 -2.507009 -1.059970 0.843370
48 2.907259 0.000000 -0.000000 -0.000000 0.070674 -0.789421
49 2.470908 0.000000 -0.000000 -0.000000 -0.042753 -0.053852
50 16.798000 -2.962283 1.252475 -2.395869 -1.058686 0.711474
51 2.246732 -0.000000 0.000000 0.000000 -0.130347 -0.750151
52 1.924987 0.000000 0.000000 -0.000000 -0.084390 -0.071779
53 10.924391 -3.889540 3.660376 2.705055 -0.349884 -0.104252
54 3.109823 -0.000000 0.000000 -0.000000 -0.123272 -0.061145
55 1.512893 -0.000000 0.000000 0.000000 0.028966 0.541554
56 7.466661 3.907426 -1.935393 0.000000 0.000000 0.000000
57 1.083759 -0.060368 9.638749 -0.000483 -0.175517 -0.019047
58 -0.183178 -4.377939 -4.342432 0.000000 0.000000 0.000000
59 -0.002518 -3.192351 4.798108 0.062890 0.001346 -0.001298
60 0.000000 0.000000 0.000000 -0.000000 -0.000000 -0.000000
61 0.000000 0.000000 0.000000 0.000000 0.000000 0.000000
62 -0.000000 -2.426310 5.737833 -0.000000 0.000937 -0.001514
63 0.206732 -1.514296 -10.147256 0.000000 -0.000937 0.001514
64 -0.194928 1.514586 13.669277 0.000000 0.000937 -0.001514
65 0.003297 0.000007 -3.521831 0.000000 0.000000 0.000000
66 0.001702 2.426307 -5.737833 0.000000 0.000000 0.000000
67 0.000000 0.000000 0.000000 -0.000000 0.000000 0.000000
68 0.000000 0.000000 0.000000 0.062889 0.000409 0.000217
69 0.001148 -2.647676 9.252704 0.062890 0.001346 -0.001298
70 8.000000 0.000000 0.000000 0.003868 0.175476 0.019430
71 0.000003 -2.426316 9.259665 -0.000000 0.000937 -0.001514
72 -7.466661 3.907426 -1.935393 0.000000 0.000000 0.000000
73 1.604944 -0.280247 -6.635755 -0.033446 -0.854973 -0.004746
74 0.334780 -4.377939 -4.346992 0.000000 0.000000 0.000000
75 -0.062773 -3.318986 4.945435 -0.090259 0.000328 -0.001779
76 0.000000 0.000000 0.000000 -0.000000 -0.000000 -0.000000
77 0.000000 0.000000 0.000000 0.139717 0.000000 0.000000
78 -0.000000 -2.426310 5.737833 -0.000000 0.000937 -0.001514
79 -0.183130 -1.514886 -10.147621 0.000000 -0.000937 0.001514
80 0.194928 1.514586 13.669277 0.000000 0.000937 -0.001514
81 0.003303 0.000007 -3.521831 0.139717 0.000000 0.000000
82 0.001702 2.426307 -5.737833 0.000000 0.000000 0.000000
83 -0.000000 -0.000000 0.000000 -0.139717 -0.000000 -0.000000
84 0.000000 0.000000 0.000000 -0.090260 -0.000609 -0.000265
85 -0.001589 -2.108884 9.245331 -0.091439 -0.003157 0.061032
86 -8.000000 0.000000 0.000000 0.056381 0.854076 0.045645
87 -0.000003 -2.426316 9.259665 -0.000000 0.000937 -0.001514
88 0.000156 39.987263 -0.385905 0.000000 0.000000 0.000000
89 2.654545 -12.096791 -2.404648 -0.046350 -0.544005 0.000415
90 0.000000 3.964346 -1.347968 1.570796 0.083193 1.570796
91 0.000000 0.000000 0.000000 -0.004047 -0.001667 0.477204
92 0.000000 -0.000000 0.000000 -0.000000 -0.000000 -0.013661
93 7.506614 -0.102554 0.000000 -0.003648 -0.004008 0.025542
94 0.000000 0.000000 0.000000 0.000000 -0.000000 0.126643
95 9.007018 1.146814 0.000000 -0.001537 -0.010476 -0.008207
96 -0.000000 -0.000000 0.000000 0.000000 0.000000 0.333969
97 10.228633 3.548980 0.000000 -0.007426 0.040740 -0.022907
98 0.000000 -0.000000 0.000000 -0.000000 -0.000000 0.952345
99 5.136838 7.218981 0.000000 0.478797 -0.117129 0.116906
100 0.000000 -0.000000 -0.000000 -0.000002 -3.141593 -1.535012
101 -0.155339 4.339165 0.000000 0.029883 0.007500 -0.318241
102 0.000000 0.000000 -0.000000 3.141592 0.000000 0.137367
103 2.889723 6.413463 3.754603 1.037195 -1.069949 -1.767391
104 0.000000 0.000000 0.000000 -0.000715 -0.076895 -0.032899
105 2.889723 6.413463 -3.754603 -1.110908 1.069949 -1.767391
106 0.000000 0.000000 0.000000 -0.001912 0.041685 -0.014840
107 8.550028 55.793720 16.619848 0.000000 0.000000 0.000000
108 2.565930 -37.554348 17.268877 0.000000 0.000000 0.000000
109 0.000000 9.000000 0.000000 0.000000 0.000000 0.000000
110 0.000000 0.000000 0.000000 0.000000 0.000000 0.000000
111 0.000000 0.000000 -10.000000 -0.000000 -0.000000 -0.000000
112 20.657310 -0.411057 20.901594 0.000000 0.000000 0.000000
113 19.619114 36.108322 30.721544 0.571485 -0.158702 -2.014948
114 20.040791 -0.000036 0.000008 1.404680 0.142601 0.138624
115 0.000000 0.000000 0.000000 -0.478119 0.162975 -0.100011
116 0.000000 0.000000 0.000000 -0.235528 0.036014 0.000000
117 -0.000000 0.000000 0.000000 -1.816459 0.017293 -0.015642
118 -16.657434 55.760033 0.543613 0.000000 0.000000 0.000000
119 -6.839755 -38.434380 10.582633 0.000000 0.000000 0.000000
120 0.000000 9.000000 0.000000 0.000000 0.000000 0.000000
121 0.000000 0.000000 0.000000 0.000000 0.000000 0.000000
122 0.000004 -0.000016 -10.000016 -3.141593 -3.141593 3.141593
123 -18.977388 -1.483328 1.370889 -0.000000 0.000000 0.000000
124 -30.992193 33.353825 1.715790 -2.895549 -0.488798 -1.133391
125 20.040770 -0.000027 0.000001 1.736913 -0.142601 0.138624
126 0.000000 -0.000000 -0.000000 0.145881 0.340358 -0.167378
127 0.000000 0.000000 0.000000 0.232579 -0.036013 -0.000000
128 -0.000000 -0.000000 0.000000 -1.329320 0.017292 0.015641
129 7.581477 27.892513 0.189588 0.000000 0.000000 0.000000
130 0.000000 0.000000 0.000000 0.000000 0.000000 0.000000
131 0.000000 0.000000 -10.000000 0.000000 0.000000 0.000000
132 1.911005 -2.389545 2.238957 0.000000 0.000000 0.000000
133 -2.272075 27.888428 -5.770692 0.000000 0.000000 0.000000
134 0.000000 0.000000 0.000000 0.000000 0.000000 0.000000
135 0.000000 0.000000 -10.000000 -0.000000 0.000000 0.000000
136 -6.993833 2.223228 0.375699 0.000000 0.000000 0.000000
137 0.000000 0.000000 0.000000 1.570796 0.000000 0.000000
138 11.115957 18.239372 33.888725 1.452697 -0.074915 -1.632125
139 -23.497189 17.325653 11.126246 -0.816007 -0.283145 -1.630922
time 34
0 0.000000 0.000000 0.000000 1.570796 0.000000 0.000000
1 0.000000 0.000000 0.000000 1.570796 0.000000 0.000000
2 2.720611 27.337650 -2.768923 -0.054129 -0.544708 0.006645
3 0.000000 0.000000 0.000000 0.000000 0.000000 0.000000
4 5.757982 -0.000000 0.000000 -2.108633 -0.897290 -1.013502
5 18.152637 -0.000000 0.000000 -0.000000 0.000000 1.590120
6 17.091557 -0.000000 0.000000 -0.156915 0.011592 -1.702125
7 6.229743 0.000000 -0.000000 0.027506 0.010204 -0.335534
8 -5.757982 0.000000 -0.000000 -1.494248 -0.755904 -1.835140
9 18.152637 0.000000 0.000000 0.000000 0.000000 1.695024
10 17.091557 -0.000000 -0.000000 0.341365 0.111387 -1.895942
11 6.229743 -0.000000 -0.000000 -0.116139 -0.028352 -0.630383
12 0.000000 3.964346 -1.347968 1.564459 -0.382040 1.567016
13 7.507315 -0.000000 -0.000000 -0.008474 -0.006635 0.184869
14 9.079733 0.000000 0.000000 -0.009359 -0.018700 0.206500
15 10.826827 -0.000000 -0.000000 0.029048 0.031374 0.593897
16 8.860067 0.000000 0.000000 3.015263 -0.480589 0.787167
17 4.341945 0.000000 0.000000 0.041515 -0.009023 1.818073
18 6.900930 1.363879 3.754603 -1.829384 -2.044122 0.136712
19 12.731754 0.000000 0.000000 -1.576311 -0.928771 0.362199
20 26.625128 -0.000000 0.000000 -0.000000 0.000000 -1.116142
21 20.040787 -0.000017 -0.000030 -1.069868 0.315298 0.387496
22 16.821650 2.696737 -0.203279 -0.454715 2.101277 -2.090298
23 2.039386 0.000000 0.000000 -0.000000 -0.119732 -0.551019
24 1.516909 0.000000 0.000000 0.000000 -0.106498 -0.214585
25 17.176727 0.840396 -0.044736 -0.246604 1.977585 -1.852852
26 2.302859 -0.000000 0.000000 -0.000000 -0.040281 -0.440509
27 2.047745 -0.000000 0.000000 -0.000000 -0.019146 -0.127858
28 17.032684 -1.069098 -0.638179 2.512672 1.056836 0.848304
29 2.907259 -0.000000 -0.000000 -0.000000 -0.070674 -0.789421
30 2.470908 0.000000 -0.000000 0.000000 0.042753 -0.053852
31 16.797981 -2.957015 -1.264867 2.402309 1.055943 0.717082
32 2.246732 -0.000000 -0.000000 0.000000 0.130347 -0.750151
33 1.924987 0.000000 -0.000000 -0.000000 0.084390 -0.071779
34 10.924372 -3.874175 -3.676631 -2.700621 0.350317 -0.102732
35 3.109823 -0.000000 -0.000000 0.000000 0.123272 -0.061145
36 1.512893 -0.000000 -0.000000 0.000000 -0.028966 0.541554
37 6.900930 1.363879 -3.754603 1.867850 2.053126 0.244326
38 12.731754 0.000000 -0.000000 1.735137 1.193803 0.722146
39 26.625128 0.000000 0.000000 -0.000000 0.000000 -1.165640
40 20.040768 -0.000010 0.000019 0.784449 -0.059383 0.513906
41 16.821663 2.695864 0.214569 0.458848 -2.097646 -2.093866
42 2.039386 -0.000000 0.000000 -0.000000 0.119732 -0.551019
43 1.516909 0.000000 0.000000 0.000000 0.106498 -0.214585
44 17.176743 0.840203 0.048255 0.249576 -1.973565 -1.855583
45 2.302859 -0.000000 0.000000 -0.000000 0.040281 -0.440509
46 2.047745 -0.000000 -0.000000 0.000000 0.019146 -0.127858
47 17.032701 -1.071759 0.633698 -2.507009 -1.059970 0.843370
48 2.907259 -0.000000 0.000000 -0.000000 0.070674 -0.789421
49 2.470908 0.000000 -0.000000 -0.000000 -0.042753 -0.053852
50 16.798000 -2.962283 1.252475 -2.395869 -1.058686 0.711474
51 2.246732 -0.000000 0.000000 0.000000 -0.130347 -0.750151
52 1.924987 -0.000000 -0.000000 -0.000000 -0.084390 -0.071779
53 10.924391 -3.889540 3.660376 2.705055 -0.349884 -0.104252
54 3.109823 0.000000 -0.000000 -0.000000 -0.123272 -0.061145
55 1.512893 -0.000000 0.000000 0.000000 0.028966 0.541554
56 7.466661 3.907426 -1.935393 0.000000 0.000000 0.000000
57 1.059108 -0.038156 9.671524 0.001690 -0.174001 -0.016264
58 -0.183178 -4.377939 -4.342432 0.000000 0.000000 0.000000
59 -0.002523 -3.190956 4.796972 0.064374 0.001356 -0.001292
60 0.000000 0.000000 0.000000 0.000000 -0.000000 -0.000000
61 0.000000 0.000000 0.000000 0.000000 0.000000 0.000000
62 -0.000000 -2.426310 5.737833 -0.000000 0.000937 -0.001514
63 0.206732 -1.514296 -10.147256 0.000000 -0.000937 0.001514
64 -0.194928 1.514586 13.669277 0.000000 0.000937 -0.001514
65 0.003297 0.000007 -3.521831 0.000000 0.000000 0.000000
66 0.001702 2.426307 -5.737833 0.000000 0.000000 0.000000
67 0.000000 0.000000 0.000000 0.000000 0.000000 0.000000
68 0.000000 0.000000 0.000000 0.064372 0.000419 0.000222
69 0.001175 -2.652889 9.252372 0.064374 0.001356 -0.001292
70 8.000000 0.000000 0.000000 0.001143 0.174006 0.016216
71 0.000003 -2.426316 9.259665 -0.000000 0.000937 -0.001514
72 -7.466661 3.907426 -1.935393 0.000000 0.000000 0.000000
73 1.597191 -0.252148 -6.623970 -0.027214 -0.856019 -0.006984
74 0.334780 -4.377939 -4.346992 0.000000 0.000000 0.000000
75 -0.062771 -3.319699 4.946238 -0.091158 0.000321 -0.001782
76 0.000000 0.000000 0.000000 0.000000 -0.000000 -0.000000
77 0.000000 0.000000 0.000000 0.139717 0.000000 0.000000
78 -0.000000 -2.426310 5.737833 -0.000000 0.000937 -0.001514
79 -0.183130 -1.514886 -10.147621 0.000000 -0.000937 0.001514
80 0.194928 1.514586 13.669277 0.000000 0.000937 -0.001514
81 0.003303 0.000007 -3.521831 0.139717 0.000000 0.000000
82 0.001702 2.426307 -5.737833 0.000000 0.000000 0.000000
83 -0.000000 -0.000000 0.000000 -0.139717 -0.000000 -0.000000
84 0.000000 0.000000 0.000000 -0.091159 -0.000615 -0.000268
85 -0.001604 -2.105729 9.245044 -0.092337 -0.003107 0.061032
86 -8.000000 0.000000 0.000000 0.049535 0.855274 0.041980
87 -0.000003 -2.426316 9.259665 -0.000000 0.000937 -0.001514
88 0.000156 39.987263 -0.385905 0.000000 0.000000 0.000000
89 2.720455 -12.649611 -2.383019 -0.054129 -0.544708 0.006645
90 0.000000 3.964346 -1.347968 1.570796 0.083193 1.570796
91 0.000000 0.000000 0.000000 -0.007794 -0.003402 0.478896
92 0.000000 -0.000000 0.000000 -0.000000 -0.000000 -0.013661
93 7.506614 -0.102554 0.000000 -0.007568 -0.007652 0.044566
94 0.000000 0.000000 0.000000 0.000000 -0.000000 0.126643
95 9.007018 1.146814 0.000000 -0.002711 -0.020734 -0.000885
96 -0.000000 -0.000000 0.000000 0.000000 0.000000 0.333969
97 10.228633 3.548980 0.000000 -0.008736 0.041852 -0.025118
98 0.000000 -0.000000 0.000000 -0.000000 -0.000000 0.952345
99 5.136838 7.218981 0.000000 0.487167 -0.095253 0.078251
100 0.000000 -0.000000 -0.000000 -0.000002 -3.141593 -1.535012
101 -0.155339 4.339165 0.000000 0.039891 0.014620 -0.348756
102 0.000000 0.000000 -0.000000 3.141592 0.000000 0.137367
103 2.889723 6.413463 3.754603 1.037195 -1.069949 -1.767391
104 0.000000 0.000000 0.000000 0.024490 -0.133003 -0.027878
105 2.889723 6.413463 -3.754603 -1.110908 1.069949 -1.767391
106 0.000000 0.000000 0.000000 -0.006824 0.084562 -0.014085
107 8.399827 54.162235 17.297533 0.000000 0.000000 0.000000
108 2.878279 -35.922863 16.746578 0.000000 0.000000 0.000000
109 0.000000 9.000000 0.000000 0.000000 0.000000 0.000000
110 0.000000 0.000000 0.000000 0.000000 0.000000 0.000000
111 0.000000 0.000000 -10.000000 -0.000000 -0.000000 -0.000000
112 21.135012 -0.420883 20.833294 0.000000 0.000000 0.000000
113 21.027594 35.574268 31.577744 0.571561 -0.123380 -2.083125
114 20.040791 -0.000036 0.000008 1.404680 0.142601 0.138624
115 0.000000 0.000000 0.000000 -0.487789 0.228851 -0.098649
116 0.000000 0.000000 0.000000 -0.235528 0.036014 0.000000
117 -0.000000 0.000000 0.000000 -1.816459 0.017293 -0.015642
118 -16.840384 54.612759 0.854345 0.000000 0.000000 0.000000
119 -6.961840 -37.110558 10.271901 0.000000 0.000000 0.000000
120 0.000000 9.000000 0.000000 0.000000 0.000000 0.000000
121 0.000000 0.000000 0.000000 0.000000 0.000000 0.000000
122 0.000004 -0.000016 -10.000016 -3.141593 -3.141593 3.141593
123 -19.047920 -1.368850 1.150178 -0.000000 0.000000 0.000000
124 -32.181438 32.857124 1.346215 -2.923099 -0.509804 -1.071259
125 20.040770 -0.000027 0.000001 1.736913 -0.142601 0.138624
126 0.000000 0.000000 0.000000 0.151467 0.381697 -0.158698
127 0.000000 0.000000 0.000000 0.232579 -0.036013 -0.000000
128 -0.000000 -0.000000 0.000000 -1.329320 0.017292 0.015641
129 7.645182 27.370375 0.214680 0.000000 0.000000 0.000000
130 0.000000 0.000000 0.000000 0.000000 0.000000 0.000000
131 0.000000 0.000000 -10.000000 0.000000 0.000000 0.000000
132 1.886062 -2.586146 2.513029 0.000000 0.000000 0.000000
133 -2.203960 27.304926 -5.752526 0.000000 0.000000 0.000000
134 0.000000 0.000000 0.000000 0.000000 0.000000 0.000000
135 0.000000 0.000000 -10.000000 -0.000000 0.000000 0.000000
136 -6.757215 2.366190 0.465369 0.000000 0.000000 0.000000
137 0.000000 0.000000 0.000000 1.570796 0.000000 0.000000
138 11.278106 18.239372 34.044109 1.452697 -0.067339 -1.640081
139 -23.802223 17.502199 11.126246 -0.816007 -0.283145 -1.609460
time 35
0 0.000000 0.000000 0.000000 1.570796 0.000000 0.000000
1 0.000000 0.000000 0.000000 1.570796 0.000000 0.000000
2 2.768182 26.806572 -2.744058 -0.048387 -0.543629 0.011808
3 0.000000 0.000000 0.000000 0.000000 0.000000 0.000000
4 5.757982 0.000000 0.000000 -2.133168 -0.925629 -0.991628
5 18.152637 -0.000000 0.000000 -0.000000 -0.000000 1.629132
6 17.091557 -0.000000 -0.000000 -0.153968 0.009924 -1.714091
7 6.229743 0.000000 0.000000 0.027508 0.010201 -0.335441
8 -5.757982 0.000000 -0.000000 -1.509150 -0.787858 -1.837397
9 18.152637 -0.000000 0.000000 0.000000 -0.000000 1.739563
10 17.091557 -0.000000 -0.000000 0.355763 0.118816 -1.901711
11 6.229743 -0.000000 -0.000000 -0.115871 -0.028699 -0.640588
12 0.000000 3.964346 -1.347968 1.562685 -0.393300 1.561741
13 7.507315 0.000000 0.000000 -0.013137 -0.011608 0.193833
14 9.079733 0.000000 -0.000000 -0.013001 -0.024352 0.203165
15 10.826827 0.000000 -0.000000 0.032742 0.036840 0.590287
16 8.860067 -0.000000 0.000000 3.041382 -0.491468 0.684662
17 4.341945 -0.000000 -0.000000 0.050762 -0.011194 1.862545
18 6.900930 1.363879 3.754603 -1.762562 -2.062247 0.103282
19 12.731754 0.000000 -0.000000 -1.662158 -0.836667 0.437786
20 26.625128 0.000000 0.000000 -0.000000 0.000000 -1.208756
21 20.040787 -0.000017 -0.000030 -1.072036 0.328406 0.398275
22 16.821650 2.696737 -0.203279 -0.454715 2.101277 -2.090298
23 2.039386 0.000000 0.000000 -0.000000 -0.119732 -0.551019
24 1.516909 0.000000 0.000000 0.000000 -0.106498 -0.214585
25 17.176727 0.840396 -0.044736 -0.246604 1.977585 -1.852852
26 2.302859 0.000000 -0.000000 0.000000 -0.040281 -0.440509
27 2.047745 0.000000 -0.000000 0.000000 -0.019146 -0.127858
28 17.032684 -1.069098 -0.638179 2.512672 1.056836 0.848304
29 2.907259 0.000000 0.000000 -0.000000 -0.070674 -0.789421
30 2.470908 -0.000000 0.000000 -0.000000 0.042753 -0.053852
31 16.797981 -2.957015 -1.264867 2.402309 1.055943 0.717082
32 2.246732 -0.000000 -0.000000 0.000000 0.130347 -0.750151
33 1.924987 -0.000000 -0.000000 0.000000 0.084390 -0.071779
34 10.924372 -3.874175 -3.676631 -2.700621 0.350317 -0.102732
35 3.109823 -0.000000 0.000000 0.000000 0.123272 -0.061145
36 1.512893 0.000000 -0.000000 -0.000000 -0.028966 0.541554
37 6.900930 1.363879 -3.754603 1.803489 2.080757 0.194894
38 12.731754 0.000000 0.000000 1.795477 1.125958 0.777671
39 26.625128 0.000000 0.000000 -0.000000 -0.000000 -1.239071
40 20.040768 -0.000010 0.000019 0.768090 -0.083757 0.513608
41 16.821663 2.695864 0.214569 0.458848 -2.097646 -2.093866
42 2.039386 -0.000000 0.000000 0.000000 0.119732 -0.551019
43 1.516909 0.000000 0.000000 0.000000 0.106498 -0.214585
44 17.176743 0.840203 0.048255 0.249576 -1.973565 -1.855583
45 2.302859 0.000000 -0.000000 0.000000 0.040281 -0.440509
46 2.047745 -0.000000 -0.000000 0.000000 0.019146 -0.127858
47 17.032701 -1.071759 0.633698 -2.507009 -1.059970 0.843370
48 2.907259 -0.000000 -0.000000 0.000000 0.070674 -0.789421
49 2.470908 0.000000 0.000000 -0.000000 -0.042753 -0.053852
50 16.798000 -2.962283 1.252475 -2.395869 -1.058686 0.711474
51 2.246732 -0.000000 -0.000000 -0.000000 -0.130347 -0.750151
52 1.924987 -0.000000 0.000000 -0.000000 -0.084390 -0.071779
53 10.924391 -3.889540 3.660376 2.705055 -0.349884 -0.104252
54 3.109823 -0.000000 0.000000 -0.000000 -0.123272 -0.061145
55 1.512893 0.000000 0.000000 0.000000 0.028966 0.541554
56 7.466661 3.907426 -1.935393 0.000000 0.000000 0.000000
57 1.039705 -0.030237 9.678038 0.003443 -0.172405 -0.013829
58 -0.183178 -4.377939 -4.342432 0.000000 0.000000 0.000000
59 -0.002523 -3.190868 4.796901 0.064467 0.001356 -0.001292
60 0.000000 0.000000 0.000000 -0.000000 -0.000000 -0.000000
61 0.000000 0.000000 0.000000 0.000000 0.000000 0.000000
62 -0.000000 -2.426310 5.737833 -0.000000 0.000937 -0.001514
63 0.206732 -1.514296 -10.147256 0.000000 -0.000937 0.001514
64 -0.194928 1.514586 13.669277 0.000000 0.000937 -0.001514
65 0.003297 0.000007 -3.521831 0.000000 0.000000 0.000000
66 0.001702 2.426307 -5.737833 0.000000 0.000000 0.000000
67 0.000000 0.000000 0.000000 0.000000 0.000000 0.000000
68 0.000000 0.000000 0.000000 0.064465 0.000419 0.000222
69 0.001177 -2.653218 9.252350 0.064467 0.001356 -0.001292
70 8.000000 0.000000 0.000000 -0.001086 0.172435 0.013438
71 0.000003 -2.426316 9.259665 -0.000000 0.000937 -0.001514
72 -7.466661 3.907426 -1.935393 0.000000 0.000000 0.000000
73 1.567196 -0.186124 -6.577728 -0.010888 -0.858132 -0.011546
74 0.334780 -4.377939 -4.346992 0.000000 0.000000 0.000000
75 -0.062751 -3.327731 4.955394 -0.101365 0.000251 -0.001808
76 0.000000 0.000000 -0.000000 -0.000000 -0.000000 -0.000000
77 0.000000 0.000000 0.000000 0.139717 0.000000 0.000000
78 -0.000000 -2.426310 5.737833 -0.000000 0.000937 -0.001514
79 -0.183130 -1.514886 -10.147621 0.000000 -0.000937 0.001514
80 0.194928 1.514586 13.669277 0.000000 0.000937 -0.001514
81 0.003303 0.000007 -3.521831 0.139717 0.000000 0.000000
82 0.001702 2.426307 -5.737833 0.000000 0.000000 0.000000
83 -0.000000 -0.000000 0.000000 -0.139717 -0.000000 -0.000000
84 0.000000 0.000000 0.000000 -0.101366 -0.000686 -0.000294
85 -0.001779 -2.069947 9.241589 -0.102528 -0.002537 0.061038
86 -8.000000 0.000000 0.000000 0.030003 0.857794 0.030248
87 -0.000003 -2.426316 9.259665 -0.000000 0.000937 -0.001514
88 0.000156 39.987263 -0.385905 0.000000 0.000000 0.000000
89 2.768026 -13.180689 -2.358154 -0.048387 -0.543629 0.011808
90 0.000000 3.964346 -1.347968 1.570796 0.083193 1.570796
91 0.000000 0.000000 0.000000 -0.011694 -0.008205 0.490168
92 0.000000 -0.000000 0.000000 -0.000000 -0.000000 -0.013661
93 7.506614 -0.102554 0.000000 -0.011566 -0.013174 0.053529
94 0.000000 0.000000 0.000000 0.000000 -0.000000 0.126643
95 9.007018 1.146814 0.000000 -0.004298 -0.027268 -0.004260
96 -0.000000 -0.000000 0.000000 0.000000 0.000000 0.333969
97 10.228633 3.548980 0.000000 -0.011056 0.048027 -0.028958
98 0.000000 -0.000000 0.000000 -0.000000 -0.000000 0.952345
99 5.136838 7.218981 0.000000 0.496083 -0.071321 -0.012796
100 0.000000 -0.000000 -0.000000 -0.000002 -3.141593 -1.535012
101 -0.155339 4.339165 0.000000 0.048755 0.018036 -0.393176
102 0.000000 0.000000 -0.000000 3.141592 0.000000 0.137367
103 2.889723 6.413463 3.754603 1.037195 -1.069949 -1.767391
104 0.000000 0.000000 0.000000 0.064697 -0.143121 -0.049686
105 2.889723 6.413463 -3.754603 -1.110908 1.069949 -1.767391
106 0.000000 0.000000 0.000000 -0.030762 0.099422 -0.047331
107 8.224836 52.871216 17.762022 0.000000 0.000000 0.000000
108 3.439932 -34.631844 16.652622 0.000000 0.000000 0.000000
109 0.000000 9.000000 0.000000 0.000000 0.000000 0.000000
110 0.000000 0.000000 0.000000 0.000000 0.000000 0.000000
111 0.000000 0.000000 -10.000000 -0.000000 -0.000000 -0.000000
112 22.880602 2.232097 20.394163 0.000000 0.000000 0.000000
113 22.012325 35.259483 32.206032 0.572411 -0.110430 -2.117049
114 20.040791 -0.000036 0.000008 1.404680 0.142601 0.138624
115 0.000000 -0.000000 -0.000000 -0.496147 0.240528 -0.110842
116 0.000000 0.000000 0.000000 -0.235528 0.036014 0.000000
117 -0.000000 0.000000 0.000000 -1.816459 0.017293 -0.015642
118 -16.630022 53.554436 1.242151 0.000000 0.000000 0.000000
119 -7.618733 -36.088005 9.884095 0.000000 0.000000 0.000000
120 0.000000 9.000000 0.000000 0.000000 0.000000 0.000000
121 0.000000 0.000000 0.000000 0.000000 0.000000 0.000000
122 0.000004 -0.000016 -10.000016 -3.141593 -3.141593 3.141593
123 -20.070738 2.224473 -1.454810 -0.000000 0.000000 0.000000
124 -32.796860 32.403023 0.856767 -2.916319 -0.538010 -1.050999
125 20.040770 -0.000027 0.000001 1.736913 -0.142601 0.138624
126 0.000000 0.000000 0.000000 0.143986 0.384904 -0.133139
127 0.000000 0.000000 0.000000 0.232579 -0.036013 -0.000000
128 -0.000000 -0.000000 0.000000 -1.329320 0.017292 0.015641
129 7.695733 26.864759 0.234233 0.000000 0.000000 0.000000
130 0.000000 0.000000 0.000000 0.000000 0.000000 0.000000
131 0.000000 0.000000 -10.000000 0.000000 0.000000 0.000000
132 1.840196 -2.757690 2.763374 0.000000 0.000000 0.000000
133 -2.159369 26.748384 -5.722349 0.000000 0.000000 0.000000
134 0.000000 0.000000 0.000000 0.000000 0.000000 0.000000
135 0.000000 0.000000 -10.000000 -0.000000 0.000000 0.000000
136 -6.524610 2.512234 0.539616 0.000000 0.000000 0.000000
137 0.000000 0.000000 0.000000 1.570796 0.000000 0.000000
138 11.664767 18.239372 34.414642 1.452697 -0.049273 -1.659052
139 -24.248756 17.466431 11.126246 -0.816007 -0.283145 -1.580114
time 36
0 0.000000 0.000000 0.000000 1.570796 0.000000 0.000000
1 0.000000 0.000000 0.000000 1.570796 0.000000 0.000000
2 2.801211 26.338533 -2.728272 -0.036150 -0.539633 0.016814
3 0.000000 0.000000 0.000000 0.000000 0.000000 0.000000
4 5.757982 0.000000 0.000000 -2.158085 -0.957930 -0.969707
5 18.152637 -0.000000 0.000000 0.000000 0.000000 1.661506
6 17.091557 -0.000000 0.000000 -0.152555 0.007972 -1.724740
7 6.229743 -0.000000 -0.000000 0.027512 0.010188 -0.335075
8 -5.757982 0.000000 -0.000000 -1.515385 -0.821160 -1.843714
9 18.152637 0.000000 0.000000 0.000000 -0.000000 1.777979
10 17.091557 -0.000000 -0.000000 0.365375 0.128552 -1.908419
11 6.229743 0.000000 -0.000000 -0.115667 -0.028960 -0.648292
12 0.000000 3.964346 -1.347968 1.557855 -0.400845 1.557843
13 7.507315 -0.000000 0.000000 -0.018990 -0.015512 0.198105
14 9.079733 -0.000000 -0.000000 -0.016132 -0.026564 0.201619
15 10.826827 0.000000 0.000000 0.032776 0.039764 0.589700
16 8.860067 0.000000 -0.000000 3.047384 -0.502507 0.589157
17 4.341945 0.000000 0.000000 0.057734 -0.011804 1.913291
18 6.900930 1.363879 3.754603 -1.787643 -2.087266 0.151218
19 12.731754 -0.000000 0.000000 -1.727261 -0.800280 0.518804
20 26.625128 0.000000 0.000000 0.000000 -0.000000 -1.250709
21 20.040787 -0.000017 -0.000030 -1.105117 0.331273 0.361610
22 16.821650 2.696737 -0.203279 -0.454715 2.101277 -2.090298
23 2.039386 0.000000 -0.000000 0.000000 -0.119732 -0.551019
24 1.516909 0.000000 -0.000000 0.000000 -0.106498 -0.214585
25 17.176727 0.840396 -0.044736 -0.246604 1.977585 -1.852852
26 2.302859 -0.000000 -0.000000 0.000000 -0.040281 -0.440509
27 2.047745 -0.000000 -0.000000 -0.000000 -0.019146 -0.127858
28 17.032684 -1.069098 -0.638179 2.512672 1.056836 0.848304
29 2.907259 -0.000000 -0.000000 0.000000 -0.070674 -0.789421
30 2.470908 0.000000 0.000000 0.000000 0.042753 -0.053852
31 16.797981 -2.957015 -1.264867 2.402309 1.055943 0.717082
32 2.246732 0.000000 0.000000 0.000000 0.130347 -0.750151
33 1.924987 0.000000 -0.000000 0.000000 0.084390 -0.071779
34 10.924372 -3.874175 -3.676631 -2.700621 0.350317 -0.102732
35 3.109823 -0.000000 0.000000 0.000000 0.123272 -0.061145
36 1.512893 0.000000 0.000000 -0.000000 -0.028966 0.541554
37 6.900930 1.363879 -3.754603 1.777502 2.085959 0.194205
38 12.731754 0.000000 0.000000 1.877232 1.075588 0.874964
39 26.625128 0.000000 0.000000 0.000000 -0.000000 -1.287153
40 20.040768 -0.000010 0.000019 0.801107 -0.091108 0.496732
41 16.821663 2.695864 0.214569 0.458848 -2.097646 -2.093866
42 2.039386 -0.000000 0.000000 0.000000 0.119732 -0.551019
43 1.516909 -0.000000 0.000000 0.000000 0.106498 -0.214585
44 17.176743 0.840203 0.048255 0.249576 -1.973565 -1.855583
45 2.302859 -0.000000 0.000000 0.000000 0.040281 -0.440509
46 2.047745 -0.000000 0.000000 -0.000000 0.019146 -0.127858
47 17.032701 -1.071759 0.633698 -2.507009 -1.059970 0.843370
48 2.907259 0.000000 -0.000000 0.000000 0.070674 -0.789421
49 2.470908 0.000000 -0.000000 -0.000000 -0.042753 -0.053852
50 16.798000 -2.962283 1.252475 -2.395869 -1.058686 0.711474
51 2.246732 0.000000 0.000000 -0.000000 -0.130347 -0.750151
52 1.924987 0.000000 -0.000000 -0.000000 -0.084390 -0.071779
53 10.924391 -3.889540 3.660376 2.705055 -0.349884 -0.104252
54 3.109823 0.000000 -0.000000 0.000000 -0.123272 -0.061145
55 1.512893 -0.000000 0.000000 0.000000 0.028966 0.541554
56 7.466661 3.907426 -1.935393 0.000000 0.000000 0.000000
57 1.025053 -0.035048 9.675560 0.003477 -0.170962 -0.012322
58 -0.183178 -4.377939 -4.342432 0.000000 0.000000 0.000000
59 -0.002524 -3.190523 4.796621 0.064834 0.001359 -0.001290
60 0.000000 0.000000 0.000000 0.000000 0.000000 0.000000
61 0.000000 0.000000 0.000000 0.000000 0.000000 0.000000
62 -0.000000 -2.426310 5.737833 -0.000000 0.000937 -0.001514
63 0.206732 -1.514296 -10.147256 0.000000 -0.000937 0.001514
64 -0.194928 1.514586 13.669277 0.000000 0.000937 -0.001514
65 0.003297 0.000007 -3.521831 0.000000 0.000000 0.000000
66 0.001702 2.426307 -5.737833 0.000000 0.000000 0.000000
67 0.000000 0.000000 0.000000 0.000000 0.000000 0.000000
68 0.000000 0.000000 0.000000 0.064832 0.000422 0.000224
69 0.001184 -2.654506 9.252267 0.064834 0.001359 -0.001290
70 8.000000 0.000000 0.000000 -0.001401 0.170991 0.011904
71 0.000003 -2.426316 9.259665 -0.000000 0.000937 -0.001514
72 -7.466661 3.907426 -1.935393 0.000000 0.000000 0.000000
73 1.550718 -0.137613 -6.528122 0.005250 -0.861060 -0.020833
74 0.334780 -4.377939 -4.346992 0.000000 0.000000 0.000000
75 -0.062737 -3.333731 4.962360 -0.109070 0.000198 -0.001828
76 0.000000 -0.000000 0.000000 0.000000 0.000000 -0.000000
77 0.000000 0.000000 0.000000 0.139717 0.000000 0.000000
78 -0.000000 -2.426310 5.737833 -0.000000 0.000937 -0.001514
79 -0.183130 -1.514886 -10.147621 0.000000 -0.000937 0.001514
80 0.194928 1.514586 13.669277 0.000000 0.000937 -0.001514
81 0.003303 0.000007 -3.521831 0.139717 0.000000 0.000000
82 0.001702 2.426307 -5.737833 0.000000 0.000000 0.000000
83 -0.000000 -0.000000 0.000000 -0.139717 -0.000000 -0.000000
84 0.000000 0.000000 0.000000 -0.109071 -0.000739 -0.000313
85 -0.001910 -2.042962 9.238739 -0.110221 -0.002106 0.061038
86 -8.000000 0.000000 0.000000 0.016192 0.860960 0.025857
87 -0.000003 -2.426316 9.259665 -0.000000 0.000937 -0.001514
88 0.000156 39.987263 -0.385905 0.000000 0.000000 0.000000
89 2.801055 -13.648729 -2.342368 -0.036150 -0.539633 0.016814
90 0.000000 3.964346 -1.347968 1.570796 0.083193 1.570796
91 0.000000 0.000000 0.000000 -0.018157 -0.011679 0.497728
92 0.000000 -0.000000 0.000000 -0.000000 -0.000000 -0.013661
93 7.506614 -0.102554 0.000000 -0.016879 -0.017786 0.057804
94 0.000000 0.000000 0.000000 0.000000 -0.000000 0.126643
95 9.007018 1.146814 0.000000 -0.006531 -0.030383 -0.005821
96 -0.000000 -0.000000 0.000000 0.000000 0.000000 0.333969
97 10.228633 3.548980 0.000000 -0.013423 0.049748 -0.029662
98 0.000000 -0.000000 0.000000 -0.000000 -0.000000 0.952345
99 5.136838 7.218981 0.000000 0.506702 -0.065202 -0.106163
100 0.000000 -0.000000 -0.000000 -0.000002 -3.141593 -1.535012
101 -0.155339 4.339165 0.000000 0.055579 0.019593 -0.443874
102 0.000000 0.000000 -0.000000 3.141592 0.000000 0.137367
103 2.889723 6.413463 3.754603 1.037195 -1.069949 -1.767391
104 0.000000 0.000000 0.000000 0.083883 -0.113987 -0.067515
105 2.889723 6.413463 -3.754603 -1.110908 1.069949 -1.767391
106 0.000000 0.000000 0.000000 -0.056656 0.098394 -0.052466
107 7.995132 52.118797 18.080832 0.000000 0.000000 0.000000
108 4.131135 -33.879425 16.776062 0.000000 0.000000 0.000000
109 0.000000 9.000000 0.000000 0.000000 0.000000 0.000000
110 0.000000 0.000000 0.000000 0.000000 0.000000 0.000000
111 0.000000 0.000000 -10.000000 -0.000000 -0.000000 -0.000000
112 22.895786 3.654058 20.483974 0.000000 0.000000 0.000000
113 22.401087 35.334343 32.901356 0.590448 -0.097733 -2.111983
114 20.040791 -0.000036 0.000008 1.404680 0.142601 0.138624
115 0.000000 0.000000 -0.000000 -0.520189 0.207190 -0.116527
116 0.000000 0.000000 0.000000 -0.235528 0.036014 0.000000
117 -0.000000 0.000000 0.000000 -1.816459 0.017293 -0.015642
118 -16.731167 52.879086 1.716211 0.000000 0.000000 0.000000
119 -8.016301 -35.445412 9.410036 0.000000 0.000000 0.000000
120 0.000000 9.000000 0.000000 0.000000 0.000000 0.000000
121 0.000000 0.000000 0.000000 0.000000 0.000000 0.000000
122 0.000004 -0.000016 -10.000016 -3.141593 -3.141593 3.141593
123 -20.284925 3.888417 -1.582315 -0.000000 0.000000 0.000000
124 -33.633034 32.316887 1.067880 -2.941790 -0.525787 -1.032571
125 20.040770 -0.000027 0.000001 1.736913 -0.142601 0.138624
126 0.000000 0.000000 0.000000 0.179695 0.369854 -0.121764
127 0.000000 0.000000 0.000000 0.232579 -0.036013 -0.000000
128 -0.000000 -0.000000 0.000000 -1.329320 0.017292 0.015641
129 7.740271 26.421589 0.230299 0.000000 0.000000 0.000000
130 0.000000 0.000000 0.000000 0.000000 0.000000 0.000000
131 0.000000 0.000000 -10.000000 0.000000 0.000000 0.000000
132 1.805751 -2.895190 2.978045 0.000000 0.000000 0.000000
133 -2.137849 26.255478 -5.686843 0.000000 0.000000 0.000000
134 0.000000 0.000000 0.000000 0.000000 0.000000 0.000000
135 0.000000 0.000000 -10.000000 -0.000000 0.000000 0.000000
136 -6.325552 2.626226 0.601033 0.000000 0.000000 0.000000
137 0.000000 0.000000 0.000000 1.570796 0.000000 0.000000
138 12.126266 18.239372 34.856895 1.452697 -0.027710 -1.681695
139 -24.747469 17.433676 11.126246 -0.816007 -0.283145 -1.548140
time 37
0 0.000000 0.000000 0.000000 1.570796 0.000000 0.000000
1 0.000000 0.000000 0.000000 1.570796 0.000000 0.000000
2 2.819401 25.961327 -2.701156 -0.030018 -0.533890 0.021486
3 0.000000 0.000000 0.000000 0.000000 0.000000 0.000000
4 5.757982 0.000000 0.000000 -2.173577 -0.982154 -0.956270
5 18.152637 -0.000000 -0.000000 0.000000 0.000000 1.687646
6 17.091557 -0.000000 0.000000 -0.151238 0.006871 -1.733949
7 6.229743 0.000000 -0.000000 0.027512 0.010189 -0.335109
8 -5.757982 0.000000 -0.000000 -1.518238 -0.842855 -1.851384
9 18.152637 0.000000 0.000000 0.000000 0.000000 1.808595
10 17.091557 -0.000000 0.000000 0.372787 0.135050 -1.913350
11 6.229743 0.000000 0.000000 -0.115504 -0.029165 -0.654390
12 0.000000 3.964346 -1.347968 1.553923 -0.399120 1.557018
13 7.507315 0.000000 0.000000 -0.022601 -0.016547 0.203991
14 9.079733 0.000000 -0.000000 -0.018130 -0.028698 0.209976
15 10.826827 0.000000 -0.000000 0.031254 0.040111 0.594717
16 8.860067 -0.000000 -0.000000 3.028417 -0.508756 0.541368
17 4.341945 -0.000000 -0.000000 0.055285 -0.009239 1.947364
18 6.900930 1.363879 3.754603 -1.828465 -2.083746 0.194564
19 12.731754 0.000000 0.000000 -1.757369 -0.784256 0.550906
20 26.625128 -0.000000 -0.000000 0.000000 -0.000000 -1.275485
21 20.040787 -0.000017 -0.000030 -1.137429 0.325588 0.325547
22 16.821650 2.696737 -0.203279 -0.454715 2.101277 -2.090298
23 2.039386 0.000000 -0.000000 0.000000 -0.119732 -0.551019
24 1.516909 0.000000 0.000000 0.000000 -0.106498 -0.214585
25 17.176727 0.840396 -0.044736 -0.246604 1.977585 -1.852852
26 2.302859 0.000000 -0.000000 -0.000000 -0.040281 -0.440509
27 2.047745 0.000000 0.000000 0.000000 -0.019146 -0.127858
28 17.032684 -1.069098 -0.638179 2.512672 1.056836 0.848304
29 2.907259 0.000000 -0.000000 -0.000000 -0.070674 -0.789421
30 2.470908 0.000000 0.000000 -0.000000 0.042753 -0.053852
31 16.797981 -2.957015 -1.264867 2.402309 1.055943 0.717082
32 2.246732 0.000000 -0.000000 0.000000 0.130347 -0.750151
33 1.924987 0.000000 0.000000 0.000000 0.084390 -0.071779
34 10.924372 -3.874175 -3.676631 -2.700621 0.350317 -0.102732
35 3.109823 0.000000 0.000000 0.000000 0.123272 -0.061145
36 1.512893 0.000000 -0.000000 -0.000000 -0.028966 0.541554
37 6.900930 1.363879 -3.754603 1.759139 2.078212 0.181555
38 12.731754 0.000000 0.000000 1.911357 1.032775 0.906591
39 26.625128 0.000000 0.000000 -0.000000 0.000000 -1.329570
40 20.040768 -0.000010 0.000019 0.826764 -0.097595 0.484245
41 16.821663 2.695864 0.214569 0.458848 -2.097646 -2.093866
42 2.039386 -0.000000 -0.000000 0.000000 0.119732 -0.551019
43 1.516909 -0.000000 -0.000000 0.000000 0.106498 -0.214585
44 17.176743 0.840203 0.048255 0.249576 -1.973565 -1.855583
45 2.302859 0.000000 -0.000000 -0.000000 0.040281 -0.440509
46 2.047745 -0.000000 0.000000 0.000000 0.019146 -0.127858
47 17.032701 -1.071759 0.633698 -2.507009 -1.059970 0.843370
48 2.907259 0.000000 0.000000 0.000000 0.070674 -0.789421
49 2.470908 0.000000 0.000000 -0.000000 -0.042753 -0.053852
50 16.798000 -2.962283 1.252475 -2.395869 -1.058686 0.711474
51 2.246732 -0.000000 -0.000000 -0.000000 -0.130347 -0.750151
52 1.924987 -0.000000 -0.000000 -0.000000 -0.084390 -0.071779
53 10.924391 -3.889540 3.660376 2.705055 -0.349884 -0.104252
54 3.109823 0.000000 -0.000000 -0.000000 -0.123272 -0.061145
55 1.512893 -0.000000 0.000000 0.000000 0.028966 0.541554
56 7.466661 3.907426 -1.935393 0.000000 0.000000 0.000000
57 1.013021 -0.031098 9.670288 0.002984 -0.169950 -0.011290
58 -0.183178 -4.377939 -4.342432 0.000000 0.000000 0.000000
59 -0.002524 -3.190556 4.796647 0.064799 0.001358 -0.001291
60 0.000000 0.000000 0.000000 0.000000 -0.000000 0.000000
61 0.000000 0.000000 0.000000 0.000000 0.000000 0.000000
62 -0.000000 -2.426310 5.737833 -0.000000 0.000937 -0.001514
63 0.206732 -1.514296 -10.147256 0.000000 -0.000937 0.001514
64 -0.194928 1.514586 13.669277 0.000000 0.000937 -0.001514
65 0.003297 0.000007 -3.521831 0.000000 0.000000 0.000000
66 0.001702 2.426307 -5.737833 0.000000 0.000000 0.000000
67 0.000000 0.000000 0.000000 0.000000 0.000000 0.000000
68 0.000000 0.000000 0.000000 0.064798 0.000421 0.000224
69 0.001183 -2.654385 9.252275 0.064799 0.001358 -0.001291
70 8.000000 0.000000 0.000000 -0.001090 0.169973 0.010942
71 0.000003 -2.426316 9.259665 -0.000000 0.000937 -0.001514
72 -7.466661 3.907426 -1.935393 0.000000 0.000000 0.000000
73 1.529217 -0.098605 -6.481197 0.020275 -0.862395 -0.029276
74 0.334780 -4.377939 -4.346992 0.000000 0.000000 0.000000
75 -0.062726 -3.338443 4.967907 -0.115169 0.000155 -0.001843
76 0.000000 0.000000 0.000000 -0.000000 0.000000 0.000000
77 0.000000 0.000000 0.000000 0.139717 0.000000 0.000000
78 -0.000000 -2.426310 5.737833 -0.000000 0.000937 -0.001514
79 -0.183130 -1.514886 -10.147621 0.000000 -0.000937 0.001514
80 0.194928 1.514586 13.669277 0.000000 0.000937 -0.001514
81 0.003303 0.000007 -3.521831 0.139717 0.000000 0.000000
82 0.001702 2.426307 -5.737833 0.000000 0.000000 0.000000
83 -0.000000 -0.000000 0.000000 -0.139717 -0.000000 -0.000000
84 0.000000 0.000000 0.000000 -0.115170 -0.000781 -0.000329
85 -0.002013 -2.021616 9.236336 -0.116311 -0.001765 0.061035
86 -8.000000 0.000000 0.000000 0.003012 0.862567 0.021334
87 -0.000003 -2.426316 9.259665 -0.000000 0.000937 -0.001514
88 0.000156 39.987263 -0.385905 0.000000 0.000000 0.000000
89 2.819245 -14.025935 -2.315252 -0.030018 -0.533890 0.021486
90 0.000000 3.964346 -1.347968 1.570796 0.083193 1.570796
91 0.000000 0.000000 0.000000 -0.022400 -0.012391 0.496006
92 0.000000 -0.000000 0.000000 -0.000000 -0.000000 -0.013661
93 7.506614 -0.102554 0.000000 -0.020331 -0.019269 0.063696
94 0.000000 0.000000 0.000000 0.000000 -0.000000 0.126643
95 9.007018 1.146814 0.000000 -0.007719 -0.033055 0.002518
96 -0.000000 -0.000000 0.000000 0.000000 0.000000 0.333969
97 10.228633 3.548980 0.000000 -0.014588 0.048709 -0.024641
98 0.000000 -0.000000 0.000000 -0.000000 -0.000000 0.952345
99 5.136838 7.218981 0.000000 0.514305 -0.081229 -0.163695
100 0.000000 -0.000000 -0.000000 -0.000002 -3.141593 -1.535012
101 -0.155339 4.339165 0.000000 0.053503 0.016717 -0.477959
102 0.000000 0.000000 -0.000000 3.141592 0.000000 0.137367
103 2.889723 6.413463 3.754603 1.037195 -1.069949 -1.767391
104 0.000000 0.000000 0.000000 0.079741 -0.094830 -0.057425
105 2.889723 6.413463 -3.754603 -1.110908 1.069949 -1.767391
106 0.000000 0.000000 0.000000 -0.063378 0.106353 -0.046520
107 7.837424 51.670010 18.444908 0.000000 0.000000 0.000000
108 4.675505 -33.430637 16.782520 0.000000 0.000000 0.000000
109 0.000000 9.000000 0.000000 0.000000 0.000000 0.000000
110 0.000000 0.000000 0.000000 0.000000 0.000000 0.000000
111 0.000000 0.000000 -10.000000 -0.000000 -0.000000 -0.000000
112 21.638895 3.794865 20.509672 0.000000 0.000000 0.000000
113 22.598793 35.477917 33.571560 0.607306 -0.082719 -2.100170
114 20.040791 -0.000036 0.000008 1.404680 0.142601 0.138624
115 0.000000 0.000000 0.000000 -0.541700 0.173524 -0.113841
116 0.000000 0.000000 0.000000 -0.235528 0.036014 0.000000
117 -0.000000 0.000000 0.000000 -1.816459 0.017293 -0.015642
118 -16.966734 52.267040 2.065660 0.000000 0.000000 0.000000
119 -8.242311 -34.863209 9.060587 0.000000 0.000000 0.000000
120 0.000000 9.000000 0.000000 0.000000 0.000000 0.000000
121 0.000000 0.000000 0.000000 0.000000 0.000000 0.000000
122 0.000004 -0.000016 -10.000016 -3.141593 -3.141593 3.141593
123 -19.162296 3.549997 -0.487933 -0.000000 0.000000 0.000000
124 -34.423126 32.181297 1.208516 -2.962375 -0.517693 -1.013260
125 20.040770 -0.000027 0.000001 1.736913 -0.142601 0.138624
126 0.000000 0.000000 0.000000 0.207497 0.358858 -0.112269
127 0.000000 0.000000 0.000000 0.232579 -0.036013 -0.000000
128 -0.000000 -0.000000 0.000000 -1.329320 0.017292 0.015641
129 7.774923 26.067818 0.229000 0.000000 0.000000 0.000000
130 0.000000 0.000000 0.000000 0.000000 0.000000 0.000000
131 0.000000 0.000000 -10.000000 0.000000 0.000000 0.000000
132 1.773886 -3.001265 3.151425 0.000000 0.000000 0.000000
133 -2.136121 25.854836 -5.631313 0.000000 0.000000 0.000000
134 0.000000 0.000000 0.000000 0.000000 0.000000 0.000000
135 0.000000 0.000000 -10.000000 -0.000000 0.000000 0.000000
136 -6.167688 2.704999 0.651250 0.000000 0.000000 0.000000
137 0.000000 0.000000 0.000000 1.570796 0.000000 0.000000
138 12.512929 18.239372 35.227428 1.452697 -0.009644 -1.700666
139 -25.209045 17.403833 11.126246 -0.816007 -0.283145 -1.518794
time 38
0 0.000000 0.000000 0.000000 1.570796 0.000000 0.000000
1 0.000000 0.000000 0.000000 1.570796 0.000000 0.000000
2 2.824790 25.741083 -2.630331 -0.031344 -0.526848 0.025485
3 0.000000 0.000000 0.000000 0.000000 0.000000 0.000000
4 5.757982 0.000000 0.000000 -2.176440 -0.992468 -0.956572
5 18.152637 -0.000000 0.000000 -0.000000 -0.000000 1.702486
6 17.091557 0.000000 -0.000000 -0.148056 0.008131 -1.740679
7 6.229743 0.000000 -0.000000 0.027514 0.010182 -0.334921
8 -5.757982 0.000000 -0.000000 -1.521060 -0.850196 -1.859464
9 18.152637 0.000000 0.000000 0.000000 -0.000000 1.828633
10 17.091557 -0.000000 0.000000 0.382646 0.135422 -1.909408
11 6.229743 -0.000000 -0.000000 -0.115210 -0.029528 -0.665269
12 0.000000 3.964346 -1.347968 1.553148 -0.395307 1.556845
13 7.507315 0.000000 -0.000000 -0.023042 -0.016073 0.209732
14 9.079733 0.000000 0.000000 -0.018447 -0.030015 0.220875
15 10.826827 -0.000000 0.000000 0.029900 0.038986 0.601238
16 8.860067 0.000000 -0.000000 3.006469 -0.507840 0.536128
17 4.341945 -0.000000 0.000000 0.045846 -0.002024 1.953034
18 6.900930 1.363879 3.754603 -1.849681 -2.076525 0.206148
19 12.731754 0.000000 0.000000 -1.770923 -0.780379 0.563337
20 26.625128 0.000000 0.000000 -0.000000 0.000000 -1.292344
21 20.040787 -0.000017 -0.000030 -1.149388 0.324631 0.316088
22 16.821650 2.696737 -0.203279 -0.454715 2.101277 -2.090298
23 2.039386 0.000000 -0.000000 0.000000 -0.119732 -0.551019
24 1.516909 0.000000 0.000000 0.000000 -0.106498 -0.214585
25 17.176727 0.840396 -0.044736 -0.246604 1.977585 -1.852852
26 2.302859 -0.000000 -0.000000 0.000000 -0.040281 -0.440509
27 2.047745 0.000000 0.000000 0.000000 -0.019146 -0.127858
28 17.032684 -1.069098 -0.638179 2.512672 1.056836 0.848304
29 2.907259 0.000000 0.000000 0.000000 -0.070674 -0.789421
30 2.470908 0.000000 0.000000 -0.000000 0.042753 -0.053852
31 16.797981 -2.957015 -1.264867 2.402309 1.055943 0.717082
32 2.246732 0.000000 -0.000000 -0.000000 0.130347 -0.750151
33 1.924987 0.000000 -0.000000 0.000000 0.084390 -0.071779
34 10.924372 -3.874175 -3.676631 -2.700621 0.350317 -0.102732
35 3.109823 -0.000000 0.000000 0.000000 0.123272 -0.061145
36 1.512893 -0.000000 -0.000000 0.000000 -0.028966 0.541554
37 6.900930 1.363879 -3.754603 1.728855 2.082473 0.152301
38 12.731754 0.000000 0.000000 1.921017 0.988488 0.913826
39 26.625128 0.000000 0.000000 -0.000000 0.000000 -1.361881
40 20.040768 -0.000010 0.000019 0.840601 -0.106077 0.473357
41 16.821663 2.695864 0.214569 0.458848 -2.097646 -2.093866
42 2.039386 -0.000000 0.000000 -0.000000 0.119732 -0.551019
43 1.516909 -0.000000 0.000000 0.000000 0.106498 -0.214585
44 17.176743 0.840203 0.048255 0.249576 -1.973565 -1.855583
45 2.302859 -0.000000 0.000000 0.000000 0.040281 -0.440509
46 2.047745 -0.000000 0.000000 -0.000000 0.019146 -0.127858
47 17.032701 -1.071759 0.633698 -2.507009 -1.059970 0.843370
48 2.907259 0.000000 0.000000 0.000000 0.070674 -0.789421
49 2.470908 -0.000000 -0.000000 -0.000000 -0.042753 -0.053852
50 16.798000 -2.962283 1.252475 -2.395869 -1.058686 0.711474
51 2.246732 -0.000000 0.000000 -0.000000 -0.130347 -0.750151
52 1.924987 -0.000000 0.000000 -0.000000 -0.084390 -0.071779
53 10.924391 -3.889540 3.660376 2.705055 -0.349884 -0.104252
54 3.109823 -0.000000 0.000000 0.000000 -0.123272 -0.061145
55 1.512893 0.000000 -0.000000 0.000000 0.028966 0.541554
56 7.466661 3.907426 -1.935393 0.000000 0.000000 0.000000
57 1.005846 -0.037930 9.668711 0.002612 -0.169419 -0.010719
58 -0.183178 -4.377939 -4.342432 0.000000 0.000000 0.000000
59 -0.002524 -3.190378 4.796503 0.064988 0.001360 -0.001290
60 0.000000 0.000000 0.000000 -0.000000 -0.000000 -0.000000
61 0.000000 0.000000 0.000000 0.000000 0.000000 0.000000
62 -0.000000 -2.426310 5.737833 -0.000000 0.000937 -0.001514
63 0.206732 -1.514296 -10.147256 0.000000 -0.000937 0.001514
64 -0.194928 1.514586 13.669277 0.000000 0.000937 -0.001514
65 0.003297 0.000007 -3.521831 0.000000 0.000000 0.000000
66 0.001702 2.426307 -5.737833 0.000000 0.000000 0.000000
67 0.000000 0.000000 0.000000 0.000000 0.000000 0.000000
68 0.000000 0.000000 0.000000 0.064986 0.000423 0.000224
69 0.001186 -2.655048 9.252232 0.064988 0.001360 -0.001290
70 8.000000 0.000000 0.000000 -0.000816 0.169437 0.010428
71 0.000003 -2.426316 9.259665 -0.000000 0.000937 -0.001514
72 -7.466661 3.907426 -1.935393 0.000000 0.000000 0.000000
73 1.468061 -0.031151 -6.438340 0.037888 -0.862254 -0.033711
74 0.334780 -4.377939 -4.346992 0.000000 0.000000 0.000000
75 -0.062706 -3.346764 4.977872 -0.126049 0.000080 -0.001869
76 0.000000 0.000000 -0.000000 0.000000 -0.000000 -0.000000
77 0.000000 0.000000 0.000000 0.139717 0.000000 0.000000
78 -0.000000 -2.426310 5.737833 -0.000000 0.000937 -0.001514
79 -0.183130 -1.514886 -10.147621 0.000000 -0.000937 0.001514
80 0.194928 1.514586 13.669277 0.000000 0.000937 -0.001514
81 0.003303 0.000007 -3.521831 0.139717 0.000000 0.000000
82 0.001702 2.426307 -5.737833 0.000000 0.000000 0.000000
83 -0.000000 -0.000000 0.000000 -0.139717 -0.000000 -0.000000
84 0.000000 0.000000 0.000000 -0.126050 -0.000857 -0.000355
85 -0.002196 -1.983579 9.231726 -0.127174 -0.001157 0.061026
86 -8.000000 0.000000 0.000000 -0.018888 0.862716 0.007588
87 -0.000003 -2.426316 9.259665 -0.000000 0.000937 -0.001514
88 0.000156 39.987263 -0.385905 0.000000 0.000000 0.000000
89 2.824634 -14.246179 -2.244427 -0.031344 -0.526848 0.025485
90 0.000000 3.964346 -1.347968 1.570796 0.083193 1.570796
91 0.000000 0.000000 0.000000 -0.023194 -0.012560 0.492193
92 0.000000 -0.000000 0.000000 -0.000000 -0.000000 -0.013661
93 7.506614 -0.102554 0.000000 -0.020828 -0.018854 0.069439
94 0.000000 0.000000 0.000000 0.000000 -0.000000 0.126643
95 9.007018 1.146814 0.000000 -0.007586 -0.034403 0.013403
96 -0.000000 -0.000000 0.000000 0.000000 0.000000 0.333969
97 10.228633 3.548980 0.000000 -0.014454 0.046954 -0.018061
98 0.000000 -0.000000 0.000000 -0.000000 -0.000000 0.952345
99 5.136838 7.218981 0.000000 0.515158 -0.100405 -0.179695
100 0.000000 -0.000000 -0.000000 -0.000002 -3.141593 -1.535012
101 -0.155339 4.339165 0.000000 0.045139 0.008279 -0.483680
102 0.000000 0.000000 -0.000000 3.141592 0.000000 0.137367
103 2.889723 6.413463 3.754603 1.037195 -1.069949 -1.767391
104 0.000000 0.000000 0.000000 0.067825 -0.091931 -0.048689
105 2.889723 6.413463 -3.754603 -1.110908 1.069949 -1.767391
106 0.000000 0.000000 0.000000 -0.068976 0.119204 -0.054091
107 7.852145 51.395832 18.612226 0.000000 0.000000 0.000000
108 4.822932 -33.156460 16.770586 0.000000 0.000000 0.000000
109 0.000000 9.000000 0.000000 0.000000 0.000000 0.000000
110 0.000000 0.000000 0.000000 0.000000 0.000000 0.000000
111 0.000000 0.000000 -10.000000 -0.000000 -0.000000 -0.000000
112 21.685612 4.292453 20.593794 0.000000 0.000000 0.000000
113 22.775715 35.482883 33.875336 0.614260 -0.075291 -2.100683
114 20.040791 -0.000036 0.000008 1.404680 0.142601 0.138624
115 0.000000 -0.000000 -0.000000 -0.550971 0.164894 -0.113630
116 0.000000 0.000000 0.000000 -0.235528 0.036014 0.000000
117 -0.000000 0.000000 0.000000 -1.816459 0.017293 -0.015642
118 -17.014164 51.741142 2.283484 0.000000 0.000000 0.000000
119 -8.530002 -34.364334 8.842762 0.000000 0.000000 0.000000
120 0.000000 9.000000 0.000000 0.000000 0.000000 0.000000
121 0.000000 0.000000 0.000000 0.000000 0.000000 0.000000
122 0.000004 -0.000016 -10.000016 -3.141593 -3.141593 3.141593
123 -19.303598 3.989243 -0.585667 -0.000000 0.000000 0.000000
124 -34.915134 32.060829 1.216725 -2.973069 -0.517222 -1.002779
125 20.040770 -0.000027 0.000001 1.736913 -0.142601 0.138624
126 0.000000 0.000000 0.000000 0.223895 0.349536 -0.101301
127 0.000000 0.000000 0.000000 0.232579 -0.036013 -0.000000
128 -0.000000 -0.000000 0.000000 -1.329320 0.017292 0.015641
129 7.800351 25.867912 0.264849 0.000000 0.000000 0.000000
130 0.000000 0.000000 0.000000 0.000000 0.000000 0.000000
131 0.000000 0.000000 -10.000000 0.000000 0.000000 0.000000
132 1.734057 -3.055734 3.237490 0.000000 0.000000 0.000000
133 -2.150771 25.614252 -5.525511 0.000000 0.000000 0.000000
134 0.000000 0.000000 0.000000 0.000000 0.000000 0.000000
135 0.000000 0.000000 -10.000000 -0.000000 0.000000 0.000000
136 -6.040905 2.734913 0.707743 0.000000 0.000000 0.000000
137 0.000000 0.000000 0.000000 1.570796 0.000000 0.000000
138 12.675076 18.239372 35.382813 1.452697 -0.002068 -1.708622
139 -25.544167 17.376810 11.126246 -0.816007 -0.283145 -1.497332
time 39
0 0.000000 0.000000 0.000000 1.570796 0.000000 0.000000
1 0.000000 0.000000 0.000000 1.570796 0.000000 0.000000
2 2.816649 25.634062 -2.526189 -0.035977 -0.516820 0.028752
3 0.000000 0.000000 0.000000 0.000000 0.000000 0.000000
4 5.757982 0.000000 0.000000 -2.166256 -0.996812 -0.969208
5 18.152637 -0.000000 -0.000000 0.000000 0.000000 1.710368
6 17.091557 -0.000000 0.000000 -0.145387 0.009963 -1.746541
7 6.229743 -0.000000 -0.000000 0.027514 0.010181 -0.334894
8 -5.757982 0.000000 -0.000000 -1.519678 -0.848238 -1.869492
9 18.152637 0.000000 -0.000000 -0.000000 -0.000000 1.842305
10 17.091557 -0.000000 0.000000 0.392332 0.134652 -1.899021
11 6.229743 -0.000000 -0.000000 -0.114832 -0.029982 -0.679017
12 0.000000 3.964346 -1.347968 1.557134 -0.392723 1.555066
13 7.507315 0.000000 0.000000 -0.020139 -0.016797 0.215290
14 9.079733 0.000000 0.000000 -0.017546 -0.032379 0.227269
15 10.826827 0.000000 -0.000000 0.033934 0.041051 0.604042
16 8.860067 -0.000000 0.000000 3.006369 -0.499550 0.543359
17 4.341945 -0.000000 -0.000000 0.035576 0.003747 1.948017
18 6.900930 1.363879 3.754603 -1.847034 -2.073951 0.197780
19 12.731754 0.000000 -0.000000 -1.784883 -0.790890 0.594217
20 26.625128 0.000000 0.000000 0.000000 0.000000 -1.302502
21 20.040787 -0.000017 -0.000030 -1.156353 0.330307 0.334050
22 16.821650 2.696737 -0.203279 -0.454715 2.101277 -2.090298
23 2.039386 0.000000 -0.000000 -0.000000 -0.119732 -0.551019
24 1.516909 0.000000 0.000000 0.000000 -0.106498 -0.214585
25 17.176727 0.840396 -0.044736 -0.246604 1.977585 -1.852852
26 2.302859 -0.000000 0.000000 -0.000000 -0.040281 -0.440509
27 2.047745 0.000000 -0.000000 -0.000000 -0.019146 -0.127858
28 17.032684 -1.069098 -0.638179 2.512672 1.056836 0.848304
29 2.907259 0.000000 0.000000 0.000000 -0.070674 -0.789421
30 2.470908 0.000000 0.000000 -0.000000 0.042753 -0.053852
31 16.797981 -2.957015 -1.264867 2.402309 1.055943 0.717082
32 2.246732 0.000000 0.000000 -0.000000 0.130347 -0.750151
33 1.924987 0.000000 0.000000 0.000000 0.084390 -0.071779
34 10.924372 -3.874175 -3.676631 -2.700621 0.350317 -0.102732
35 3.109823 0.000000 -0.000000 -0.000000 0.123272 -0.061145
36 1.512893 0.000000 0.000000 -0.000000 -0.028966 0.541554
37 6.900930 1.363879 -3.754603 1.742164 2.093646 0.168473
38 12.731754 0.000000 -0.000000 1.926540 0.968176 0.917531
39 26.625128 0.000000 0.000000 0.000000 -0.000000 -1.371165
40 20.040768 -0.000010 0.000019 0.851128 -0.102463 0.459813
41 16.821663 2.695864 0.214569 0.458848 -2.097646 -2.093866
42 2.039386 -0.000000 0.000000 -0.000000 0.119732 -0.551019
43 1.516909 -0.000000 -0.000000 0.000000 0.106498 -0.214585
44 17.176743 0.840203 0.048255 0.249576 -1.973565 -1.855583
45 2.302859 -0.000000 0.000000 0.000000 0.040281 -0.440509
46 2.047745 0.000000 -0.000000 0.000000 0.019146 -0.127858
47 17.032701 -1.071759 0.633698 -2.507009 -1.059970 0.843370
48 2.907259 0.000000 -0.000000 0.000000 0.070674 -0.789421
49 2.470908 -0.000000 0.000000 -0.000000 -0.042753 -0.053852
50 16.798000 -2.962283 1.252475 -2.395869 -1.058686 0.711474
51 2.246732 -0.000000 0.000000 -0.000000 -0.130347 -0.750151
52 1.924987 -0.000000 -0.000000 -0.000000 -0.084390 -0.071779
53 10.924391 -3.889540 3.660376 2.705055 -0.349884 -0.104252
54 3.109823 -0.000000 0.000000 0.000000 -0.123272 -0.061145
55 1.512893 -0.000000 0.000000 0.000000 0.028966 0.541554
56 7.466661 3.907426 -1.935393 0.000000 0.000000 0.000000
57 1.006138 -0.038036 9.663971 0.001936 -0.169154 -0.011025
58 -0.183178 -4.377939 -4.342432 0.000000 0.000000 0.000000
59 -0.002524 -3.190353 4.796483 0.065014 0.001360 -0.001290
60 0.000000 0.000000 0.000000 0.000000 0.000000 0.000000
61 0.000000 0.000000 0.000000 0.000000 0.000000 0.000000
62 -0.000000 -2.426310 5.737833 -0.000000 0.000937 -0.001514
63 0.206732 -1.514296 -10.147256 0.000000 -0.000937 0.001514
64 -0.194928 1.514586 13.669277 0.000000 0.000937 -0.001514
65 0.003297 0.000007 -3.521831 0.000000 0.000000 0.000000
66 0.001702 2.426307 -5.737833 0.000000 0.000000 0.000000
67 0.000000 0.000000 0.000000 0.000000 0.000000 0.000000
68 0.000000 0.000000 0.000000 0.065013 0.000423 0.000224
69 0.001187 -2.655140 9.252226 0.065014 0.001360 -0.001290
70 8.000000 0.000000 0.000000 -0.000081 0.169165 0.010854
71 0.000003 -2.426316 9.259665 -0.000000 0.000937 -0.001514
72 -7.466661 3.907426 -1.935393 0.000000 0.000000 0.000000
73 1.403445 0.067674 -6.384585 0.061039 -0.863441 -0.039127
74 0.334780 -4.377939 -4.346992 0.000000 0.000000 0.000000
75 -0.062683 -3.357124 4.990595 -0.139798 -0.000016 -0.001901
76 0.000000 0.000000 0.000000 -0.000000 0.000000 -0.000000
77 0.000000 0.000000 0.000000 0.139717 0.000000 0.000000
78 -0.000000 -2.426310 5.737833 -0.000000 0.000937 -0.001514
79 -0.183130 -1.514886 -10.147621 0.000000 -0.000937 0.001514
80 0.194928 1.514586 13.669277 0.000000 0.000937 -0.001514
81 0.003303 0.000007 -3.521831 0.139717 0.000000 0.000000
82 0.001702 2.426307 -5.737833 0.000000 0.000000 0.000000
83 -0.000000 -0.000000 0.000000 -0.139717 -0.000000 -0.000000
84 0.000000 0.000000 0.000000 -0.139799 -0.000953 -0.000387
85 -0.002426 -1.935584 9.225307 -0.140902 -0.000388 0.061005
86 -8.000000 0.000000 0.000000 -0.048185 0.864041 -0.011221
87 -0.000003 -2.426316 9.259665 -0.000000 0.000937 -0.001514
88 0.000156 39.987263 -0.385905 0.000000 0.000000 0.000000
89 2.816493 -14.353200 -2.140285 -0.035977 -0.516820 0.028752
90 0.000000 3.964346 -1.347968 1.570796 0.083193 1.570796
91 0.000000 0.000000 0.000000 -0.019880 -0.014262 0.489620
92 0.000000 -0.000000 0.000000 -0.000000 -0.000000 -0.013661
93 7.506614 -0.102554 0.000000 -0.017856 -0.019206 0.074989
94 0.000000 0.000000 0.000000 0.000000 -0.000000 0.126643
95 9.007018 1.146814 0.000000 -0.005960 -0.036341 0.019768
96 -0.000000 -0.000000 0.000000 0.000000 0.000000 0.333969
97 10.228633 3.548980 0.000000 -0.013803 0.051436 -0.015386
98 0.000000 -0.000000 0.000000 -0.000000 -0.000000 0.952345
99 5.136838 7.218981 0.000000 0.506873 -0.101296 -0.171678
100 0.000000 -0.000000 -0.000000 -0.000002 -3.141593 -1.535012
101 -0.155339 4.339165 0.000000 0.035755 0.001157 -0.478716
102 0.000000 0.000000 -0.000000 3.141592 0.000000 0.137367
103 2.889723 6.413463 3.754603 1.037195 -1.069949 -1.767391
104 0.000000 0.000000 0.000000 0.063045 -0.096605 -0.047621
105 2.889723 6.413463 -3.754603 -1.110908 1.069949 -1.767391
106 0.000000 0.000000 0.000000 -0.070755 0.108829 -0.063157
107 8.150472 51.294098 18.612982 0.000000 0.000000 0.000000
108 4.425440 -33.054726 16.769831 0.000000 0.000000 0.000000
109 0.000000 9.000000 0.000000 0.000000 0.000000 0.000000
110 0.000000 0.000000 0.000000 0.000000 0.000000 0.000000
111 0.000000 0.000000 -10.000000 -0.000000 -0.000000 -0.000000
112 22.071177 4.982662 20.741198 0.000000 0.000000 0.000000
113 22.887417 35.371853 34.046776 0.623832 -0.066715 -2.112589
114 20.040791 -0.000036 0.000008 1.404680 0.142601 0.138624
115 0.000000 -0.000000 0.000000 -0.563651 0.182963 -0.116990
116 0.000000 0.000000 0.000000 -0.235528 0.036014 0.000000
117 -0.000000 0.000000 0.000000 -1.816459 0.017293 -0.015642
118 -16.865194 51.591534 2.615051 0.000000 0.000000 0.000000
119 -8.798320 -34.239025 8.511195 0.000000 0.000000 0.000000
120 0.000000 9.000000 0.000000 0.000000 0.000000 0.000000
121 0.000000 0.000000 0.000000 0.000000 0.000000 0.000000
122 0.000004 -0.000016 -10.000016 -3.141593 -3.141593 3.141593
123 -20.083759 5.105791 -1.111285 -0.000000 0.000000 0.000000
124 -35.024147 32.158352 1.389741 -2.974637 -0.507317 -1.007018
125 20.040770 -0.000027 0.000001 1.736913 -0.142601 0.138624
126 0.000000 0.000000 0.000000 0.232741 0.335811 -0.102787
127 0.000000 0.000000 0.000000 0.232579 -0.036013 -0.000000
128 -0.000000 -0.000000 0.000000 -1.329320 0.017292 0.015641
129 7.820539 25.777973 0.318934 0.000000 0.000000 0.000000
130 0.000000 0.000000 0.000000 0.000000 0.000000 0.000000
131 0.000000 0.000000 -10.000000 0.000000 0.000000 0.000000
132 1.701386 -3.078085 3.269183 0.000000 0.000000 0.000000
133 -2.187242 25.490149 -5.371312 0.000000 0.000000 0.000000
134 0.000000 0.000000 0.000000 0.000000 0.000000 0.000000
135 0.000000 0.000000 -10.000000 -0.000000 0.000000 0.000000
136 -5.943085 2.731220 0.764921 0.000000 0.000000 0.000000
137 0.000000 0.000000 0.000000 1.570796 0.000000 0.000000
138 12.575912 18.239372 35.382813 1.452697 -0.002591 -1.702115
139 -25.663515 17.352505 11.126246 -0.816007 -0.283145 -1.489009
time 40
0 0.000000 0.000000 0.000000 1.570796 0.000000 0.000000
1 0.000000 0.000000 0.000000 1.570796 0.000000 0.000000
2 2.793613 25.582560 -2.469500 -0.044413 -0.504758 0.031330
3 0.000000 0.000000 0.000000 0.000000 0.000000 0.000000
4 5.757982 0.000000 0.000000 -2.148966 -0.996852 -0.987090
5 18.152637 -0.000000 0.000000 -0.000000 0.000000 1.712950
6 17.091557 -0.000000 -0.000000 -0.144132 0.013425 -1.749713
7 6.229743 0.000000 0.000000 0.027497 0.010231 -0.336301
8 -5.757982 0.000000 -0.000000 -1.513618 -0.840053 -1.878597
9 18.152637 0.000000 0.000000 -0.000000 -0.000000 1.852392
10 17.091557 0.000000 0.000000 0.395672 0.137718 -1.889699
11 6.229743 0.000000 0.000000 -0.114545 -0.030320 -0.689346
12 0.000000 3.964346 -1.347968 1.560616 -0.394690 1.553629
13 7.507315 0.000000 0.000000 -0.017876 -0.017200 0.218743
14 9.079733 -0.000000 0.000000 -0.016961 -0.034108 0.229280
15 10.826827 0.000000 -0.000000 0.034549 0.040148 0.605025
16 8.860067 -0.000000 -0.000000 3.018372 -0.488688 0.552063
17 4.341945 -0.000000 0.000000 0.027551 0.005539 1.942166
18 6.900930 1.363879 3.754603 -1.848710 -2.071781 0.196239
19 12.731754 0.000000 -0.000000 -1.800627 -0.806779 0.635161
20 26.625128 0.000000 -0.000000 -0.000000 -0.000000 -1.302901
21 20.040787 -0.000017 -0.000030 -1.165382 0.343737 0.356990
22 16.821650 2.696737 -0.203279 -0.454715 2.101277 -2.090298
23 2.039386 0.000000 -0.000000 0.000000 -0.119732 -0.551019
24 1.516909 0.000000 0.000000 0.000000 -0.106498 -0.214585
25 17.176727 0.840396 -0.044736 -0.246604 1.977585 -1.852852
26 2.302859 -0.000000 0.000000 0.000000 -0.040281 -0.440509
27 2.047745 -0.000000 0.000000 0.000000 -0.019146 -0.127858
28 17.032684 -1.069098 -0.638179 2.512672 1.056836 0.848304
29 2.907259 -0.000000 0.000000 0.000000 -0.070674 -0.789421
30 2.470908 0.000000 -0.000000 -0.000000 0.042753 -0.053852
31 16.797981 -2.957015 -1.264867 2.402309 1.055943 0.717082
32 2.246732 0.000000 0.000000 -0.000000 0.130347 -0.750151
33 1.924987 0.000000 0.000000 0.000000 0.084390 -0.071779
34 10.924372 -3.874175 -3.676631 -2.700621 0.350317 -0.102732
35 3.109823 0.000000 -0.000000 0.000000 0.123272 -0.061145
36 1.512893 -0.000000 -0.000000 -0.000000 -0.028966 0.541554
37 6.900930 1.363879 -3.754603 1.775953 2.108398 0.205130
38 12.731754 0.000000 0.000000 1.937520 0.975913 0.922931
39 26.625128 0.000000 -0.000000 -0.000000 -0.000000 -1.359851
40 20.040768 -0.000010 0.000019 0.854019 -0.095553 0.445911
41 16.821663 2.695864 0.214569 0.458848 -2.097646 -2.093866
42 2.039386 -0.000000 -0.000000 -0.000000 0.119732 -0.551019
43 1.516909 -0.000000 -0.000000 0.000000 0.106498 -0.214585
44 17.176743 0.840203 0.048255 0.249576 -1.973565 -1.855583
45 2.302859 -0.000000 -0.000000 -0.000000 0.040281 -0.440509
46 2.047745 0.000000 -0.000000 0.000000 0.019146 -0.127858
47 17.032701 -1.071759 0.633698 -2.507009 -1.059970 0.843370
48 2.907259 -0.000000 -0.000000 0.000000 0.070674 -0.789421
49 2.470908 0.000000 0.000000 -0.000000 -0.042753 -0.053852
50 16.798000 -2.962283 1.252475 -2.395869 -1.058686 0.711474
51 2.246732 -0.000000 -0.000000 -0.000000 -0.130347 -0.750151
52 1.924987 -0.000000 -0.000000 -0.000000 -0.084390 -0.071779
53 10.924391 -3.889540 3.660376 2.705055 -0.349884 -0.104252
54 3.109823 -0.000000 0.000000 -0.000000 -0.123272 -0.061145
55 1.512893 0.000000 0.000000 0.000000 0.028966 0.541554
56 7.466661 3.907426 -1.935393 0.000000 0.000000 0.000000
57 1.015792 -0.041957 9.652413 0.000257 -0.168810 -0.012635
58 -0.183178 -4.377939 -4.342432 0.000000 0.000000 0.000000
59 -0.002520 -3.191678 4.797559 0.063606 0.001351 -0.001295
60 0.000000 0.000000 0.000000 -0.000000 -0.000000 0.000000
61 0.000000 0.000000 0.000000 0.000000 0.000000 0.000000
62 -0.000000 -2.426310 5.737833 -0.000000 0.000937 -0.001514
63 0.206732 -1.514296 -10.147256 0.000000 -0.000937 0.001514
64 -0.194928 1.514586 13.669277 0.000000 0.000937 -0.001514
65 0.003297 0.000007 -3.521831 0.000000 0.000000 0.000000
66 0.001702 2.426307 -5.737833 0.000000 0.000000 0.000000
67 0.000000 0.000000 0.000000 -0.000000 0.000000 0.000000
68 0.000000 0.000000 0.000000 0.063605 0.000414 0.000219
69 0.001161 -2.650192 9.252544 0.063606 0.001351 -0.001295
70 8.000000 0.000000 0.000000 0.001893 0.168800 0.012774
71 0.000003 -2.426316 9.259665 -0.000000 0.000937 -0.001514
72 -7.466661 3.907426 -1.935393 0.000000 0.000000 0.000000
73 1.375206 0.156582 -6.327065 0.083906 -0.865919 -0.048760
74 0.334780 -4.377939 -4.346992 0.000000 0.000000 0.000000
75 -0.062666 -3.364792 5.000247 -0.150128 -0.000089 -0.001925
76 0.000000 0.000000 -0.000000 0.000000 -0.000000 0.000000
77 0.000000 0.000000 0.000000 0.139717 0.000000 0.000000
78 -0.000000 -2.426310 5.737833 -0.000000 0.000937 -0.001514
79 -0.183130 -1.514886 -10.147621 0.000000 -0.000937 0.001514
80 0.194928 1.514586 13.669277 0.000000 0.000937 -0.001514
81 0.003303 0.000007 -3.521831 0.139717 0.000000 0.000000
82 0.001702 2.426307 -5.737833 0.000000 0.000000 0.000000
83 -0.000000 -0.000000 0.000000 -0.139717 -0.000000 -0.000000
84 0.000000 0.000000 0.000000 -0.150129 -0.001026 -0.000410
85 -0.002598 -1.899584 9.220052 -0.151216 0.000189 0.060982
86 -8.000000 0.000000 0.000000 -0.072225 0.866696 -0.023469
87 -0.000003 -2.426316 9.259665 -0.000000 0.000937 -0.001514
88 0.000156 39.987263 -0.385905 0.000000 0.000000 0.000000
89 2.793457 -14.404702 -2.083596 -0.044413 -0.504758 0.031330
90 0.000000 3.964346 -1.347968 1.570796 0.083193 1.570796
91 0.000000 0.000000 0.000000 -0.016997 -0.015616 0.491596
92 0.000000 -0.000000 0.000000 -0.000000 -0.000000 -0.013661
93 7.506614 -0.102554 0.000000 -0.015560 -0.019320 0.078436
94 0.000000 0.000000 0.000000 0.000000 -0.000000 0.126643
95 9.007018 1.146814 0.000000 -0.004839 -0.037782 0.021757
96 -0.000000 -0.000000 0.000000 0.000000 0.000000 0.333969
97 10.228633 3.548980 0.000000 -0.012710 0.051415 -0.014372
98 0.000000 -0.000000 0.000000 -0.000000 -0.000000 0.952345
99 5.136838 7.218981 0.000000 0.495020 -0.091784 -0.156139
100 0.000000 -0.000000 -0.000000 -0.000002 -3.141593 -1.535012
101 -0.155339 4.339165 0.000000 0.028051 -0.001717 -0.472900
102 0.000000 0.000000 -0.000000 3.141592 0.000000 0.137367
103 2.889723 6.413463 3.754603 1.037195 -1.069949 -1.767391
104 0.000000 0.000000 0.000000 0.059842 -0.098026 -0.045811
105 2.889723 6.413463 -3.754603 -1.110908 1.069949 -1.767391
106 0.000000 0.000000 0.000000 -0.069528 0.087138 -0.072726
107 8.506054 51.289608 18.470360 0.000000 0.000000 0.000000
108 3.829808 -33.050236 16.912453 0.000000 0.000000 0.000000
109 0.000000 9.000000 0.000000 0.000000 0.000000 0.000000
110 0.000000 0.000000 0.000000 0.000000 0.000000 0.000000
111 0.000000 0.000000 -10.000000 -0.000000 -0.000000 -0.000000
112 21.812962 5.200908 20.814133 0.000000 0.000000 0.000000
113 22.841005 35.263222 34.172638 0.638611 -0.060422 -2.123683
114 20.040791 -0.000036 0.000008 1.404680 0.142601 0.138624
115 0.000000 0.000000 0.000000 -0.581682 0.206619 -0.127735
116 0.000000 0.000000 0.000000 -0.235528 0.036014 0.000000
117 -0.000000 0.000000 0.000000 -1.816459 0.017293 -0.015642
118 -16.656805 51.751564 2.860613 0.000000 0.000000 0.000000
119 -8.992982 -34.420738 8.265634 0.000000 0.000000 0.000000
120 0.000000 9.000000 0.000000 0.000000 0.000000 0.000000
121 0.000000 0.000000 0.000000 0.000000 0.000000 0.000000
122 0.000004 -0.000016 -10.000016 -3.141593 -3.141593 3.141593
123 -19.900263 5.188757 -0.902871 -0.000000 0.000000 0.000000
124 -34.844288 32.350006 1.559669 -2.967523 -0.497642 -1.021466
125 20.040770 -0.000027 0.000001 1.736913 -0.142601 0.138624
126 0.000000 0.000000 0.000000 0.232954 0.321140 -0.107834
127 0.000000 0.000000 0.000000 0.232579 -0.036013 -0.000000
128 -0.000000 -0.000000 0.000000 -1.329320 0.017292 0.015641
129 7.831052 25.740437 0.315036 0.000000 0.000000 0.000000
130 0.000000 0.000000 0.000000 0.000000 0.000000 0.000000
131 0.000000 0.000000 -10.000000 0.000000 0.000000 0.000000
132 1.666246 -3.088033 3.278110 0.000000 0.000000 0.000000
133 -2.243826 25.424683 -5.254037 0.000000 0.000000 0.000000
134 0.000000 0.000000 0.000000 0.000000 0.000000 0.000000
135 0.000000 0.000000 -10.000000 -0.000000 0.000000 0.000000
136 -5.881110 2.728335 0.800611 0.000000 0.000000 0.000000
137 0.000000 0.000000 0.000000 1.570796 0.000000 0.000000
138 12.335862 18.239372 35.382813 1.452697 -0.003837 -1.686438
139 -25.649788 17.330824 11.126246 -0.816007 -0.283145 -1.489593
time 41
0 0.000000 0.000000 0.000000 1.570796 0.000000 0.000000
1 0.000000 0.000000 0.000000 1.570796 0.000000 0.000000
2 2.764677 25.615295 -2.437838 -0.052915 -0.493795 0.032732
3 0.000000 0.000000 0.000000 0.000000 0.000000 0.000000
4 5.757982 0.000000 0.000000 -2.130111 -0.992243 -1.005686
5 18.152637 -0.000000 -0.000000 0.000000 0.000000 1.709332
6 17.091557 -0.000000 0.000000 -0.144529 0.018117 -1.751970
7 6.229743 -0.000000 -0.000000 0.027458 0.010341 -0.339396
8 -5.757982 0.000000 -0.000000 -1.504630 -0.825041 -1.883780
9 18.152637 -0.000000 0.000000 0.000000 0.000000 1.851208
10 17.091557 0.000000 -0.000000 0.389711 0.148110 -1.892821
11 6.229743 -0.000000 -0.000000 -0.114657 -0.030188 -0.685316
12 0.000000 3.964346 -1.347968 1.561461 -0.397784 1.552502
13 7.507315 0.000000 -0.000000 -0.018008 -0.017870 0.219829
14 9.079733 0.000000 -0.000000 -0.017020 -0.034246 0.228789
15 10.826827 0.000000 0.000000 0.033118 0.038639 0.605196
16 8.860067 0.000000 0.000000 3.025382 -0.482614 0.560590
17 4.341945 -0.000000 0.000000 0.023911 0.005539 1.935287
18 6.900930 1.363879 3.754603 -1.861555 -2.076707 0.212555
19 12.731754 0.000000 -0.000000 -1.824435 -0.828910 0.679884
20 26.625128 0.000000 0.000000 -0.000000 0.000000 -1.288314
21 20.040787 -0.000017 -0.000030 -1.170312 0.360278 0.374773
22 16.821650 2.696737 -0.203279 -0.454715 2.101277 -2.090298
23 2.039386 0.000000 -0.000000 0.000000 -0.119732 -0.551019
24 1.516909 0.000000 -0.000000 0.000000 -0.106498 -0.214585
25 17.176727 0.840396 -0.044736 -0.246604 1.977585 -1.852852
26 2.302859 -0.000000 0.000000 -0.000000 -0.040281 -0.440509
27 2.047745 -0.000000 0.000000 -0.000000 -0.019146 -0.127858
28 17.032684 -1.069098 -0.638179 2.512672 1.056836 0.848304
29 2.907259 0.000000 -0.000000 -0.000000 -0.070674 -0.789421
30 2.470908 0.000000 -0.000000 0.000000 0.042753 -0.053852
31 16.797981 -2.957015 -1.264867 2.402309 1.055943 0.717082
32 2.246732 0.000000 0.000000 -0.000000 0.130347 -0.750151
33 1.924987 0.000000 -0.000000 0.000000 0.084390 -0.071779
34 10.924372 -3.874175 -3.676631 -2.700621 0.350317 -0.102732
35 3.109823 -0.000000 -0.000000 0.000000 0.123272 -0.061145
36 1.512893 0.000000 -0.000000 0.000000 -0.028966 0.541554
37 6.900930 1.363879 -3.754603 1.801683 2.119564 0.231271
38 12.731754 0.000000 -0.000000 1.943633 0.994611 0.925020
39 26.625128 0.000000 -0.000000 -0.000000 0.000000 -1.337281
40 20.040768 -0.000010 0.000019 0.853076 -0.091864 0.428943
41 16.821663 2.695864 0.214569 0.458848 -2.097646 -2.093866
42 2.039386 0.000000 0.000000 0.000000 0.119732 -0.551019
43 1.516909 0.000000 -0.000000 0.000000 0.106498 -0.214585
44 17.176743 0.840203 0.048255 0.249576 -1.973565 -1.855583
45 2.302859 -0.000000 0.000000 0.000000 0.040281 -0.440509
46 2.047745 -0.000000 0.000000 0.000000 0.019146 -0.127858
47 17.032701 -1.071759 0.633698 -2.507009 -1.059970 0.843370
48 2.907259 0.000000 -0.000000 0.000000 0.070674 -0.789421
49 2.470908 0.000000 0.000000 -0.000000 -0.042753 -0.053852
50 16.798000 -2.962283 1.252475 -2.395869 -1.058686 0.711474
51 2.246732 0.000000 -0.000000 -0.000000 -0.130347 -0.750151
52 1.924987 -0.000000 0.000000 -0.000000 -0.084390 -0.071779
53 10.924391 -3.889540 3.660376 2.705055 -0.349884 -0.104252
54 3.109823 -0.000000 0.000000 0.000000 -0.123272 -0.061145
55 1.512893 -0.000000 -0.000000 0.000000 0.028966 0.541554
56 7.466661 3.907426 -1.935393 0.000000 0.000000 0.000000
57 1.038039 -0.048808 9.635972 -0.002824 -0.168793 -0.015650
58 -0.183178 -4.377939 -4.342432 0.000000 0.000000 0.000000
59 -0.002511 -3.194586 4.799933 0.060510 0.001331 -0.001306
60 0.000000 0.000000 0.000000 -0.000000 -0.000000 -0.000000
61 0.000000 0.000000 0.000000 0.000000 0.000000 0.000000
62 -0.000000 -2.426310 5.737833 -0.000000 0.000937 -0.001514
63 0.206732 -1.514296 -10.147256 0.000000 -0.000937 0.001514
64 -0.194928 1.514586 13.669277 0.000000 0.000937 -0.001514
65 0.003297 0.000007 -3.521831 0.000000 0.000000 0.000000
66 0.001702 2.426307 -5.737833 0.000000 0.000000 0.000000
67 0.000000 0.000000 -0.000000 0.000000 0.000000 0.000000
68 0.000000 0.000000 0.000000 0.060508 0.000394 0.000208
69 0.001104 -2.639308 9.253221 0.060510 0.001331 -0.001306
70 8.000000 0.000000 0.000000 0.005531 0.168726 0.016357
71 0.000003 -2.426316 9.259665 -0.000000 0.000937 -0.001514
72 -7.466661 3.907426 -1.935393 0.000000 0.000000 0.000000
73 1.404146 0.150452 -6.283086 0.091056 -0.868617 -0.060898
74 0.334780 -4.377939 -4.346992 0.000000 0.000000 0.000000
75 -0.062672 -3.361812 4.996471 -0.146097 -0.000060 -0.001916
76 0.000000 0.000000 -0.000000 0.000000 -0.000000 0.000000
77 0.000000 0.000000 0.000000 0.139717 0.000000 0.000000
78 -0.000000 -2.426310 5.737833 -0.000000 0.000937 -0.001514
79 -0.183130 -1.514886 -10.147621 0.000000 -0.000937 0.001514
80 0.194928 1.514586 13.669277 0.000000 0.000937 -0.001514
81 0.003303 0.000007 -3.521831 0.139717 0.000000 0.000000
82 0.001702 2.426307 -5.737833 0.000000 0.000000 0.000000
83 -0.000000 -0.000000 0.000000 -0.139717 -0.000000 -0.000000
84 0.000000 0.000000 0.000000 -0.146098 -0.000997 -0.000401
85 -0.002531 -1.913624 9.222147 -0.147192 -0.000036 0.060992
86 -8.000000 0.000000 0.000000 -0.069061 0.870108 -0.013468
87 -0.000003 -2.426316 9.259665 -0.000000 0.000937 -0.001514
88 0.000156 39.987263 -0.385905 0.000000 0.000000 0.000000
89 2.764521 -14.371966 -2.051934 -0.052915 -0.493795 0.032732
90 0.000000 3.964346 -1.347968 1.570796 0.083193 1.570796
91 0.000000 0.000000 0.000000 -0.016652 -0.016640 0.494698
92 0.000000 -0.000000 0.000000 -0.000000 -0.000000 -0.013661
93 7.506614 -0.102554 0.000000 -0.015607 -0.020002 0.079520
94 0.000000 0.000000 0.000000 0.000000 -0.000000 0.126643
95 9.007018 1.146814 0.000000 -0.004849 -0.037933 0.021264
96 -0.000000 -0.000000 0.000000 0.000000 0.000000 0.333969
97 10.228633 3.548980 0.000000 -0.012307 0.049375 -0.014124
98 0.000000 -0.000000 0.000000 -0.000000 -0.000000 0.952345
99 5.136838 7.218981 0.000000 0.488400 -0.086142 -0.143751
100 0.000000 -0.000000 -0.000000 -0.000002 -3.141593 -1.535012
101 -0.155339 4.339165 0.000000 0.024445 -0.002215 -0.466034
102 0.000000 0.000000 -0.000000 3.141592 0.000000 0.137367
103 2.889723 6.413463 3.754603 1.037195 -1.069949 -1.767391
104 0.000000 0.000000 0.000000 0.061474 -0.088952 -0.047794
105 2.889723 6.413463 -3.754603 -1.110908 1.069949 -1.767391
106 0.000000 0.000000 0.000000 -0.066724 0.071024 -0.079645
107 8.790220 51.459972 18.241621 0.000000 0.000000 0.000000
108 3.250879 -33.220600 17.141191 0.000000 0.000000 0.000000
109 0.000000 9.000000 0.000000 0.000000 0.000000 0.000000
110 0.000000 0.000000 0.000000 0.000000 0.000000 0.000000
111 0.000000 0.000000 -10.000000 -0.000000 -0.000000 -0.000000
112 21.488688 5.215143 20.840891 0.000000 0.000000 0.000000
113 22.628435 35.211292 34.159588 0.650950 -0.061075 -2.128543
114 20.040791 -0.000036 0.000008 1.404680 0.142601 0.138624
115 0.000000 0.000000 0.000000 -0.595569 0.225319 -0.142582
116 0.000000 0.000000 0.000000 -0.235528 0.036014 0.000000
117 -0.000000 0.000000 0.000000 -1.816459 0.017293 -0.015642
118 -16.451866 52.045071 2.961630 0.000000 0.000000 0.000000
119 -9.187207 -34.733402 8.164617 0.000000 0.000000 0.000000
120 0.000000 9.000000 0.000000 0.000000 0.000000 0.000000
121 0.000000 0.000000 0.000000 0.000000 0.000000 0.000000
122 0.000004 -0.000016 -10.000016 -3.141593 -3.141593 3.141593
123 -19.718613 5.081214 -0.752581 -0.000000 0.000000 0.000000
124 -34.554272 32.563854 1.664525 -2.956341 -0.491697 -1.041837
125 20.040770 -0.000027 0.000001 1.736913 -0.142601 0.138624
126 0.000000 0.000000 -0.000000 0.230294 0.303855 -0.109111
127 0.000000 0.000000 0.000000 0.232579 -0.036013 -0.000000
128 -0.000000 -0.000000 0.000000 -1.329320 0.017292 0.015641
129 7.832096 25.781221 0.291280 0.000000 0.000000 0.000000
130 0.000000 0.000000 0.000000 0.000000 0.000000 0.000000
131 0.000000 0.000000 -10.000000 0.000000 0.000000 0.000000
132 1.636185 -3.076176 3.248965 0.000000 0.000000 0.000000
133 -2.302742 25.449371 -5.166957 0.000000 0.000000 0.000000
134 0.000000 0.000000 0.000000 0.000000 0.000000 0.000000
135 0.000000 0.000000 -10.000000 -0.000000 0.000000 0.000000
136 -5.884731 2.692456 0.818929 0.000000 0.000000 0.000000
137 0.000000 0.000000 0.000000 1.570796 0.000000 0.000000
138 12.041099 18.239372 35.382813 1.452697 -0.005324 -1.667356
139 -25.639074 17.311668 11.126246 -0.816007 -0.283145 -1.491494
time 42
0 0.000000 0.000000 0.000000 1.570796 0.000000 0.000000
1 0.000000 0.000000 0.000000 1.570796 0.000000 0.000000
2 2.740699 25.755293 -2.397918 -0.058512 -0.486564 0.032607
3 0.000000 0.000000 0.000000 0.000000 0.000000 0.000000
4 5.757982 0.000000 0.000000 -2.110971 -0.981917 -1.023648
5 18.152637 0.000000 0.000000 0.000000 -0.000000 1.698131
6 17.091557 0.000000 0.000000 -0.152522 0.025506 -1.758234
7 6.229743 0.000000 0.000000 0.027431 0.010415 -0.341500
8 -5.757982 0.000000 -0.000000 -1.491638 -0.803144 -1.886643
9 18.152637 0.000000 0.000000 -0.000000 0.000000 1.836327
10 17.091557 -0.000000 0.000000 0.376996 0.160636 -1.910880
11 6.229743 -0.000000 0.000000 -0.115223 -0.029512 -0.664788
12 0.000000 3.964346 -1.347968 1.562018 -0.397698 1.551778
13 7.507315 0.000000 0.000000 -0.018304 -0.018350 0.218749
14 9.079733 0.000000 0.000000 -0.017008 -0.033833 0.227972
15 10.826827 -0.000000 -0.000000 0.029942 0.035752 0.604686
16 8.860067 -0.000000 0.000000 3.021524 -0.479397 0.572205
17 4.341945 -0.000000 -0.000000 0.021272 0.004804 1.928011
18 6.900930 1.363879 3.754603 -1.870320 -2.080447 0.231500
19 12.731754 0.000000 0.000000 -1.849095 -0.849023 0.718991
20 26.625128 -0.000000 -0.000000 0.000000 -0.000000 -1.263699
21 20.040787 -0.000017 -0.000030 -1.171703 0.374753 0.384864
22 16.821650 2.696737 -0.203279 -0.454715 2.101277 -2.090298
23 2.039386 0.000000 -0.000000 -0.000000 -0.119732 -0.551019
24 1.516909 0.000000 -0.000000 0.000000 -0.106498 -0.214585
25 17.176727 0.840396 -0.044736 -0.246604 1.977585 -1.852852
26 2.302859 -0.000000 0.000000 -0.000000 -0.040281 -0.440509
27 2.047745 -0.000000 0.000000 -0.000000 -0.019146 -0.127858
28 17.032684 -1.069098 -0.638179 2.512672 1.056836 0.848304
29 2.907259 -0.000000 -0.000000 -0.000000 -0.070674 -0.789421
30 2.470908 0.000000 -0.000000 0.000000 0.042753 -0.053852
31 16.797981 -2.957015 -1.264867 2.402309 1.055943 0.717082
32 2.246732 0.000000 -0.000000 0.000000 0.130347 -0.750151
33 1.924987 0.000000 0.000000 0.000000 0.084390 -0.071779
34 10.924372 -3.874175 -3.676631 -2.700621 0.350317 -0.102732
35 3.109823 -0.000000 0.000000 -0.000000 0.123272 -0.061145
36 1.512893 0.000000 0.000000 -0.000000 -0.028966 0.541554
37 6.900930 1.363879 -3.754603 1.807897 2.124616 0.238368
38 12.731754 0.000000 0.000000 1.936542 1.012384 0.914301
39 26.625128 0.000000 0.000000 0.000000 0.000000 -1.310009
40 20.040768 -0.000010 0.000019 0.849560 -0.089014 0.413003
41 16.821663 2.695864 0.214569 0.458848 -2.097646 -2.093866
42 2.039386 -0.000000 -0.000000 0.000000 0.119732 -0.551019
43 1.516909 -0.000000 0.000000 0.000000 0.106498 -0.214585
44 17.176743 0.840203 0.048255 0.249576 -1.973565 -1.855583
45 2.302859 -0.000000 -0.000000 0.000000 0.040281 -0.440509
46 2.047745 -0.000000 0.000000 0.000000 0.019146 -0.127858
47 17.032701 -1.071759 0.633698 -2.507009 -1.059970 0.843370
48 2.907259 0.000000 -0.000000 0.000000 0.070674 -0.789421
49 2.470908 0.000000 0.000000 -0.000000 -0.042753 -0.053852
50 16.798000 -2.962283 1.252475 -2.395869 -1.058686 0.711474
51 2.246732 0.000000 -0.000000 -0.000000 -0.130347 -0.750151
52 1.924987 0.000000 0.000000 -0.000000 -0.084390 -0.071779
53 10.924391 -3.889540 3.660376 2.705055 -0.349884 -0.104252
54 3.109823 0.000000 0.000000 -0.000000 -0.123272 -0.061145
55 1.512893 0.000000 0.000000 0.000000 0.028966 0.541554
56 7.466661 3.907426 -1.935393 0.000000 0.000000 0.000000
57 1.094326 -0.073047 9.610474 -0.009016 -0.170452 -0.025451
58 -0.183178 -4.377939 -4.342432 0.000000 0.000000 0.000000
59 -0.002505 -3.196558 4.801553 0.058405 0.001317 -0.001314
60 0.000000 -0.000000 0.000000 -0.000000 -0.000000 -0.000000
61 0.000000 0.000000 0.000000 0.000000 0.000000 0.000000
62 -0.000000 -2.426310 5.737833 -0.000000 0.000937 -0.001514
63 0.206732 -1.514296 -10.147256 0.000000 -0.000937 0.001514
64 -0.194928 1.514586 13.669277 0.000000 0.000937 -0.001514
65 0.003297 0.000007 -3.521831 0.000000 0.000000 0.000000
66 0.001702 2.426307 -5.737833 0.000000 0.000000 0.000000
67 0.000000 0.000000 -0.000000 0.000000 0.000000 0.000000
68 0.000000 0.000000 0.000000 0.058403 0.000381 0.000200
69 0.001065 -2.631908 9.253661 0.058405 0.001317 -0.001314
70 8.000000 0.000000 0.000000 0.013525 0.170157 0.027375
71 0.000003 -2.426316 9.259665 -0.000000 0.000937 -0.001514
72 -7.466661 3.907426 -1.935393 0.000000 0.000000 0.000000
73 1.507082 0.049772 -6.292609 0.077098 -0.871929 -0.069013
74 0.334780 -4.377939 -4.346992 0.000000 0.000000 0.000000
75 -0.062707 -3.346398 4.977430 -0.125568 0.000083 -0.001868
76 0.000000 0.000000 -0.000000 0.000000 -0.000000 0.000000
77 0.000000 0.000000 0.000000 0.139717 0.000000 0.000000
78 -0.000000 -2.426310 5.737833 -0.000000 0.000937 -0.001514
79 -0.183130 -1.514886 -10.147621 0.000000 -0.000937 0.001514
80 0.194928 1.514586 13.669277 0.000000 0.000937 -0.001514
81 0.003303 0.000007 -3.521831 0.139717 0.000000 0.000000
82 0.001702 2.426307 -5.737833 0.000000 0.000000 0.000000
83 -0.000000 -0.000000 0.000000 -0.139717 -0.000000 -0.000000
84 0.000000 0.000000 0.000000 -0.125569 -0.000854 -0.000354
85 -0.002188 -1.985260 9.231938 -0.126694 -0.001183 0.061027
86 -8.000000 0.000000 0.000000 -0.037714 0.873827 0.015467
87 -0.000003 -2.426316 9.259665 -0.000000 0.000937 -0.001514
88 0.000156 39.987263 -0.385905 0.000000 0.000000 0.000000
89 2.740543 -14.231968 -2.012014 -0.058512 -0.486564 0.032607
90 0.000000 3.964346 -1.347968 1.570796 0.083193 1.570796
91 0.000000 0.000000 0.000000 -0.016383 -0.017311 0.494617
92 0.000000 -0.000000 0.000000 -0.000000 -0.000000 -0.013661
93 7.506614 -0.102554 0.000000 -0.015840 -0.020514 0.078440
94 0.000000 0.000000 0.000000 0.000000 -0.000000 0.126643
95 9.007018 1.146814 0.000000 -0.004974 -0.037538 0.020452
96 -0.000000 -0.000000 0.000000 0.000000 0.000000 0.333969
97 10.228633 3.548980 0.000000 -0.011790 0.045116 -0.014491
98 0.000000 -0.000000 0.000000 -0.000000 -0.000000 0.952345
99 5.136838 7.218981 0.000000 0.485480 -0.089827 -0.133665
100 0.000000 -0.000000 -0.000000 -0.000002 -3.141593 -1.535012
101 -0.155339 4.339165 0.000000 0.021730 -0.001848 -0.458767
102 0.000000 0.000000 -0.000000 3.141592 0.000000 0.137367
103 2.889723 6.413463 3.754603 1.037195 -1.069949 -1.767391
104 0.000000 0.000000 0.000000 0.069285 -0.079013 -0.048045
105 2.889723 6.413463 -3.754603 -1.110908 1.069949 -1.767391
106 0.000000 0.000000 0.000000 -0.066810 0.065978 -0.083378
107 9.035075 51.767971 18.020721 0.000000 0.000000 0.000000
108 2.742718 -33.528599 17.362091 0.000000 0.000000 0.000000
109 0.000000 9.000000 0.000000 0.000000 0.000000 0.000000
110 0.000000 0.000000 0.000000 0.000000 0.000000 0.000000
111 0.000000 0.000000 -10.000000 -0.000000 -0.000000 -0.000000
112 21.428087 5.328967 20.881618 0.000000 0.000000 0.000000
113 22.355703 35.209763 34.060799 0.659123 -0.066014 -2.128184
114 20.040791 -0.000036 0.000008 1.404680 0.142601 0.138624
115 0.000000 0.000000 0.000000 -0.603669 0.236216 -0.156369
116 0.000000 0.000000 0.000000 -0.235528 0.036014 0.000000
117 -0.000000 0.000000 0.000000 -1.816459 0.017293 -0.015642
118 -16.291964 52.401791 2.995029 0.000000 0.000000 0.000000
119 -9.332030 -35.106850 8.131217 0.000000 0.000000 0.000000
120 0.000000 9.000000 0.000000 0.000000 0.000000 0.000000
121 0.000000 0.000000 0.000000 0.000000 0.000000 0.000000
122 0.000004 -0.000016 -10.000016 -3.141593 -3.141593 3.141593
123 -19.808727 5.107113 -0.837906 -0.000000 0.000000 0.000000
124 -34.232094 32.768322 1.739597 -2.943595 -0.487453 -1.063116
125 20.040770 -0.000027 0.000001 1.736913 -0.142601 0.138624
126 0.000000 0.000000 -0.000000 0.225396 0.287667 -0.109712
127 0.000000 0.000000 0.000000 0.232579 -0.036013 -0.000000
128 -0.000000 -0.000000 0.000000 -1.329320 0.017292 0.015641
129 7.827732 25.921225 0.294463 0.000000 0.000000 0.000000
130 0.000000 0.000000 0.000000 0.000000 0.000000 0.000000
131 0.000000 0.000000 -10.000000 0.000000 0.000000 0.000000
132 1.629496 -3.027102 3.159633 0.000000 0.000000 0.000000
133 -2.346334 25.589363 -5.090300 0.000000 0.000000 0.000000
134 0.000000 0.000000 0.000000 0.000000 0.000000 0.000000
135 0.000000 0.000000 -10.000000 -0.000000 0.000000 0.000000
136 -5.989527 2.600725 0.812352 0.000000 0.000000 0.000000
137 0.000000 0.000000 0.000000 1.570796 0.000000 0.000000
138 11.777793 18.239372 35.382813 1.452697 -0.006570 -1.650633
139 -25.623993 17.294943 11.126246 -0.816007 -0.283145 -1.494942
time 43
0 0.000000 0.000000 0.000000 1.570796 0.000000 0.000000
1 0.000000 0.000000 0.000000 1.570796 0.000000 0.000000
2 2.720994 25.975609 -2.349639 -0.061501 -0.481447 0.031269
3 0.000000 0.000000 0.000000 0.000000 0.000000 0.000000
4 5.757982 0.000000 0.000000 -2.090543 -0.968545 -1.041488
5 18.152637 -0.000000 0.000000 0.000000 0.000000 1.681443
6 17.091557 0.000000 0.000000 -0.170191 0.034836 -1.767304
7 6.229743 -0.000000 0.000000 0.027324 0.010710 -0.349837
8 -5.757982 -0.000000 -0.000000 -1.477928 -0.780339 -1.888963
9 18.152637 0.000000 0.000000 -0.000000 -0.000000 1.813802
10 17.091557 -0.000000 0.000000 0.363887 0.167907 -1.927175
11 6.229743 -0.000000 -0.000000 -0.115796 -0.028796 -0.643443
12 0.000000 3.964346 -1.347968 1.562951 -0.394222 1.550808
13 7.507315 -0.000000 0.000000 -0.017964 -0.018591 0.215895
14 9.079733 0.000000 -0.000000 -0.016857 -0.033783 0.227452
15 10.826827 0.000000 0.000000 0.027472 0.033169 0.604196
16 8.860067 -0.000000 -0.000000 3.015348 -0.477103 0.583747
17 4.341945 -0.000000 -0.000000 0.019595 0.002852 1.923858
18 6.900930 1.363879 3.754603 -1.876736 -2.078471 0.245737
19 12.731754 -0.000000 0.000000 -1.859788 -0.869110 0.742500
20 26.625128 0.000000 0.000000 0.000000 0.000000 -1.233615
21 20.040787 -0.000017 -0.000030 -1.174899 0.382200 0.382989
22 16.821650 2.696737 -0.203279 -0.454715 2.101277 -2.090298
23 2.039386 0.000000 -0.000000 -0.000000 -0.119732 -0.551019
24 1.516909 0.000000 0.000000 0.000000 -0.106498 -0.214585
25 17.176727 0.840396 -0.044736 -0.246604 1.977585 -1.852852
26 2.302859 0.000000 -0.000000 0.000000 -0.040281 -0.440509
27 2.047745 -0.000000 0.000000 -0.000000 -0.019146 -0.127858
28 17.032684 -1.069098 -0.638179 2.512672 1.056836 0.848304
29 2.907259 0.000000 0.000000 -0.000000 -0.070674 -0.789421
30 2.470908 0.000000 0.000000 -0.000000 0.042753 -0.053852
31 16.797981 -2.957015 -1.264867 2.402309 1.055943 0.717082
32 2.246732 0.000000 0.000000 0.000000 0.130347 -0.750151
33 1.924987 0.000000 0.000000 0.000000 0.084390 -0.071779
34 10.924372 -3.874175 -3.676631 -2.700621 0.350317 -0.102732
35 3.109823 0.000000 0.000000 0.000000 0.123272 -0.061145
36 1.512893 0.000000 0.000000 0.000000 -0.028966 0.541554
37 6.900930 1.363879 -3.754603 1.813511 2.120069 0.241897
38 12.731754 0.000000 0.000000 1.914258 1.034868 0.884143
39 26.625128 0.000000 0.000000 0.000000 0.000000 -1.277421
40 20.040768 -0.000010 0.000019 0.845067 -0.083849 0.397501
41 16.821663 2.695864 0.214569 0.458848 -2.097646 -2.093866
42 2.039386 -0.000000 -0.000000 0.000000 0.119732 -0.551019
43 1.516909 0.000000 0.000000 0.000000 0.106498 -0.214585
44 17.176743 0.840203 0.048255 0.249576 -1.973565 -1.855583
45 2.302859 -0.000000 -0.000000 0.000000 0.040281 -0.440509
46 2.047745 -0.000000 0.000000 0.000000 0.019146 -0.127858
47 17.032701 -1.071759 0.633698 -2.507009 -1.059970 0.843370
48 2.907259 0.000000 -0.000000 0.000000 0.070674 -0.789421
49 2.470908 -0.000000 -0.000000 -0.000000 -0.042753 -0.053852
50 16.798000 -2.962283 1.252475 -2.395869 -1.058686 0.711474
51 2.246732 -0.000000 -0.000000 -0.000000 -0.130347 -0.750151
52 1.924987 -0.000000 0.000000 -0.000000 -0.084390 -0.071779
53 10.924391 -3.889540 3.660376 2.705055 -0.349884 -0.104252
54 3.109823 -0.000000 0.000000 0.000000 -0.123272 -0.061145
55 1.512893 0.000000 0.000000 0.000000 0.028966 0.541554
56 7.466661 3.907426 -1.935393 0.000000 0.000000 0.000000
57 1.179955 -0.104654 9.580476 -0.016721 -0.172772 -0.043693
58 -0.183178 -4.377939 -4.342432 0.000000 0.000000 0.000000
59 -0.002480 -3.204341 4.808010 0.050063 0.001264 -0.001344
60 0.000000 0.000000 0.000000 -0.000000 -0.000000 -0.000000
61 0.000000 0.000000 0.000000 0.000000 0.000000 0.000000
62 -0.000000 -2.426310 5.737833 -0.000000 0.000937 -0.001514
63 0.206732 -1.514296 -10.147256 0.000000 -0.000937 0.001514
64 -0.194928 1.514586 13.669277 0.000000 0.000937 -0.001514
65 0.003297 0.000007 -3.521831 0.000000 0.000000 0.000000
66 0.001702 2.426307 -5.737833 0.000000 0.000000 0.000000
67 0.000000 0.000000 -0.000000 0.000000 0.000000 0.000000
68 0.000000 0.000000 0.000000 0.050062 0.000327 0.000170
69 0.000912 -2.602573 9.255254 0.050063 0.001264 -0.001344
70 8.000000 0.000000 0.000000 0.024576 0.171839 0.047258
71 0.000003 -2.426316 9.259665 -0.000000 0.000937 -0.001514
72 -7.466661 3.907426 -1.935393 0.000000 0.000000 0.000000
73 1.596667 -0.063512 -6.318448 0.058669 -0.873369 -0.072752
74 0.334780 -4.377939 -4.346992 0.000000 0.000000 0.000000
75 -0.062746 -3.329961 4.957970 -0.104220 0.000231 -0.001815
76 0.000000 -0.000000 0.000000 -0.000000 -0.000000 0.000000
77 0.000000 0.000000 0.000000 0.139717 0.000000 0.000000
78 -0.000000 -2.426310 5.737833 -0.000000 0.000937 -0.001514
79 -0.183130 -1.514886 -10.147621 0.000000 -0.000937 0.001514
80 0.194928 1.514586 13.669277 0.000000 0.000937 -0.001514
81 0.003303 0.000007 -3.521831 0.139717 0.000000 0.000000
82 0.001702 2.426307 -5.737833 0.000000 0.000000 0.000000
83 -0.000000 -0.000000 0.000000 -0.139717 -0.000000 -0.000000
84 0.000000 0.000000 0.000000 -0.104221 -0.000706 -0.000301
85 -0.001827 -2.059945 9.240557 -0.105379 -0.002377 0.061038
86 -8.000000 0.000000 0.000000 -0.004462 0.874802 0.043276
87 -0.000003 -2.426316 9.259665 -0.000000 0.000937 -0.001514
88 0.000156 39.987263 -0.385905 0.000000 0.000000 0.000000
89 2.720838 -14.011653 -1.963735 -0.061501 -0.481447 0.031269
90 0.000000 3.964346 -1.347968 1.570796 0.083193 1.570796
91 0.000000 0.000000 0.000000 -0.015774 -0.018241 0.491147
92 0.000000 -0.000000 0.000000 -0.000000 -0.000000 -0.013661
93 7.506614 -0.102554 0.000000 -0.015472 -0.020711 0.075584
94 0.000000 0.000000 0.000000 0.000000 -0.000000 0.126643
95 9.007018 1.146814 0.000000 -0.004848 -0.037441 0.019932
96 -0.000000 -0.000000 0.000000 0.000000 0.000000 0.333969
97 10.228633 3.548980 0.000000 -0.011113 0.041608 -0.014867
98 0.000000 -0.000000 0.000000 -0.000000 -0.000000 0.952345
99 5.136838 7.218981 0.000000 0.483673 -0.095492 -0.124798
100 0.000000 -0.000000 -0.000000 -0.000002 -3.141593 -1.535012
101 -0.155339 4.339165 0.000000 0.019802 -0.000144 -0.454618
102 0.000000 0.000000 -0.000000 3.141592 0.000000 0.137367
103 2.889723 6.413463 3.754603 1.037195 -1.069949 -1.767391
104 0.000000 0.000000 0.000000 0.074969 -0.073285 -0.043654
105 2.889723 6.413463 -3.754603 -1.110908 1.069949 -1.767391
106 0.000000 0.000000 0.000000 -0.063880 0.065580 -0.078474
107 9.301255 52.165092 17.855776 0.000000 0.000000 0.000000
108 2.330860 -33.925720 17.527037 0.000000 0.000000 0.000000
109 0.000000 9.000000 0.000000 0.000000 0.000000 0.000000
110 0.000000 0.000000 0.000000 0.000000 0.000000 0.000000
111 0.000000 0.000000 -10.000000 -0.000000 -0.000000 -0.000000
112 21.333149 5.419352 20.920067 0.000000 0.000000 0.000000
113 22.111532 35.261936 33.951656 0.665116 -0.071473 -2.122622
114 20.040791 -0.000036 0.000008 1.404680 0.142601 0.138624
115 0.000000 0.000000 0.000000 -0.608239 0.235235 -0.164074
116 0.000000 0.000000 0.000000 -0.235528 0.036014 0.000000
117 -0.000000 0.000000 0.000000 -1.816459 0.017293 -0.015642
118 -16.195585 52.852028 3.038385 0.000000 0.000000 0.000000
119 -9.402138 -35.571480 8.087861 0.000000 0.000000 0.000000
120 0.000000 9.000000 0.000000 0.000000 0.000000 0.000000
121 0.000000 0.000000 0.000000 0.000000 0.000000 0.000000
122 0.000004 -0.000016 -10.000016 -3.141593 -3.141593 3.141593
123 -19.940779 5.177153 -0.947597 -0.000000 0.000000 0.000000
124 -33.888344 32.991299 1.848746 -2.929579 -0.481298 -1.085232
125 20.040770 -0.000027 0.000001 1.736913 -0.142601 0.138624
126 0.000000 0.000000 -0.000000 0.219021 0.271542 -0.112755
127 0.000000 0.000000 0.000000 0.232579 -0.036013 -0.000000
128 -0.000000 -0.000000 0.000000 -1.329320 0.017292 0.015641
129 7.821946 26.135164 0.316666 0.000000 0.000000 0.000000
130 0.000000 0.000000 0.000000 0.000000 0.000000 0.000000
131 0.000000 0.000000 -10.000000 0.000000 0.000000 0.000000
132 1.645242 -2.949615 3.029057 0.000000 0.000000 0.000000
133 -2.379958 25.816053 -5.015945 0.000000 0.000000 0.000000
134 0.000000 0.000000 0.000000 0.000000 0.000000 0.000000
135 0.000000 0.000000 -10.000000 -0.000000 0.000000 0.000000
136 -6.126464 2.488292 0.796034 0.000000 0.000000 0.000000
137 0.000000 0.000000 0.000000 1.570796 0.000000 0.000000
138 11.632115 18.239372 35.382813 1.452697 -0.007092 -1.642034
139 -25.597723 17.280548 11.126246 -0.816007 -0.283145 -1.500164
time 44
0 0.000000 0.000000 0.000000 1.570796 0.000000 0.000000
1 0.000000 0.000000 0.000000 1.570796 0.000000 0.000000
2 2.678124 26.259138 -2.280636 -0.062087 -0.477597 0.029176
3 0.000000 0.000000 0.000000 0.000000 0.000000 0.000000
4 5.757982 0.000000 0.000000 -2.074530 -0.953529 -1.055679
5 18.152637 -0.000000 0.000000 -0.000000 -0.000000 1.662084
6 17.091557 0.000000 -0.000000 -0.188802 0.043442 -1.773792
7 6.229743 0.000000 -0.000000 0.027145 0.011185 -0.363345
8 -5.757982 0.000000 -0.000000 -1.466139 -0.757843 -1.889577
9 18.152637 0.000000 0.000000 0.000000 0.000000 1.787941
10 17.091557 0.000000 -0.000000 0.354460 0.170054 -1.937137
11 6.229743 0.000000 -0.000000 -0.116123 -0.028372 -0.630974
12 0.000000 3.964346 -1.347968 1.566107 -0.388620 1.547958
13 7.507315 0.000000 -0.000000 -0.016250 -0.020137 0.211668
14 9.079733 0.000000 0.000000 -0.016094 -0.034282 0.227354
15 10.826827 -0.000000 0.000000 0.029061 0.033740 0.603938
16 8.860067 -0.000000 -0.000000 3.016073 -0.474500 0.595316
17 4.341945 -0.000000 -0.000000 0.018807 0.000929 1.918518
18 6.900930 1.363879 3.754603 -1.884254 -2.075311 0.255716
19 12.731754 0.000000 0.000000 -1.853744 -0.895727 0.755360
20 26.625128 0.000000 -0.000000 -0.000000 0.000000 -1.203612
21 20.040787 -0.000017 -0.000030 -1.180637 0.373057 0.377945
22 16.821650 2.696737 -0.203279 -0.454715 2.101277 -2.090298
23 2.039386 0.000000 -0.000000 -0.000000 -0.119732 -0.551019
24 1.516909 0.000000 0.000000 0.000000 -0.106498 -0.214585
25 17.176727 0.840396 -0.044736 -0.246604 1.977585 -1.852852
26 2.302859 -0.000000 -0.000000 -0.000000 -0.040281 -0.440509
27 2.047745 0.000000 -0.000000 -0.000000 -0.019146 -0.127858
28 17.032684 -1.069098 -0.638179 2.512672 1.056836 0.848304
29 2.907259 -0.000000 -0.000000 0.000000 -0.070674 -0.789421
30 2.470908 -0.000000 0.000000 -0.000000 0.042753 -0.053852
31 16.797981 -2.957015 -1.264867 2.402309 1.055943 0.717082
32 2.246732 0.000000 0.000000 0.000000 0.130347 -0.750151
33 1.924987 -0.000000 0.000000 0.000000 0.084390 -0.071779
34 10.924372 -3.874175 -3.676631 -2.700621 0.350317 -0.102732
35 3.109823 -0.000000 0.000000 -0.000000 0.123272 -0.061145
36 1.512893 -0.000000 0.000000 0.000000 -0.028966 0.541554
37 6.900930 1.363879 -3.754603 1.819400 2.112800 0.245939
38 12.731754 0.000000 0.000000 1.882211 1.054940 0.843574
39 26.625128 0.000000 0.000000 -0.000000 0.000000 -1.242063
40 20.040768 -0.000010 0.000019 0.840854 -0.075495 0.381104
41 16.821663 2.695864 0.214569 0.458848 -2.097646 -2.093866
42 2.039386 -0.000000 -0.000000 -0.000000 0.119732 -0.551019
43 1.516909 -0.000000 -0.000000 0.000000 0.106498 -0.214585
44 17.176743 0.840203 0.048255 0.249576 -1.973565 -1.855583
45 2.302859 0.000000 -0.000000 -0.000000 0.040281 -0.440509
46 2.047745 -0.000000 0.000000 -0.000000 0.019146 -0.127858
47 17.032701 -1.071759 0.633698 -2.507009 -1.059970 0.843370
48 2.907259 0.000000 0.000000 -0.000000 0.070674 -0.789421
49 2.470908 0.000000 -0.000000 -0.000000 -0.042753 -0.053852
50 16.798000 -2.962283 1.252475 -2.395869 -1.058686 0.711474
51 2.246732 0.000000 0.000000 -0.000000 -0.130347 -0.750151
52 1.924987 0.000000 -0.000000 -0.000000 -0.084390 -0.071779
53 10.924391 -3.889540 3.660376 2.705055 -0.349884 -0.104252
54 3.109823 -0.000000 -0.000000 0.000000 -0.123272 -0.061145
55 1.512893 -0.000000 0.000000 0.000000 0.028966 0.541554
56 7.466661 3.907426 -1.935393 0.000000 0.000000 0.000000
57 1.248651 -0.117307 9.556262 -0.021891 -0.173046 -0.062748
58 -0.183178 -4.377939 -4.342432 0.000000 0.000000 0.000000
59 -0.002440 -3.216837 4.818610 0.036548 0.001176 -0.001391
60 0.000000 0.000000 0.000000 0.000000 0.000000 -0.000000
61 0.000000 0.000000 0.000000 0.000000 0.000000 0.000000
62 -0.000000 -2.426310 5.737833 -0.000000 0.000937 -0.001514
63 0.206732 -1.514296 -10.147256 0.000000 -0.000937 0.001514
64 -0.194928 1.514586 13.669277 0.000000 0.000937 -0.001514
65 0.003297 0.000007 -3.521831 0.000000 0.000000 0.000000
66 0.001702 2.426307 -5.737833 0.000000 0.000000 0.000000
67 0.000000 0.000000 -0.000000 -0.000000 0.000000 0.000000
68 0.000000 0.000000 0.000000 0.036546 0.000239 0.000123
69 0.000665 -2.555019 9.257315 0.036548 0.001176 -0.001391
70 8.000000 0.000000 0.000000 0.033131 0.171267 0.067491
71 0.000003 -2.426316 9.259665 -0.000000 0.000937 -0.001514
72 -7.466661 3.907426 -1.935393 0.000000 0.000000 0.000000
73 1.659850 -0.143617 -6.356407 0.042502 -0.873644 -0.071515
74 0.334780 -4.377939 -4.346992 0.000000 0.000000 0.000000
75 -0.062770 -3.320166 4.946766 -0.091749 0.000317 -0.001783
76 0.000000 0.000000 0.000000 -0.000000 -0.000000 -0.000000
77 0.000000 0.000000 0.000000 0.139717 0.000000 0.000000
78 -0.000000 -2.426310 5.737833 -0.000000 0.000937 -0.001514
79 -0.183130 -1.514886 -10.147621 0.000000 -0.000937 0.001514
80 0.194928 1.514586 13.669277 0.000000 0.000937 -0.001514
81 0.003303 0.000007 -3.521831 0.139717 0.000000 0.000000
82 0.001702 2.426307 -5.737833 0.000000 0.000000 0.000000
83 -0.000000 -0.000000 0.000000 -0.139717 -0.000000 -0.000000
84 0.000000 0.000000 0.000000 -0.091750 -0.000620 -0.000269
85 -0.001614 -2.103656 9.244854 -0.092927 -0.003074 0.061033
86 -8.000000 0.000000 0.000000 0.019253 0.874245 0.060664
87 -0.000003 -2.426316 9.259665 -0.000000 0.000937 -0.001514
88 0.000156 39.987263 -0.385905 0.000000 0.000000 0.000000
89 2.677968 -13.728123 -1.894732 -0.062087 -0.477597 0.029176
90 0.000000 3.964346 -1.347968 1.570796 0.083193 1.570796
91 0.000000 0.000000 0.000000 -0.013632 -0.020951 0.485567
92 0.000000 -0.000000 0.000000 -0.000000 -0.000000 -0.013661
93 7.506614 -0.102554 0.000000 -0.013577 -0.022029 0.071350
94 0.000000 0.000000 0.000000 0.000000 -0.000000 0.126643
95 9.007018 1.146814 0.000000 -0.003962 -0.037662 0.019827
96 -0.000000 -0.000000 0.000000 0.000000 0.000000 0.333969
97 10.228633 3.548980 0.000000 -0.010659 0.043233 -0.015159
98 0.000000 -0.000000 0.000000 -0.000000 -0.000000 0.952345
99 5.136838 7.218981 0.000000 0.481010 -0.095084 -0.112644
100 0.000000 -0.000000 -0.000000 -0.000002 -3.141593 -1.535012
101 -0.155339 4.339165 0.000000 0.018758 0.001653 -0.449281
102 0.000000 0.000000 -0.000000 3.141592 0.000000 0.137367
103 2.889723 6.413463 3.754603 1.037195 -1.069949 -1.767391
104 0.000000 0.000000 0.000000 0.075839 -0.069989 -0.038897
105 2.889723 6.413463 -3.754603 -1.110908 1.069949 -1.767391
106 0.000000 0.000000 0.000000 -0.060948 0.065786 -0.070895
107 9.640343 52.647152 17.739359 0.000000 0.000000 0.000000
108 1.977166 -34.407780 17.488070 0.000000 0.000000 0.000000
109 0.000000 9.000000 0.000000 0.000000 0.000000 0.000000
110 0.000000 0.000000 0.000000 0.000000 0.000000 0.000000
111 0.000000 0.000000 -10.000000 -0.000000 -0.000000 -0.000000
112 21.151230 5.518705 20.973867 0.000000 0.000000 0.000000
113 21.957071 35.347485 33.799160 0.669287 -0.071328 -2.114420
114 20.040791 -0.000036 0.000008 1.404680 0.142601 0.138624
115 0.000000 0.000000 0.000000 -0.610009 0.229938 -0.155016
116 0.000000 0.000000 0.000000 -0.235528 0.036014 0.000000
117 -0.000000 0.000000 0.000000 -1.816459 0.017293 -0.015642
118 -16.071350 53.348248 3.162453 0.000000 0.000000 0.000000
119 -9.480784 -36.079861 7.963794 0.000000 0.000000 0.000000
120 0.000000 9.000000 0.000000 0.000000 0.000000 0.000000
121 0.000000 0.000000 0.000000 0.000000 0.000000 0.000000
122 0.000004 -0.000016 -10.000016 -3.141593 -3.141593 3.141593
123 -19.943865 5.216819 -0.936690 -0.000000 0.000000 0.000000
124 -33.501171 33.253616 2.020241 -2.914782 -0.471668 -1.109332
125 20.040770 -0.000027 0.000001 1.736913 -0.142601 0.138624
126 0.000000 0.000000 0.000000 0.212314 0.254037 -0.118857
127 0.000000 0.000000 0.000000 0.232579 -0.036013 -0.000000
128 -0.000000 -0.000000 0.000000 -1.329320 0.017292 0.015641
129 7.789624 26.408314 0.365997 0.000000 0.000000 0.000000
130 0.000000 0.000000 0.000000 0.000000 0.000000 0.000000
131 0.000000 0.000000 -10.000000 0.000000 0.000000 0.000000
132 1.654635 -2.856198 2.875354 0.000000 0.000000 0.000000
133 -2.433377 26.109964 -4.927269 0.000000 0.000000 0.000000
134 0.000000 0.000000 0.000000 0.000000 0.000000 0.000000
135 0.000000 0.000000 -10.000000 -0.000000 0.000000 0.000000
136 -6.265645 2.351663 0.787004 0.000000 0.000000 0.000000
137 0.000000 0.000000 0.000000 1.570796 0.000000 0.000000
138 11.617508 18.239372 35.227428 1.452697 -0.014146 -1.642403
139 -25.552135 17.268389 11.126246 -0.816007 -0.283145 -1.507388
time 45
0 0.000000 0.000000 0.000000 1.570796 0.000000 0.000000
1 0.000000 0.000000 0.000000 1.570796 0.000000 0.000000
2 2.641925 26.587206 -2.191233 -0.061883 -0.474385 0.026330
3 0.000000 0.000000 0.000000 0.000000 0.000000 0.000000
4 5.757982 0.000000 0.000000 -2.061623 -0.936864 -1.068119
5 18.152637 -0.000000 0.000000 -0.000000 -0.000000 1.640717
6 17.091557 -0.000000 0.000000 -0.204230 0.051497 -1.776911
7 6.229743 -0.000000 0.000000 0.027066 0.011388 -0.369141
8 -5.757982 0.000000 -0.000000 -1.456328 -0.735900 -1.889874
9 18.152637 -0.000000 0.000000 0.000000 -0.000000 1.760108
10 17.091557 0.000000 -0.000000 0.349730 0.167049 -1.938760
11 6.229743 0.000000 -0.000000 -0.116231 -0.028230 -0.626826
12 0.000000 3.964346 -1.347968 1.569325 -0.385032 1.546614
13 7.507315 -0.000000 0.000000 -0.013875 -0.020111 0.206433
14 9.079733 0.000000 -0.000000 -0.014750 -0.033488 0.226226
15 10.826827 0.000000 0.000000 0.029644 0.033119 0.603950
16 8.860067 0.000000 0.000000 3.018962 -0.472168 0.604150
17 4.341945 -0.000000 0.000000 0.018263 -0.000211 1.912738
18 6.900930 1.363879 3.754603 -1.889762 -2.077807 0.264239
19 12.731754 0.000000 -0.000000 -1.842378 -0.925016 0.771630
20 26.625128 0.000000 0.000000 -0.000000 -0.000000 -1.173510
21 20.040787 -0.000017 -0.000030 -1.188576 0.347272 0.373457
22 16.821650 2.696737 -0.203279 -0.454715 2.101277 -2.090298
23 2.039386 -0.000000 -0.000000 0.000000 -0.119732 -0.551019
24 1.516909 0.000000 0.000000 0.000000 -0.106498 -0.214585
25 17.176727 0.840396 -0.044736 -0.246604 1.977585 -1.852852
26 2.302859 -0.000000 0.000000 0.000000 -0.040281 -0.440509
27 2.047745 0.000000 0.000000 0.000000 -0.019146 -0.127858
28 17.032684 -1.069098 -0.638179 2.512672 1.056836 0.848304
29 2.907259 0.000000 -0.000000 -0.000000 -0.070674 -0.789421
30 2.470908 0.000000 0.000000 -0.000000 0.042753 -0.053852
31 16.797981 -2.957015 -1.264867 2.402309 1.055943 0.717082
32 2.246732 0.000000 -0.000000 -0.000000 0.130347 -0.750151
33 1.924987 0.000000 0.000000 0.000000 0.084390 -0.071779
34 10.924372 -3.874175 -3.676631 -2.700621 0.350317 -0.102732
35 3.109823 -0.000000 0.000000 -0.000000 0.123272 -0.061145
36 1.512893 0.000000 0.000000 -0.000000 -0.028966 0.541554
37 6.900930 1.363879 -3.754603 1.828547 2.111731 0.260606
38 12.731754 -0.000000 0.000000 1.868312 1.075013 0.826546
39 26.625128 0.000000 0.000000 0.000000 -0.000000 -1.201440
40 20.040768 -0.000010 0.000019 0.838370 -0.065270 0.364555
41 16.821663 2.695864 0.214569 0.458848 -2.097646 -2.093866
42 2.039386 -0.000000 -0.000000 0.000000 0.119732 -0.551019
43 1.516909 0.000000 -0.000000 0.000000 0.106498 -0.214585
44 17.176743 0.840203 0.048255 0.249576 -1.973565 -1.855583
45 2.302859 -0.000000 0.000000 0.000000 0.040281 -0.440509
46 2.047745 0.000000 -0.000000 0.000000 0.019146 -0.127858
47 17.032701 -1.071759 0.633698 -2.507009 -1.059970 0.843370
48 2.907259 0.000000 0.000000 -0.000000 0.070674 -0.789421
49 2.470908 0.000000 -0.000000 -0.000000 -0.042753 -0.053852
50 16.798000 -2.962283 1.252475 -2.395869 -1.058686 0.711474
51 2.246732 0.000000 0.000000 -0.000000 -0.130347 -0.750151
52 1.924987 -0.000000 0.000000 -0.000000 -0.084390 -0.071779
53 10.924391 -3.889540 3.660376 2.705055 -0.349884 -0.104252
54 3.109823 -0.000000 0.000000 0.000000 -0.123272 -0.061145
55 1.512893 0.000000 0.000000 0.000000 0.028966 0.541554
56 7.466661 3.907426 -1.935393 0.000000 0.000000 0.000000
57 1.305615 -0.118614 9.539114 -0.024565 -0.172613 -0.079842
58 -0.183178 -4.377939 -4.342432 0.000000 0.000000 0.000000
59 -0.002424 -3.222154 4.823210 0.030749 0.001139 -0.001412
60 0.000000 0.000000 0.000000 -0.000000 -0.000000 0.000000
61 0.000000 0.000000 0.000000 0.000000 0.000000 0.000000
62 -0.000000 -2.426310 5.737833 -0.000000 0.000937 -0.001514
63 0.206732 -1.514296 -10.147256 0.000000 -0.000937 0.001514
64 -0.194928 1.514586 13.669277 0.000000 0.000937 -0.001514
65 0.003297 0.000007 -3.521831 0.000000 0.000000 0.000000
66 0.001702 2.426307 -5.737833 0.000000 0.000000 0.000000
67 0.000000 0.000000 -0.000000 0.000000 0.000000 0.000000
68 0.000000 0.000000 0.000000 0.030747 0.000202 0.000103
69 0.000559 -2.534606 9.258001 0.030749 0.001139 -0.001412
70 8.000000 0.000000 0.000000 0.038747 0.170017 0.085270
71 0.000003 -2.426316 9.259665 -0.000000 0.000937 -0.001514
72 -7.466661 3.907426 -1.935393 0.000000 0.000000 0.000000
73 1.688650 -0.184811 -6.391015 0.030248 -0.872816 -0.066354
74 0.334780 -4.377939 -4.346992 0.000000 0.000000 0.000000
75 -0.062778 -3.316878 4.943066 -0.087601 0.000346 -0.001772
76 0.000000 0.000000 -0.000000 0.000000 0.000000 0.000000
77 0.000000 0.000000 0.000000 0.139717 0.000000 0.000000
78 -0.000000 -2.426310 5.737833 -0.000000 0.000937 -0.001514
79 -0.183130 -1.514886 -10.147621 0.000000 -0.000937 0.001514
80 0.194928 1.514586 13.669277 0.000000 0.000937 -0.001514
81 0.003303 0.000007 -3.521831 0.139717 0.000000 0.000000
82 0.001702 2.426307 -5.737833 0.000000 0.000000 0.000000
83 -0.000000 -0.000000 0.000000 -0.139717 -0.000000 -0.000000
84 0.000000 0.000000 0.000000 -0.087602 -0.000591 -0.000258
85 -0.001543 -2.118207 9.246162 -0.088785 -0.003306 0.061029
86 -8.000000 0.000000 0.000000 0.032057 0.872769 0.067197
87 -0.000003 -2.426316 9.259665 -0.000000 0.000937 -0.001514
88 0.000156 39.987263 -0.385905 0.000000 0.000000 0.000000
89 2.641769 -13.400056 -1.805329 -0.061883 -0.474385 0.026330
90 0.000000 3.964346 -1.347968 1.570796 0.083193 1.570796
91 0.000000 0.000000 0.000000 -0.010860 -0.022266 0.481990
92 0.000000 -0.000000 0.000000 -0.000000 -0.000000 -0.013661
93 7.506614 -0.102554 0.000000 -0.011223 -0.021702 0.066111
94 0.000000 0.000000 0.000000 0.000000 -0.000000 0.126643
95 9.007018 1.146814 0.000000 -0.002954 -0.036472 0.018707
96 -0.000000 -0.000000 0.000000 0.000000 0.000000 0.333969
97 10.228633 3.548980 0.000000 -0.009814 0.043348 -0.015130
98 0.000000 -0.000000 0.000000 -0.000000 -0.000000 0.952345
99 5.136838 7.218981 0.000000 0.478449 -0.092729 -0.102253
100 0.000000 -0.000000 -0.000000 -0.000002 -3.141593 -1.535012
101 -0.155339 4.339165 0.000000 0.018063 0.002708 -0.443502
102 0.000000 0.000000 -0.000000 3.141592 0.000000 0.137367
103 2.889723 6.413463 3.754603 1.037195 -1.069949 -1.767391
104 0.000000 0.000000 0.000000 0.077836 -0.065219 -0.039622
105 2.889723 6.413463 -3.754603 -1.110908 1.069949 -1.767391
106 0.000000 0.000000 0.000000 -0.064160 0.058932 -0.067526
107 9.910280 53.189766 17.569805 0.000000 0.000000 0.000000
108 1.751416 -34.950394 17.287088 0.000000 0.000000 0.000000
109 0.000000 9.000000 0.000000 0.000000 0.000000 0.000000
110 0.000000 0.000000 0.000000 0.000000 0.000000 0.000000
111 0.000000 0.000000 -10.000000 -0.000000 -0.000000 -0.000000
112 20.913940 5.706012 21.072218 0.000000 0.000000 0.000000
113 21.781120 35.486324 33.525017 0.673035 -0.066507 -2.101407
114 20.040791 -0.000036 0.000008 1.404680 0.142601 0.138624
115 0.000000 0.000000 -0.000000 -0.610031 0.223626 -0.128886
116 0.000000 0.000000 0.000000 -0.235528 0.036014 0.000000
117 -0.000000 0.000000 0.000000 -1.816459 0.017293 -0.015642
118 -15.944667 53.908268 3.267901 0.000000 0.000000 0.000000
119 -9.530497 -36.649902 7.858346 0.000000 0.000000 0.000000
120 0.000000 9.000000 0.000000 0.000000 0.000000 0.000000
121 0.000000 0.000000 0.000000 0.000000 0.000000 0.000000
122 0.000004 -0.000016 -10.000016 -3.141593 -3.141593 3.141593
123 -19.833467 5.265678 -0.806819 -0.000000 0.000000 0.000000
124 -33.061726 33.540485 2.239698 -2.901577 -0.459414 -1.134762
125 20.040770 -0.000027 0.000001 1.736913 -0.142601 0.138624
126 0.000000 0.000000 0.000000 0.207211 0.236090 -0.126713
127 0.000000 0.000000 0.000000 0.232579 -0.036013 -0.000000
128 -0.000000 -0.000000 0.000000 -1.329320 0.017292 0.015641
129 7.762300 26.722057 0.438963 0.000000 0.000000 0.000000
130 0.000000 0.000000 0.000000 0.000000 0.000000 0.000000
131 0.000000 0.000000 -10.000000 0.000000 0.000000 0.000000
132 1.652513 -2.750170 2.705328 0.000000 0.000000 0.000000
133 -2.478450 26.452354 -4.821430 0.000000 0.000000 0.000000
134 0.000000 0.000000 0.000000 0.000000 0.000000 0.000000
135 0.000000 0.000000 -10.000000 -0.000000 0.000000 0.000000
136 -6.394402 2.207419 0.783322 0.000000 0.000000 0.000000
137 0.000000 0.000000 0.000000 1.570796 0.000000 0.000000
138 11.661696 18.239372 34.856895 1.452697 -0.030966 -1.646848
139 -25.475164 17.258366 11.126246 -0.816007 -0.283145 -1.516842
time 46
0 0.000000 0.000000 0.000000 1.570796 0.000000 0.000000
1 0.000000 0.000000 0.000000 1.570796 0.000000 0.000000
2 2.615959 26.944859 -2.093948 -0.060998 -0.470954 0.023156
3 0.000000 0.000000 0.000000 0.000000 0.000000 0.000000
4 5.757982 0.000000 0.000000 -2.050696 -0.919854 -1.080170
5 18.152637 -0.000000 0.000000 -0.000000 -0.000000 1.617214
6 17.091557 -0.000000 0.000000 -0.212771 0.058187 -1.775859
7 6.229743 0.000000 -0.000000 0.027071 0.011375 -0.368759
8 -5.757982 0.000000 -0.000000 -1.445596 -0.713687 -1.891294
9 18.152637 0.000000 -0.000000 0.000000 0.000000 1.730101
10 17.091557 0.000000 -0.000000 0.346086 0.161101 -1.936844
11 6.229743 -0.000000 -0.000000 -0.116299 -0.028140 -0.624199
12 0.000000 3.964346 -1.347968 1.571692 -0.382640 1.546435
13 7.507315 0.000000 -0.000000 -0.011739 -0.019487 0.201106
14 9.079733 -0.000000 -0.000000 -0.013141 -0.031244 0.225242
15 10.826827 0.000000 -0.000000 0.028932 0.031525 0.604771
16 8.860067 0.000000 0.000000 3.021800 -0.470626 0.611227
17 4.341945 -0.000000 0.000000 0.018275 -0.001313 1.908068
18 6.900930 1.363879 3.754603 -1.892554 -2.083211 0.273764
19 12.731754 0.000000 -0.000000 -1.836032 -0.951922 0.796492
20 26.625128 0.000000 0.000000 -0.000000 0.000000 -1.142956
21 20.040787 -0.000017 -0.000030 -1.200297 0.314762 0.367837
22 16.821650 2.696737 -0.203279 -0.454715 2.101277 -2.090298
23 2.039386 0.000000 0.000000 0.000000 -0.119732 -0.551019
24 1.516909 -0.000000 0.000000 0.000000 -0.106498 -0.214585
25 17.176727 0.840396 -0.044736 -0.246604 1.977585 -1.852852
26 2.302859 0.000000 0.000000 -0.000000 -0.040281 -0.440509
27 2.047745 -0.000000 0.000000 -0.000000 -0.019146 -0.127858
28 17.032684 -1.069098 -0.638179 2.512672 1.056836 0.848304
29 2.907259 0.000000 -0.000000 0.000000 -0.070674 -0.789421
30 2.470908 -0.000000 0.000000 -0.000000 0.042753 -0.053852
31 16.797981 -2.957015 -1.264867 2.402309 1.055943 0.717082
32 2.246732 0.000000 0.000000 -0.000000 0.130347 -0.750151
33 1.924987 -0.000000 0.000000 0.000000 0.084390 -0.071779
34 10.924372 -3.874175 -3.676631 -2.700621 0.350317 -0.102732
35 3.109823 -0.000000 -0.000000 0.000000 0.123272 -0.061145
36 1.512893 0.000000 0.000000 -0.000000 -0.028966 0.541554
37 6.900930 1.363879 -3.754603 1.838932 2.113583 0.279387
38 12.731754 -0.000000 0.000000 1.867311 1.096389 0.825428
39 26.625128 -0.000000 0.000000 0.000000 -0.000000 -1.159060
40 20.040768 -0.000010 0.000019 0.836381 -0.053281 0.350899
41 16.821663 2.695864 0.214569 0.458848 -2.097646 -2.093866
42 2.039386 -0.000000 -0.000000 -0.000000 0.119732 -0.551019
43 1.516909 -0.000000 0.000000 0.000000 0.106498 -0.214585
44 17.176743 0.840203 0.048255 0.249576 -1.973565 -1.855583
45 2.302859 -0.000000 -0.000000 -0.000000 0.040281 -0.440509
46 2.047745 0.000000 -0.000000 0.000000 0.019146 -0.127858
47 17.032701 -1.071759 0.633698 -2.507009 -1.059970 0.843370
48 2.907259 0.000000 -0.000000 0.000000 0.070674 -0.789421
49 2.470908 0.000000 0.000000 -0.000000 -0.042753 -0.053852
50 16.798000 -2.962283 1.252475 -2.395869 -1.058686 0.711474
51 2.246732 0.000000 -0.000000 -0.000000 -0.130347 -0.750151
52 1.924987 -0.000000 0.000000 -0.000000 -0.084390 -0.071779
53 10.924391 -3.889540 3.660376 2.705055 -0.349884 -0.104252
54 3.109823 0.000000 0.000000 -0.000000 -0.123272 -0.061145
55 1.512893 -0.000000 -0.000000 0.000000 0.028966 0.541554
56 7.466661 3.907426 -1.935393 0.000000 0.000000 0.000000
57 1.346195 -0.117510 9.527988 -0.025618 -0.172156 -0.091350
58 -0.183178 -4.377939 -4.342432 0.000000 0.000000 0.000000
59 -0.002425 -3.221805 4.822906 0.031131 0.001141 -0.001410
60 0.000000 0.000000 0.000000 -0.000000 0.000000 0.000000
61 0.000000 0.000000 0.000000 0.000000 0.000000 0.000000
62 -0.000000 -2.426310 5.737833 -0.000000 0.000937 -0.001514
63 0.206732 -1.514296 -10.147256 0.000000 -0.000937 0.001514
64 -0.194928 1.514586 13.669277 0.000000 0.000937 -0.001514
65 0.003297 0.000007 -3.521831 0.000000 0.000000 0.000000
66 0.001702 2.426307 -5.737833 0.000000 0.000000 0.000000
67 0.000000 0.000000 -0.000000 0.000000 0.000000 0.000000
68 0.000000 0.000000 0.000000 0.031129 0.000204 0.000104
69 0.000566 -2.535952 9.257960 0.031131 0.001141 -0.001410
70 8.000000 0.000000 0.000000 0.041737 0.169003 0.097096
71 0.000003 -2.426316 9.259665 -0.000000 0.000937 -0.001514
72 -7.466661 3.907426 -1.935393 0.000000 0.000000 0.000000
73 1.704154 -0.212625 -6.427428 0.019395 -0.871114 -0.060158
74 0.334780 -4.377939 -4.346992 0.000000 0.000000 0.000000
75 -0.062784 -3.314787 4.940730 -0.084974 0.000364 -0.001765
76 0.000000 0.000000 -0.000000 0.000000 -0.000000 0.000000
77 0.000000 0.000000 0.000000 0.139717 0.000000 0.000000
78 -0.000000 -2.426310 5.737833 -0.000000 0.000937 -0.001514
79 -0.183130 -1.514886 -10.147621 0.000000 -0.000937 0.001514
80 0.194928 1.514586 13.669277 0.000000 0.000937 -0.001514
81 0.003303 0.000007 -3.521831 0.139717 0.000000 0.000000
82 0.001702 2.426307 -5.737833 0.000000 0.000000 0.000000
83 0.000000 -0.000000 0.000000 -0.139717 -0.000000 -0.000000
84 0.000000 0.000000 0.000000 -0.084975 -0.000573 -0.000251
85 -0.001498 -2.127425 9.246960 -0.086162 -0.003453 0.061026
86 -8.000000 0.000000 0.000000 0.041334 0.870552 0.070355
87 -0.000003 -2.426316 9.259665 -0.000000 0.000937 -0.001514
88 0.000156 39.987263 -0.385905 0.000000 0.000000 0.000000
89 2.615803 -13.042403 -1.708044 -0.060998 -0.470954 0.023156
90 0.000000 3.964346 -1.347968 1.570796 0.083193 1.570796
91 0.000000 0.000000 0.000000 -0.008510 -0.022485 0.479600
92 0.000000 -0.000000 0.000000 -0.000000 -0.000000 -0.013661
93 7.506614 -0.102554 0.000000 -0.009183 -0.020813 0.060783
94 0.000000 0.000000 0.000000 0.000000 -0.000000 0.126643
95 9.007018 1.146814 0.000000 -0.002170 -0.033825 0.017747
96 -0.000000 -0.000000 0.000000 0.000000 0.000000 0.333969
97 10.228633 3.548980 0.000000 -0.008926 0.041844 -0.014248
98 0.000000 -0.000000 0.000000 -0.000000 -0.000000 0.952345
99 5.136838 7.218981 0.000000 0.476684 -0.090344 -0.093726
100 0.000000 -0.000000 -0.000000 -0.000002 -3.141593 -1.535012
101 -0.155339 4.339165 0.000000 0.017924 0.003801 -0.438833
102 0.000000 0.000000 -0.000000 3.141592 0.000000 0.137367
103 2.889723 6.413463 3.754603 1.037195 -1.069949 -1.767391
104 0.000000 0.000000 0.000000 0.083555 -0.058830 -0.042790
105 2.889723 6.413463 -3.754603 -1.110908 1.069949 -1.767391
106 0.000000 0.000000 0.000000 -0.069791 0.049168 -0.066138
107 10.117111 53.752399 17.398201 0.000000 0.000000 0.000000
108 1.605161 -35.513027 17.016443 0.000000 0.000000 0.000000
109 0.000000 9.000000 0.000000 0.000000 0.000000 0.000000
110 0.000000 0.000000 0.000000 0.000000 0.000000 0.000000
111 0.000000 0.000000 -10.000000 -0.000000 -0.000000 -0.000000
112 20.680222 6.043000 21.240463 0.000000 0.000000 0.000000
113 21.556845 35.661160 33.232880 0.678783 -0.059002 -2.084703
114 20.040791 -0.000036 0.000008 1.404680 0.142601 0.138624
115 0.000000 0.000000 -0.000000 -0.612201 0.215453 -0.096015
116 0.000000 0.000000 0.000000 -0.235528 0.036014 0.000000
117 -0.000000 0.000000 0.000000 -1.816459 0.017293 -0.015642
118 -15.831141 54.491043 3.364212 0.000000 0.000000 0.000000
119 -9.513219 -37.240658 7.762035 0.000000 0.000000 0.000000
120 0.000000 9.000000 0.000000 0.000000 0.000000 0.000000
121 0.000000 0.000000 0.000000 0.000000 0.000000 0.000000
122 0.000004 -0.000016 -10.000016 -3.141593 -3.141593 3.141593
123 -19.711605 5.349681 -0.646222 -0.000000 0.000000 0.000000
124 -32.586994 33.818245 2.484244 -2.890269 -0.445845 -1.158680
125 20.040770 -0.000027 0.000001 1.736913 -0.142601 0.138624
126 0.000000 0.000000 0.000000 0.202620 0.220697 -0.136721
127 0.000000 0.000000 0.000000 0.232579 -0.036013 -0.000000
128 -0.000000 -0.000000 0.000000 -1.329320 0.017292 0.015641
129 7.745728 27.063663 0.518659 0.000000 0.000000 0.000000
130 0.000000 0.000000 0.000000 0.000000 0.000000 0.000000
131 0.000000 0.000000 -10.000000 0.000000 0.000000 0.000000
132 1.639427 -2.633116 2.523703 0.000000 0.000000 0.000000
133 -2.513810 26.826054 -4.706555 0.000000 0.000000 0.000000
134 0.000000 0.000000 0.000000 0.000000 0.000000 0.000000
135 0.000000 0.000000 -10.000000 -0.000000 0.000000 0.000000
136 -6.529032 2.055919 0.774697 0.000000 0.000000 0.000000
137 0.000000 0.000000 0.000000 1.570796 0.000000 0.000000
138 11.722273 18.239372 34.414642 1.452697 -0.051041 -1.652530
139 -25.344360 17.250383 11.126246 -0.816007 -0.283145 -1.528754
time 47
0 0.000000 0.000000 0.000000 1.570796 0.000000 0.000000
1 0.000000 0.000000 0.000000 1.570796 0.000000 0.000000
2 2.589073 27.318668 -1.993952 -0.059055 -0.467170 0.019723
3 0.000000 0.000000 0.000000 0.000000 0.000000 0.000000
4 5.757982 -0.000000 0.000000 -2.042393 -0.903262 -1.091125
5 18.152637 -0.000000 -0.000000 -0.000000 0.000000 1.591885
6 17.091557 -0.000000 0.000000 -0.210842 0.063163 -1.770271
7 6.229743 0.000000 -0.000000 0.027039 0.011457 -0.371089
8 -5.757982 -0.000000 -0.000000 -1.433805 -0.691938 -1.893389
9 18.152637 0.000000 0.000000 0.000000 0.000000 1.698749
10 17.091557 -0.000000 0.000000 0.343533 0.153229 -1.931805
11 6.229743 -0.000000 -0.000000 -0.116313 -0.028122 -0.623666
12 0.000000 3.964346 -1.347968 1.573712 -0.380194 1.546833
13 7.507315 -0.000000 0.000000 -0.009702 -0.018744 0.196079
14 9.079733 0.000000 -0.000000 -0.011467 -0.028628 0.224958
15 10.826827 -0.000000 0.000000 0.028911 0.030691 0.606223
16 8.860067 0.000000 -0.000000 3.024660 -0.469944 0.615785
17 4.341945 0.000000 -0.000000 0.018851 -0.002378 1.905053
18 6.900930 1.363879 3.754603 -1.900307 -2.089002 0.286581
19 12.731754 0.000000 0.000000 -1.835436 -0.983049 0.827047
20 26.625128 0.000000 -0.000000 -0.000000 0.000000 -1.107194
21 20.040787 -0.000017 -0.000030 -1.214894 0.285992 0.357898
22 16.821650 2.696737 -0.203279 -0.454715 2.101277 -2.090298
23 2.039386 0.000000 -0.000000 0.000000 -0.119732 -0.551019
24 1.516909 0.000000 -0.000000 0.000000 -0.106498 -0.214585
25 17.176727 0.840396 -0.044736 -0.246604 1.977585 -1.852852
26 2.302859 0.000000 -0.000000 0.000000 -0.040281 -0.440509
27 2.047745 0.000000 0.000000 0.000000 -0.019146 -0.127858
28 17.032684 -1.069098 -0.638179 2.512672 1.056836 0.848304
29 2.907259 0.000000 -0.000000 -0.000000 -0.070674 -0.789421
30 2.470908 0.000000 -0.000000 -0.000000 0.042753 -0.053852
31 16.797981 -2.957015 -1.264867 2.402309 1.055943 0.717082
32 2.246732 0.000000 -0.000000 0.000000 0.130347 -0.750151
33 1.924987 -0.000000 -0.000000 0.000000 0.084390 -0.071779
34 10.924372 -3.874175 -3.676631 -2.700621 0.350317 -0.102732
35 3.109823 0.000000 0.000000 -0.000000 0.123272 -0.061145
36 1.512893 0.000000 -0.000000 0.000000 -0.028966 0.541554
37 6.900930 1.363879 -3.754603 1.850202 2.114489 0.299011
38 12.731754 0.000000 0.000000 1.868701 1.117811 0.828475
39 26.625128 0.000000 0.000000 0.000000 0.000000 -1.120170
40 20.040768 -0.000010 0.000019 0.835474 -0.038079 0.344678
41 16.821663 2.695864 0.214569 0.458848 -2.097646 -2.093866
42 2.039386 -0.000000 0.000000 -0.000000 0.119732 -0.551019
43 1.516909 -0.000000 0.000000 0.000000 0.106498 -0.214585
44 17.176743 0.840203 0.048255 0.249576 -1.973565 -1.855583
45 2.302859 -0.000000 0.000000 0.000000 0.040281 -0.440509
46 2.047745 -0.000000 0.000000 -0.000000 0.019146 -0.127858
47 17.032701 -1.071759 0.633698 -2.507009 -1.059970 0.843370
48 2.907259 -0.000000 -0.000000 -0.000000 0.070674 -0.789421
49 2.470908 0.000000 0.000000 -0.000000 -0.042753 -0.053852
50 16.798000 -2.962283 1.252475 -2.395869 -1.058686 0.711474
51 2.246732 -0.000000 -0.000000 0.000000 -0.130347 -0.750151
52 1.924987 -0.000000 -0.000000 -0.000000 -0.084390 -0.071779
53 10.924391 -3.889540 3.660376 2.705055 -0.349884 -0.104252
54 3.109823 -0.000000 0.000000 -0.000000 -0.123272 -0.061145
55 1.512893 0.000000 -0.000000 0.000000 0.028966 0.541554
56 7.466661 3.907426 -1.935393 0.000000 0.000000 0.000000
57 1.361608 -0.119743 9.524405 -0.025693 -0.172266 -0.093605
58 -0.183178 -4.377939 -4.342432 0.000000 0.000000 0.000000
59 -0.002418 -3.223935 4.824762 0.028800 0.001126 -0.001418
60 0.000000 0.000000 0.000000 -0.000000 -0.000000 0.000000
61 0.000000 0.000000 0.000000 0.000000 0.000000 0.000000
62 -0.000000 -2.426310 5.737833 0.000000 0.000937 -0.001514
63 0.206732 -1.514296 -10.147256 0.000000 -0.000937 0.001514
64 -0.194928 1.514586 13.669277 0.000000 0.000937 -0.001514
65 0.003297 0.000007 -3.521831 0.000000 0.000000 0.000000
66 0.001702 2.426307 -5.737833 0.000000 0.000000 0.000000
67 0.000000 0.000000 0.000000 -0.000000 0.000000 0.000000
68 0.000000 0.000000 0.000000 0.028798 0.000189 0.000096
69 0.000524 -2.527746 9.258206 0.028800 0.001126 -0.001418
70 8.000000 0.000000 0.000000 0.042208 0.169011 0.099399
71 0.000003 -2.426316 9.259665 -0.000000 0.000937 -0.001514
72 -7.466661 3.907426 -1.935393 0.000000 0.000000 0.000000
73 1.707013 -0.231728 -6.462596 0.009909 -0.869169 -0.052930
74 0.334780 -4.377939 -4.346992 0.000000 0.000000 0.000000
75 -0.062785 -3.314362 4.940256 -0.084440 0.000368 -0.001764
76 0.000000 0.000000 -0.000000 0.000000 0.000000 0.000000
77 0.000000 0.000000 0.000000 0.139717 0.000000 0.000000
78 -0.000000 -2.426310 5.737833 -0.000000 0.000937 -0.001514
79 -0.183130 -1.514886 -10.147621 0.000000 -0.000937 0.001514
80 0.194928 1.514586 13.669277 0.000000 0.000937 -0.001514
81 0.003303 0.000007 -3.521831 0.139717 0.000000 0.000000
82 0.001702 2.426307 -5.737833 0.000000 0.000000 0.000000
83 -0.000000 -0.000000 0.000000 -0.139717 -0.000000 -0.000000
84 0.000000 0.000000 0.000000 -0.084441 -0.000569 -0.000250
85 -0.001489 -2.129298 9.247119 -0.085629 -0.003483 0.061026
86 -8.000000 0.000000 0.000000 0.047238 0.868267 0.070235
87 -0.000003 -2.426316 9.259665 -0.000000 0.000937 -0.001514
88 0.000156 39.987263 -0.385905 0.000000 0.000000 0.000000
89 2.588917 -12.668594 -1.608048 -0.059055 -0.467170 0.019723
90 0.000000 3.964346 -1.347968 1.570796 0.083193 1.570796
91 0.000000 0.000000 0.000000 -0.006282 -0.022168 0.477150
92 0.000000 -0.000000 0.000000 -0.000000 -0.000000 -0.013661
93 7.506614 -0.102554 0.000000 -0.007257 -0.019819 0.055756
94 0.000000 0.000000 0.000000 0.000000 -0.000000 0.126643
95 9.007018 1.146814 0.000000 -0.001447 -0.030804 0.017490
96 -0.000000 -0.000000 0.000000 0.000000 0.000000 0.333969
97 10.228633 3.548980 0.000000 -0.008258 0.041345 -0.012767
98 0.000000 -0.000000 0.000000 -0.000000 -0.000000 0.952345
99 5.136838 7.218981 0.000000 0.475783 -0.087863 -0.087792
100 0.000000 -0.000000 -0.000000 -0.000002 -3.141593 -1.535012
101 -0.155339 4.339165 0.000000 0.018348 0.004935 -0.435817
102 0.000000 0.000000 -0.000000 3.141592 0.000000 0.137367
103 2.889723 6.413463 3.754603 1.037195 -1.069949 -1.767391
104 0.000000 0.000000 0.000000 0.087107 -0.050726 -0.045579
105 2.889723 6.413463 -3.754603 -1.110908 1.069949 -1.767391
106 0.000000 0.000000 0.000000 -0.075206 0.039319 -0.063544
107 10.287939 54.349056 17.260853 0.000000 0.000000 0.000000
108 1.468893 -36.109684 16.783258 0.000000 0.000000 0.000000
109 0.000000 9.000000 0.000000 0.000000 0.000000 0.000000
110 0.000000 0.000000 0.000000 0.000000 0.000000 0.000000
111 0.000000 0.000000 -10.000000 -0.000000 -0.000000 -0.000000
112 20.460693 6.462813 21.465717 0.000000 0.000000 0.000000
113 21.243565 35.860386 32.978386 0.687106 -0.053203 -2.064671
114 20.040791 -0.000036 0.000008 1.404680 0.142601 0.138624
115 0.000000 0.000000 0.000000 -0.617674 0.203330 -0.067520
116 0.000000 0.000000 0.000000 -0.235528 0.036014 0.000000
117 -0.000000 0.000000 0.000000 -1.816459 0.017293 -0.015642
118 -15.750721 55.053055 3.484765 0.000000 0.000000 0.000000
119 -9.350299 -37.808712 7.641481 0.000000 0.000000 0.000000
120 0.000000 9.000000 0.000000 0.000000 0.000000 0.000000
121 0.000000 0.000000 0.000000 0.000000 0.000000 0.000000
122 0.000004 -0.000016 -10.000016 -3.141593 -3.141593 3.141593
123 -19.675871 5.588747 -0.508179 -0.000000 0.000000 0.000000
124 -32.103794 34.054317 2.758449 -2.883048 -0.430734 -1.176075
125 20.040770 -0.000027 0.000001 1.736913 -0.142601 0.138624
126 0.000000 0.000000 0.000000 0.198833 0.212103 -0.151085
127 0.000000 0.000000 0.000000 0.232579 -0.036013 -0.000000
128 -0.000000 -0.000000 0.000000 -1.329320 0.017292 0.015641
129 7.729067 27.420059 0.599219 0.000000 0.000000 0.000000
130 0.000000 0.000000 0.000000 0.000000 0.000000 0.000000
131 0.000000 0.000000 -10.000000 0.000000 0.000000 0.000000
132 1.613134 -2.506936 2.334572 0.000000 0.000000 0.000000
133 -2.550921 27.217276 -4.587124 0.000000 0.000000 0.000000
134 0.000000 0.000000 0.000000 0.000000 0.000000 0.000000
135 0.000000 0.000000 -10.000000 -0.000000 0.000000 0.000000
136 -6.667916 1.899168 0.760501 0.000000 0.000000 0.000000
137 0.000000 0.000000 0.000000 1.570796 0.000000 0.000000
138 11.756832 18.239372 34.044109 1.452697 -0.067861 -1.656609
139 -25.101019 17.244343 11.126246 -0.816007 -0.283145 -1.543351
time 48
0 0.000000 0.000000 0.000000 1.570796 0.000000 0.000000
1 0.000000 0.000000 0.000000 1.570796 0.000000 0.000000
2 2.561045 27.712763 -1.891889 -0.056244 -0.463064 0.016217
3 0.000000 0.000000 0.000000 0.000000 0.000000 0.000000
4 5.757982 0.000000 0.000000 -2.033138 -0.887084 -1.103026
5 18.152637 0.000000 0.000000 -0.000000 -0.000000 1.564537
6 17.091557 0.000000 0.000000 -0.207039 0.067348 -1.762818
7 6.229743 0.000000 -0.000000 0.027042 0.011449 -0.370883
8 -5.757982 0.000000 -0.000000 -1.421183 -0.670685 -1.895860
9 18.152637 0.000000 -0.000000 -0.000000 -0.000000 1.666096
10 17.091557 -0.000000 0.000000 0.341454 0.144124 -1.923344
11 6.229743 0.000000 -0.000000 -0.116310 -0.028126 -0.623785
12 0.000000 3.964346 -1.347968 1.575432 -0.377387 1.547793
13 7.507315 0.000000 0.000000 -0.007699 -0.017443 0.190282
14 9.079733 0.000000 -0.000000 -0.009645 -0.025449 0.225414
15 10.826827 0.000000 -0.000000 0.028146 0.029388 0.608784
16 8.860067 0.000000 0.000000 3.027835 -0.469508 0.620790
17 4.341945 -0.000000 -0.000000 0.019684 -0.003157 1.900643
18 6.900930 1.363879 3.754603 -1.908641 -2.094441 0.298133
19 12.731754 0.000000 0.000000 -1.845580 -1.015951 0.867512
20 26.625128 -0.000000 0.000000 -0.000000 0.000000 -1.061118
21 20.040787 -0.000017 -0.000030 -1.231678 0.272318 0.337919
22 16.821650 2.696737 -0.203279 -0.454715 2.101277 -2.090298
23 2.039386 0.000000 0.000000 0.000000 -0.119732 -0.551019
24 1.516909 0.000000 0.000000 0.000000 -0.106498 -0.214585
25 17.176727 0.840396 -0.044736 -0.246604 1.977585 -1.852852
26 2.302859 -0.000000 -0.000000 0.000000 -0.040281 -0.440509
27 2.047745 -0.000000 -0.000000 -0.000000 -0.019146 -0.127858
28 17.032684 -1.069098 -0.638179 2.512672 1.056836 0.848304
29 2.907259 0.000000 -0.000000 0.000000 -0.070674 -0.789421
30 2.470908 0.000000 0.000000 -0.000000 0.042753 -0.053852
31 16.797981 -2.957015 -1.264867 2.402309 1.055943 0.717082
32 2.246732 0.000000 -0.000000 -0.000000 0.130347 -0.750151
33 1.924987 0.000000 0.000000 0.000000 0.084390 -0.071779
34 10.924372 -3.874175 -3.676631 -2.700621 0.350317 -0.102732
35 3.109823 -0.000000 -0.000000 -0.000000 0.123272 -0.061145
36 1.512893 0.000000 0.000000 0.000000 -0.028966 0.541554
37 6.900930 1.363879 -3.754603 1.854631 2.117886 0.311929
38 12.731754 0.000000 0.000000 1.872624 1.135977 0.837005
39 26.625128 -0.000000 0.000000 -0.000000 -0.000000 -1.082729
40 20.040768 -0.000010 0.000019 0.834858 -0.023331 0.341075
41 16.821663 2.695864 0.214569 0.458848 -2.097646 -2.093866
42 2.039386 0.000000 -0.000000 -0.000000 0.119732 -0.551019
43 1.516909 -0.000000 -0.000000 0.000000 0.106498 -0.214585
44 17.176743 0.840203 0.048255 0.249576 -1.973565 -1.855583
45 2.302859 -0.000000 0.000000 0.000000 0.040281 -0.440509
46 2.047745 -0.000000 -0.000000 0.000000 0.019146 -0.127858
47 17.032701 -1.071759 0.633698 -2.507009 -1.059970 0.843370
48 2.907259 -0.000000 -0.000000 0.000000 0.070674 -0.789421
49 2.470908 0.000000 0.000000 -0.000000 -0.042753 -0.053852
50 16.798000 -2.962283 1.252475 -2.395869 -1.058686 0.711474
51 2.246732 -0.000000 0.000000 0.000000 -0.130347 -0.750151
52 1.924987 -0.000000 -0.000000 -0.000000 -0.084390 -0.071779
53 10.924391 -3.889540 3.660376 2.705055 -0.349884 -0.104252
54 3.109823 0.000000 0.000000 0.000000 -0.123272 -0.061145
55 1.512893 0.000000 0.000000 0.000000 0.028966 0.541554
56 7.466661 3.907426 -1.935393 0.000000 0.000000 0.000000
57 1.369468 -0.122230 9.523942 -0.025460 -0.172976 -0.093836
58 -0.183178 -4.377939 -4.342432 0.000000 0.000000 0.000000
59 -0.002419 -3.223747 4.824598 0.029006 0.001127 -0.001418
60 0.000000 0.000000 0.000000 0.000000 -0.000000 -0.000000
61 0.000000 0.000000 0.000000 0.000000 0.000000 0.000000
62 -0.000000 -2.426310 5.737833 0.000000 0.000937 -0.001514
63 0.206732 -1.514296 -10.147256 0.000000 -0.000937 0.001514
64 -0.194928 1.514586 13.669277 0.000000 0.000937 -0.001514
65 0.003297 0.000007 -3.521831 0.000000 0.000000 0.000000
66 0.001702 2.426307 -5.737833 0.000000 0.000000 0.000000
67 0.000000 0.000000 0.000000 -0.000000 0.000000 0.000000
68 0.000000 0.000000 0.000000 0.029005 0.000190 0.000097
69 0.000527 -2.528473 9.258185 0.029006 0.001127 -0.001418
70 8.000000 0.000000 0.000000 0.042084 0.169731 0.099624
71 0.000003 -2.426316 9.259665 -0.000000 0.000937 -0.001514
72 -7.466661 3.907426 -1.935393 0.000000 0.000000 0.000000
73 1.700199 -0.238896 -6.492840 0.002694 -0.867162 -0.045699
74 0.334780 -4.377939 -4.346992 0.000000 0.000000 0.000000
75 -0.062785 -3.314457 4.940362 -0.084559 0.000367 -0.001764
76 0.000000 0.000000 0.000000 0.000000 0.000000 0.000000
77 0.000000 0.000000 0.000000 0.139717 0.000000 0.000000
78 -0.000000 -2.426310 5.737833 -0.000000 0.000937 -0.001514
79 -0.183130 -1.514886 -10.147621 0.000000 -0.000937 0.001514
80 0.194928 1.514586 13.669277 0.000000 0.000937 -0.001514
81 0.003303 0.000007 -3.521831 0.139717 0.000000 0.000000
82 0.001702 2.426307 -5.737833 0.000000 0.000000 0.000000
83 -0.000000 -0.000000 0.000000 -0.139717 -0.000000 -0.000000
84 0.000000 0.000000 0.000000 -0.084561 -0.000570 -0.000250
85 -0.001491 -2.128878 9.247083 -0.085749 -0.003476 0.061026
86 -8.000000 0.000000 0.000000 0.049639 0.866118 0.067405
87 -0.000003 -2.426316 9.259665 -0.000000 0.000937 -0.001514
88 0.000156 39.987263 -0.385905 0.000000 0.000000 0.000000
89 2.560889 -12.274499 -1.505985 -0.056244 -0.463064 0.016217
90 0.000000 3.964346 -1.347968 1.570796 0.083193 1.570796
91 0.000000 0.000000 0.000000 -0.004133 -0.021330 0.474335
92 0.000000 -0.000000 0.000000 -0.000000 -0.000000 -0.013661
93 7.506614 -0.102554 0.000000 -0.005434 -0.018275 0.049960
94 0.000000 0.000000 0.000000 0.000000 -0.000000 0.126643
95 9.007018 1.146814 0.000000 -0.000768 -0.027204 0.017976
96 -0.000000 -0.000000 0.000000 0.000000 0.000000 0.333969
97 10.228633 3.548980 0.000000 -0.007638 0.039966 -0.010159
98 0.000000 -0.000000 0.000000 -0.000000 -0.000000 0.952345
99 5.136838 7.218981 0.000000 0.475108 -0.085079 -0.081290
100 0.000000 -0.000000 -0.000000 -0.000002 -3.141593 -1.535012
101 -0.155339 4.339165 0.000000 0.019067 0.005821 -0.431406
102 0.000000 0.000000 -0.000000 3.141592 0.000000 0.137367
103 2.889723 6.413463 3.754603 1.037195 -1.069949 -1.767391
104 0.000000 0.000000 0.000000 0.088915 -0.043255 -0.048191
105 2.889723 6.413463 -3.754603 -1.110908 1.069949 -1.767391
106 0.000000 0.000000 0.000000 -0.081850 0.031851 -0.064363
107 10.426591 54.962269 17.127094 0.000000 0.000000 0.000000
108 1.296375 -36.722897 16.761629 0.000000 0.000000 0.000000
109 0.000000 9.000000 0.000000 0.000000 0.000000 0.000000
110 0.000000 0.000000 0.000000 0.000000 0.000000 0.000000
111 0.000000 0.000000 -10.000000 -0.000000 -0.000000 -0.000000
112 20.163506 6.801107 21.699095 0.000000 0.000000 0.000000
113 20.786768 36.078941 32.779060 0.699061 -0.055399 -2.040881
114 20.040791 -0.000036 0.000008 1.404680 0.142601 0.138624
115 0.000000 0.000000 0.000000 -0.627256 0.183145 -0.055680
116 0.000000 0.000000 0.000000 -0.235528 0.036014 0.000000
117 -0.000000 0.000000 0.000000 -1.816459 0.017293 -0.015642
118 -15.670258 55.583809 3.581043 0.000000 0.000000 0.000000
119 -9.153453 -38.343658 7.545204 0.000000 0.000000 0.000000
120 0.000000 9.000000 0.000000 0.000000 0.000000 0.000000
121 0.000000 0.000000 0.000000 0.000000 0.000000 0.000000
122 0.000004 -0.000016 -10.000016 -3.141593 -3.141593 3.141593
123 -19.622261 5.795169 -0.353213 -0.000000 0.000000 0.000000
124 -31.609800 34.264553 3.017439 -2.877423 -0.416558 -1.191489
125 20.040770 -0.000027 0.000001 1.736913 -0.142601 0.138624
126 0.000000 0.000000 0.000000 0.195592 0.206130 -0.165369
127 0.000000 0.000000 0.000000 0.232579 -0.036013 -0.000000
128 -0.000000 -0.000000 0.000000 -1.329320 0.017292 0.015641
129 7.711965 27.796301 0.680154 0.000000 0.000000 0.000000
130 0.000000 0.000000 0.000000 0.000000 0.000000 0.000000
131 0.000000 0.000000 -10.000000 0.000000 0.000000 0.000000
132 1.591905 -2.367627 2.137554 0.000000 0.000000 0.000000
133 -2.589875 27.629223 -4.463933 0.000000 0.000000 0.000000
134 0.000000 0.000000 0.000000 0.000000 0.000000 0.000000
135 0.000000 0.000000 -10.000000 -0.000000 0.000000 0.000000
136 -6.810355 1.737200 0.740612 0.000000 0.000000 0.000000
137 0.000000 0.000000 0.000000 1.570796 0.000000 0.000000
138 11.722966 18.239372 33.888725 1.452697 -0.074915 -1.656244
139 -24.823709 17.240149 11.126246 -0.815925 -0.283090 -1.558785
time 49
0 0.000000 0.000000 0.000000 1.570796 0.000000 0.000000
1 0.000000 0.000000 0.000000 1.570796 0.000000 0.000000
2 2.528887 28.154381 -1.783209 -0.053784 -0.458658 0.012814
3 0.000000 0.000000 0.000000 0.000000 0.000000 0.000000
4 5.757982 0.000000 0.000000 -2.021315 -0.869058 -1.117457
5 18.152637 -0.000000 0.000000 0.000000 -0.000000 1.533350
6 17.091557 -0.000000 -0.000000 -0.203880 0.070123 -1.753214
7 6.229743 0.000000 -0.000000 0.027006 0.011541 -0.373498
8 -5.757982 -0.000000 -0.000000 -1.408567 -0.647798 -1.897725
9 18.152637 0.000000 0.000000 -0.000000 0.000000 1.630031
10 17.091557 0.000000 -0.000000 0.339243 0.134712 -1.910643
11 6.229743 -0.000000 -0.000000 -0.116292 -0.028150 -0.624479
12 0.000000 3.964346 -1.347968 1.576768 -0.375178 1.549214
13 7.507315 0.000000 0.000000 -0.005841 -0.015886 0.185898
14 9.079733 0.000000 0.000000 -0.008060 -0.022599 0.225225
15 10.826827 0.000000 -0.000000 0.026214 0.026620 0.610196
16 8.860067 0.000000 -0.000000 3.033309 -0.468475 0.624797
17 4.341945 0.000000 0.000000 0.020390 -0.004842 1.895722
18 6.900930 1.363879 3.754603 -1.927511 -2.094889 0.322987
19 12.731754 0.000000 0.000000 -1.871765 -1.054379 0.916587
20 26.625128 0.000000 0.000000 0.000000 -0.000000 -1.002617
21 20.040787 -0.000017 -0.000030 -1.248213 0.267942 0.309488
22 16.821650 2.696737 -0.203279 -0.454715 2.101277 -2.090298
23 2.039386 0.000000 0.000000 0.000000 -0.119732 -0.551019
24 1.516909 0.000000 0.000000 0.000000 -0.106498 -0.214585
25 17.176727 0.840396 -0.044736 -0.246604 1.977585 -1.852852
26 2.302859 -0.000000 -0.000000 0.000000 -0.040281 -0.440509
27 2.047745 -0.000000 0.000000 -0.000000 -0.019146 -0.127858
28 17.032684 -1.069098 -0.638179 2.512672 1.056836 0.848304
29 2.907259 -0.000000 0.000000 -0.000000 -0.070674 -0.789421
30 2.470908 -0.000000 -0.000000 0.000000 0.042753 -0.053852
31 16.797981 -2.957015 -1.264867 2.402309 1.055943 0.717082
32 2.246732 -0.000000 -0.000000 -0.000000 0.130347 -0.750151
33 1.924987 0.000000 -0.000000 0.000000 0.084390 -0.071779
34 10.924372 -3.874175 -3.676631 -2.700621 0.350317 -0.102732
35 3.109823 0.000000 -0.000000 0.000000 0.123272 -0.061145
36 1.512893 0.000000 -0.000000 0.000000 -0.028966 0.541554
37 6.900930 1.363879 -3.754603 1.862719 2.123644 0.325487
38 12.731754 0.000000 -0.000000 1.875051 1.159891 0.844985
39 26.625128 0.000000 -0.000000 0.000000 -0.000000 -1.038470
40 20.040768 -0.000010 0.000019 0.834801 -0.009165 0.331240
41 16.821663 2.695864 0.214569 0.458848 -2.097646 -2.093866
42 2.039386 -0.000000 0.000000 -0.000000 0.119732 -0.551019
43 1.516909 0.000000 0.000000 0.000000 0.106498 -0.214585
44 17.176743 0.840203 0.048255 0.249576 -1.973565 -1.855583
45 2.302859 -0.000000 -0.000000 -0.000000 0.040281 -0.440509
46 2.047745 0.000000 -0.000000 0.000000 0.019146 -0.127858
47 17.032701 -1.071759 0.633698 -2.507009 -1.059970 0.843370
48 2.907259 -0.000000 -0.000000 -0.000000 0.070674 -0.789421
49 2.470908 0.000000 0.000000 -0.000000 -0.042753 -0.053852
50 16.798000 -2.962283 1.252475 -2.395869 -1.058686 0.711474
51 2.246732 0.000000 0.000000 0.000000 -0.130347 -0.750151
52 1.924987 0.000000 -0.000000 -0.000000 -0.084390 -0.071779
53 10.924391 -3.889540 3.660376 2.705055 -0.349884 -0.104252
54 3.109823 0.000000 -0.000000 -0.000000 -0.123272 -0.061145
55 1.512893 0.000000 0.000000 0.000000 0.028966 0.541554
56 7.466661 3.907426 -1.935393 0.000000 0.000000 0.000000
57 1.373071 -0.120071 9.525764 -0.024849 -0.172961 -0.094047
58 -0.183178 -4.377939 -4.342432 0.000000 0.000000 0.000000
59 -0.002412 -3.226134 4.826688 0.026389 0.001110 -0.001426
60 0.000000 0.000000 0.000000 0.000000 0.000000 0.000000
61 0.000000 0.000000 0.000000 0.000000 0.000000 0.000000
62 -0.000000 -2.426310 5.737833 0.000000 0.000937 -0.001514
63 0.206732 -1.514296 -10.147256 0.000000 -0.000937 0.001514
64 -0.194928 1.514586 13.669277 0.000000 0.000937 -0.001514
65 0.003297 0.000007 -3.521831 0.000000 0.000000 0.000000
66 0.001702 2.426307 -5.737833 0.000000 0.000000 0.000000
67 0.000000 0.000000 0.000000 0.000000 0.000000 0.000000
68 0.000000 0.000000 0.000000 0.026388 0.000173 0.000088
69 0.000480 -2.519260 9.258440 0.026389 0.001110 -0.001426
70 8.000000 0.000000 0.000000 0.041501 0.169768 0.099733
71 0.000003 -2.426316 9.259665 -0.000000 0.000937 -0.001514
72 -7.466661 3.907426 -1.935393 0.000000 0.000000 0.000000
73 1.686232 -0.235473 -6.515301 -0.001947 -0.865358 -0.039209
74 0.334780 -4.377939 -4.346992 0.000000 0.000000 0.000000
75 -0.062783 -3.315010 4.940978 -0.085253 0.000362 -0.001766
76 0.000000 0.000000 -0.000000 0.000000 0.000000 -0.000000
77 0.000000 0.000000 0.000000 0.139717 0.000000 0.000000
78 -0.000000 -2.426310 5.737833 -0.000000 0.000937 -0.001514
79 -0.183130 -1.514886 -10.147621 0.000000 -0.000937 0.001514
80 0.194928 1.514586 13.669277 0.000000 0.000937 -0.001514
81 0.003303 0.000007 -3.521831 0.139717 0.000000 0.000000
82 0.001702 2.426307 -5.737833 0.000000 0.000000 0.000000
83 -0.000000 -0.000000 0.000000 -0.139717 -0.000000 -0.000000
84 0.000000 0.000000 0.000000 -0.085254 -0.000575 -0.000252
85 -0.001503 -2.126444 9.246876 -0.086441 -0.003437 0.061027
86 -8.000000 0.000000 0.000000 0.048990 0.864336 0.062708
87 -0.000003 -2.426316 9.259665 -0.000000 0.000937 -0.001514
88 0.000156 39.987263 -0.385905 0.000000 0.000000 0.000000
89 2.528731 -11.832880 -1.397305 -0.053784 -0.458658 0.012814
90 0.000000 3.964346 -1.347968 1.570796 0.083193 1.570796
91 0.000000 0.000000 0.000000 -0.002212 -0.020053 0.472114
92 0.000000 -0.000000 0.000000 -0.000000 -0.000000 -0.013661
93 7.506614 -0.102554 0.000000 -0.003788 -0.016497 0.045579
94 0.000000 0.000000 0.000000 0.000000 -0.000000 0.126643
95 9.007018 1.146814 0.000000 -0.000206 -0.023992 0.017811
96 -0.000000 -0.000000 0.000000 0.000000 0.000000 0.333969
97 10.228633 3.548980 0.000000 -0.006500 0.036788 -0.008649
98 0.000000 -0.000000 0.000000 -0.000000 -0.000000 0.952345
99 5.136838 7.218981 0.000000 0.473672 -0.080297 -0.074691
100 0.000000 -0.000000 -0.000000 -0.000002 -3.141593 -1.535012
101 -0.155339 4.339165 0.000000 0.019536 0.007587 -0.426484
102 0.000000 0.000000 -0.000000 3.141592 0.000000 0.137367
103 2.889723 6.413463 3.754603 1.037195 -1.069949 -1.767391
104 0.000000 0.000000 0.000000 0.091384 -0.031803 -0.043327
105 2.889723 6.413463 -3.754603 -1.110908 1.069949 -1.767391
106 0.000000 0.000000 0.000000 -0.085397 0.023158 -0.067157
107 10.545722 55.666187 17.071491 0.000000 0.000000 0.000000
108 1.092014 -37.426815 16.817234 0.000000 0.000000 0.000000
109 0.000000 9.000000 0.000000 0.000000 0.000000 0.000000
110 0.000000 0.000000 0.000000 0.000000 0.000000 0.000000
111 0.000000 0.000000 -10.000000 -0.000000 -0.000000 -0.000000
112 19.855095 7.076158 21.930347 0.000000 0.000000 0.000000
113 20.194410 36.316353 32.608032 0.711328 -0.063948 -2.012895
114 20.040791 -0.000036 0.000008 1.404680 0.142601 0.138624
115 0.000000 0.000000 0.000000 -0.637203 0.155838 -0.054504
116 0.000000 0.000000 0.000000 -0.235528 0.036014 0.000000
117 -0.000000 0.000000 0.000000 -1.816459 0.017293 -0.015642
118 -15.596313 56.170872 3.697196 0.000000 0.000000 0.000000
119 -9.010200 -38.933167 7.429051 0.000000 0.000000 0.000000
120 0.000000 9.000000 0.000000 0.000000 0.000000 0.000000
121 0.000000 0.000000 0.000000 0.000000 0.000000 0.000000
122 0.000004 -0.000016 -10.000016 -3.141593 -3.141593 3.141593
123 -19.538921 5.955017 -0.176070 -0.000000 0.000000 0.000000
124 -31.081074 34.515285 3.303247 -2.869859 -0.401015 -1.212256
125 20.040770 -0.000027 0.000001 1.736913 -0.142601 0.138624
126 0.000000 0.000000 0.000000 0.193368 0.194081 -0.177956
127 0.000000 0.000000 0.000000 0.232579 -0.036013 -0.000000
128 -0.000000 -0.000000 0.000000 -1.329320 0.017292 0.015641
129 7.691343 28.220539 0.766109 0.000000 0.000000 0.000000
130 0.000000 0.000000 0.000000 0.000000 0.000000 0.000000
131 0.000000 0.000000 -10.000000 0.000000 0.000000 0.000000
132 1.578519 -2.204297 1.920864 0.000000 0.000000 0.000000
133 -2.633569 28.088224 -4.332528 0.000000 0.000000 0.000000
134 0.000000 0.000000 0.000000 0.000000 0.000000 0.000000
135 0.000000 0.000000 -10.000000 -0.000000 0.000000 0.000000
136 -6.959469 1.557587 0.717595 0.000000 0.000000 0.000000
137 0.000000 0.000000 0.000000 1.570796 0.000000 0.000000
138 11.637736 18.239372 33.888725 1.452697 -0.074915 -1.652564
139 -24.606514 17.237705 11.126246 -0.815715 -0.282949 -1.573024
time 50
0 0.000000 0.000000 0.000000 1.570796 0.000000 0.000000
1 0.000000 0.000000 0.000000 1.570796 0.000000 0.000000
2 2.500130 28.573652 -1.679364 -0.049922 -0.454184 0.009701
3 0.000000 0.000000 0.000000 0.000000 0.000000 0.000000
4 5.757982 0.000000 0.000000 -2.009667 -0.853540 -1.131049
5 18.152637 0.000000 0.000000 0.000000 -0.000000 1.503063
6 17.091557 -0.000000 0.000000 -0.204863 0.072140 -1.744133
7 6.229743 -0.000000 -0.000000 0.027012 0.011527 -0.373097
8 -5.757982 0.000000 -0.000000 -1.395287 -0.627662 -1.900319
9 18.152637 0.000000 0.000000 -0.000000 -0.000000 1.595622
10 17.091557 0.000000 0.000000 0.337304 0.125104 -1.896924
11 6.229743 -0.000000 -0.000000 -0.116270 -0.028178 -0.625315
12 0.000000 3.964346 -1.347968 1.577705 -0.372254 1.551020
13 7.507315 0.000000 -0.000000 -0.004180 -0.013962 0.180022
14 9.079733 0.000000 -0.000000 -0.006514 -0.019621 0.224919
15 10.826827 0.000000 -0.000000 0.024083 0.024034 0.612225
16 8.860067 0.000000 0.000000 3.037588 -0.467866 0.630959
17 4.341945 0.000000 0.000000 0.021411 -0.005538 1.890637
18 6.900930 1.363879 3.754603 -1.942976 -2.096018 0.341274
19 12.731754 0.000000 0.000000 -1.896097 -1.092022 0.962856
20 26.625128 0.000000 0.000000 -0.000000 -0.000000 -0.943888
21 20.040787 -0.000017 -0.000030 -1.262508 0.264977 0.280770
22 16.821650 2.696737 -0.203279 -0.454715 2.101277 -2.090298
23 2.039386 -0.000000 -0.000000 0.000000 -0.119732 -0.551019
24 1.516909 0.000000 0.000000 0.000000 -0.106498 -0.214585
25 17.176727 0.840396 -0.044736 -0.246604 1.977585 -1.852852
26 2.302859 -0.000000 -0.000000 0.000000 -0.040281 -0.440509
27 2.047745 -0.000000 0.000000 0.000000 -0.019146 -0.127858
28 17.032684 -1.069098 -0.638179 2.512672 1.056836 0.848304
29 2.907259 0.000000 -0.000000 0.000000 -0.070674 -0.789421
30 2.470908 -0.000000 0.000000 -0.000000 0.042753 -0.053852
31 16.797981 -2.957015 -1.264867 2.402309 1.055943 0.717082
32 2.246732 -0.000000 0.000000 -0.000000 0.130347 -0.750151
33 1.924987 0.000000 -0.000000 0.000000 0.084390 -0.071779
34 10.924372 -3.874175 -3.676631 -2.700621 0.350317 -0.102732
35 3.109823 0.000000 -0.000000 0.000000 0.123272 -0.061145
36 1.512893 0.000000 0.000000 0.000000 -0.028966 0.541554
37 6.900930 1.363879 -3.754603 1.865730 2.128513 0.334333
38 12.731754 -0.000000 -0.000000 1.876575 1.179794 0.852407
39 26.625128 0.000000 0.000000 -0.000000 0.000000 -0.996598
40 20.040768 -0.000010 0.000019 0.835436 0.003248 0.321870
41 16.821663 2.695864 0.214569 0.458848 -2.097646 -2.093866
42 2.039386 -0.000000 0.000000 0.000000 0.119732 -0.551019
43 1.516909 0.000000 -0.000000 0.000000 0.106498 -0.214585
44 17.176743 0.840203 0.048255 0.249576 -1.973565 -1.855583
45 2.302859 0.000000 -0.000000 0.000000 0.040281 -0.440509
46 2.047745 0.000000 -0.000000 0.000000 0.019146 -0.127858
47 17.032701 -1.071759 0.633698 -2.507009 -1.059970 0.843370
48 2.907259 0.000000 0.000000 0.000000 0.070674 -0.789421
49 2.470908 0.000000 -0.000000 -0.000000 -0.042753 -0.053852
50 16.798000 -2.962283 1.252475 -2.395869 -1.058686 0.711474
51 2.246732 0.000000 0.000000 -0.000000 -0.130347 -0.750151
52 1.924987 -0.000000 0.000000 -0.000000 -0.084390 -0.071779
53 10.924391 -3.889540 3.660376 2.705055 -0.349884 -0.104252
54 3.109823 0.000000 -0.000000 0.000000 -0.123272 -0.061145
55 1.512893 -0.000000 0.000000 0.000000 0.028966 0.541554
56 7.466661 3.907426 -1.935393 0.000000 0.000000 0.000000
57 1.382729 -0.118010 9.528028 -0.024254 -0.172069 -0.097268
58 -0.183178 -4.377939 -4.342432 0.000000 0.000000 0.000000
59 -0.002413 -3.225768 4.826367 0.026791 0.001113 -0.001425
60 0.000000 0.000000 0.000000 -0.000000 -0.000000 0.000000
61 0.000000 0.000000 0.000000 0.000000 0.000000 0.000000
62 -0.000000 -2.426310 5.737833 0.000000 0.000937 -0.001514
63 0.206732 -1.514296 -10.147256 0.000000 -0.000937 0.001514
64 -0.194928 1.514586 13.669277 0.000000 0.000937 -0.001514
65 0.003297 0.000007 -3.521831 0.000000 0.000000 0.000000
66 0.001702 2.426307 -5.737833 0.000000 0.000000 0.000000
67 0.000000 0.000000 0.000000 -0.000000 0.000000 0.000000
68 0.000000 0.000000 0.000000 0.026789 0.000176 0.000089
69 0.000487 -2.520672 9.258403 0.026791 0.001113 -0.001425
70 8.000000 0.000000 0.000000 0.041359 0.168807 0.102859
71 0.000003 -2.426316 9.259665 -0.000000 0.000937 -0.001514
72 -7.466661 3.907426 -1.935393 0.000000 0.000000 0.000000
73 1.668480 -0.226094 -6.532084 -0.005030 -0.863887 -0.033317
74 0.334780 -4.377939 -4.346992 0.000000 0.000000 0.000000
75 -0.062781 -3.315676 4.941722 -0.086090 0.000356 -0.001768
76 0.000000 0.000000 -0.000000 -0.000000 -0.000000 -0.000000
77 0.000000 0.000000 0.000000 0.139717 0.000000 0.000000
78 -0.000000 -2.426310 5.737833 -0.000000 0.000937 -0.001514
79 -0.183130 -1.514886 -10.147621 0.000000 -0.000937 0.001514
80 0.194928 1.514586 13.669277 0.000000 0.000937 -0.001514
81 0.003303 0.000007 -3.521831 0.139717 0.000000 0.000000
82 0.001702 2.426307 -5.737833 0.000000 0.000000 0.000000
83 -0.000000 -0.000000 0.000000 -0.139717 -0.000000 -0.000000
84 0.000000 0.000000 0.000000 -0.086091 -0.000581 -0.000254
85 -0.001517 -2.123508 9.246624 -0.087277 -0.003390 0.061028
86 -8.000000 0.000000 0.000000 0.046704 0.862965 0.057142
87 -0.000003 -2.426316 9.259665 -0.000000 0.000937 -0.001514
88 0.000156 39.987263 -0.385905 0.000000 0.000000 0.000000
89 2.499974 -11.413610 -1.293460 -0.049922 -0.454184 0.009701
90 0.000000 3.964346 -1.347968 1.570796 0.083193 1.570796
91 0.000000 0.000000 0.000000 -0.000537 -0.018416 0.469176
92 0.000000 -0.000000 0.000000 -0.000000 -0.000000 -0.013661
93 7.506614 -0.102554 0.000000 -0.002383 -0.014378 0.039706
94 0.000000 0.000000 0.000000 0.000000 -0.000000 0.126643
95 9.007018 1.146814 0.000000 0.000279 -0.020672 0.017526
96 -0.000000 -0.000000 0.000000 0.000000 0.000000 0.333969
97 10.228633 3.548980 0.000000 -0.005626 0.033554 -0.006535
98 0.000000 -0.000000 0.000000 -0.000000 -0.000000 0.952345
99 5.136838 7.218981 0.000000 0.472756 -0.076540 -0.066526
100 0.000000 -0.000000 -0.000000 -0.000002 -3.141593 -1.535012
101 -0.155339 4.339165 0.000000 0.020452 0.008416 -0.421397
102 0.000000 0.000000 -0.000000 3.141592 0.000000 0.137367
103 2.889723 6.413463 3.754603 1.037195 -1.069949 -1.767391
104 0.000000 0.000000 0.000000 0.091664 -0.023081 -0.040306
105 2.889723 6.413463 -3.754603 -1.110908 1.069949 -1.767391
106 0.000000 0.000000 0.000000 -0.089959 0.017018 -0.069942
107 10.635751 56.325104 16.999918 0.000000 0.000000 0.000000
108 0.911063 -38.085732 16.888807 0.000000 0.000000 0.000000
109 0.000000 9.000000 0.000000 0.000000 0.000000 0.000000
110 0.000000 0.000000 0.000000 0.000000 0.000000 0.000000
111 0.000000 0.000000 -10.000000 -0.000000 -0.000000 -0.000000
112 19.626850 7.334860 22.152313 0.000000 0.000000 0.000000
113 19.600061 36.529087 32.383556 0.722036 -0.075176 -1.985568
114 20.040791 -0.000036 0.000008 1.404680 0.142601 0.138624
115 0.000000 0.000000 0.000000 -0.645270 0.128315 -0.055031
116 0.000000 0.000000 0.000000 -0.235528 0.036014 0.000000
117 -0.000000 0.000000 0.000000 -1.816459 0.017293 -0.015642
118 -15.546343 56.703968 3.787241 0.000000 0.000000 0.000000
119 -8.869756 -39.467056 7.339006 0.000000 0.000000 0.000000
120 0.000000 9.000000 0.000000 0.000000 0.000000 0.000000
121 0.000000 0.000000 0.000000 0.000000 0.000000 0.000000
122 0.000004 -0.000016 -10.000016 -3.141593 -3.141593 3.141593
123 -19.449640 6.081920 0.000738 -0.000000 0.000000 0.000000
124 -30.592207 34.738770 3.564855 -2.863732 -0.386879 -1.231555
125 20.040770 -0.000027 0.000001 1.736913 -0.142601 0.138624
126 0.000000 -0.000000 0.000000 0.192388 0.182772 -0.188790
127 0.000000 0.000000 0.000000 0.232579 -0.036013 -0.000000
128 -0.000000 -0.000000 0.000000 -1.329320 0.017292 0.015641
129 7.674121 28.623850 0.846829 0.000000 0.000000 0.000000
130 0.000000 0.000000 0.000000 0.000000 0.000000 0.000000
131 0.000000 0.000000 -10.000000 0.000000 0.000000 0.000000
132 1.574123 -2.039723 1.715915 0.000000 0.000000 0.000000
133 -2.673862 28.523457 -4.205557 0.000000 0.000000 0.000000
134 0.000000 0.000000 0.000000 0.000000 0.000000 0.000000
135 0.000000 0.000000 -10.000000 -0.000000 0.000000 0.000000
136 -7.104479 1.385259 0.687458 0.000000 0.000000 0.000000
137 0.000000 0.000000 0.000000 1.570796 0.000000 0.000000
138 11.546814 18.239372 33.888725 1.452697 -0.074915 -1.648606
139 -24.416098 17.236912 11.126246 -0.815432 -0.282759 -1.586020
time 51
0 0.000000 0.000000 0.000000 1.570796 0.000000 0.000000
1 0.000000 0.000000 0.000000 1.570796 0.000000 0.000000
2 2.473227 28.983759 -1.577538 -0.045569 -0.449750 0.006259
3 0.000000 0.000000 0.000000 0.000000 0.000000 0.000000
4 5.757982 0.000000 0.000000 -1.998111 -0.838938 -1.143851
5 18.152637 -0.000000 0.000000 -0.000000 0.000000 1.473364
6 17.091557 0.000000 -0.000000 -0.207832 0.074095 -1.736077
7 6.229743 0.000000 -0.000000 0.027121 0.011247 -0.365117
8 -5.757982 0.000000 -0.000000 -1.382163 -0.608520 -1.902200
9 18.152637 -0.000000 0.000000 0.000000 -0.000000 1.561615
10 17.091557 0.000000 0.000000 0.335261 0.116088 -1.881992
11 6.229743 0.000000 0.000000 -0.116249 -0.028207 -0.626149
12 0.000000 3.964346 -1.347968 1.578103 -0.368649 1.553699
13 7.507315 0.000000 0.000000 -0.002598 -0.011599 0.173783
14 9.079733 0.000000 -0.000000 -0.004918 -0.016249 0.224905
15 10.826827 -0.000000 0.000000 0.021334 0.020861 0.614634
16 8.860067 0.000000 0.000000 3.041644 -0.467372 0.639506
17 4.341945 -0.000000 0.000000 0.022415 -0.006338 1.883468
18 6.900930 1.363879 3.754603 -1.957390 -2.094717 0.357815
19 12.731754 0.000000 0.000000 -1.922084 -1.129680 1.006076
20 26.625128 -0.000000 -0.000000 -0.000000 0.000000 -0.883097
21 20.040787 -0.000017 -0.000030 -1.274250 0.262663 0.251433
22 16.821650 2.696737 -0.203279 -0.454715 2.101277 -2.090298
23 2.039386 0.000000 -0.000000 -0.000000 -0.119732 -0.551019
24 1.516909 -0.000000 -0.000000 0.000000 -0.106498 -0.214585
25 17.176727 0.840396 -0.044736 -0.246604 1.977585 -1.852852
26 2.302859 0.000000 0.000000 0.000000 -0.040281 -0.440509
27 2.047745 0.000000 -0.000000 -0.000000 -0.019146 -0.127858
28 17.032684 -1.069098 -0.638179 2.512672 1.056836 0.848304
29 2.907259 -0.000000 0.000000 -0.000000 -0.070674 -0.789421
30 2.470908 0.000000 -0.000000 -0.000000 0.042753 -0.053852
31 16.797981 -2.957015 -1.264867 2.402309 1.055943 0.717082
32 2.246732 -0.000000 -0.000000 0.000000 0.130347 -0.750151
33 1.924987 0.000000 0.000000 0.000000 0.084390 -0.071779
34 10.924372 -3.874175 -3.676631 -2.700621 0.350317 -0.102732
35 3.109823 0.000000 -0.000000 -0.000000 0.123272 -0.061145
36 1.512893 -0.000000 0.000000 0.000000 -0.028966 0.541554
37 6.900930 1.363879 -3.754603 1.871239 2.132274 0.339838
38 12.731754 0.000000 -0.000000 1.866840 1.202171 0.848388
39 26.625128 0.000000 0.000000 -0.000000 -0.000000 -0.955524
40 20.040768 -0.000010 0.000019 0.836043 0.014123 0.312292
41 16.821663 2.695864 0.214569 0.458848 -2.097646 -2.093866
42 2.039386 -0.000000 -0.000000 0.000000 0.119732 -0.551019
43 1.516909 -0.000000 -0.000000 0.000000 0.106498 -0.214585
44 17.176743 0.840203 0.048255 0.249576 -1.973565 -1.855583
45 2.302859 0.000000 -0.000000 0.000000 0.040281 -0.440509
46 2.047745 0.000000 0.000000 -0.000000 0.019146 -0.127858
47 17.032701 -1.071759 0.633698 -2.507009 -1.059970 0.843370
48 2.907259 0.000000 0.000000 0.000000 0.070674 -0.789421
49 2.470908 0.000000 -0.000000 -0.000000 -0.042753 -0.053852
50 16.798000 -2.962283 1.252475 -2.395869 -1.058686 0.711474
51 2.246732 -0.000000 0.000000 -0.000000 -0.130347 -0.750151
52 1.924987 -0.000000 0.000000 -0.000000 -0.084390 -0.071779
53 10.924391 -3.889540 3.660376 2.705055 -0.349884 -0.104252
54 3.109823 -0.000000 -0.000000 -0.000000 -0.123272 -0.061145
55 1.512893 -0.000000 0.000000 0.000000 0.028966 0.541554
56 7.466661 3.907426 -1.935393 0.000000 0.000000 0.000000
57 1.390486 -0.112695 9.527542 -0.024252 -0.171229 -0.102206
58 -0.183178 -4.377939 -4.342432 0.000000 0.000000 0.000000
59 -0.002435 -3.218466 4.820013 0.034775 0.001165 -0.001398
60 0.000000 0.000000 0.000000 0.000000 0.000000 -0.000000
61 0.000000 0.000000 0.000000 0.000000 0.000000 0.000000
62 -0.000000 -2.426310 5.737833 0.000000 0.000937 -0.001514
63 0.206732 -1.514296 -10.147256 0.000000 -0.000937 0.001514
64 -0.194928 1.514586 13.669277 0.000000 0.000937 -0.001514
65 0.003297 0.000007 -3.521831 0.000000 0.000000 0.000000
66 0.001702 2.426307 -5.737833 0.000000 0.000000 0.000000
67 0.000000 0.000000 0.000000 0.000000 0.000000 0.000000
68 0.000000 0.000000 0.000000 0.034773 0.000228 0.000117
69 0.000632 -2.548779 9.257537 0.034775 0.001165 -0.001398
70 8.000000 0.000000 0.000000 0.042106 0.167767 0.107828
71 0.000003 -2.426316 9.259665 -0.000000 0.000937 -0.001514
72 -7.466661 3.907426 -1.935393 0.000000 0.000000 0.000000
73 1.649590 -0.211978 -6.541963 -0.006627 -0.862985 -0.028489
74 0.334780 -4.377939 -4.346992 0.000000 0.000000 0.000000
75 -0.062780 -3.316339 4.942463 -0.086924 0.000351 -0.001771
76 0.000000 0.000000 -0.000000 -0.000000 0.000000 0.000000
77 0.000000 0.000000 0.000000 0.139717 0.000000 0.000000
78 -0.000000 -2.426310 5.737833 -0.000000 0.000937 -0.001514
79 -0.183130 -1.514886 -10.147621 0.000000 -0.000937 0.001514
80 0.194928 1.514586 13.669277 0.000000 0.000937 -0.001514
81 0.003303 0.000007 -3.521831 0.139717 0.000000 0.000000
82 0.001702 2.426307 -5.737833 0.000000 0.000000 0.000000
83 -0.000000 -0.000000 0.000000 -0.139717 -0.000000 -0.000000
84 0.000000 0.000000 0.000000 -0.086925 -0.000586 -0.000256
85 -0.001531 -2.120582 9.246370 -0.088109 -0.003344 0.061028
86 -8.000000 0.000000 0.000000 0.043449 0.862195 0.051527
87 -0.000003 -2.426316 9.259665 -0.000000 0.000937 -0.001514
88 0.000156 39.987263 -0.385905 0.000000 0.000000 0.000000
89 2.473071 -11.003503 -1.191634 -0.045569 -0.449750 0.006259
90 0.000000 3.964346 -1.347968 1.570796 0.083193 1.570796
91 0.000000 0.000000 0.000000 0.000928 -0.015963 0.465554
92 0.000000 -0.000000 0.000000 -0.000000 -0.000000 -0.013661
93 7.506614 -0.102554 0.000000 -0.001112 -0.011834 0.033470
94 0.000000 0.000000 0.000000 0.000000 -0.000000 0.126643
95 9.007018 1.146814 0.000000 0.000680 -0.016963 0.017534
96 -0.000000 -0.000000 0.000000 0.000000 0.000000 0.333969
97 10.228633 3.548980 0.000000 -0.004633 0.029476 -0.004032
98 0.000000 -0.000000 0.000000 -0.000000 -0.000000 0.952345
99 5.136838 7.218981 0.000000 0.471979 -0.072969 -0.056093
100 0.000000 -0.000000 -0.000000 -0.000002 -3.141593 -1.535012
101 -0.155339 4.339165 0.000000 0.021337 0.009346 -0.414226
102 0.000000 0.000000 -0.000000 3.141592 0.000000 0.137367
103 2.889723 6.413463 3.754603 1.037195 -1.069949 -1.767391
104 0.000000 0.000000 0.000000 0.091470 -0.016289 -0.035387
105 2.889723 6.413463 -3.754603 -1.110908 1.069949 -1.767391
106 0.000000 0.000000 0.000000 -0.089151 0.012892 -0.072321
107 10.702378 56.971714 16.942335 0.000000 0.000000 0.000000
108 0.748326 -38.732342 16.946390 0.000000 0.000000 0.000000
109 0.000000 9.000000 0.000000 0.000000 0.000000 0.000000
110 0.000000 0.000000 0.000000 0.000000 0.000000 0.000000
111 0.000000 0.000000 -10.000000 -0.000000 -0.000000 -0.000000
112 19.447720 7.553745 22.351480 0.000000 0.000000 0.000000
113 18.991543 36.722237 32.112892 0.730467 -0.088727 -1.958172
114 20.040791 -0.000036 0.000008 1.404680 0.142601 0.138624
115 0.000000 0.000000 -0.000000 -0.650849 0.100159 -0.056540
116 0.000000 0.000000 0.000000 -0.235528 0.036014 0.000000
117 -0.000000 0.000000 0.000000 -1.816459 0.017293 -0.015642
118 -15.524565 57.206985 3.851786 0.000000 0.000000 0.000000
119 -8.719069 -39.969315 7.274461 0.000000 0.000000 0.000000
120 0.000000 9.000000 0.000000 0.000000 0.000000 0.000000
121 0.000000 0.000000 0.000000 0.000000 0.000000 0.000000
122 0.000004 -0.000016 -10.000016 -3.141593 -3.141593 3.141593
123 -19.387154 6.195957 0.145008 -0.000000 0.000000 0.000000
124 -30.124437 34.941792 3.804064 -2.858034 -0.374023 -1.250092
125 20.040770 -0.000027 0.000001 1.736913 -0.142601 0.138624
126 0.000000 0.000000 0.000000 0.191854 0.171506 -0.198008
127 0.000000 0.000000 0.000000 0.232579 -0.036013 -0.000000
128 -0.000000 -0.000000 0.000000 -1.329320 0.017292 0.015641
129 7.658510 29.016212 0.925688 0.000000 0.000000 0.000000
130 0.000000 0.000000 0.000000 0.000000 0.000000 0.000000
131 0.000000 0.000000 -10.000000 0.000000 0.000000 0.000000
132 1.573857 -1.871407 1.517969 0.000000 0.000000 0.000000
133 -2.712056 28.951303 -4.080765 0.000000 0.000000 0.000000
134 0.000000 0.000000 0.000000 0.000000 0.000000 0.000000
135 0.000000 0.000000 -10.000000 -0.000000 0.000000 0.000000
136 -7.246564 1.213129 0.652691 0.000000 0.000000 0.000000
137 0.000000 0.000000 0.000000 1.570796 0.000000 0.000000
138 11.450705 18.239372 33.888725 1.452697 -0.074915 -1.644396
139 -24.243633 17.237673 11.126246 -0.815130 -0.282557 -1.597726
time 52
0 0.000000 0.000000 0.000000 1.570796 0.000000 0.000000
1 0.000000 0.000000 0.000000 1.570796 0.000000 0.000000
2 2.446305 29.393751 -1.475260 -0.041422 -0.445456 0.002610
3 0.000000 0.000000 0.000000 0.000000 0.000000 0.000000
4 5.757982 0.000000 0.000000 -1.989508 -0.824149 -1.155139
5 18.152637 -0.000000 0.000000 -0.000000 -0.000000 1.443351
6 17.091557 -0.000000 0.000000 -0.199590 0.074660 -1.723819
7 6.229743 0.000000 -0.000000 0.027142 0.011193 -0.363572
8 -5.757982 0.000000 -0.000000 -1.369194 -0.589498 -1.903487
9 18.152637 -0.000000 -0.000000 -0.000000 0.000000 1.527154
10 17.091557 0.000000 0.000000 0.333145 0.106903 -1.865088
11 6.229743 0.000000 -0.000000 -0.116196 -0.028276 -0.628172
12 0.000000 3.964346 -1.347968 1.578014 -0.364705 1.557124
13 7.507315 0.000000 0.000000 -0.001239 -0.009106 0.169204
14 9.079733 0.000000 -0.000000 -0.003757 -0.014029 0.224781
15 10.826827 0.000000 -0.000000 0.020368 0.017766 0.616211
16 8.860067 -0.000000 -0.000000 3.045423 -0.467024 0.648651
17 4.341945 0.000000 0.000000 0.023694 -0.007521 1.876222
18 6.900930 1.363879 3.754603 -1.969885 -2.091268 0.370576
19 12.731754 0.000000 0.000000 -1.948002 -1.168236 1.045443
20 26.625128 0.000000 0.000000 0.000000 0.000000 -0.821724
21 20.040787 -0.000017 -0.000030 -1.283176 0.260993 0.222776
22 16.821650 2.696737 -0.203279 -0.454715 2.101277 -2.090298
23 2.039386 -0.000000 0.000000 -0.000000 -0.119732 -0.551019
24 1.516909 0.000000 -0.000000 0.000000 -0.106498 -0.214585
25 17.176727 0.840396 -0.044736 -0.246604 1.977585 -1.852852
26 2.302859 0.000000 -0.000000 0.000000 -0.040281 -0.440509
27 2.047745 0.000000 -0.000000 -0.000000 -0.019146 -0.127858
28 17.032684 -1.069098 -0.638179 2.512672 1.056836 0.848304
29 2.907259 0.000000 0.000000 -0.000000 -0.070674 -0.789421
30 2.470908 -0.000000 -0.000000 -0.000000 0.042753 -0.053852
31 16.797981 -2.957015 -1.264867 2.402309 1.055943 0.717082
32 2.246732 0.000000 0.000000 0.000000 0.130347 -0.750151
33 1.924987 -0.000000 -0.000000 -0.000000 0.084390 -0.071779
34 10.924372 -3.874175 -3.676631 -2.700621 0.350317 -0.102732
35 3.109823 -0.000000 0.000000 -0.000000 0.123272 -0.061145
36 1.512893 0.000000 0.000000 -0.000000 -0.028966 0.541554
37 6.900930 1.363879 -3.754603 1.879871 2.135045 0.342902
38 12.731754 -0.000000 -0.000000 1.841215 1.225476 0.826818
39 26.625128 0.000000 0.000000 -0.000000 -0.000000 -0.917181
40 20.040768 -0.000010 0.000019 0.835397 0.023979 0.303077
41 16.821663 2.695864 0.214569 0.458848 -2.097646 -2.093866
42 2.039386 -0.000000 0.000000 0.000000 0.119732 -0.551019
43 1.516909 0.000000 0.000000 0.000000 0.106498 -0.214585
44 17.176743 0.840203 0.048255 0.249576 -1.973565 -1.855583
45 2.302859 0.000000 0.000000 0.000000 0.040281 -0.440509
46 2.047745 -0.000000 0.000000 0.000000 0.019146 -0.127858
47 17.032701 -1.071759 0.633698 -2.507009 -1.059970 0.843370
48 2.907259 0.000000 0.000000 0.000000 0.070674 -0.789421
49 2.470908 0.000000 0.000000 -0.000000 -0.042753 -0.053852
50 16.798000 -2.962283 1.252475 -2.395869 -1.058686 0.711474
51 2.246732 0.000000 0.000000 -0.000000 -0.130347 -0.750151
52 1.924987 -0.000000 -0.000000 -0.000000 -0.084390 -0.071779
53 10.924391 -3.889540 3.660376 2.705055 -0.349884 -0.104252
54 3.109823 0.000000 0.000000 -0.000000 -0.123272 -0.061145
55 1.512893 -0.000000 0.000000 0.000000 0.028966 0.541554
56 7.466661 3.907426 -1.935393 0.000000 0.000000 0.000000
57 1.370413 -0.105046 9.534001 -0.023046 -0.171165 -0.097361
58 -0.183178 -4.377939 -4.342432 0.000000 0.000000 0.000000
59 -0.002440 -3.217045 4.818789 0.036321 0.001175 -0.001392
60 0.000000 0.000000 0.000000 -0.000000 -0.000000 -0.000000
61 0.000000 0.000000 0.000000 0.000000 0.000000 0.000000
62 -0.000000 -2.426310 5.737833 0.000000 0.000937 -0.001514
63 0.206732 -1.514296 -10.147256 0.000000 -0.000937 0.001514
64 -0.194928 1.514586 13.669277 0.000000 0.000937 -0.001514
65 0.003297 0.000007 -3.521831 0.000000 0.000000 0.000000
66 0.001702 2.426307 -5.737833 0.000000 0.000000 0.000000
67 0.000000 0.000000 0.000000 -0.000000 0.000000 0.000000
68 0.000000 0.000000 0.000000 0.036320 0.000238 0.000122
69 0.000661 -2.554221 9.257343 0.036321 0.001175 -0.001392
70 8.000000 0.000000 0.000000 0.040062 0.168028 0.102712
71 0.000003 -2.426316 9.259665 -0.000000 0.000937 -0.001514
72 -7.466661 3.907426 -1.935393 0.000000 0.000000 0.000000
73 1.624395 -0.195232 -6.541524 -0.006862 -0.862399 -0.024132
74 0.334780 -4.377939 -4.346992 0.000000 0.000000 0.000000
75 -0.062776 -3.317947 4.944265 -0.088947 0.000337 -0.001776
76 0.000000 0.000000 0.000000 -0.000000 -0.000000 -0.000000
77 0.000000 0.000000 0.000000 0.139717 0.000000 0.000000
78 -0.000000 -2.426310 5.737833 -0.000000 0.000937 -0.001514
79 -0.183130 -1.514886 -10.147621 0.000000 -0.000937 0.001514
80 0.194928 1.514586 13.669277 0.000000 0.000937 -0.001514
81 0.003303 0.000007 -3.521831 0.139717 0.000000 0.000000
82 0.001702 2.426307 -5.737833 0.000000 0.000000 0.000000
83 -0.000000 -0.000000 0.000000 -0.139717 -0.000000 -0.000000
84 0.000000 0.000000 0.000000 -0.088948 -0.000600 -0.000262
85 -0.001566 -2.113484 9.245745 -0.090129 -0.003231 0.061030
86 -8.000000 0.000000 0.000000 0.038689 0.861777 0.045076
87 -0.000003 -2.426316 9.259665 -0.000000 0.000937 -0.001514
88 0.000156 39.987263 -0.385905 0.000000 0.000000 0.000000
89 2.446149 -10.593510 -1.089356 -0.041422 -0.445456 0.002610
90 0.000000 3.964346 -1.347968 1.570796 0.083193 1.570796
91 0.000000 0.000000 0.000000 0.002166 -0.012804 0.461591
92 0.000000 -0.000000 0.000000 -0.000000 -0.000000 -0.013661
93 7.506614 -0.102554 0.000000 -0.000079 -0.009190 0.028894
94 0.000000 0.000000 0.000000 0.000000 -0.000000 0.126643
95 9.007018 1.146814 0.000000 0.001050 -0.014485 0.017421
96 -0.000000 -0.000000 0.000000 0.000000 0.000000 0.333969
97 10.228633 3.548980 0.000000 -0.002669 0.026894 -0.002382
98 0.000000 -0.000000 0.000000 -0.000000 -0.000000 0.952345
99 5.136838 7.218981 0.000000 0.471374 -0.069630 -0.045203
100 0.000000 -0.000000 -0.000000 -0.000002 -3.141593 -1.535012
101 -0.155339 4.339165 0.000000 0.022442 0.010693 -0.406978
102 0.000000 0.000000 -0.000000 3.141592 0.000000 0.137367
103 2.889723 6.413463 3.754603 1.037195 -1.069949 -1.767391
104 0.000000 0.000000 0.000000 0.089949 -0.012258 -0.029373
105 2.889723 6.413463 -3.754603 -1.110908 1.069949 -1.767391
106 0.000000 0.000000 0.000000 -0.083133 0.010324 -0.074260
107 10.758723 57.593937 16.915045 0.000000 0.000000 0.000000
108 0.591194 -39.354565 16.973680 0.000000 0.000000 0.000000
109 0.000000 9.000000 0.000000 0.000000 0.000000 0.000000
110 0.000000 0.000000 0.000000 0.000000 0.000000 0.000000
111 0.000000 0.000000 -10.000000 -0.000000 -0.000000 -0.000000
112 19.290209 7.703865 22.510075 0.000000 0.000000 0.000000
113 18.387165 36.889076 31.815149 0.736332 -0.103653 -1.931615
114 20.040791 -0.000036 0.000008 1.404680 0.142601 0.138624
115 0.000000 0.000000 0.000000 -0.653864 0.072626 -0.058835
116 0.000000 0.000000 0.000000 -0.235528 0.036014 0.000000
117 -0.000000 0.000000 0.000000 -1.816459 0.017293 -0.015642
118 -15.525093 57.666748 3.927133 0.000000 0.000000 0.000000
119 -8.560491 -40.426857 7.199113 0.000000 0.000000 0.000000
120 0.000000 9.000000 0.000000 0.000000 0.000000 0.000000
121 0.000000 0.000000 0.000000 0.000000 0.000000 0.000000
122 0.000004 -0.000016 -10.000016 -3.141593 -3.141593 3.141593
123 -19.302238 6.228087 0.274991 -0.000000 0.000000 0.000000
124 -29.687853 35.121124 4.019200 -2.851709 -0.362517 -1.267179
125 20.040770 -0.000027 0.000001 1.736913 -0.142601 0.138624
126 0.000000 -0.000000 0.000000 0.190385 0.160745 -0.206274
127 0.000000 0.000000 0.000000 0.232579 -0.036013 -0.000000
128 -0.000000 -0.000000 0.000000 -1.329320 0.017292 0.015641
129 7.642373 29.407312 1.005678 0.000000 0.000000 0.000000
130 0.000000 0.000000 0.000000 0.000000 0.000000 0.000000
131 0.000000 0.000000 -10.000000 0.000000 0.000000 0.000000
132 1.557583 -1.697751 1.321566 0.000000 0.000000 0.000000
133 -2.749763 29.380192 -3.956199 0.000000 0.000000 0.000000
134 0.000000 0.000000 0.000000 0.000000 0.000000 0.000000
135 0.000000 0.000000 -10.000000 -0.000000 0.000000 0.000000
136 -7.389706 1.039340 0.611078 0.000000 0.000000 0.000000
137 0.000000 0.000000 0.000000 1.570796 0.000000 0.000000
138 11.349916 18.239372 33.888725 1.452697 -0.074915 -1.639956
139 -24.085583 17.239891 11.126246 -0.814865 -0.282379 -1.608098
time 53
0 0.000000 0.000000 0.000000 1.570796 0.000000 0.000000
1 0.000000 0.000000 0.000000 1.570796 0.000000 0.000000
2 2.422800 29.778292 -1.375345 -0.036906 -0.441579 -0.001015
3 0.000000 0.000000 0.000000 0.000000 0.000000 0.000000
4 5.757982 0.000000 0.000000 -1.985580 -0.810441 -1.163985
5 18.152637 0.000000 -0.000000 0.000000 0.000000 1.414397
6 17.091557 -0.000000 -0.000000 -0.176646 0.072980 -1.707005
7 6.229743 -0.000000 -0.000000 0.027045 0.011441 -0.370651
8 -5.757982 0.000000 -0.000000 -1.357519 -0.573103 -1.904524
9 18.152637 0.000000 -0.000000 -0.000000 -0.000000 1.495225
10 17.091557 0.000000 0.000000 0.331979 0.097452 -1.845316
11 6.229743 0.000000 -0.000000 -0.116057 -0.028459 -0.633529
12 0.000000 3.964346 -1.347968 1.579053 -0.361342 1.560357
13 7.507315 0.000000 -0.000000 0.001138 -0.005783 0.164261
14 9.079733 0.000000 0.000000 -0.001941 -0.010972 0.224936
15 10.826827 -0.000000 0.000000 0.018147 0.016240 0.617787
16 8.860067 0.000000 0.000000 3.047338 -0.467207 0.657046
17 4.341945 -0.000000 0.000000 0.025038 -0.008683 1.870932
18 6.900930 1.363879 3.754603 -1.981764 -2.087213 0.379320
19 12.731754 0.000000 0.000000 -1.974322 -1.208564 1.081469
20 26.625128 -0.000000 -0.000000 0.000000 -0.000000 -0.760873
21 20.040787 -0.000017 -0.000030 -1.289041 0.259959 0.194946
22 16.821650 2.696737 -0.203279 -0.454715 2.101277 -2.090298
23 2.039386 0.000000 -0.000000 -0.000000 -0.119732 -0.551019
24 1.516909 0.000000 -0.000000 0.000000 -0.106498 -0.214585
25 17.176727 0.840396 -0.044736 -0.246604 1.977585 -1.852852
26 2.302859 -0.000000 0.000000 -0.000000 -0.040281 -0.440509
27 2.047745 0.000000 0.000000 -0.000000 -0.019146 -0.127858
28 17.032684 -1.069098 -0.638179 2.512672 1.056836 0.848304
29 2.907259 0.000000 0.000000 -0.000000 -0.070674 -0.789421
30 2.470908 -0.000000 -0.000000 -0.000000 0.042753 -0.053852
31 16.797981 -2.957015 -1.264867 2.402309 1.055943 0.717082
32 2.246732 0.000000 -0.000000 0.000000 0.130347 -0.750151
33 1.924987 -0.000000 -0.000000 0.000000 0.084390 -0.071779
34 10.924372 -3.874175 -3.676631 -2.700621 0.350317 -0.102732
35 3.109823 -0.000000 0.000000 0.000000 0.123272 -0.061145
36 1.512893 -0.000000 -0.000000 -0.000000 -0.028966 0.541554
37 6.900930 1.363879 -3.754603 1.892359 2.136420 0.345757
38 12.731754 -0.000000 0.000000 1.803000 1.247595 0.791284
39 26.625128 0.000000 0.000000 0.000000 0.000000 -0.884078
40 20.040768 -0.000010 0.000019 0.834255 0.033077 0.295888
41 16.821663 2.695864 0.214569 0.458848 -2.097646 -2.093866
42 2.039386 0.000000 -0.000000 0.000000 0.119732 -0.551019
43 1.516909 0.000000 0.000000 0.000000 0.106498 -0.214585
44 17.176743 0.840203 0.048255 0.249576 -1.973565 -1.855583
45 2.302859 -0.000000 -0.000000 0.000000 0.040281 -0.440509
46 2.047745 -0.000000 -0.000000 0.000000 0.019146 -0.127858
47 17.032701 -1.071759 0.633698 -2.507009 -1.059970 0.843370
48 2.907259 -0.000000 -0.000000 0.000000 0.070674 -0.789421
49 2.470908 0.000000 0.000000 -0.000000 -0.042753 -0.053852
50 16.798000 -2.962283 1.252475 -2.395869 -1.058686 0.711474
51 2.246732 -0.000000 -0.000000 -0.000000 -0.130347 -0.750151
52 1.924987 -0.000000 -0.000000 -0.000000 -0.084390 -0.071779
53 10.924391 -3.889540 3.660376 2.705055 -0.349884 -0.104252
54 3.109823 0.000000 0.000000 0.000000 -0.123272 -0.061145
55 1.512893 0.000000 -0.000000 0.000000 0.028966 0.541554
56 7.466661 3.907426 -1.935393 0.000000 0.000000 0.000000
57 1.317320 -0.102900 9.547297 -0.020471 -0.171853 -0.079477
58 -0.183178 -4.377939 -4.342432 0.000000 0.000000 0.000000
59 -0.002420 -3.223535 4.824413 0.029238 0.001129 -0.001417
60 0.000000 0.000000 -0.000000 0.000000 0.000000 0.000000
61 0.000000 0.000000 0.000000 0.000000 0.000000 0.000000
62 -0.000000 -2.426310 5.737833 0.000000 0.000937 -0.001514
63 0.206732 -1.514296 -10.147256 0.000000 -0.000937 0.001514
64 -0.194928 1.514586 13.669277 0.000000 0.000937 -0.001514
65 0.003297 0.000007 -3.521831 0.000000 0.000000 0.000000
66 0.001702 2.426307 -5.737833 0.000000 0.000000 0.000000
67 0.000000 0.000000 0.000000 0.000000 0.000000 0.000000
68 0.000000 0.000000 0.000000 0.029237 0.000192 0.000098
69 0.000531 -2.529289 9.258162 0.029238 0.001129 -0.001417
70 8.000000 0.000000 0.000000 0.034480 0.169620 0.084172
71 0.000003 -2.426316 9.259665 -0.000000 0.000937 -0.001514
72 -7.466661 3.907426 -1.935393 0.000000 0.000000 0.000000
73 1.584635 -0.163760 -6.531436 -0.003510 -0.861904 -0.020349
74 0.334780 -4.377939 -4.346992 0.000000 0.000000 0.000000
75 -0.062765 -3.322185 4.949051 -0.094305 0.000300 -0.001790
76 0.000000 0.000000 -0.000000 -0.000000 -0.000000 -0.000000
77 0.000000 0.000000 0.000000 0.139717 0.000000 0.000000
78 -0.000000 -2.426310 5.737833 -0.000000 0.000937 -0.001514
79 -0.183130 -1.514886 -10.147621 0.000000 -0.000937 0.001514
80 0.194928 1.514586 13.669277 0.000000 0.000937 -0.001514
81 0.003303 0.000007 -3.521831 0.139717 0.000000 0.000000
82 0.001702 2.426307 -5.737833 0.000000 0.000000 0.000000
83 -0.000000 -0.000000 0.000000 -0.139717 -0.000000 -0.000000
84 0.000000 0.000000 0.000000 -0.094306 -0.000637 -0.000276
85 -0.001658 -2.094695 9.244018 -0.095479 -0.002931 0.061035
86 -8.000000 0.000000 0.000000 0.029109 0.861546 0.035341
87 -0.000003 -2.426316 9.259665 -0.000000 0.000937 -0.001514
88 0.000156 39.987263 -0.385905 0.000000 0.000000 0.000000
89 2.422644 -10.208969 -0.989441 -0.036906 -0.441579 -0.001015
90 0.000000 3.964346 -1.347968 1.570796 0.083193 1.570796
91 0.000000 0.000000 0.000000 0.004432 -0.009827 0.458214
92 0.000000 -0.000000 0.000000 -0.000000 -0.000000 -0.013661
93 7.506614 -0.102554 0.000000 0.001860 -0.005592 0.023955
94 0.000000 0.000000 0.000000 0.000000 -0.000000 0.126643
95 9.007018 1.146814 0.000000 0.001763 -0.011002 0.017590
96 -0.000000 -0.000000 0.000000 0.000000 0.000000 0.333969
97 10.228633 3.548980 0.000000 -0.002713 0.024200 -0.000770
98 0.000000 -0.000000 0.000000 -0.000000 -0.000000 0.952345
99 5.136838 7.218981 0.000000 0.471428 -0.067912 -0.035949
100 0.000000 -0.000000 -0.000000 -0.000002 -3.141593 -1.535012
101 -0.155339 4.339165 0.000000 0.023615 0.012027 -0.401685
102 0.000000 0.000000 -0.000000 3.141592 0.000000 0.137367
103 2.889723 6.413463 3.754603 1.037195 -1.069949 -1.767391
104 0.000000 0.000000 0.000000 0.085602 -0.010359 -0.023751
105 2.889723 6.413463 -3.754603 -1.110908 1.069949 -1.767391
106 0.000000 0.000000 0.000000 -0.073063 0.008386 -0.074944
107 10.786602 58.175816 16.909655 0.000000 0.000000 0.000000
108 0.458354 -39.936443 16.979071 0.000000 0.000000 0.000000
109 0.000000 9.000000 0.000000 0.000000 0.000000 0.000000
110 0.000000 0.000000 0.000000 0.000000 0.000000 0.000000
111 0.000000 0.000000 -10.000000 -0.000000 -0.000000 -0.000000
112 19.170738 7.802255 22.625647 0.000000 0.000000 0.000000
113 17.788406 37.029961 31.494751 0.739312 -0.119741 -1.905894
114 20.040791 -0.000036 0.000008 1.404680 0.142601 0.138624
115 0.000000 0.000000 0.000000 -0.654034 0.045855 -0.061875
116 0.000000 0.000000 0.000000 -0.235528 0.036014 0.000000
117 -0.000000 0.000000 0.000000 -1.816459 0.017293 -0.015642
118 -15.560555 58.063519 4.011147 0.000000 0.000000 0.000000
119 -8.379984 -40.820049 7.115099 0.000000 0.000000 0.000000
120 0.000000 9.000000 0.000000 0.000000 0.000000 0.000000
121 0.000000 0.000000 0.000000 0.000000 0.000000 0.000000
122 0.000004 -0.000016 -10.000016 -3.141593 -3.141593 3.141593
123 -19.220263 6.231017 0.387166 -0.000000 0.000000 0.000000
124 -29.316530 35.268093 4.209191 -2.846066 -0.352397 -1.280938
125 20.040770 -0.000027 0.000001 1.736913 -0.142601 0.138624
126 0.000000 0.000000 0.000000 0.188553 0.152098 -0.214125
127 0.000000 0.000000 0.000000 0.232579 -0.036013 -0.000000
128 -0.000000 -0.000000 0.000000 -1.329320 0.017292 0.015641
129 7.628461 29.773006 1.085432 0.000000 0.000000 0.000000
130 0.000000 0.000000 0.000000 0.000000 0.000000 0.000000
131 0.000000 0.000000 -10.000000 0.000000 0.000000 0.000000
132 1.519694 -1.526675 1.134374 0.000000 0.000000 0.000000
133 -2.782861 29.783579 -3.836122 0.000000 0.000000 0.000000
134 0.000000 0.000000 0.000000 0.000000 0.000000 0.000000
135 0.000000 0.000000 -10.000000 -0.000000 0.000000 0.000000
136 -7.517187 0.878476 0.570325 0.000000 0.000000 0.000000
137 0.000000 0.000000 0.000000 1.570796 0.000000 0.000000
138 11.244956 18.239372 33.888725 1.452697 -0.074915 -1.635310
139 -23.940538 17.243469 11.126246 -0.814691 -0.282263 -1.617093
time 54
0 0.000000 0.000000 0.000000 1.570796 0.000000 0.000000
1 0.000000 0.000000 0.000000 1.570796 0.000000 0.000000
2 2.408143 30.115822 -1.282824 -0.030952 -0.438341 -0.004295
3 0.000000 0.000000 0.000000 0.000000 0.000000 0.000000
4 5.757982 -0.000000 0.000000 -1.985419 -0.799957 -1.170314
5 18.152637 -0.000000 0.000000 -0.000000 -0.000000 1.388550
6 17.091557 -0.000000 0.000000 -0.149266 0.070270 -1.689147
7 6.229743 0.000000 -0.000000 0.027061 0.011401 -0.369513
8 -5.757982 0.000000 -0.000000 -1.347376 -0.562358 -1.906096
9 18.152637 -0.000000 0.000000 0.000000 0.000000 1.468999
10 17.091557 0.000000 -0.000000 0.332168 0.087907 -1.821883
11 6.229743 -0.000000 -0.000000 -0.115783 -0.028812 -0.643927
12 0.000000 3.964346 -1.347968 1.579638 -0.357478 1.564011
13 7.507315 -0.000000 -0.000000 0.003072 -0.003084 0.160318
14 9.079733 0.000000 -0.000000 -0.000594 -0.008868 0.224584
15 10.826827 0.000000 0.000000 0.017949 0.015190 0.618394
16 8.860067 0.000000 -0.000000 3.046759 -0.467415 0.669743
17 4.341945 -0.000000 0.000000 0.025628 -0.008297 1.862094
18 6.900930 1.363879 3.754603 -1.997037 -2.082295 0.388313
19 12.731754 0.000000 -0.000000 -2.001705 -1.250527 1.114551
20 26.625128 -0.000000 -0.000000 -0.000000 0.000000 -0.703915
21 20.040787 -0.000017 -0.000030 -1.292750 0.258936 0.170019
22 16.821650 2.696737 -0.203279 -0.454715 2.101277 -2.090298
23 2.039386 0.000000 -0.000000 -0.000000 -0.119732 -0.551019
24 1.516909 0.000000 0.000000 0.000000 -0.106498 -0.214585
25 17.176727 0.840396 -0.044736 -0.246604 1.977585 -1.852852
26 2.302859 -0.000000 0.000000 0.000000 -0.040281 -0.440509
27 2.047745 0.000000 -0.000000 0.000000 -0.019146 -0.127858
28 17.032684 -1.069098 -0.638179 2.512672 1.056836 0.848304
29 2.907259 0.000000 0.000000 -0.000000 -0.070674 -0.789421
30 2.470908 0.000000 0.000000 -0.000000 0.042753 -0.053852
31 16.797981 -2.957015 -1.264867 2.402309 1.055943 0.717082
32 2.246732 -0.000000 0.000000 0.000000 0.130347 -0.750151
33 1.924987 0.000000 -0.000000 0.000000 0.084390 -0.071779
34 10.924372 -3.874175 -3.676631 -2.700621 0.350317 -0.102732
35 3.109823 0.000000 -0.000000 -0.000000 0.123272 -0.061145
36 1.512893 -0.000000 0.000000 0.000000 -0.028966 0.541554
37 6.900930 1.363879 -3.754603 1.908125 2.134236 0.352320
38 12.731754 0.000000 0.000000 1.758310 1.266759 0.745351
39 26.625128 0.000000 0.000000 0.000000 0.000000 -0.857478
40 20.040768 -0.000010 0.000019 0.832774 0.042509 0.291413
41 16.821663 2.695864 0.214569 0.458848 -2.097646 -2.093866
42 2.039386 -0.000000 -0.000000 -0.000000 0.119732 -0.551019
43 1.516909 0.000000 -0.000000 0.000000 0.106498 -0.214585
44 17.176743 0.840203 0.048255 0.249576 -1.973565 -1.855583
45 2.302859 -0.000000 0.000000 0.000000 0.040281 -0.440509
46 2.047745 0.000000 -0.000000 0.000000 0.019146 -0.127858
47 17.032701 -1.071759 0.633698 -2.507009 -1.059970 0.843370
48 2.907259 0.000000 -0.000000 0.000000 0.070674 -0.789421
49 2.470908 0.000000 0.000000 -0.000000 -0.042753 -0.053852
50 16.798000 -2.962283 1.252475 -2.395869 -1.058686 0.711474
51 2.246732 0.000000 -0.000000 0.000000 -0.130347 -0.750151
52 1.924987 -0.000000 0.000000 -0.000000 -0.084390 -0.071779
53 10.924391 -3.889540 3.660376 2.705055 -0.349884 -0.104252
54 3.109823 -0.000000 -0.000000 0.000000 -0.123272 -0.061145
55 1.512893 0.000000 0.000000 0.000000 0.028966 0.541554
56 7.466661 3.907426 -1.935393 0.000000 0.000000 0.000000
57 1.251616 -0.102778 9.561617 -0.016747 -0.172595 -0.057726
58 -0.183178 -4.377939 -4.342432 0.000000 0.000000 0.000000
59 -0.002423 -3.222495 4.823506 0.030377 0.001136 -0.001413
60 0.000000 0.000000 -0.000000 0.000000 0.000000 0.000000
61 0.000000 0.000000 0.000000 0.000000 0.000000 0.000000
62 -0.000000 -2.426310 5.737833 0.000000 0.000937 -0.001514
63 0.206732 -1.514296 -10.147256 0.000000 -0.000937 0.001514
64 -0.194928 1.514586 13.669277 0.000000 0.000937 -0.001514
65 0.003297 0.000007 -3.521831 0.000000 0.000000 0.000000
66 0.001702 2.426307 -5.737833 0.000000 0.000000 0.000000
67 0.000000 0.000000 0.000000 -0.000000 0.000000 0.000000
68 0.000000 0.000000 0.000000 0.030375 0.000199 0.000101
69 0.000552 -2.533297 9.258041 0.030377 0.001136 -0.001413
70 8.000000 0.000000 0.000000 0.027024 0.171299 0.061495
71 0.000003 -2.426316 9.259665 -0.000000 0.000937 -0.001514
72 -7.466661 3.907426 -1.935393 0.000000 0.000000 0.000000
73 1.530205 -0.103982 -6.510103 0.005958 -0.861672 -0.017703
74 0.334780 -4.377939 -4.346992 0.000000 0.000000 0.000000
75 -0.062745 -3.330338 4.958408 -0.104705 0.000228 -0.001817
76 0.000000 0.000000 -0.000000 -0.000000 0.000000 -0.000000
77 0.000000 0.000000 0.000000 0.139717 0.000000 0.000000
78 -0.000000 -2.426310 5.737833 -0.000000 0.000937 -0.001514
79 -0.183130 -1.514886 -10.147621 0.000000 -0.000937 0.001514
80 0.194928 1.514586 13.669277 0.000000 0.000937 -0.001514
81 0.003303 0.000007 -3.521831 0.139717 0.000000 0.000000
82 0.001702 2.426307 -5.737833 0.000000 0.000000 0.000000
83 -0.000000 -0.000000 0.000000 -0.139717 -0.000000 -0.000000
84 0.000000 0.000000 0.000000 -0.104706 -0.000709 -0.000302
85 -0.001835 -2.058248 9.240379 -0.105863 -0.002350 0.061038
86 -8.000000 0.000000 0.000000 0.011482 0.861631 0.020242
87 -0.000003 -2.426316 9.259665 -0.000000 0.000937 -0.001514
88 0.000156 39.987263 -0.385905 0.000000 0.000000 0.000000
89 2.407987 -9.871440 -0.896920 -0.030952 -0.438341 -0.004295
90 0.000000 3.964346 -1.347968 1.570796 0.083193 1.570796
91 0.000000 0.000000 0.000000 0.006380 -0.006444 0.454340
92 0.000000 -0.000000 0.000000 -0.000000 -0.000000 -0.013661
93 7.506614 -0.102554 0.000000 0.003437 -0.002672 0.020014
94 0.000000 0.000000 0.000000 0.000000 -0.000000 0.126643
95 9.007018 1.146814 0.000000 0.002345 -0.008573 0.017246
96 -0.000000 -0.000000 0.000000 0.000000 0.000000 0.333969
97 10.228633 3.548980 0.000000 -0.001972 0.023430 -0.000141
98 0.000000 -0.000000 0.000000 -0.000000 -0.000000 0.952345
99 5.136838 7.218981 0.000000 0.471675 -0.068413 -0.023530
100 0.000000 -0.000000 -0.000000 -0.000002 -3.141593 -1.535012
101 -0.155339 4.339165 0.000000 0.024251 0.011726 -0.392845
102 0.000000 0.000000 -0.000000 3.141592 0.000000 0.137367
103 2.889723 6.413463 3.754603 1.037195 -1.069949 -1.767391
104 0.000000 0.000000 0.000000 0.078098 -0.008839 -0.017314
105 2.889723 6.413463 -3.754603 -1.110908 1.069949 -1.767391
106 0.000000 0.000000 0.000000 -0.062817 0.005993 -0.071572
107 10.790348 58.701641 16.955280 0.000000 0.000000 0.000000
108 0.345982 -40.462269 16.933445 0.000000 0.000000 0.000000
109 0.000000 9.000000 0.000000 0.000000 0.000000 0.000000
110 0.000000 0.000000 0.000000 0.000000 0.000000 0.000000
111 0.000000 0.000000 -10.000000 -0.000000 -0.000000 -0.000000
112 19.028193 7.815252 22.694227 0.000000 0.000000 0.000000
113 17.218990 37.144241 31.197769 0.740244 -0.134681 -1.882087
114 20.040791 -0.000036 0.000008 1.404680 0.142601 0.138624
115 0.000000 0.000000 0.000000 -0.652602 0.021801 -0.064672
116 0.000000 0.000000 0.000000 -0.235528 0.036014 0.000000
117 -0.000000 0.000000 0.000000 -1.816459 0.017293 -0.015642
118 -15.647900 58.399853 4.140999 0.000000 0.000000 0.000000
119 -8.160439 -41.151543 6.985247 0.000000 0.000000 0.000000
120 0.000000 9.000000 0.000000 0.000000 0.000000 0.000000
121 0.000000 0.000000 0.000000 0.000000 0.000000 0.000000
122 0.000004 -0.000016 -10.000016 -3.141593 -3.141593 3.141593
123 -19.179422 6.265857 0.465559 -0.000000 0.000000 0.000000
124 -29.032885 35.385113 4.388696 -2.841270 -0.342870 -1.290326
125 20.040770 -0.000027 0.000001 1.736913 -0.142601 0.138624
126 0.000000 0.000000 -0.000000 0.186266 0.146056 -0.222775
127 0.000000 0.000000 0.000000 0.232579 -0.036013 -0.000000
128 -0.000000 -0.000000 0.000000 -1.329320 0.017292 0.015641
129 7.621701 30.093428 1.161081 0.000000 0.000000 0.000000
130 0.000000 0.000000 0.000000 0.000000 0.000000 0.000000
131 0.000000 0.000000 -10.000000 0.000000 0.000000 0.000000
132 1.473052 -1.368928 0.968264 0.000000 0.000000 0.000000
133 -2.805415 30.138216 -3.726730 0.000000 0.000000 0.000000
134 0.000000 0.000000 0.000000 0.000000 0.000000 0.000000
135 0.000000 0.000000 -10.000000 -0.000000 0.000000 0.000000
136 -7.616739 0.749963 0.535438 0.000000 0.000000 0.000000
137 0.000000 0.000000 0.000000 1.570796 0.000000 0.000000
138 11.136330 18.239372 33.888725 1.452697 -0.074915 -1.630482
139 -23.808338 17.248310 11.126246 -0.814664 -0.282244 -1.624668
time 55
0 0.000000 0.000000 0.000000 1.570796 0.000000 0.000000
1 0.000000 0.000000 0.000000 1.570796 0.000000 0.000000
2 2.403720 30.376310 -1.271787 -0.025216 -0.436475 -0.007045
3 0.000000 0.000000 0.000000 0.000000 0.000000 0.000000
4 5.757982 0.000000 0.000000 -1.988997 -0.794185 -1.172006
5 18.152637 -0.000000 0.000000 -0.000000 0.000000 1.367805
6 17.091557 0.000000 0.000000 -0.127811 0.068241 -1.671900
7 6.229743 -0.000000 -0.000000 0.027044 0.011445 -0.370765
8 -5.757982 0.000000 -0.000000 -1.341207 -0.560039 -1.906184
9 18.152637 0.000000 0.000000 -0.000000 0.000000 1.452056
10 17.091557 -0.000000 0.000000 0.333160 0.080633 -1.796557
11 6.229743 -0.000000 -0.000000 -0.115449 -0.029233 -0.656439
12 0.000000 3.964346 -1.347968 1.581026 -0.357274 1.566857
13 7.507315 -0.000000 0.000000 0.004932 -0.001451 0.157032
14 9.079733 0.000000 -0.000000 0.000664 -0.006901 0.222071
15 10.826827 -0.000000 -0.000000 0.019636 0.016056 0.617736
16 8.860067 0.000000 -0.000000 3.042274 -0.468054 0.680874
17 4.341945 -0.000000 0.000000 0.025656 -0.007084 1.856358
18 6.900930 1.363879 3.754603 -2.023021 -2.077169 0.403811
19 12.731754 0.000000 -0.000000 -2.038601 -1.296158 1.151427
20 26.625128 0.000000 0.000000 -0.000000 0.000000 -0.651591
21 20.040787 -0.000017 -0.000030 -1.294774 0.258203 0.147834
22 16.821650 2.696737 -0.203279 -0.454715 2.101277 -2.090298
23 2.039386 0.000000 -0.000000 -0.000000 -0.119732 -0.551019
24 1.516909 0.000000 0.000000 0.000000 -0.106498 -0.214585
25 17.176727 0.840396 -0.044736 -0.246604 1.977585 -1.852852
26 2.302859 -0.000000 -0.000000 0.000000 -0.040281 -0.440509
27 2.047745 -0.000000 0.000000 0.000000 -0.019146 -0.127858
28 17.032684 -1.069098 -0.638179 2.512672 1.056836 0.848304
29 2.907259 0.000000 0.000000 0.000000 -0.070674 -0.789421
30 2.470908 -0.000000 -0.000000 -0.000000 0.042753 -0.053852
31 16.797981 -2.957015 -1.264867 2.402309 1.055943 0.717082
32 2.246732 0.000000 0.000000 -0.000000 0.130347 -0.750151
33 1.924987 0.000000 0.000000 0.000000 0.084390 -0.071779
34 10.924372 -3.874175 -3.676631 -2.700621 0.350317 -0.102732
35 3.109823 -0.000000 0.000000 -0.000000 0.123272 -0.061145
36 1.512893 0.000000 -0.000000 0.000000 -0.028966 0.541554
37 6.900930 1.363879 -3.754603 1.926680 2.126896 0.365689
38 12.731754 -0.000000 -0.000000 1.720533 1.279758 0.700304
39 26.625128 0.000000 0.000000 0.000000 0.000000 -0.841500
40 20.040768 -0.000010 0.000019 0.830852 0.051539 0.292317
41 16.821663 2.695864 0.214569 0.458848 -2.097646 -2.093866
42 2.039386 -0.000000 -0.000000 -0.000000 0.119732 -0.551019
43 1.516909 0.000000 -0.000000 0.000000 0.106498 -0.214585
44 17.176743 0.840203 0.048255 0.249576 -1.973565 -1.855583
45 2.302859 0.000000 0.000000 0.000000 0.040281 -0.440509
46 2.047745 0.000000 -0.000000 0.000000 0.019146 -0.127858
47 17.032701 -1.071759 0.633698 -2.507009 -1.059970 0.843370
48 2.907259 0.000000 -0.000000 0.000000 0.070674 -0.789421
49 2.470908 0.000000 0.000000 -0.000000 -0.042753 -0.053852
50 16.798000 -2.962283 1.252475 -2.395869 -1.058686 0.711474
51 2.246732 0.000000 -0.000000 0.000000 -0.130347 -0.750151
52 1.924987 -0.000000 -0.000000 -0.000000 -0.084390 -0.071779
53 10.924391 -3.889540 3.660376 2.705055 -0.349884 -0.104252
54 3.109823 0.000000 -0.000000 -0.000000 -0.123272 -0.061145
55 1.512893 0.000000 0.000000 0.000000 0.028966 0.541554
56 7.466661 3.907426 -1.935393 0.000000 0.000000 0.000000
57 1.193639 -0.094579 9.577765 -0.013182 -0.172451 -0.040997
58 -0.183178 -4.377939 -4.342432 0.000000 0.000000 0.000000
59 -0.002419 -3.223639 4.824504 0.029124 0.001128 -0.001417
60 0.000000 0.000000 -0.000000 -0.000000 -0.000000 0.000000
61 0.000000 0.000000 0.000000 0.000000 0.000000 0.000000
62 -0.000000 -2.426310 5.737833 0.000000 0.000937 -0.001514
63 0.206732 -1.514296 -10.147256 0.000000 -0.000937 0.001514
64 -0.194928 1.514586 13.669277 0.000000 0.000937 -0.001514
65 0.003297 0.000007 -3.521831 0.000000 0.000000 0.000000
66 0.001702 2.426307 -5.737833 0.000000 0.000000 0.000000
67 0.000000 0.000000 0.000000 -0.000000 0.000000 0.000000
68 0.000000 0.000000 0.000000 0.029123 0.000191 0.000097
69 0.000529 -2.528888 9.258173 0.029124 0.001128 -0.001417
70 8.000000 0.000000 0.000000 0.020506 0.171742 0.043902
71 0.000003 -2.426316 9.259665 -0.000000 0.000937 -0.001514
72 -7.466661 3.907426 -1.935393 0.000000 0.000000 0.000000
73 1.468926 -0.020816 -6.482964 0.019407 -0.861566 -0.015614
74 0.334780 -4.377939 -4.346992 0.000000 0.000000 0.000000
75 -0.062722 -3.340018 4.969777 -0.117218 0.000141 -0.001848
76 0.000000 0.000000 -0.000000 0.000000 0.000000 -0.000000
77 0.000000 0.000000 0.000000 0.139717 0.000000 0.000000
78 -0.000000 -2.426310 5.737833 -0.000000 0.000937 -0.001514
79 -0.183130 -1.514886 -10.147621 0.000000 -0.000937 0.001514
80 0.194928 1.514586 13.669277 0.000000 0.000937 -0.001514
81 0.003303 0.000007 -3.521831 0.139717 0.000000 0.000000
82 0.001702 2.426307 -5.737833 0.000000 0.000000 0.000000
83 0.000000 -0.000000 0.000000 -0.139717 -0.000000 -0.000000
84 0.000000 0.000000 0.000000 -0.117219 -0.000796 -0.000334
85 -0.002048 -2.014451 9.235499 -0.118357 -0.001650 0.061034
86 -8.000000 0.000000 0.000000 -0.011606 0.861670 0.001360
87 -0.000003 -2.426316 9.259665 -0.000000 0.000937 -0.001514
88 0.000156 39.987263 -0.385905 0.000000 0.000000 0.000000
89 2.403564 -9.610951 -0.885883 -0.025216 -0.436475 -0.007045
90 0.000000 3.964346 -1.347968 1.570796 0.083193 1.570796
91 0.000000 0.000000 0.000000 0.008801 -0.003811 0.454130
92 0.000000 -0.000000 0.000000 -0.000000 -0.000000 -0.013661
93 7.506614 -0.102554 0.000000 0.005076 -0.000816 0.016729
94 0.000000 0.000000 0.000000 0.000000 -0.000000 0.126643
95 9.007018 1.146814 0.000000 0.002890 -0.006302 0.014738
96 -0.000000 -0.000000 0.000000 0.000000 0.000000 0.333969
97 10.228633 3.548980 0.000000 -0.001700 0.025307 -0.000819
98 0.000000 -0.000000 0.000000 -0.000000 -0.000000 0.952345
99 5.136838 7.218981 0.000000 0.472618 -0.072355 -0.014487
100 0.000000 -0.000000 -0.000000 -0.000002 -3.141593 -1.535012
101 -0.155339 4.339165 0.000000 0.024445 0.010529 -0.387107
102 0.000000 0.000000 -0.000000 3.141592 0.000000 0.137367
103 2.889723 6.413463 3.754603 1.037195 -1.069949 -1.767391
104 0.000000 0.000000 0.000000 0.065593 -0.004760 -0.009149
105 2.889723 6.413463 -3.754603 -1.110908 1.069949 -1.767391
106 0.000000 0.000000 0.000000 -0.055551 0.002368 -0.062026
107 10.766231 59.161957 17.026297 0.000000 0.000000 0.000000
108 0.258315 -40.922585 16.862429 0.000000 0.000000 0.000000
109 0.000000 9.000000 0.000000 0.000000 0.000000 0.000000
110 0.000000 0.000000 0.000000 0.000000 0.000000 0.000000
111 0.000000 0.000000 -10.000000 -0.000000 -0.000000 -0.000000
112 18.877317 7.768450 22.726942 0.000000 0.000000 0.000000
113 16.681494 37.235107 30.923071 0.739680 -0.148526 -1.860234
114 20.040791 -0.000036 0.000008 1.404680 0.142601 0.138624
115 0.000000 0.000000 0.000000 -0.650025 0.000373 -0.067472
116 0.000000 0.000000 0.000000 -0.235528 0.036014 0.000000
117 -0.000000 0.000000 0.000000 -1.816459 0.017293 -0.015642
118 -15.794786 58.637104 4.287158 0.000000 0.000000 0.000000
119 -7.895098 -41.382790 6.839089 0.000000 0.000000 0.000000
120 0.000000 9.000000 0.000000 0.000000 0.000000 0.000000
121 0.000000 0.000000 0.000000 0.000000 0.000000 0.000000
122 0.000004 -0.000016 -10.000016 -3.141593 -3.141593 3.141593
123 -19.181044 6.328762 0.504004 -0.000000 0.000000 0.000000
124 -28.881912 35.451626 4.528150 -2.838225 -0.335491 -1.292863
125 20.040770 -0.000027 0.000001 1.736913 -0.142601 0.138624
126 0.000000 0.000000 0.000000 0.183211 0.145360 -0.231971
127 0.000000 0.000000 0.000000 0.232579 -0.036013 -0.000000
128 -0.000000 -0.000000 0.000000 -1.329320 0.017292 0.015641
129 7.621746 30.339548 1.162388 0.000000 0.000000 0.000000
130 0.000000 0.000000 0.000000 0.000000 0.000000 0.000000
131 0.000000 0.000000 -10.000000 0.000000 0.000000 0.000000
132 1.425990 -1.251369 0.847704 0.000000 0.000000 0.000000
133 -2.814306 30.413074 -3.705962 0.000000 0.000000 0.000000
134 0.000000 0.000000 0.000000 0.000000 0.000000 0.000000
135 0.000000 0.000000 -10.000000 -0.000000 0.000000 0.000000
136 -7.662351 0.692030 0.517931 0.000000 0.000000 0.000000
137 0.000000 0.000000 0.000000 1.570796 0.000000 0.000000
138 11.024546 18.239372 33.888725 1.452697 -0.074915 -1.625496
139 -23.689884 17.254318 11.126246 -0.814837 -0.282361 -1.630785
time 56
0 0.000000 0.000000 0.000000 1.570796 0.000000 0.000000
1 0.000000 0.000000 0.000000 1.570796 0.000000 0.000000
2 2.411950 30.548380 -1.310175 -0.016570 -0.435647 -0.009000
3 0.000000 0.000000 0.000000 0.000000 0.000000 0.000000
4 5.757982 0.000000 0.000000 -1.995980 -0.795964 -1.169620
5 18.152637 0.000000 0.000000 0.000000 0.000000 1.353826
6 17.091557 -0.000000 0.000000 -0.115741 0.066903 -1.658702
7 6.229743 0.000000 -0.000000 0.027087 0.011335 -0.367620
8 -5.757982 0.000000 -0.000000 -1.336929 -0.567266 -1.906553
9 18.152637 -0.000000 0.000000 -0.000000 -0.000000 1.443495
10 17.091557 -0.000000 -0.000000 0.334845 0.075954 -1.772997
11 6.229743 -0.000000 0.000000 -0.115123 -0.029633 -0.668444
12 0.000000 3.964346 -1.347968 1.582040 -0.357980 1.569622
13 7.507315 -0.000000 0.000000 0.006211 -0.000257 0.153026
14 9.079733 0.000000 0.000000 0.001634 -0.005031 0.218205
15 10.826827 0.000000 -0.000000 0.023771 0.019655 0.616560
16 8.860067 -0.000000 0.000000 3.027357 -0.470085 0.691690
17 4.341945 0.000000 0.000000 0.024699 -0.003453 1.853970
18 6.900930 1.363879 3.754603 -2.038031 -2.076259 0.410065
19 12.731754 0.000000 -0.000000 -2.075084 -1.331948 1.186133
20 26.625128 -0.000000 -0.000000 -0.000000 0.000000 -0.613559
21 20.040787 -0.000017 -0.000030 -1.294732 0.257716 0.132531
22 16.821650 2.696737 -0.203279 -0.454715 2.101277 -2.090298
23 2.039386 0.000000 -0.000000 0.000000 -0.119732 -0.551019
24 1.516909 0.000000 0.000000 0.000000 -0.106498 -0.214585
25 17.176727 0.840396 -0.044736 -0.246604 1.977585 -1.852852
26 2.302859 0.000000 -0.000000 0.000000 -0.040281 -0.440509
27 2.047745 0.000000 0.000000 0.000000 -0.019146 -0.127858
28 17.032684 -1.069098 -0.638179 2.512672 1.056836 0.848304
29 2.907259 -0.000000 -0.000000 -0.000000 -0.070674 -0.789421
30 2.470908 -0.000000 0.000000 0.000000 0.042753 -0.053852
31 16.797981 -2.957015 -1.264867 2.402309 1.055943 0.717082
32 2.246732 0.000000 0.000000 -0.000000 0.130347 -0.750151
33 1.924987 0.000000 -0.000000 0.000000 0.084390 -0.071779
34 10.924372 -3.874175 -3.676631 -2.700621 0.350317 -0.102732
35 3.109823 -0.000000 0.000000 0.000000 0.123272 -0.061145
36 1.512893 0.000000 -0.000000 0.000000 -0.028966 0.541554
37 6.900930 1.363879 -3.754603 1.942979 2.118209 0.381904
38 12.731754 0.000000 0.000000 1.702070 1.281559 0.675675
39 26.625128 -0.000000 0.000000 0.000000 0.000000 -0.841000
40 20.040768 -0.000010 0.000019 0.829426 0.059213 0.301278
41 16.821663 2.695864 0.214569 0.458848 -2.097646 -2.093866
42 2.039386 0.000000 0.000000 -0.000000 0.119732 -0.551019
43 1.516909 0.000000 -0.000000 0.000000 0.106498 -0.214585
44 17.176743 0.840203 0.048255 0.249576 -1.973565 -1.855583
45 2.302859 -0.000000 0.000000 -0.000000 0.040281 -0.440509
46 2.047745 0.000000 0.000000 0.000000 0.019146 -0.127858
47 17.032701 -1.071759 0.633698 -2.507009 -1.059970 0.843370
48 2.907259 0.000000 0.000000 -0.000000 0.070674 -0.789421
49 2.470908 -0.000000 0.000000 -0.000000 -0.042753 -0.053852
50 16.798000 -2.962283 1.252475 -2.395869 -1.058686 0.711474
51 2.246732 0.000000 0.000000 -0.000000 -0.130347 -0.750151
52 1.924987 -0.000000 -0.000000 -0.000000 -0.084390 -0.071779
53 10.924391 -3.889540 3.660376 2.705055 -0.349884 -0.104252
54 3.109823 0.000000 0.000000 0.000000 -0.123272 -0.061145
55 1.512893 0.000000 0.000000 0.000000 0.028966 0.541554
56 7.466661 3.907426 -1.935393 0.000000 0.000000 0.000000
57 1.151652 -0.081233 9.587980 -0.010400 -0.171125 -0.032326
58 -0.183178 -4.377939 -4.342432 0.000000 0.000000 0.000000
59 -0.002428 -3.220761 4.821999 0.032271 0.001149 -0.001406
60 0.000000 0.000000 0.000000 -0.000000 0.000000 0.000000
61 0.000000 0.000000 0.000000 0.000000 0.000000 0.000000
62 -0.000000 -2.426310 5.737833 0.000000 0.000937 -0.001514
63 0.206732 -1.514296 -10.147256 0.000000 -0.000937 0.001514
64 -0.194928 1.514586 13.669277 0.000000 0.000937 -0.001514
65 0.003297 0.000007 -3.521831 0.000000 0.000000 0.000000
66 0.001702 2.426307 -5.737833 0.000000 0.000000 0.000000
67 0.000000 0.000000 0.000000 -0.000000 0.000000 0.000000
68 0.000000 0.000000 0.000000 0.032270 0.000212 0.000108
69 0.000587 -2.539966 9.257833 0.032271 0.001149 -0.001406
70 8.000000 0.000000 0.000000 0.016133 0.170685 0.034599
71 0.000003 -2.426316 9.259665 -0.000000 0.000937 -0.001514
72 -7.466661 3.907426 -1.935393 0.000000 0.000000 0.000000
73 1.409144 0.063295 -6.450167 0.034017 -0.861775 -0.014363
74 0.334780 -4.377939 -4.346992 0.000000 0.000000 0.000000
75 -0.062701 -3.349172 4.980798 -0.129224 0.000058 -0.001877
76 0.000000 0.000000 0.000000 0.000000 0.000000 -0.000000
77 0.000000 0.000000 0.000000 0.139717 0.000000 0.000000
78 -0.000000 -2.426310 5.737833 -0.000000 0.000937 -0.001514
79 -0.183130 -1.514886 -10.147621 0.000000 -0.000937 0.001514
80 0.194928 1.514586 13.669277 0.000000 0.000937 -0.001514
81 0.003303 0.000007 -3.521831 0.139717 0.000000 0.000000
82 0.001702 2.426307 -5.737833 0.000000 0.000000 0.000000
83 0.000000 -0.000000 0.000000 -0.139717 -0.000000 -0.000000
84 0.000000 0.000000 0.000000 -0.129225 -0.000879 -0.000362
85 -0.002250 -1.972487 9.230302 -0.130344 -0.000979 0.061022
86 -8.000000 0.000000 0.000000 -0.035502 0.861731 -0.017596
87 -0.000003 -2.426316 9.259665 -0.000000 0.000937 -0.001514
88 0.000156 39.987263 -0.385905 0.000000 0.000000 0.000000
89 2.411794 -9.438881 -0.924271 -0.016570 -0.435647 -0.009000
90 0.000000 3.964346 -1.347968 1.570796 0.083193 1.570796
91 0.000000 0.000000 0.000000 0.010816 -0.001248 0.454833
92 0.000000 -0.000000 0.000000 -0.000000 -0.000000 -0.013661
93 7.506614 -0.102554 0.000000 0.006193 0.000530 0.012725
94 0.000000 0.000000 0.000000 0.000000 -0.000000 0.126643
95 9.007018 1.146814 0.000000 0.003193 -0.004218 0.010877
96 -0.000000 -0.000000 0.000000 0.000000 0.000000 0.333969
97 10.228633 3.548980 0.000000 -0.002237 0.030762 -0.002084
98 0.000000 -0.000000 0.000000 -0.000000 -0.000000 0.952345
99 5.136838 7.218981 0.000000 0.475720 -0.085456 -0.010660
100 0.000000 -0.000000 -0.000000 -0.000002 -3.141593 -1.535012
101 -0.155339 4.339165 0.000000 0.023995 0.006800 -0.384718
102 0.000000 0.000000 -0.000000 3.141592 0.000000 0.137367
103 2.889723 6.413463 3.754603 1.037195 -1.069949 -1.767391
104 0.000000 0.000000 0.000000 0.056045 -0.002583 -0.006853
105 2.889723 6.413463 -3.754603 -1.110908 1.069949 -1.767391
106 0.000000 0.000000 0.000000 -0.053058 -0.001870 -0.050635
107 10.659912 59.487347 17.107704 0.000000 0.000000 0.000000
108 0.250197 -41.247974 16.781021 0.000000 0.000000 0.000000
109 0.000000 9.000000 0.000000 0.000000 0.000000 0.000000
110 0.000000 0.000000 0.000000 0.000000 0.000000 0.000000
111 0.000000 0.000000 -10.000000 -0.000000 -0.000000 -0.000000
112 18.769627 7.711084 22.735426 0.000000 0.000000 0.000000
113 16.237003 37.298603 30.725822 0.737770 -0.158486 -1.843333
114 20.040791 -0.000036 0.000008 1.404680 0.142601 0.138624
115 0.000000 0.000000 0.000000 -0.646784 -0.014465 -0.069521
116 0.000000 0.000000 0.000000 -0.235528 0.036014 0.000000
117 -0.000000 0.000000 0.000000 -1.816459 0.017293 -0.015642
118 -15.984754 58.724209 4.412596 0.000000 0.000000 0.000000
119 -7.602635 -41.462818 6.713651 0.000000 0.000000 0.000000
120 0.000000 9.000000 0.000000 0.000000 0.000000 0.000000
121 0.000000 0.000000 0.000000 0.000000 0.000000 0.000000
122 0.000004 -0.000016 -10.000016 -3.141593 -3.141593 3.141593
123 -19.169195 6.375448 0.551660 -0.000000 0.000000 0.000000
124 -28.909010 35.447052 4.599670 -2.838839 -0.331714 -1.286117
125 20.040770 -0.000027 0.000001 1.736913 -0.142601 0.138624
126 0.000000 0.000000 0.000000 0.180039 0.152807 -0.241236
127 0.000000 0.000000 0.000000 0.232579 -0.036013 -0.000000
128 -0.000000 -0.000000 0.000000 -1.329320 0.017292 0.015641
129 7.631908 30.501398 1.119677 0.000000 0.000000 0.000000
130 0.000000 0.000000 0.000000 0.000000 0.000000 0.000000
131 0.000000 0.000000 -10.000000 0.000000 0.000000 0.000000
132 1.388555 -1.178765 0.774246 0.000000 0.000000 0.000000
133 -2.808008 30.595362 -3.740028 0.000000 0.000000 0.000000
134 0.000000 0.000000 0.000000 0.000000 0.000000 0.000000
135 0.000000 0.000000 -10.000000 -0.000000 0.000000 0.000000
136 -7.664721 0.691225 0.516293 0.000000 0.000000 0.000000
137 0.000000 0.000000 0.000000 1.570796 0.000000 0.000000
138 10.910110 18.239372 33.888725 1.452697 -0.074915 -1.620376
139 -23.587389 17.261393 11.126246 -0.815267 -0.282649 -1.635405
time 57
0 0.000000 0.000000 0.000000 1.570796 0.000000 0.000000
1 0.000000 0.000000 0.000000 1.570796 0.000000 0.000000
2 2.430376 30.630140 -1.375013 -0.005906 -0.435625 -0.008740
3 0.000000 0.000000 0.000000 0.000000 0.000000 0.000000
4 5.757982 -0.000000 0.000000 -2.006873 -0.804041 -1.164760
5 18.152637 0.000000 0.000000 -0.000000 0.000000 1.346031
6 17.091557 0.000000 -0.000000 -0.108321 0.066580 -1.648629
7 6.229743 0.000000 -0.000000 0.027132 0.011217 -0.364262
8 -5.757982 0.000000 -0.000000 -1.334860 -0.581666 -1.908488
9 18.152637 0.000000 0.000000 0.000000 0.000000 1.442383
10 17.091557 -0.000000 0.000000 0.338668 0.074015 -1.755892
11 6.229743 -0.000000 -0.000000 -0.114803 -0.030016 -0.680064
12 0.000000 3.964346 -1.347968 1.582699 -0.359555 1.570998
13 7.507315 -0.000000 0.000000 0.006777 0.000311 0.149429
14 9.079733 -0.000000 -0.000000 0.002170 -0.003522 0.213144
15 10.826827 -0.000000 0.000000 0.028995 0.024622 0.614024
16 8.860067 -0.000000 -0.000000 3.009316 -0.472860 0.698540
17 4.341945 -0.000000 0.000000 0.023486 0.001246 1.854798
18 6.900930 1.363879 3.754603 -2.027636 -2.081252 0.400455
19 12.731754 0.000000 0.000000 -2.095614 -1.341861 1.209076
20 26.625128 0.000000 0.000000 -0.000000 -0.000000 -0.603586
21 20.040787 -0.000017 -0.000030 -1.294433 0.257850 0.131257
22 16.821650 2.696737 -0.203279 -0.454715 2.101277 -2.090298
23 2.039386 0.000000 -0.000000 -0.000000 -0.119732 -0.551019
24 1.516909 0.000000 0.000000 0.000000 -0.106498 -0.214585
25 17.176727 0.840396 -0.044736 -0.246604 1.977585 -1.852852
26 2.302859 -0.000000 0.000000 0.000000 -0.040281 -0.440509
27 2.047745 -0.000000 -0.000000 0.000000 -0.019146 -0.127858
28 17.032684 -1.069098 -0.638179 2.512672 1.056836 0.848304
29 2.907259 0.000000 -0.000000 -0.000000 -0.070674 -0.789421
30 2.470908 -0.000000 0.000000 0.000000 0.042753 -0.053852
31 16.797981 -2.957015 -1.264867 2.402309 1.055943 0.717082
32 2.246732 0.000000 0.000000 0.000000 0.130347 -0.750151
33 1.924987 0.000000 -0.000000 0.000000 0.084390 -0.071779
34 10.924372 -3.874175 -3.676631 -2.700621 0.350317 -0.102732
35 3.109823 -0.000000 -0.000000 -0.000000 0.123272 -0.061145
36 1.512893 0.000000 -0.000000 -0.000000 -0.028966 0.541554
37 6.900930 1.363879 -3.754603 1.949917 2.114336 0.392758
38 12.731754 -0.000000 0.000000 1.703534 1.270941 0.677664
39 26.625128 0.000000 -0.000000 0.000000 -0.000000 -0.857484
40 20.040768 -0.000010 0.000019 0.828422 0.064912 0.317730
41 16.821663 2.695864 0.214569 0.458848 -2.097646 -2.093866
42 2.039386 -0.000000 -0.000000 0.000000 0.119732 -0.551019
43 1.516909 -0.000000 -0.000000 0.000000 0.106498 -0.214585
44 17.176743 0.840203 0.048255 0.249576 -1.973565 -1.855583
45 2.302859 0.000000 0.000000 0.000000 0.040281 -0.440509
46 2.047745 0.000000 -0.000000 0.000000 0.019146 -0.127858
47 17.032701 -1.071759 0.633698 -2.507009 -1.059970 0.843370
48 2.907259 0.000000 0.000000 -0.000000 0.070674 -0.789421
49 2.470908 0.000000 -0.000000 -0.000000 -0.042753 -0.053852
50 16.798000 -2.962283 1.252475 -2.395869 -1.058686 0.711474
51 2.246732 -0.000000 0.000000 -0.000000 -0.130347 -0.750151
52 1.924987 -0.000000 -0.000000 -0.000000 -0.084390 -0.071779
53 10.924391 -3.889540 3.660376 2.705055 -0.349884 -0.104252
54 3.109823 0.000000 0.000000 0.000000 -0.123272 -0.061145
55 1.512893 0.000000 0.000000 0.000000 0.028966 0.541554
56 7.466661 3.907426 -1.935393 0.000000 0.000000 0.000000
57 1.119946 -0.070053 9.597034 -0.007913 -0.169602 -0.027904
58 -0.183178 -4.377939 -4.342432 0.000000 0.000000 0.000000
59 -0.002438 -3.217680 4.819335 0.035631 0.001170 -0.001395
60 0.000000 0.000000 0.000000 0.000000 0.000000 -0.000000
61 0.000000 0.000000 0.000000 0.000000 0.000000 0.000000
62 -0.000000 -2.426310 5.737833 0.000000 0.000937 -0.001514
63 0.206732 -1.514296 -10.147256 0.000000 -0.000937 0.001514
64 -0.194928 1.514586 13.669277 0.000000 0.000937 -0.001514
65 0.003297 0.000007 -3.521831 0.000000 0.000000 0.000000
66 0.001702 2.426307 -5.737833 0.000000 0.000000 0.000000
67 0.000000 0.000000 0.000000 -0.000000 0.000000 0.000000
68 0.000000 0.000000 0.000000 0.035629 0.000234 0.000120
69 0.000648 -2.551790 9.257431 0.035631 0.001170 -0.001395
70 8.000000 0.000000 0.000000 0.012803 0.169306 0.029664
71 0.000003 -2.426316 9.259665 -0.000000 0.000937 -0.001514
72 -7.466661 3.907426 -1.935393 0.000000 0.000000 0.000000
73 1.360567 0.130626 -6.427481 0.044649 -0.862333 -0.011914
74 0.334780 -4.377939 -4.346992 0.000000 0.000000 0.000000
75 -0.062681 -3.357905 4.991570 -0.140845 -0.000024 -0.001904
76 0.000000 0.000000 -0.000000 -0.000000 0.000000 -0.000000
77 0.000000 0.000000 0.000000 0.139717 0.000000 0.000000
78 -0.000000 -2.426310 5.737833 -0.000000 0.000937 -0.001514
79 -0.183130 -1.514886 -10.147621 0.000000 -0.000937 0.001514
80 0.194928 1.514586 13.669277 0.000000 0.000937 -0.001514
81 0.003303 0.000007 -3.521831 0.139717 0.000000 0.000000
82 0.001702 2.426307 -5.737833 0.000000 0.000000 0.000000
83 0.000000 -0.000000 0.000000 -0.139717 -0.000000 -0.000000
84 0.000000 0.000000 0.000000 -0.140846 -0.000960 -0.000389
85 -0.002444 -1.931933 9.224792 -0.141947 -0.000330 0.061003
86 -8.000000 0.000000 0.000000 -0.054702 0.861904 -0.033784
87 -0.000003 -2.426316 9.259665 -0.000000 0.000937 -0.001514
88 0.000156 39.987263 -0.385905 0.000000 0.000000 0.000000
89 2.430220 -9.357122 -0.989109 -0.005906 -0.435625 -0.008740
90 0.000000 3.964346 -1.347968 1.570796 0.083193 1.570796
91 0.000000 0.000000 0.000000 0.011975 0.000025 0.456409
92 0.000000 -0.000000 0.000000 -0.000000 -0.000000 -0.013661
93 7.506614 -0.102554 0.000000 0.006683 0.001164 0.009128
94 0.000000 0.000000 0.000000 0.000000 -0.000000 0.126643
95 9.007018 1.146814 0.000000 0.003204 -0.002616 0.005818
96 -0.000000 -0.000000 0.000000 0.000000 0.000000 0.333969
97 10.228633 3.548980 0.000000 -0.003259 0.037896 -0.004771
98 0.000000 -0.000000 0.000000 -0.000000 -0.000000 0.952345
99 5.136838 7.218981 0.000000 0.479919 -0.101221 -0.012395
100 0.000000 -0.000000 -0.000000 -0.000002 -3.141593 -1.535012
101 -0.155339 4.339165 0.000000 0.023437 0.001980 -0.385547
102 0.000000 0.000000 -0.000000 3.141592 0.000000 0.137367
103 2.889723 6.413463 3.754603 1.037195 -1.069949 -1.767391
104 0.000000 0.000000 0.000000 0.058065 -0.004165 -0.013507
105 2.889723 6.413463 -3.754603 -1.110908 1.069949 -1.767391
106 0.000000 0.000000 0.000000 -0.055420 -0.005374 -0.044767
107 10.483315 59.594681 17.191795 0.000000 0.000000 0.000000
108 0.310213 -41.355309 16.696930 0.000000 0.000000 0.000000
109 0.000000 9.000000 0.000000 0.000000 0.000000 0.000000
110 0.000000 0.000000 0.000000 0.000000 0.000000 0.000000
111 0.000000 0.000000 -10.000000 -0.000000 -0.000000 -0.000000
112 18.703447 7.689306 22.751080 0.000000 0.000000 0.000000
113 16.002684 37.327717 30.705355 0.737360 -0.159520 -1.837207
114 20.040791 -0.000036 0.000008 1.404680 0.142601 0.138624
115 0.000000 0.000000 0.000000 -0.646219 -0.015685 -0.069873
116 0.000000 0.000000 0.000000 -0.235528 0.036014 0.000000
117 -0.000000 0.000000 0.000000 -1.816459 0.017293 -0.015642
118 -16.157230 58.635727 4.518102 0.000000 0.000000 0.000000
119 -7.348024 -41.366287 6.608145 0.000000 0.000000 0.000000
120 0.000000 9.000000 0.000000 0.000000 0.000000 0.000000
121 0.000000 0.000000 0.000000 0.000000 0.000000 0.000000
122 0.000004 -0.000016 -10.000016 -3.141593 -3.141593 3.141593
123 -19.132511 6.386909 0.611854 -0.000000 0.000000 0.000000
124 -29.103748 35.370323 4.595627 -2.842995 -0.331928 -1.270835
125 20.040770 -0.000027 0.000001 1.736913 -0.142601 0.138624
126 0.000000 0.000000 0.000000 0.176626 0.167938 -0.249900
127 0.000000 0.000000 0.000000 0.232579 -0.036013 -0.000000
128 -0.000000 -0.000000 0.000000 -1.329320 0.017292 0.015641
129 7.650401 30.584517 1.054722 0.000000 0.000000 0.000000
130 0.000000 0.000000 0.000000 0.000000 0.000000 0.000000
131 0.000000 0.000000 -10.000000 0.000000 0.000000 0.000000
132 1.353078 -1.148589 0.741676 0.000000 0.000000 0.000000
133 -2.789649 30.675762 -3.804748 0.000000 0.000000 0.000000
134 0.000000 0.000000 0.000000 0.000000 0.000000 0.000000
135 0.000000 0.000000 -10.000000 -0.000000 0.000000 0.000000
136 -7.629322 0.724998 0.533605 0.000000 0.000000 0.000000
137 0.000000 0.000000 0.000000 1.570796 0.000000 0.000000
138 10.793529 18.239372 33.888725 1.452697 -0.074915 -1.615146
139 -23.505255 17.269442 11.126246 -0.816007 -0.283145 -1.638494
time 58
0 0.000000 0.000000 0.000000 1.570796 0.000000 0.000000
1 0.000000 0.000000 0.000000 1.570796 0.000000 0.000000
2 2.469906 30.610140 -1.466134 0.005208 -0.436525 -0.006670
3 0.000000 0.000000 0.000000 0.000000 0.000000 0.000000
4 5.757982 0.000000 0.000000 -2.021464 -0.817431 -1.157271
5 18.152637 0.000000 0.000000 0.000000 -0.000000 1.345555
6 17.091557 0.000000 0.000000 -0.103438 0.067079 -1.641886
7 6.229743 0.000000 0.000000 0.027171 0.011117 -0.361410
8 -5.757982 0.000000 -0.000000 -1.331620 -0.600424 -1.913290
9 18.152637 0.000000 0.000000 0.000000 0.000000 1.447583
10 17.091557 0.000000 0.000000 0.340673 0.074244 -1.749167
11 6.229743 -0.000000 0.000000 -0.114633 -0.030217 -0.686192
12 0.000000 3.964346 -1.347968 1.583617 -0.361875 1.570089
13 7.507315 -0.000000 -0.000000 0.006910 -0.000210 0.148179
14 9.079733 0.000000 0.000000 0.002203 -0.003301 0.208731
15 10.826827 -0.000000 0.000000 0.034528 0.029997 0.607710
16 8.860067 0.000000 0.000000 2.999923 -0.475063 0.700566
17 4.341945 -0.000000 -0.000000 0.023361 0.005107 1.856386
18 6.900930 1.363879 3.754603 -2.006176 -2.089911 0.376691
19 12.731754 -0.000000 0.000000 -2.060924 -1.332149 1.183266
20 26.625128 0.000000 -0.000000 0.000000 -0.000000 -0.633266
21 20.040787 -0.000017 -0.000030 -1.295351 0.259526 0.151734
22 16.821650 2.696737 -0.203279 -0.454715 2.101277 -2.090298
23 2.039386 0.000000 -0.000000 -0.000000 -0.119732 -0.551019
24 1.516909 0.000000 0.000000 0.000000 -0.106498 -0.214585
25 17.176727 0.840396 -0.044736 -0.246604 1.977585 -1.852852
26 2.302859 -0.000000 -0.000000 -0.000000 -0.040281 -0.440509
27 2.047745 0.000000 -0.000000 -0.000000 -0.019146 -0.127858
28 17.032684 -1.069098 -0.638179 2.512672 1.056836 0.848304
29 2.907259 0.000000 0.000000 -0.000000 -0.070674 -0.789421
30 2.470908 -0.000000 -0.000000 -0.000000 0.042753 -0.053852
31 16.797981 -2.957015 -1.264867 2.402309 1.055943 0.717082
32 2.246732 0.000000 0.000000 0.000000 0.130347 -0.750151
33 1.924987 0.000000 -0.000000 0.000000 0.084390 -0.071779
34 10.924372 -3.874175 -3.676631 -2.700621 0.350317 -0.102732
35 3.109823 0.000000 -0.000000 -0.000000 0.123272 -0.061145
36 1.512893 -0.000000 -0.000000 0.000000 -0.028966 0.541554
37 6.900930 1.363879 -3.754603 1.950241 2.116374 0.389947
38 12.731754 0.000000 0.000000 1.690178 1.250970 0.671578
39 26.625128 -0.000000 0.000000 0.000000 0.000000 -0.891342
40 20.040768 -0.000010 0.000019 0.826955 0.066930 0.335877
41 16.821663 2.695864 0.214569 0.458848 -2.097646 -2.093866
42 2.039386 0.000000 -0.000000 0.000000 0.119732 -0.551019
43 1.516909 0.000000 -0.000000 0.000000 0.106498 -0.214585
44 17.176743 0.840203 0.048255 0.249576 -1.973565 -1.855583
45 2.302859 -0.000000 0.000000 0.000000 0.040281 -0.440509
46 2.047745 0.000000 0.000000 0.000000 0.019146 -0.127858
47 17.032701 -1.071759 0.633698 -2.507009 -1.059970 0.843370
48 2.907259 0.000000 -0.000000 0.000000 0.070674 -0.789421
49 2.470908 0.000000 -0.000000 -0.000000 -0.042753 -0.053852
50 16.798000 -2.962283 1.252475 -2.395869 -1.058686 0.711474
51 2.246732 -0.000000 0.000000 -0.000000 -0.130347 -0.750151
52 1.924987 -0.000000 0.000000 -0.000000 -0.084390 -0.071779
53 10.924391 -3.889540 3.660376 2.705055 -0.349884 -0.104252
54 3.109823 -0.000000 0.000000 -0.000000 -0.123272 -0.061145
55 1.512893 -0.000000 0.000000 0.000000 0.028966 0.541554
56 7.466661 3.907426 -1.935393 0.000000 0.000000 0.000000
57 1.098726 -0.063120 9.604998 -0.005832 -0.168427 -0.026063
58 -0.183178 -4.377939 -4.342432 0.000000 0.000000 0.000000
59 -0.002446 -3.215056 4.817081 0.038484 0.001189 -0.001385
60 0.000000 0.000000 0.000000 0.000000 0.000000 0.000000
61 0.000000 0.000000 0.000000 0.000000 0.000000 0.000000
62 -0.000000 -2.426310 5.737833 0.000000 0.000937 -0.001514
63 0.206732 -1.514296 -10.147256 0.000000 -0.000937 0.001514
64 -0.194928 1.514586 13.669277 0.000000 0.000937 -0.001514
65 0.003297 0.000007 -3.521831 0.000000 0.000000 0.000000
66 0.001702 2.426307 -5.737833 0.000000 0.000000 0.000000
67 0.000000 0.000000 0.000000 0.000000 0.000000 0.000000
68 0.000000 0.000000 0.000000 0.038482 0.000252 0.000130
69 0.000700 -2.561831 9.257059 0.038484 0.001189 -0.001385
70 8.000000 0.000000 0.000000 0.010345 0.168212 0.027427
71 0.000003 -2.426316 9.259665 -0.000000 0.000937 -0.001514
72 -7.466661 3.907426 -1.935393 0.000000 0.000000 0.000000
73 1.342796 0.154699 -6.415083 0.048750 -0.863182 -0.010927
74 0.334780 -4.377939 -4.346992 0.000000 0.000000 0.000000
75 -0.062671 -3.362461 4.997292 -0.146974 -0.000067 -0.001918
76 0.000000 0.000000 0.000000 -0.000000 -0.000000 0.000000
77 0.000000 0.000000 0.000000 0.139717 0.000000 0.000000
78 -0.000000 -2.426310 5.737833 -0.000000 0.000937 -0.001514
79 -0.183130 -1.514886 -10.147621 0.000000 -0.000937 0.001514
80 0.194928 1.514586 13.669277 0.000000 0.000937 -0.001514
81 0.003303 0.000007 -3.521831 0.139717 0.000000 0.000000
82 0.001702 2.426307 -5.737833 0.000000 0.000000 0.000000
83 0.000000 -0.000000 0.000000 -0.139717 -0.000000 -0.000000
84 0.000000 0.000000 0.000000 -0.146975 -0.001003 -0.000403
85 -0.002545 -1.910570 9.221696 -0.148067 0.000013 0.060990
86 -8.000000 0.000000 0.000000 -0.062199 0.862542 -0.040158
87 -0.000003 -2.426316 9.259665 -0.000000 0.000937 -0.001514
88 0.000156 39.987263 -0.385905 0.000000 0.000000 0.000000
89 2.469750 -9.377122 -1.080230 0.005208 -0.436525 -0.006670
90 0.000000 3.964346 -1.347968 1.570796 0.083193 1.570796
91 0.000000 0.000000 0.000000 0.012560 -0.000834 0.458728
92 0.000000 -0.000000 0.000000 -0.000000 -0.000000 -0.013661
93 7.506614 -0.102554 0.000000 0.006881 0.000664 0.007878
94 0.000000 0.000000 0.000000 0.000000 -0.000000 0.126643
95 9.007018 1.146814 0.000000 0.003164 -0.002396 0.001405
96 -0.000000 -0.000000 0.000000 0.000000 0.000000 0.333969
97 10.228633 3.548980 0.000000 -0.004437 0.045519 -0.011285
98 0.000000 -0.000000 0.000000 -0.000000 -0.000000 0.952345
99 5.136838 7.218981 0.000000 0.482919 -0.109333 -0.014971
100 0.000000 -0.000000 -0.000000 -0.000002 -3.141593 -1.535012
101 -0.155339 4.339165 0.000000 0.023841 -0.001862 -0.387136
102 0.000000 0.000000 -0.000000 3.141592 0.000000 0.137367
103 2.889723 6.413463 3.754603 1.037195 -1.069949 -1.767391
104 0.000000 0.000000 0.000000 0.058937 -0.010220 -0.026743
105 2.889723 6.413463 -3.754603 -1.110908 1.069949 -1.767391
106 0.000000 0.000000 0.000000 -0.052680 -0.004909 -0.047228
107 10.322234 59.415649 17.300400 0.000000 0.000000 0.000000
108 0.353076 -41.176277 16.588326 0.000000 0.000000 0.000000
109 0.000000 9.000000 0.000000 0.000000 0.000000 0.000000
110 0.000000 0.000000 0.000000 0.000000 0.000000 0.000000
111 0.000000 0.000000 -10.000000 -0.000000 -0.000000 -0.000000
112 18.691887 7.752578 22.801521 0.000000 0.000000 0.000000
113 16.108969 37.305771 30.959257 0.740996 -0.146701 -1.848423
114 20.040791 -0.000036 0.000008 1.404680 0.142601 0.138624
115 0.000000 0.000000 0.000000 -0.651441 0.004374 -0.068125
116 0.000000 0.000000 0.000000 -0.235528 0.036014 0.000000
117 -0.000000 0.000000 0.000000 -1.816459 0.017293 -0.015642
118 -16.243332 58.342995 4.637674 0.000000 0.000000 0.000000
119 -7.259988 -41.064632 6.488572 0.000000 0.000000 0.000000
120 0.000000 9.000000 0.000000 0.000000 0.000000 0.000000
121 0.000000 0.000000 0.000000 0.000000 0.000000 0.000000
122 0.000004 -0.000016 -10.000016 -3.141593 -3.141593 3.141593
123 -19.147327 6.410919 0.606889 -0.000000 0.000000 0.000000
124 -29.465063 35.233086 4.514166 -2.848797 -0.336230 -1.250207
125 20.040770 -0.000027 0.000001 1.736913 -0.142601 0.138624
126 0.000000 0.000000 0.000000 0.172895 0.185354 -0.255270
127 0.000000 0.000000 0.000000 0.232579 -0.036013 -0.000000
128 -0.000000 -0.000000 0.000000 -1.329320 0.017292 0.015641
129 7.687826 30.575335 0.968298 0.000000 0.000000 0.000000
130 0.000000 0.000000 0.000000 0.000000 0.000000 0.000000
131 0.000000 0.000000 -10.000000 0.000000 0.000000 0.000000
132 1.318849 -1.168909 0.756297 0.000000 0.000000 0.000000
133 -2.748013 30.644945 -3.900567 0.000000 0.000000 0.000000
134 0.000000 0.000000 0.000000 0.000000 0.000000 0.000000
135 0.000000 0.000000 -10.000000 -0.000000 0.000000 0.000000
136 -7.591372 0.797754 0.539668 0.000000 0.000000 0.000000
137 0.000000 0.000000 0.000000 1.570796 0.000000 0.000000
138 10.675311 18.239372 33.888725 1.452697 -0.074915 -1.609829
139 -23.503319 17.278362 11.126246 -0.817361 -0.284052 -1.636941
time 59
0 0.000000 0.000000 0.000000 1.570796 0.000000 0.000000
1 0.000000 0.000000 0.000000 1.570796 0.000000 0.000000
2 2.537874 30.464294 -1.581781 0.015234 -0.438079 -0.004000
3 0.000000 0.000000 0.000000 0.000000 0.000000 0.000000
4 5.757982 0.000000 0.000000 -2.038294 -0.835952 -1.146614
5 18.152637 -0.000000 0.000000 0.000000 -0.000000 1.355020
6 17.091557 0.000000 0.000000 -0.100514 0.067586 -1.639867
7 6.229743 0.000000 -0.000000 0.027207 0.011022 -0.358686
8 -5.757982 0.000000 -0.000000 -1.323217 -0.622250 -1.923488
9 18.152637 0.000000 0.000000 0.000000 0.000000 1.461245
10 17.091557 0.000000 0.000000 0.340046 0.072423 -1.751860
11 6.229743 0.000000 -0.000000 -0.114586 -0.030272 -0.687888
12 0.000000 3.964346 -1.347968 1.583512 -0.367065 1.568681
13 7.507315 0.000000 0.000000 0.006750 -0.000835 0.149235
14 9.079733 0.000000 0.000000 0.001971 -0.004359 0.200336
15 10.826827 0.000000 0.000000 0.037676 0.033317 0.602034
16 8.860067 0.000000 0.000000 2.999856 -0.476884 0.699386
17 4.341945 0.000000 0.000000 0.023021 0.008619 1.856132
18 6.900930 1.363879 3.754603 -2.000518 -2.087541 0.376683
19 12.731754 0.000000 0.000000 -2.030678 -1.311090 1.145896
20 26.625128 0.000000 0.000000 -0.000000 0.000000 -0.679730
21 20.040787 -0.000017 -0.000030 -1.295272 0.258110 0.179118
22 16.821650 2.696737 -0.203279 -0.454715 2.101277 -2.090298
23 2.039386 0.000000 -0.000000 0.000000 -0.119732 -0.551019
24 1.516909 -0.000000 0.000000 0.000000 -0.106498 -0.214585
25 17.176727 0.840396 -0.044736 -0.246604 1.977585 -1.852852
26 2.302859 -0.000000 -0.000000 0.000000 -0.040281 -0.440509
27 2.047745 0.000000 0.000000 0.000000 -0.019146 -0.127858
28 17.032684 -1.069098 -0.638179 2.512672 1.056836 0.848304
29 2.907259 0.000000 -0.000000 -0.000000 -0.070674 -0.789421
30 2.470908 0.000000 -0.000000 -0.000000 0.042753 -0.053852
31 16.797981 -2.957015 -1.264867 2.402309 1.055943 0.717082
32 2.246732 0.000000 0.000000 -0.000000 0.130347 -0.750151
33 1.924987 0.000000 -0.000000 0.000000 0.084390 -0.071779
34 10.924372 -3.874175 -3.676631 -2.700621 0.350317 -0.102732
35 3.109823 0.000000 0.000000 0.000000 0.123272 -0.061145
36 1.512893 -0.000000 -0.000000 -0.000000 -0.028966 0.541554
37 6.900930 1.363879 -3.754603 1.966468 2.117914 0.397437
38 12.731754 0.000000 0.000000 1.674375 1.240464 0.657184
39 26.625128 0.000000 0.000000 0.000000 0.000000 -0.925284
40 20.040768 -0.000010 0.000019 0.823989 0.066137 0.345038
41 16.821663 2.695864 0.214569 0.458848 -2.097646 -2.093866
42 2.039386 -0.000000 -0.000000 -0.000000 0.119732 -0.551019
43 1.516909 0.000000 0.000000 0.000000 0.106498 -0.214585
44 17.176743 0.840203 0.048255 0.249576 -1.973565 -1.855583
45 2.302859 -0.000000 0.000000 0.000000 0.040281 -0.440509
46 2.047745 -0.000000 0.000000 0.000000 0.019146 -0.127858
47 17.032701 -1.071759 0.633698 -2.507009 -1.059970 0.843370
48 2.907259 0.000000 0.000000 0.000000 0.070674 -0.789421
49 2.470908 0.000000 -0.000000 -0.000000 -0.042753 -0.053852
50 16.798000 -2.962283 1.252475 -2.395869 -1.058686 0.711474
51 2.246732 -0.000000 -0.000000 -0.000000 -0.130347 -0.750151
52 1.924987 -0.000000 -0.000000 -0.000000 -0.084390 -0.071779
53 10.924391 -3.889540 3.660376 2.705055 -0.349884 -0.104252
54 3.109823 -0.000000 0.000000 0.000000 -0.123272 -0.061145
55 1.512893 -0.000000 0.000000 0.000000 0.028966 0.541554
56 7.466661 3.907426 -1.935393 0.000000 0.000000 0.000000
57 1.087045 -0.061176 9.610970 -0.004615 -0.167838 -0.026027
58 -0.183178 -4.377939 -4.342432 0.000000 0.000000 0.000000
59 -0.002454 -3.212543 4.814935 0.041209 0.001207 -0.001375
60 0.000000 0.000000 0.000000 0.000000 0.000000 0.000000
61 0.000000 0.000000 0.000000 0.000000 0.000000 0.000000
62 -0.000000 -2.426310 5.737833 0.000000 0.000937 -0.001514
63 0.206732 -1.514296 -10.147256 0.000000 -0.000937 0.001514
64 -0.194928 1.514586 13.669277 0.000000 0.000937 -0.001514
65 0.003297 0.000007 -3.521831 0.000000 0.000000 0.000000
66 0.001702 2.426307 -5.737833 0.000000 0.000000 0.000000
67 0.000000 0.000000 0.000000 -0.000000 0.000000 0.000000
68 0.000000 0.000000 0.000000 0.041208 0.000270 0.000139
69 0.000750 -2.571423 9.256677 0.041209 0.001207 -0.001375
70 8.000000 0.000000 0.000000 0.009089 0.167657 0.027179
71 0.000003 -2.426316 9.259665 -0.000000 0.000937 -0.001514
72 -7.466661 3.907426 -1.935393 0.000000 0.000000 0.000000
73 1.345157 0.147596 -6.409558 0.047654 -0.864142 -0.010632
74 0.334780 -4.377939 -4.346992 0.000000 0.000000 0.000000
75 -0.062668 -3.363715 4.998879 -0.148669 -0.000078 -0.001921
76 0.000000 0.000000 -0.000000 0.000000 0.000000 0.000000
77 0.000000 0.000000 0.000000 0.139717 0.000000 0.000000
78 -0.000000 -2.426310 5.737833 -0.000000 0.000937 -0.001514
79 -0.183130 -1.514886 -10.147621 0.000000 -0.000937 0.001514
80 0.194928 1.514586 13.669277 0.000000 0.000937 -0.001514
81 0.003303 0.000007 -3.521831 0.139717 0.000000 0.000000
82 0.001702 2.426307 -5.737833 0.000000 0.000000 0.000000
83 0.000000 -0.000000 0.000000 -0.139717 -0.000000 -0.000000
84 0.000000 0.000000 0.000000 -0.148670 -0.001015 -0.000407
85 -0.002574 -1.904663 9.220817 -0.149760 0.000108 0.060986
86 -8.000000 0.000000 0.000000 -0.060916 0.863527 -0.039420
87 -0.000003 -2.426316 9.259665 -0.000000 0.000937 -0.001514
88 0.000156 39.987263 -0.385905 0.000000 0.000000 0.000000
89 2.537718 -9.522968 -1.195877 0.015234 -0.438079 -0.004000
90 0.000000 3.964346 -1.347968 1.570796 0.083193 1.570796
91 0.000000 0.000000 0.000000 0.011929 -0.002137 0.463919
92 0.000000 -0.000000 0.000000 -0.000000 -0.000000 -0.013661
93 7.506614 -0.102554 0.000000 0.006802 0.000025 0.008934
94 0.000000 0.000000 0.000000 0.000000 -0.000000 0.126643
95 9.007018 1.146814 0.000000 0.003290 -0.003472 -0.006991
96 -0.000000 -0.000000 0.000000 0.000000 0.000000 0.333969
97 10.228633 3.548980 0.000000 -0.005322 0.050007 -0.017103
98 0.000000 -0.000000 0.000000 -0.000000 -0.000000 0.952345
99 5.136838 7.218981 0.000000 0.484748 -0.109215 -0.016382
100 0.000000 -0.000000 -0.000000 -0.000002 -3.141593 -1.535012
101 -0.155339 4.339165 0.000000 0.023985 -0.005387 -0.386884
102 0.000000 0.000000 -0.000000 3.141592 0.000000 0.137367
103 2.889723 6.413463 3.754603 1.037195 -1.069949 -1.767391
104 0.000000 0.000000 0.000000 0.064565 -0.011348 -0.024658
105 2.889723 6.413463 -3.754603 -1.110908 1.069949 -1.767391
106 0.000000 0.000000 0.000000 -0.042854 -0.009087 -0.046984
107 10.174628 59.143257 17.583143 0.000000 0.000000 0.000000
108 0.456201 -40.903885 16.345808 0.000000 0.000000 0.000000
109 0.000000 9.000000 0.000000 0.000000 0.000000 0.000000
110 0.000000 0.000000 0.000000 0.000000 0.000000 0.000000
111 0.000000 0.000000 -10.000000 -0.000000 -0.000000 -0.000000
112 18.660604 7.756521 22.819382 0.000000 0.000000 0.000000
113 16.409750 37.263382 31.413973 0.742977 -0.125825 -1.865708
114 20.040791 -0.000036 0.000008 1.404680 0.142601 0.138624
115 0.000000 0.000000 0.000000 -0.656937 0.030567 -0.062345
116 0.000000 0.000000 0.000000 -0.235528 0.036014 0.000000
117 -0.000000 0.000000 0.000000 -1.816459 0.017293 -0.015642
118 -16.332863 58.022758 4.790998 0.000000 0.000000 0.000000
119 -7.287185 -40.734699 6.335249 0.000000 0.000000 0.000000
120 0.000000 9.000000 0.000000 0.000000 0.000000 0.000000
121 0.000000 0.000000 0.000000 0.000000 0.000000 0.000000
122 0.000004 -0.000016 -10.000016 -3.141593 -3.141593 3.141593
123 -19.118879 6.322209 0.588006 -0.000000 0.000000 0.000000
124 -29.881960 35.105885 4.421940 -2.851783 -0.341109 -1.232839
125 20.040770 -0.000027 0.000001 1.736913 -0.142601 0.138624
126 0.000000 0.000000 0.000000 0.169022 0.194433 -0.256246
127 0.000000 0.000000 0.000000 0.232579 -0.036013 -0.000000
128 -0.000000 -0.000000 0.000000 -1.329320 0.017292 0.015641
129 7.752079 30.443439 0.860757 0.000000 0.000000 0.000000
130 0.000000 0.000000 0.000000 0.000000 0.000000 0.000000
131 0.000000 0.000000 -10.000000 0.000000 0.000000 0.000000
132 1.291938 -1.254027 0.833091 0.000000 0.000000 0.000000
133 -2.676331 30.485147 -4.024319 0.000000 0.000000 0.000000
134 0.000000 0.000000 0.000000 0.000000 0.000000 0.000000
135 0.000000 0.000000 -10.000000 -0.000000 0.000000 0.000000
136 -7.575716 0.938915 0.503471 0.000000 0.000000 0.000000
137 0.000000 0.000000 0.000000 1.570796 0.000000 0.000000
138 10.630829 18.239372 33.928951 1.452697 -0.073508 -1.607747
139 -23.620049 17.288061 11.126246 -0.819449 -0.285451 -1.628801
time 60
0 0.000000 0.000000 0.000000 1.570796 0.000000 0.000000
1 0.000000 0.000000 0.000000 1.570796 0.000000 0.000000
2 2.625339 30.164724 -1.733985 0.022529 -0.441521 -0.000734
3 0.000000 0.000000 0.000000 0.000000 0.000000 0.000000
4 5.757982 0.000000 0.000000 -2.057154 -0.858745 -1.131411
5 18.152637 0.000000 0.000000 0.000000 -0.000000 1.375738
6 17.091557 0.000000 -0.000000 -0.100186 0.067180 -1.642649
7 6.229743 0.000000 -0.000000 0.027201 0.011038 -0.359164
8 -5.757982 0.000000 -0.000000 -1.317774 -0.647965 -1.934230
9 18.152637 -0.000000 0.000000 -0.000000 -0.000000 1.485781
10 17.091557 0.000000 0.000000 0.339721 0.071934 -1.765299
11 6.229743 0.000000 -0.000000 -0.114690 -0.030150 -0.684140
12 0.000000 3.964346 -1.347968 1.582673 -0.373287 1.566863
13 7.507315 -0.000000 -0.000000 0.005667 -0.000991 0.152874
14 9.079733 0.000000 0.000000 0.000453 -0.005968 0.193539
15 10.826827 -0.000000 -0.000000 0.038664 0.034228 0.594955
16 8.860067 0.000000 -0.000000 3.002225 -0.478840 0.697082
17 4.341945 -0.000000 0.000000 0.024185 0.010776 1.857582
18 6.900930 1.363879 3.754603 -2.007542 -2.083224 0.388115
19 12.731754 -0.000000 -0.000000 -1.990834 -1.281068 1.086895
20 26.625128 0.000000 0.000000 0.000000 -0.000000 -0.741191
21 20.040787 -0.000017 -0.000030 -1.290982 0.255760 0.206171
22 16.821650 2.696737 -0.203279 -0.454715 2.101277 -2.090298
23 2.039386 0.000000 -0.000000 -0.000000 -0.119732 -0.551019
24 1.516909 0.000000 -0.000000 0.000000 -0.106498 -0.214585
25 17.176727 0.840396 -0.044736 -0.246604 1.977585 -1.852852
26 2.302859 -0.000000 0.000000 0.000000 -0.040281 -0.440509
27 2.047745 -0.000000 0.000000 -0.000000 -0.019146 -0.127858
28 17.032684 -1.069098 -0.638179 2.512672 1.056836 0.848304
29 2.907259 0.000000 0.000000 -0.000000 -0.070674 -0.789421
30 2.470908 0.000000 -0.000000 0.000000 0.042753 -0.053852
31 16.797981 -2.957015 -1.264867 2.402309 1.055943 0.717082
32 2.246732 -0.000000 -0.000000 0.000000 0.130347 -0.750151
33 1.924987 0.000000 -0.000000 -0.000000 0.084390 -0.071779
34 10.924372 -3.874175 -3.676631 -2.700621 0.350317 -0.102732
35 3.109823 0.000000 0.000000 0.000000 0.123272 -0.061145
36 1.512893 0.000000 -0.000000 0.000000 -0.028966 0.541554
37 6.900930 1.363879 -3.754603 1.976941 2.115246 0.401963
38 12.731754 0.000000 0.000000 1.671927 1.224251 0.647852
39 26.625128 0.000000 0.000000 0.000000 -0.000000 -0.970513
40 20.040768 -0.000010 0.000019 0.816948 0.060581 0.355048
41 16.821663 2.695864 0.214569 0.458848 -2.097646 -2.093866
42 2.039386 -0.000000 -0.000000 0.000000 0.119732 -0.551019
43 1.516909 -0.000000 0.000000 0.000000 0.106498 -0.214585
44 17.176743 0.840203 0.048255 0.249576 -1.973565 -1.855583
45 2.302859 0.000000 0.000000 0.000000 0.040281 -0.440509
46 2.047745 -0.000000 -0.000000 -0.000000 0.019146 -0.127858
47 17.032701 -1.071759 0.633698 -2.507009 -1.059970 0.843370
48 2.907259 0.000000 -0.000000 0.000000 0.070674 -0.789421
49 2.470908 0.000000 -0.000000 -0.000000 -0.042753 -0.053852
50 16.798000 -2.962283 1.252475 -2.395869 -1.058686 0.711474
51 2.246732 -0.000000 0.000000 -0.000000 -0.130347 -0.750151
52 1.924987 -0.000000 0.000000 -0.000000 -0.084390 -0.071779
53 10.924391 -3.889540 3.660376 2.705055 -0.349884 -0.104252
54 3.109823 0.000000 0.000000 0.000000 -0.123272 -0.061145
55 1.512893 -0.000000 -0.000000 0.000000 0.028966 0.541554
56 7.466661 3.907426 -1.935393 0.000000 0.000000 0.000000
57 1.089751 -0.070694 9.620421 -0.004284 -0.168077 -0.026956
58 -0.183178 -4.377939 -4.342432 0.000000 0.000000 0.000000
59 -0.002452 -3.212985 4.815311 0.040731 0.001203 -0.001377
60 0.000000 0.000000 0.000000 0.000000 0.000000 0.000000
61 0.000000 0.000000 0.000000 0.000000 0.000000 0.000000
62 -0.000000 -2.426310 5.737833 0.000000 0.000937 -0.001514
63 0.206732 -1.514296 -10.147256 0.000000 -0.000937 0.001514
64 -0.194928 1.514586 13.669277 0.000000 0.000937 -0.001514
65 0.003297 0.000007 -3.521831 0.000000 0.000000 0.000000
66 0.001702 2.426307 -5.737833 0.000000 0.000000 0.000000
67 0.000000 0.000000 0.000000 0.000000 0.000000 0.000000
68 0.000000 0.000000 0.000000 0.040729 0.000267 0.000137
69 0.000741 -2.569740 9.256745 0.040731 0.001203 -0.001377
70 8.000000 0.000000 0.000000 0.008916 0.167896 0.028067
71 0.000003 -2.426316 9.259665 -0.000000 0.000937 -0.001514
72 -7.466661 3.907426 -1.935393 0.000000 0.000000 0.000000
73 1.368775 0.111670 -6.424513 0.040551 -0.864285 -0.009888
74 0.334780 -4.377939 -4.346992 0.000000 0.000000 0.000000
75 -0.062674 -3.360939 4.995372 -0.144921 -0.000052 -0.001913
76 0.000000 0.000000 0.000000 0.000000 -0.000000 -0.000000
77 0.000000 0.000000 0.000000 0.139717 0.000000 0.000000
78 -0.000000 -2.426310 5.737833 -0.000000 0.000937 -0.001514
79 -0.183130 -1.514886 -10.147621 0.000000 -0.000937 0.001514
80 0.194928 1.514586 13.669277 0.000000 0.000937 -0.001514
81 0.003303 0.000007 -3.521831 0.139717 0.000000 0.000000
82 0.001702 2.426307 -5.737833 0.000000 0.000000 0.000000
83 0.000000 -0.000000 0.000000 -0.139717 -0.000000 -0.000000
84 0.000000 0.000000 0.000000 -0.144922 -0.000989 -0.000399
85 -0.002511 -1.917722 9.222748 -0.146017 -0.000102 0.060995
86 -8.000000 0.000000 0.000000 -0.050868 0.863882 -0.032270
87 -0.000003 -2.426316 9.259665 -0.000000 0.000937 -0.001514
88 0.000156 39.987263 -0.385905 0.000000 0.000000 0.000000
89 2.625183 -9.822538 -1.348081 0.022529 -0.441521 -0.000734
90 0.000000 3.964346 -1.347968 1.570796 0.083193 1.570796
91 0.000000 0.000000 0.000000 0.010391 -0.003805 0.470143
92 0.000000 -0.000000 0.000000 -0.000000 -0.000000 -0.013661
93 7.506614 -0.102554 0.000000 0.005746 -0.000267 0.012572
94 0.000000 0.000000 0.000000 0.000000 -0.000000 0.126643
95 9.007018 1.146814 0.000000 0.002385 -0.005490 -0.013792
96 -0.000000 -0.000000 0.000000 0.000000 0.000000 0.333969
97 10.228633 3.548980 0.000000 -0.005492 0.051340 -0.024224
98 0.000000 -0.000000 0.000000 -0.000000 -0.000000 0.952345
99 5.136838 7.218981 0.000000 0.486501 -0.106932 -0.017785
100 0.000000 -0.000000 -0.000000 -0.000002 -3.141593 -1.535012
101 -0.155339 4.339165 0.000000 0.025434 -0.007364 -0.388332
102 0.000000 0.000000 -0.000000 3.141592 0.000000 0.137367
103 2.889723 6.413463 3.754603 1.037195 -1.069949 -1.767391
104 0.000000 0.000000 0.000000 0.067427 -0.008475 -0.018174
105 2.889723 6.413463 -3.754603 -1.110908 1.069949 -1.767391
106 0.000000 0.000000 0.000000 -0.036283 -0.010074 -0.043568
107 9.991012 58.692017 17.888456 0.000000 0.000000 0.000000
108 0.723056 -40.452644 16.149677 0.000000 0.000000 0.000000
109 0.000000 9.000000 0.000000 0.000000 0.000000 0.000000
110 0.000000 0.000000 0.000000 0.000000 0.000000 0.000000
111 0.000000 0.000000 -10.000000 -0.000000 -0.000000 -0.000000
112 18.707855 7.686176 22.746794 0.000000 0.000000 0.000000
113 16.919735 37.182365 31.967703 0.739528 -0.103495 -1.887375
114 20.040791 -0.000036 0.000008 1.404680 0.142601 0.138624
115 0.000000 0.000000 0.000000 -0.657915 0.056148 -0.055945
116 0.000000 0.000000 0.000000 -0.235528 0.036014 0.000000
117 -0.000000 0.000000 0.000000 -1.816459 0.017293 -0.015642
118 -16.468763 57.552174 4.897703 0.000000 0.000000 0.000000
119 -7.361865 -40.253735 6.228544 0.000000 0.000000 0.000000
120 0.000000 9.000000 0.000000 0.000000 0.000000 0.000000
121 0.000000 0.000000 0.000000 0.000000 0.000000 0.000000
122 0.000004 -0.000016 -10.000016 -3.141593 -3.141593 3.141593
123 -19.063581 6.040070 0.488721 -0.000000 0.000000 0.000000
124 -30.453552 34.905800 4.215975 -2.853088 -0.352036 -1.211022
125 20.040770 -0.000027 0.000001 1.736913 -0.142601 0.138624
126 0.000000 0.000000 0.000000 0.161793 0.205143 -0.252714
127 0.000000 0.000000 0.000000 0.232579 -0.036013 -0.000000
128 -0.000000 -0.000000 0.000000 -1.329320 0.017292 0.015641
129 7.831145 30.160902 0.726487 0.000000 0.000000 0.000000
130 0.000000 0.000000 0.000000 0.000000 0.000000 0.000000
131 0.000000 0.000000 -10.000000 0.000000 0.000000 0.000000
132 1.284725 -1.410444 0.984262 0.000000 0.000000 0.000000
133 -2.580467 30.168545 -4.194457 0.000000 0.000000 0.000000
134 0.000000 0.000000 0.000000 0.000000 0.000000 0.000000
135 0.000000 0.000000 -10.000000 -0.000000 0.000000 0.000000
136 -7.528562 1.137153 0.467689 0.000000 0.000000 0.000000
137 0.000000 0.000000 0.000000 1.570796 0.000000 0.000000
138 10.714068 18.239372 34.038136 1.452697 -0.069690 -1.611280
139 -23.830629 17.298441 11.126246 -0.822051 -0.287196 -1.615668
time 61
0 0.000000 0.000000 0.000000 1.570796 0.000000 0.000000
1 0.000000 0.000000 0.000000 1.570796 0.000000 0.000000
2 2.722816 29.732222 -1.910937 0.024367 -0.450166 0.002999
3 0.000000 0.000000 0.000000 0.000000 0.000000 0.000000
4 5.757982 -0.000000 0.000000 -2.081667 -0.881324 -1.110115
5 18.152637 0.000000 0.000000 -0.000000 0.000000 1.409079
6 17.091557 -0.000000 0.000000 -0.101161 0.065166 -1.651918
7 6.229743 0.000000 0.000000 0.027179 0.011096 -0.360819
8 -5.757982 0.000000 -0.000000 -1.320960 -0.675705 -1.941182
9 18.152637 0.000000 0.000000 0.000000 0.000000 1.518891
10 17.091557 0.000000 0.000000 0.339932 0.074188 -1.788276
11 6.229743 -0.000000 -0.000000 -0.114967 -0.029822 -0.674147
12 0.000000 3.964346 -1.347968 1.582014 -0.381354 1.563800
13 7.507315 0.000000 -0.000000 0.004640 -0.002406 0.157962
14 9.079733 0.000000 -0.000000 -0.000693 -0.007945 0.188772
15 10.826827 -0.000000 -0.000000 0.037394 0.033185 0.589811
16 8.860067 0.000000 0.000000 3.005499 -0.481330 0.693183
17 4.341945 -0.000000 0.000000 0.026349 0.011913 1.860307
18 6.900930 1.363879 3.754603 -1.994064 -2.088851 0.363943
19 12.731754 -0.000000 -0.000000 -1.905929 -1.230027 0.994266
20 26.625128 0.000000 0.000000 0.000000 -0.000000 -0.828522
21 20.040787 -0.000017 -0.000030 -1.285493 0.258767 0.237147
22 16.821650 2.696737 -0.203279 -0.454715 2.101277 -2.090298
23 2.039386 0.000000 -0.000000 0.000000 -0.119732 -0.551019
24 1.516909 0.000000 0.000000 0.000000 -0.106498 -0.214585
25 17.176727 0.840396 -0.044736 -0.246604 1.977585 -1.852852
26 2.302859 -0.000000 -0.000000 0.000000 -0.040281 -0.440509
27 2.047745 0.000000 -0.000000 -0.000000 -0.019146 -0.127858
28 17.032684 -1.069098 -0.638179 2.512672 1.056836 0.848304
29 2.907259 0.000000 0.000000 0.000000 -0.070674 -0.789421
30 2.470908 0.000000 -0.000000 -0.000000 0.042753 -0.053852
31 16.797981 -2.957015 -1.264867 2.402309 1.055943 0.717082
32 2.246732 -0.000000 -0.000000 -0.000000 0.130347 -0.750151
33 1.924987 0.000000 0.000000 0.000000 0.084390 -0.071779
34 10.924372 -3.874175 -3.676631 -2.700621 0.350317 -0.102732
35 3.109823 -0.000000 -0.000000 -0.000000 0.123272 -0.061145
36 1.512893 0.000000 -0.000000 0.000000 -0.028966 0.541554
37 6.900930 1.363879 -3.754603 1.949637 2.114058 0.376465
38 12.731754 -0.000000 0.000000 1.694391 1.185535 0.665503
39 26.625128 0.000000 0.000000 0.000000 0.000000 -1.031531
40 20.040768 -0.000010 0.000019 0.808098 0.046947 0.369149
41 16.821663 2.695864 0.214569 0.458848 -2.097646 -2.093866
42 2.039386 -0.000000 -0.000000 -0.000000 0.119732 -0.551019
43 1.516909 0.000000 -0.000000 0.000000 0.106498 -0.214585
44 17.176743 0.840203 0.048255 0.249576 -1.973565 -1.855583
45 2.302859 -0.000000 0.000000 -0.000000 0.040281 -0.440509
46 2.047745 0.000000 0.000000 -0.000000 0.019146 -0.127858
47 17.032701 -1.071759 0.633698 -2.507009 -1.059970 0.843370
48 2.907259 0.000000 -0.000000 0.000000 0.070674 -0.789421
49 2.470908 0.000000 -0.000000 -0.000000 -0.042753 -0.053852
50 16.798000 -2.962283 1.252475 -2.395869 -1.058686 0.711474
51 2.246732 0.000000 -0.000000 0.000000 -0.130347 -0.750151
52 1.924987 -0.000000 -0.000000 -0.000000 -0.084390 -0.071779
53 10.924391 -3.889540 3.660376 2.705055 -0.349884 -0.104252
54 3.109823 -0.000000 0.000000 0.000000 -0.123272 -0.061145
55 1.512893 -0.000000 0.000000 0.000000 0.028966 0.541554
56 7.466661 3.907426 -1.935393 0.000000 0.000000 0.000000
57 1.062141 -0.063505 9.611826 -0.004540 -0.168700 -0.028672
58 -0.183178 -4.377939 -4.342432 0.000000 0.000000 0.000000
59 -0.002448 -3.214511 4.816615 0.039075 0.001193 -0.001383
60 0.000000 0.000000 -0.000000 0.000000 -0.000000 0.000000
61 0.000000 0.000000 0.000000 0.000000 0.000000 0.000000
62 -0.000000 -2.426310 5.737833 0.000000 0.000937 -0.001514
63 0.206732 -1.514296 -10.147256 0.000000 -0.000937 0.001514
64 -0.194928 1.514586 13.669277 0.000000 0.000937 -0.001514
65 0.003297 0.000007 -3.521831 0.000000 0.000000 0.000000
66 0.001702 2.426307 -5.737833 0.000000 0.000000 0.000000
67 0.000000 0.000000 0.000000 0.000000 0.000000 0.000000
68 0.000000 0.000000 0.000000 0.039074 0.000256 0.000132
69 0.000711 -2.563914 9.256978 0.039075 0.001193 -0.001383
70 8.000000 0.000000 0.000000 0.009486 0.168496 0.029857
71 0.000003 -2.426316 9.259665 -0.000000 0.000937 -0.001514
72 -7.466661 3.907426 -1.935393 0.000000 0.000000 0.000000
73 1.415513 0.043338 -6.454031 0.026802 -0.864571 -0.008654
74 0.334780 -4.377939 -4.346992 0.000000 0.000000 0.000000
75 -0.062691 -3.353474 4.986072 -0.134928 0.000018 -0.001890
76 0.000000 0.000000 0.000000 -0.000000 0.000000 -0.000000
77 0.000000 0.000000 0.000000 0.139717 0.000000 0.000000
78 -0.000000 -2.426310 5.737833 -0.000000 0.000937 -0.001514
79 -0.183130 -1.514886 -10.147621 0.000000 -0.000937 0.001514
80 0.194928 1.514586 13.669277 0.000000 0.000937 -0.001514
81 0.003303 0.000007 -3.521831 0.139717 0.000000 0.000000
82 0.001702 2.426307 -5.737833 0.000000 0.000000 0.000000
83 -0.000000 -0.000000 0.000000 -0.139717 -0.000000 -0.000000
84 0.000000 0.000000 0.000000 -0.134929 -0.000919 -0.000376
85 -0.002345 -1.952574 9.227656 -0.136039 -0.000660 0.061014
86 -8.000000 0.000000 0.000000 -0.031153 0.864464 -0.018086
87 -0.000003 -2.426316 9.259665 -0.000000 0.000937 -0.001514
88 0.000156 39.987263 -0.385905 0.000000 0.000000 0.000000
89 2.722660 -10.255040 -1.525033 0.024367 -0.450166 0.002999
90 0.000000 3.964346 -1.347968 1.570796 0.083193 1.570796
91 0.000000 0.000000 0.000000 0.008524 -0.006611 0.478217
92 0.000000 -0.000000 0.000000 -0.000000 -0.000000 -0.013661
93 7.506614 -0.102554 0.000000 0.004907 -0.001801 0.017660
94 0.000000 0.000000 0.000000 0.000000 -0.000000 0.126643
95 9.007018 1.146814 0.000000 0.001950 -0.007733 -0.018564
96 -0.000000 -0.000000 0.000000 0.000000 0.000000 0.333969
97 10.228633 3.548980 0.000000 -0.005377 0.049700 -0.029319
98 0.000000 -0.000000 0.000000 -0.000000 -0.000000 0.952345
99 5.136838 7.218981 0.000000 0.488715 -0.103803 -0.020405
100 0.000000 -0.000000 -0.000000 -0.000002 -3.141593 -1.535012
101 -0.155339 4.339165 0.000000 0.027733 -0.008195 -0.391051
102 0.000000 0.000000 -0.000000 3.141592 0.000000 0.137367
103 2.889723 6.413463 3.754603 1.037195 -1.069949 -1.767391
104 0.000000 0.000000 0.000000 0.060003 -0.016297 -0.028775
105 2.889723 6.413463 -3.754603 -1.110908 1.069949 -1.767391
106 0.000000 0.000000 0.000000 -0.041750 0.002407 -0.048007
107 9.820939 57.836830 17.987991 0.000000 0.000000 0.000000
108 1.072509 -39.597458 16.211044 0.000000 0.000000 0.000000
109 0.000000 9.000000 0.000000 0.000000 0.000000 0.000000
110 0.000000 0.000000 0.000000 0.000000 0.000000 0.000000
111 0.000000 0.000000 -10.000000 -0.000000 -0.000000 -0.000000
112 18.866682 7.619692 22.627903 0.000000 0.000000 0.000000
113 17.722874 37.010303 32.572662 0.735686 -0.081242 -1.919738
114 20.040791 -0.000036 0.000008 1.404680 0.142601 0.138624
115 0.000000 0.000000 0.000000 -0.658795 0.086295 -0.054437
116 0.000000 0.000000 0.000000 -0.235528 0.036014 0.000000
117 -0.000000 0.000000 0.000000 -1.816459 0.017293 -0.015642
118 -16.539768 56.829395 4.849957 0.000000 0.000000 0.000000
119 -7.570482 -39.519993 6.276289 0.000000 0.000000 0.000000
120 0.000000 9.000000 0.000000 0.000000 0.000000 0.000000
121 0.000000 0.000000 0.000000 0.000000 0.000000 0.000000
122 0.000004 -0.000016 -10.000016 -3.141593 -3.141593 3.141593
123 -19.063540 5.650098 0.272909 -0.000000 0.000000 0.000000
124 -31.156620 34.598194 3.840620 -2.856803 -0.372065 -1.183782
125 20.040770 -0.000027 0.000001 1.736913 -0.142601 0.138624
126 0.000000 0.000000 0.000000 0.153961 0.221297 -0.241845
127 0.000000 0.000000 0.000000 0.232579 -0.036013 -0.000000
128 -0.000000 -0.000000 0.000000 -1.329320 0.017292 0.015641
129 7.907136 29.747766 0.594446 0.000000 0.000000 0.000000
130 0.000000 0.000000 0.000000 0.000000 0.000000 0.000000
131 0.000000 0.000000 -10.000000 0.000000 0.000000 0.000000
132 1.291137 -1.630833 1.211044 0.000000 0.000000 0.000000
133 -2.461504 29.716677 -4.416320 0.000000 0.000000 0.000000
134 0.000000 0.000000 0.000000 0.000000 0.000000 0.000000
135 0.000000 0.000000 -10.000000 -0.000000 0.000000 0.000000
136 -7.451612 1.375729 0.432848 0.000000 0.000000 0.000000
137 0.000000 0.000000 0.000000 1.570796 0.000000 0.000000
138 10.893448 18.239372 34.199036 1.452697 -0.064063 -1.619038
139 -24.110249 17.309402 11.126246 -0.824950 -0.289139 -1.599012
time 62
0 0.000000 0.000000 0.000000 1.570796 0.000000 0.000000
1 0.000000 0.000000 0.000000 1.570796 0.000000 0.000000
2 2.794372 29.219774 -2.069560 0.020832 -0.461211 0.006732
3 0.000000 0.000000 0.000000 0.000000 0.000000 0.000000
4 5.757982 0.000000 0.000000 -2.109521 -0.898958 -1.081821
5 18.152637 -0.000000 0.000000 0.000000 0.000000 1.447279
6 17.091557 0.000000 0.000000 -0.104298 0.065032 -1.663361
7 6.229743 0.000000 -0.000000 0.027161 0.011142 -0.362127
8 -5.757982 0.000000 -0.000000 -1.329610 -0.700621 -1.943841
9 18.152637 0.000000 0.000000 0.000000 -0.000000 1.556893
10 17.091557 0.000000 -0.000000 0.340045 0.079896 -1.818293
11 6.229743 0.000000 0.000000 -0.115360 -0.029343 -0.659736
12 0.000000 3.964346 -1.347968 1.582527 -0.387606 1.559891
13 7.507315 0.000000 -0.000000 0.003500 -0.004911 0.165898
14 9.079733 0.000000 -0.000000 -0.001917 -0.010552 0.189817
15 10.826827 0.000000 -0.000000 0.035559 0.031613 0.588716
16 8.860067 -0.000000 0.000000 3.009202 -0.483324 0.683854
17 4.341945 -0.000000 -0.000000 0.028278 0.011652 1.866769
18 6.900930 1.363879 3.754603 -1.961044 -2.093757 0.330426
19 12.731754 -0.000000 0.000000 -1.864912 -1.155582 0.941028
20 26.625128 0.000000 0.000000 0.000000 -0.000000 -0.919338
21 20.040787 -0.000017 -0.000030 -1.278318 0.264207 0.264936
22 16.821650 2.696737 -0.203279 -0.454715 2.101277 -2.090298
23 2.039386 0.000000 -0.000000 -0.000000 -0.119732 -0.551019
24 1.516909 0.000000 0.000000 0.000000 -0.106498 -0.214585
25 17.176727 0.840396 -0.044736 -0.246604 1.977585 -1.852852
26 2.302859 -0.000000 -0.000000 -0.000000 -0.040281 -0.440509
27 2.047745 -0.000000 0.000000 -0.000000 -0.019146 -0.127858
28 17.032684 -1.069098 -0.638179 2.512672 1.056836 0.848304
29 2.907259 0.000000 0.000000 -0.000000 -0.070674 -0.789421
30 2.470908 0.000000 0.000000 -0.000000 0.042753 -0.053852
31 16.797981 -2.957015 -1.264867 2.402309 1.055943 0.717082
32 2.246732 -0.000000 -0.000000 0.000000 0.130347 -0.750151
33 1.924987 0.000000 0.000000 0.000000 0.084390 -0.071779
34 10.924372 -3.874175 -3.676631 -2.700621 0.350317 -0.102732
35 3.109823 -0.000000 0.000000 -0.000000 0.123272 -0.061145
36 1.512893 0.000000 0.000000 0.000000 -0.028966 0.541554
37 6.900930 1.363879 -3.754603 1.929314 2.108755 0.350770
38 12.731754 0.000000 0.000000 1.714842 1.151950 0.676083
39 26.625128 0.000000 0.000000 0.000000 -0.000000 -1.090887
40 20.040768 -0.000010 0.000019 0.801318 0.031183 0.380192
41 16.821663 2.695864 0.214569 0.458848 -2.097646 -2.093866
42 2.039386 0.000000 0.000000 0.000000 0.119732 -0.551019
43 1.516909 0.000000 -0.000000 0.000000 0.106498 -0.214585
44 17.176743 0.840203 0.048255 0.249576 -1.973565 -1.855583
45 2.302859 -0.000000 0.000000 0.000000 0.040281 -0.440509
46 2.047745 0.000000 -0.000000 0.000000 0.019146 -0.127858
47 17.032701 -1.071759 0.633698 -2.507009 -1.059970 0.843370
48 2.907259 0.000000 -0.000000 0.000000 0.070674 -0.789421
49 2.470908 0.000000 -0.000000 -0.000000 -0.042753 -0.053852
50 16.798000 -2.962283 1.252475 -2.395869 -1.058686 0.711474
51 2.246732 0.000000 0.000000 -0.000000 -0.130347 -0.750151
52 1.924987 -0.000000 0.000000 -0.000000 -0.084390 -0.071779
53 10.924391 -3.889540 3.660376 2.705055 -0.349884 -0.104252
54 3.109823 -0.000000 0.000000 -0.000000 -0.123272 -0.061145
55 1.512893 -0.000000 0.000000 0.000000 0.028966 0.541554
56 7.466661 3.907426 -1.935393 0.000000 0.000000 0.000000
57 1.084306 -0.064356 9.638580 -0.004984 -0.169562 -0.029916
58 -0.183178 -4.377939 -4.342432 0.000000 0.000000 0.000000
59 -0.002444 -3.215716 4.817647 0.037767 0.001184 -0.001387
60 0.000000 0.000000 0.000000 -0.000000 0.000000 -0.000000
61 0.000000 0.000000 0.000000 0.000000 0.000000 0.000000
62 -0.000000 -2.426310 5.737833 0.000000 0.000937 -0.001514
63 0.206732 -1.514296 -10.147256 0.000000 -0.000937 0.001514
64 -0.194928 1.514586 13.669277 0.000000 0.000937 -0.001514
65 0.003297 0.000007 -3.521831 0.000000 0.000000 0.000000
66 0.001702 2.426307 -5.737833 0.000000 0.000000 0.000000
67 0.000000 0.000000 0.000000 -0.000000 0.000000 0.000000
68 0.000000 0.000000 0.000000 0.037765 0.000247 0.000127
69 0.000687 -2.559309 9.257155 0.037767 0.001184 -0.001387
70 8.000000 0.000000 0.000000 0.010175 0.169332 0.031203
71 0.000003 -2.426316 9.259665 -0.000000 0.000937 -0.001514
72 -7.466661 3.907426 -1.935393 0.000000 0.000000 0.000000
73 1.489537 -0.042707 -6.482301 0.009627 -0.866718 -0.007932
74 0.334780 -4.377939 -4.346992 0.000000 0.000000 0.000000
75 -0.062716 -3.342545 4.972793 -0.120515 0.000118 -0.001856
76 0.000000 0.000000 -0.000000 -0.000000 -0.000000 0.000000
77 0.000000 0.000000 0.000000 0.139717 0.000000 0.000000
78 -0.000000 -2.426310 5.737833 -0.000000 0.000937 -0.001514
79 -0.183130 -1.514886 -10.147621 0.000000 -0.000937 0.001514
80 0.194928 1.514586 13.669277 0.000000 0.000937 -0.001514
81 0.003303 0.000007 -3.521831 0.139717 0.000000 0.000000
82 0.001702 2.426307 -5.737833 0.000000 0.000000 0.000000
83 -0.000000 -0.000000 0.000000 -0.139717 -0.000000 -0.000000
84 0.000000 0.000000 0.000000 -0.120516 -0.000819 -0.000342
85 -0.002103 -2.002920 9.234122 -0.121649 -0.001466 0.061032
86 -8.000000 0.000000 0.000000 -0.005531 0.866744 0.000919
87 -0.000003 -2.426316 9.259665 -0.000000 0.000937 -0.001514
88 0.000156 39.987263 -0.385905 0.000000 0.000000 0.000000
89 2.794216 -10.767488 -1.683656 0.020832 -0.461211 0.006732
90 0.000000 3.964346 -1.347968 1.570796 0.083193 1.570796
91 0.000000 0.000000 0.000000 0.007470 -0.010199 0.484481
92 0.000000 -0.000000 0.000000 -0.000000 -0.000000 -0.013661
93 7.506614 -0.102554 0.000000 0.004092 -0.004430 0.025593
94 0.000000 0.000000 0.000000 0.000000 -0.000000 0.126643
95 9.007018 1.146814 0.000000 0.001648 -0.010598 -0.017528
96 -0.000000 -0.000000 0.000000 0.000000 0.000000 0.333969
97 10.228633 3.548980 0.000000 -0.005157 0.047295 -0.030344
98 0.000000 -0.000000 0.000000 -0.000000 -0.000000 0.952345
99 5.136838 7.218981 0.000000 0.490399 -0.100349 -0.028187
100 0.000000 -0.000000 -0.000000 -0.000002 -3.141593 -1.535012
101 -0.155339 4.339165 0.000000 0.029608 -0.007672 -0.397504
102 0.000000 0.000000 -0.000000 3.141592 0.000000 0.137367
103 2.889723 6.413463 3.754603 1.037195 -1.069949 -1.767391
104 0.000000 0.000000 0.000000 0.064213 -0.028950 -0.040685
105 2.889723 6.413463 -3.754603 -1.110908 1.069949 -1.767391
106 0.000000 0.000000 0.000000 -0.040044 0.016648 -0.048410
107 9.684075 56.814644 18.040573 0.000000 0.000000 0.000000
108 1.453315 -38.575272 16.353842 0.000000 0.000000 0.000000
109 0.000000 9.000000 0.000000 0.000000 0.000000 0.000000
110 0.000000 0.000000 0.000000 0.000000 0.000000 0.000000
111 0.000000 0.000000 -10.000000 -0.000000 -0.000000 -0.000000
112 19.055803 7.480440 22.454124 0.000000 0.000000 0.000000
113 18.619497 36.788792 33.140934 0.729942 -0.062587 -1.954196
114 20.040791 -0.000036 0.000008 1.404680 0.142601 0.138624
115 0.000000 0.000000 -0.000000 -0.657769 0.113614 -0.056041
116 0.000000 0.000000 0.000000 -0.235528 0.036014 0.000000
117 -0.000000 0.000000 0.000000 -1.816459 0.017293 -0.015642
118 -16.626095 56.076122 4.777180 0.000000 0.000000 0.000000
119 -7.808004 -38.755272 6.349067 0.000000 0.000000 0.000000
120 0.000000 9.000000 0.000000 0.000000 0.000000 0.000000
121 0.000000 0.000000 0.000000 0.000000 0.000000 0.000000
122 0.000004 -0.000016 -10.000016 -3.141593 -3.141593 3.141593
123 -19.176050 5.381439 -0.003309 -0.000000 0.000000 0.000000
124 -31.864708 34.282631 3.463472 -2.862399 -0.392347 -1.157900
125 20.040770 -0.000027 0.000001 1.736913 -0.142601 0.138624
126 0.000000 0.000000 0.000000 0.149295 0.234853 -0.228140
127 0.000000 0.000000 0.000000 0.232579 -0.036013 -0.000000
128 -0.000000 -0.000000 0.000000 -1.329320 0.017292 0.015641
129 7.950609 29.254488 0.492933 0.000000 0.000000 0.000000
130 0.000000 0.000000 0.000000 0.000000 0.000000 0.000000
131 0.000000 0.000000 -10.000000 0.000000 0.000000 0.000000
132 1.291818 -1.868020 1.471262 0.000000 0.000000 0.000000
133 -2.361865 29.185062 -4.632054 0.000000 0.000000 0.000000
134 0.000000 0.000000 0.000000 0.000000 0.000000 0.000000
135 0.000000 0.000000 -10.000000 -0.000000 0.000000 0.000000
136 -7.368418 1.614621 0.394102 0.000000 0.000000 0.000000
137 0.000000 0.000000 0.000000 1.570796 0.000000 0.000000
138 11.137390 18.239372 34.394417 1.452697 -0.057231 -1.629631
139 -24.434099 17.320850 11.126246 -0.827928 -0.291135 -1.580214
time 63
0 0.000000 0.000000 0.000000 1.570796 0.000000 0.000000
1 0.000000 0.000000 0.000000 1.570796 0.000000 0.000000
2 2.840397 28.640652 -2.202358 0.015010 -0.470050 0.010698
3 0.000000 0.000000 0.000000 0.000000 0.000000 0.000000
4 5.757982 0.000000 0.000000 -2.137740 -0.915246 -1.052848
5 18.152637 -0.000000 -0.000000 -0.000000 0.000000 1.488404
6 17.091557 -0.000000 -0.000000 -0.106388 0.066620 -1.676637
7 6.229743 0.000000 0.000000 0.027109 0.011278 -0.366004
8 -5.757982 0.000000 -0.000000 -1.338190 -0.722954 -1.946847
9 18.152637 0.000000 0.000000 -0.000000 0.000000 1.598966
10 17.091557 -0.000000 0.000000 0.339305 0.085577 -1.852598
11 6.229743 -0.000000 -0.000000 -0.115752 -0.028852 -0.645094
12 0.000000 3.964346 -1.347968 1.582496 -0.391868 1.556729
13 7.507315 0.000000 0.000000 0.001948 -0.007752 0.176796
14 9.079733 0.000000 -0.000000 -0.003869 -0.014358 0.193669
15 10.826827 0.000000 0.000000 0.034311 0.030753 0.589165
16 8.860067 0.000000 -0.000000 3.011543 -0.483282 0.668884
17 4.341945 -0.000000 0.000000 0.028523 0.009132 1.877064
18 6.900930 1.363879 3.754603 -1.966020 -2.092183 0.324475
19 12.731754 0.000000 0.000000 -1.843168 -1.103007 0.894822
20 26.625128 0.000000 0.000000 0.000000 -0.000000 -0.996462
21 20.040787 -0.000017 -0.000030 -1.269850 0.268130 0.284268
22 16.821650 2.696737 -0.203279 -0.454715 2.101277 -2.090298
23 2.039386 0.000000 -0.000000 0.000000 -0.119732 -0.551019
24 1.516909 0.000000 -0.000000 0.000000 -0.106498 -0.214585
25 17.176727 0.840396 -0.044736 -0.246604 1.977585 -1.852852
26 2.302859 -0.000000 -0.000000 0.000000 -0.040281 -0.440509
27 2.047745 0.000000 0.000000 -0.000000 -0.019146 -0.127858
28 17.032684 -1.069098 -0.638179 2.512672 1.056836 0.848304
29 2.907259 0.000000 0.000000 0.000000 -0.070674 -0.789421
30 2.470908 0.000000 -0.000000 0.000000 0.042753 -0.053852
31 16.797981 -2.957015 -1.264867 2.402309 1.055943 0.717082
32 2.246732 0.000000 0.000000 -0.000000 0.130347 -0.750151
33 1.924987 -0.000000 -0.000000 0.000000 0.084390 -0.071779
34 10.924372 -3.874175 -3.676631 -2.700621 0.350317 -0.102732
35 3.109823 -0.000000 -0.000000 -0.000000 0.123272 -0.061145
36 1.512893 -0.000000 -0.000000 0.000000 -0.028966 0.541554
37 6.900930 1.363879 -3.754603 1.926553 2.099406 0.339478
38 12.731754 -0.000000 0.000000 1.735985 1.127226 0.683486
39 26.625128 0.000000 0.000000 -0.000000 -0.000000 -1.146448
40 20.040768 -0.000010 0.000019 0.799881 0.017548 0.388691
41 16.821663 2.695864 0.214569 0.458848 -2.097646 -2.093866
42 2.039386 -0.000000 -0.000000 0.000000 0.119732 -0.551019
43 1.516909 0.000000 0.000000 0.000000 0.106498 -0.214585
44 17.176743 0.840203 0.048255 0.249576 -1.973565 -1.855583
45 2.302859 -0.000000 0.000000 0.000000 0.040281 -0.440509
46 2.047745 0.000000 0.000000 -0.000000 0.019146 -0.127858
47 17.032701 -1.071759 0.633698 -2.507009 -1.059970 0.843370
48 2.907259 -0.000000 -0.000000 -0.000000 0.070674 -0.789421
49 2.470908 0.000000 0.000000 -0.000000 -0.042753 -0.053852
50 16.798000 -2.962283 1.252475 -2.395869 -1.058686 0.711474
51 2.246732 0.000000 0.000000 0.000000 -0.130347 -0.750151
52 1.924987 -0.000000 -0.000000 -0.000000 -0.084390 -0.071779
53 10.924391 -3.889540 3.660376 2.705055 -0.349884 -0.104252
54 3.109823 0.000000 0.000000 0.000000 -0.123272 -0.061145
55 1.512893 -0.000000 -0.000000 0.000000 0.028966 0.541554
56 7.466661 3.907426 -1.935393 0.000000 0.000000 0.000000
57 1.091074 -0.090200 9.650847 -0.005423 -0.170345 -0.031209
58 -0.183178 -4.377939 -4.342432 0.000000 0.000000 0.000000
59 -0.002433 -3.219280 4.820716 0.033888 0.001159 -0.001401
60 0.000000 0.000000 0.000000 0.000000 0.000000 0.000000
61 0.000000 0.000000 0.000000 0.000000 0.000000 0.000000
62 -0.000000 -2.426310 5.737833 0.000000 0.000937 -0.001514
63 0.206732 -1.514296 -10.147256 0.000000 -0.000937 0.001514
64 -0.194928 1.514586 13.669277 0.000000 0.000937 -0.001514
65 0.003297 0.000007 -3.521831 0.000000 0.000000 0.000000
66 0.001702 2.426307 -5.737833 0.000000 0.000000 0.000000
67 0.000000 0.000000 0.000000 0.000000 0.000000 0.000000
68 0.000000 0.000000 0.000000 0.033886 0.000222 0.000114
69 0.000616 -2.545656 9.257645 0.033888 0.001159 -0.001401
70 8.000000 0.000000 0.000000 0.010867 0.170087 0.032598
71 0.000003 -2.426316 9.259665 -0.000000 0.000937 -0.001514
72 -7.466661 3.907426 -1.935393 0.000000 0.000000 0.000000
73 1.559221 -0.132631 -6.514047 -0.006344 -0.867353 -0.009044
74 0.334780 -4.377939 -4.346992 0.000000 0.000000 0.000000
75 -0.062743 -3.331247 4.959463 -0.105871 0.000220 -0.001820
76 0.000000 0.000000 0.000000 -0.000000 -0.000000 -0.000000
77 0.000000 0.000000 0.000000 0.139717 0.000000 0.000000
78 -0.000000 -2.426310 5.737833 -0.000000 0.000937 -0.001514
79 -0.183130 -1.514886 -10.147621 0.000000 -0.000937 0.001514
80 0.194928 1.514586 13.669277 0.000000 0.000937 -0.001514
81 0.003303 0.000007 -3.521831 0.139717 0.000000 0.000000
82 0.001702 2.426307 -5.737833 0.000000 0.000000 0.000000
83 -0.000000 -0.000000 0.000000 -0.139717 -0.000000 -0.000000
84 0.000000 0.000000 0.000000 -0.105872 -0.000717 -0.000305
85 -0.001855 -2.054162 9.239947 -0.107028 -0.002285 0.061038
86 -8.000000 0.000000 0.000000 0.020467 0.867192 0.021458
87 -0.000003 -2.426316 9.259665 -0.000000 0.000937 -0.001514
88 0.000156 39.987263 -0.385905 0.000000 0.000000 0.000000
89 2.840241 -11.346609 -1.816454 0.015010 -0.470050 0.010698
90 0.000000 3.964346 -1.347968 1.570796 0.083193 1.570796
91 0.000000 0.000000 0.000000 0.006148 -0.013086 0.488758
92 0.000000 -0.000000 0.000000 -0.000000 -0.000000 -0.013661
93 7.506614 -0.102554 0.000000 0.002912 -0.007444 0.036489
94 0.000000 0.000000 0.000000 0.000000 -0.000000 0.126643
95 9.007018 1.146814 0.000000 0.001052 -0.014833 -0.013693
96 -0.000000 -0.000000 0.000000 0.000000 0.000000 0.333969
97 10.228633 3.548980 0.000000 -0.005179 0.045780 -0.029858
98 0.000000 -0.000000 0.000000 -0.000000 -0.000000 0.952345
99 5.136838 7.218981 0.000000 0.490164 -0.098290 -0.042047
100 0.000000 -0.000000 -0.000000 -0.000002 -3.141593 -1.535012
101 -0.155339 4.339165 0.000000 0.029506 -0.005142 -0.407796
102 0.000000 0.000000 -0.000000 3.141592 0.000000 0.137367
103 2.889723 6.413463 3.754603 1.037195 -1.069949 -1.767391
104 0.000000 0.000000 0.000000 0.054075 -0.032307 -0.040566
105 2.889723 6.413463 -3.754603 -1.110908 1.069949 -1.767391
106 0.000000 0.000000 0.000000 -0.032946 0.025536 -0.041976
107 9.554583 55.881630 18.178225 0.000000 0.000000 0.000000
108 1.859733 -37.642258 16.428812 0.000000 0.000000 0.000000
109 0.000000 9.000000 0.000000 0.000000 0.000000 0.000000
110 0.000000 0.000000 0.000000 0.000000 0.000000 0.000000
111 0.000000 0.000000 -10.000000 -0.000000 -0.000000 -0.000000
112 19.308994 7.366096 22.282351 0.000000 0.000000 0.000000
113 19.431845 36.580635 33.631660 0.721641 -0.048689 -1.982897
114 20.040791 -0.000036 0.000008 1.404680 0.142601 0.138624
115 0.000000 -0.000000 0.000000 -0.653745 0.132454 -0.057495
116 0.000000 0.000000 0.000000 -0.235528 0.036014 0.000000
117 -0.000000 0.000000 0.000000 -1.816459 0.017293 -0.015642
118 -16.763123 55.348793 4.765005 0.000000 0.000000 0.000000
119 -8.014244 -38.016109 6.361242 0.000000 0.000000 0.000000
120 0.000000 9.000000 0.000000 0.000000 0.000000 0.000000
121 0.000000 0.000000 0.000000 0.000000 0.000000 0.000000
122 0.000004 -0.000016 -10.000016 -3.141593 -3.141593 3.141593
123 -19.247583 5.225191 -0.159343 -0.000000 0.000000 0.000000
124 -32.581711 33.991299 3.175337 -2.871683 -0.407958 -1.132675
125 20.040770 -0.000027 0.000001 1.736913 -0.142601 0.138624
126 0.000000 0.000000 0.000000 0.150090 0.245593 -0.215914
127 0.000000 0.000000 0.000000 0.232579 -0.036013 -0.000000
128 -0.000000 -0.000000 0.000000 -1.329320 0.017292 0.015641
129 7.973607 28.695570 0.405609 0.000000 0.000000 0.000000
130 0.000000 0.000000 0.000000 0.000000 0.000000 0.000000
131 0.000000 0.000000 -10.000000 0.000000 0.000000 0.000000
132 1.271684 -2.103826 1.746640 0.000000 0.000000 0.000000
133 -2.292813 28.585735 -4.810326 0.000000 0.000000 0.000000
134 0.000000 0.000000 0.000000 0.000000 0.000000 0.000000
135 0.000000 0.000000 -10.000000 -0.000000 0.000000 0.000000
136 -7.273470 1.842748 0.360726 0.000000 0.000000 0.000000
137 0.000000 0.000000 0.000000 1.570796 0.000000 0.000000
138 11.414316 18.239372 34.607037 1.452697 -0.049795 -1.641671
139 -24.777367 17.332685 11.126246 -0.830765 -0.293036 -1.560591
time 64
0 0.000000 0.000000 0.000000 1.570796 0.000000 0.000000
1 0.000000 0.000000 0.000000 1.570796 0.000000 0.000000
2 2.858442 28.061081 -2.305760 0.009537 -0.473535 0.014721
3 0.000000 0.000000 0.000000 0.000000 0.000000 0.000000
4 5.757982 0.000000 0.000000 -2.156429 -0.933846 -1.029294
5 18.152637 -0.000000 0.000000 0.000000 -0.000000 1.530639
6 17.091557 0.000000 -0.000000 -0.111840 0.066746 -1.692305
7 6.229743 0.000000 -0.000000 0.027054 0.011420 -0.370047
8 -5.757982 0.000000 -0.000000 -1.344322 -0.742060 -1.951108
9 18.152637 0.000000 0.000000 0.000000 -0.000000 1.641021
10 17.091557 -0.000000 -0.000000 0.339253 0.092695 -1.885728
11 6.229743 0.000000 0.000000 -0.116053 -0.028465 -0.633690
12 0.000000 3.964346 -1.347968 1.581317 -0.394040 1.554838
13 7.507315 0.000000 0.000000 -0.000312 -0.010180 0.186297
14 9.079733 0.000000 -0.000000 -0.005612 -0.018654 0.199188
15 10.826827 0.000000 -0.000000 0.033609 0.030839 0.590216
16 8.860067 0.000000 0.000000 3.013676 -0.480884 0.651880
17 4.341945 0.000000 0.000000 0.026630 0.005704 1.887781
18 6.900930 1.363879 3.754603 -1.961845 -2.090167 0.310927
19 12.731754 0.000000 0.000000 -1.830296 -1.050079 0.865177
20 26.625128 -0.000000 0.000000 -0.000000 0.000000 -1.066221
21 20.040787 -0.000017 -0.000030 -1.265972 0.272930 0.298096
22 16.821650 2.696737 -0.203279 -0.454715 2.101277 -2.090298
23 2.039386 -0.000000 -0.000000 0.000000 -0.119732 -0.551019
24 1.516909 0.000000 0.000000 0.000000 -0.106498 -0.214585
25 17.176727 0.840396 -0.044736 -0.246604 1.977585 -1.852852
26 2.302859 -0.000000 -0.000000 -0.000000 -0.040281 -0.440509
27 2.047745 0.000000 0.000000 -0.000000 -0.019146 -0.127858
28 17.032684 -1.069098 -0.638179 2.512672 1.056836 0.848304
29 2.907259 0.000000 -0.000000 0.000000 -0.070674 -0.789421
30 2.470908 0.000000 0.000000 0.000000 0.042753 -0.053852
31 16.797981 -2.957015 -1.264867 2.402309 1.055943 0.717082
32 2.246732 0.000000 0.000000 -0.000000 0.130347 -0.750151
33 1.924987 -0.000000 0.000000 0.000000 0.084390 -0.071779
34 10.924372 -3.874175 -3.676631 -2.700621 0.350317 -0.102732
35 3.109823 -0.000000 0.000000 -0.000000 0.123272 -0.061145
36 1.512893 -0.000000 -0.000000 -0.000000 -0.028966 0.541554
37 6.900930 1.363879 -3.754603 1.920659 2.098193 0.327604
38 12.731754 -0.000000 -0.000000 1.762926 1.101118 0.703262
39 26.625128 0.000000 -0.000000 0.000000 -0.000000 -1.196387
40 20.040768 -0.000010 0.000019 0.802317 0.003405 0.392615
41 16.821663 2.695864 0.214569 0.458848 -2.097646 -2.093866
42 2.039386 -0.000000 0.000000 -0.000000 0.119732 -0.551019
43 1.516909 -0.000000 0.000000 0.000000 0.106498 -0.214585
44 17.176743 0.840203 0.048255 0.249576 -1.973565 -1.855583
45 2.302859 -0.000000 -0.000000 0.000000 0.040281 -0.440509
46 2.047745 -0.000000 -0.000000 0.000000 0.019146 -0.127858
47 17.032701 -1.071759 0.633698 -2.507009 -1.059970 0.843370
48 2.907259 0.000000 -0.000000 0.000000 0.070674 -0.789421
49 2.470908 0.000000 0.000000 -0.000000 -0.042753 -0.053852
50 16.798000 -2.962283 1.252475 -2.395869 -1.058686 0.711474
51 2.246732 -0.000000 -0.000000 -0.000000 -0.130347 -0.750151
52 1.924987 -0.000000 0.000000 -0.000000 -0.084390 -0.071779
53 10.924391 -3.889540 3.660376 2.705055 -0.349884 -0.104252
54 3.109823 0.000000 0.000000 -0.000000 -0.123272 -0.061145
55 1.512893 0.000000 0.000000 0.000000 0.028966 0.541554
56 7.466661 3.907426 -1.935393 0.000000 0.000000 0.000000
57 1.121918 -0.098292 9.628513 -0.006363 -0.170338 -0.033064
58 -0.183178 -4.377939 -4.342432 0.000000 0.000000 0.000000
59 -0.002421 -3.222983 4.823932 0.029842 0.001133 -0.001415
60 0.000000 0.000000 0.000000 0.000000 0.000000 0.000000
61 0.000000 0.000000 0.000000 0.000000 0.000000 0.000000
62 -0.000000 -2.426310 5.737833 0.000000 0.000937 -0.001514
63 0.206732 -1.514296 -10.147256 0.000000 -0.000937 0.001514
64 -0.194928 1.514586 13.669277 0.000000 0.000937 -0.001514
65 0.003297 0.000007 -3.521831 0.000000 0.000000 0.000000
66 0.001702 2.426307 -5.737833 0.000000 0.000000 0.000000
67 0.000000 0.000000 0.000000 0.000000 0.000000 0.000000
68 0.000000 0.000000 0.000000 0.029840 0.000196 0.000100
69 0.000542 -2.531415 9.258099 0.029842 0.001133 -0.001415
70 8.000000 0.000000 0.000000 0.012139 0.170027 0.034642
71 0.000003 -2.426316 9.259665 -0.000000 0.000937 -0.001514
72 -7.466661 3.907426 -1.935393 0.000000 0.000000 0.000000
73 1.613960 -0.208228 -6.539043 -0.017618 -0.867474 -0.012124
74 0.334780 -4.377939 -4.346992 0.000000 0.000000 0.000000
75 -0.062765 -3.322312 4.949196 -0.094466 0.000299 -0.001790
76 0.000000 0.000000 0.000000 0.000000 0.000000 0.000000
77 0.000000 0.000000 0.000000 0.139717 0.000000 0.000000
78 -0.000000 -2.426310 5.737833 -0.000000 0.000937 -0.001514
79 -0.183130 -1.514886 -10.147621 0.000000 -0.000937 0.001514
80 0.194928 1.514586 13.669277 0.000000 0.000937 -0.001514
81 0.003303 0.000007 -3.521831 0.139717 0.000000 0.000000
82 0.001702 2.426307 -5.737833 0.000000 0.000000 0.000000
83 0.000000 -0.000000 0.000000 -0.139717 -0.000000 -0.000000
84 0.000000 0.000000 0.000000 -0.094467 -0.000638 -0.000276
85 -0.001661 -2.094130 9.243964 -0.095640 -0.002922 0.061035
86 -8.000000 0.000000 0.000000 0.041515 0.866874 0.039499
87 -0.000003 -2.426316 9.259665 -0.000000 0.000937 -0.001514
88 0.000156 39.987263 -0.385905 0.000000 0.000000 0.000000
89 2.858286 -11.926181 -1.919856 0.009537 -0.473535 0.014721
90 0.000000 3.964346 -1.347968 1.570796 0.083193 1.570796
91 0.000000 0.000000 0.000000 0.004192 -0.014794 0.490941
92 0.000000 -0.000000 0.000000 -0.000000 -0.000000 -0.013661
93 7.506614 -0.102554 0.000000 0.000977 -0.010138 0.045987
94 0.000000 0.000000 0.000000 0.000000 -0.000000 0.126643
95 9.007018 1.146814 0.000000 0.000814 -0.019463 -0.008198
96 -0.000000 -0.000000 0.000000 0.000000 0.000000 0.333969
97 10.228633 3.548980 0.000000 -0.005656 0.045258 -0.028807
98 0.000000 -0.000000 0.000000 -0.000000 -0.000000 0.952345
99 5.136838 7.218981 0.000000 0.487591 -0.096628 -0.057812
100 0.000000 -0.000000 -0.000000 -0.000002 -3.141593 -1.535012
101 -0.155339 4.339165 0.000000 0.027161 -0.002005 -0.418519
102 0.000000 0.000000 -0.000000 3.141592 0.000000 0.137367
103 2.889723 6.413463 3.754603 1.037195 -1.069949 -1.767391
104 0.000000 0.000000 0.000000 0.046534 -0.039257 -0.041635
105 2.889723 6.413463 -3.754603 -1.110908 1.069949 -1.767391
106 0.000000 0.000000 0.000000 -0.028615 0.031537 -0.043090
107 9.474758 54.950096 18.271315 0.000000 0.000000 0.000000
108 2.217888 -36.710724 16.548342 0.000000 0.000000 0.000000
109 0.000000 9.000000 0.000000 0.000000 0.000000 0.000000
110 0.000000 0.000000 0.000000 0.000000 0.000000 0.000000
111 0.000000 0.000000 -10.000000 -0.000000 -0.000000 -0.000000
112 19.574806 7.374072 22.193565 0.000000 0.000000 0.000000
113 20.176716 36.380184 34.067642 0.717479 -0.037533 -2.008254
114 20.040791 -0.000036 0.000008 1.404680 0.142601 0.138624
115 0.000000 0.000000 0.000000 -0.653442 0.146277 -0.060529
116 0.000000 0.000000 0.000000 -0.235528 0.036014 0.000000
117 -0.000000 0.000000 0.000000 -1.816459 0.017293 -0.015642
118 -16.809277 54.641617 4.740135 0.000000 0.000000 0.000000
119 -8.305964 -37.296803 6.386112 0.000000 0.000000 0.000000
120 0.000000 9.000000 0.000000 0.000000 0.000000 0.000000
121 0.000000 0.000000 0.000000 0.000000 0.000000 0.000000
122 0.000004 -0.000016 -10.000016 -3.141593 -3.141593 3.141593
123 -19.279598 5.119965 -0.239878 -0.000000 0.000000 0.000000
124 -33.209431 33.745140 2.931896 -2.882693 -0.421230 -1.112331
125 20.040770 -0.000027 0.000001 1.736913 -0.142601 0.138624
126 0.000000 0.000000 0.000000 0.155428 0.251950 -0.202191
127 0.000000 0.000000 0.000000 0.232579 -0.036013 -0.000000
128 -0.000000 -0.000000 0.000000 -1.329320 0.017292 0.015641
129 7.982271 28.136517 0.320082 0.000000 0.000000 0.000000
130 0.000000 0.000000 0.000000 0.000000 0.000000 0.000000
131 0.000000 0.000000 -10.000000 0.000000 0.000000 0.000000
132 1.269704 -2.324114 2.025920 0.000000 0.000000 0.000000
133 -2.265387 27.985645 -4.931602 0.000000 0.000000 0.000000
134 0.000000 0.000000 0.000000 0.000000 0.000000 0.000000
135 0.000000 0.000000 -10.000000 -0.000000 0.000000 0.000000
136 -7.159800 2.034118 0.351864 0.000000 0.000000 0.000000
137 0.000000 0.000000 0.000000 1.570796 0.000000 0.000000
138 11.692646 18.239372 34.819656 1.452697 -0.042360 -1.653766
139 -25.115240 17.344814 11.126246 -0.833244 -0.294698 -1.541425
time 65
0 0.000000 0.000000 0.000000 1.570796 0.000000 0.000000
1 0.000000 0.000000 0.000000 1.570796 0.000000 0.000000
2 2.859574 27.504410 -2.408359 0.005590 -0.474130 0.018725
3 0.000000 0.000000 0.000000 0.000000 0.000000 0.000000
4 5.757982 0.000000 0.000000 -2.171414 -0.954893 -1.008557
5 18.152637 -0.000000 0.000000 -0.000000 -0.000000 1.568763
6 17.091557 -0.000000 0.000000 -0.119055 0.065871 -1.705311
7 6.229743 0.000000 -0.000000 0.027006 0.011541 -0.373512
8 -5.757982 0.000000 -0.000000 -1.350018 -0.761581 -1.955038
9 18.152637 -0.000000 -0.000000 0.000000 0.000000 1.682439
10 17.091557 -0.000000 0.000000 0.339729 0.101503 -1.913441
11 6.229743 0.000000 -0.000000 -0.116221 -0.028244 -0.627222
12 0.000000 3.964346 -1.347968 1.580894 -0.396054 1.552181
13 7.507315 0.000000 0.000000 -0.001664 -0.012793 0.193307
14 9.079733 -0.000000 -0.000000 -0.007193 -0.022688 0.201875
15 10.826827 0.000000 -0.000000 0.035121 0.032601 0.590513
16 8.860067 -0.000000 -0.000000 3.017827 -0.477193 0.635650
17 4.341945 0.000000 0.000000 0.023633 0.002941 1.896214
18 6.900930 1.363879 3.754603 -1.954714 -2.089572 0.296524
19 12.731754 0.000000 -0.000000 -1.824350 -1.006245 0.851984
20 26.625128 0.000000 0.000000 -0.000000 0.000000 -1.123147
21 20.040787 -0.000017 -0.000030 -1.266812 0.278668 0.306368
22 16.821650 2.696737 -0.203279 -0.454715 2.101277 -2.090298
23 2.039386 -0.000000 0.000000 -0.000000 -0.119732 -0.551019
24 1.516909 0.000000 -0.000000 0.000000 -0.106498 -0.214585
25 17.176727 0.840396 -0.044736 -0.246604 1.977585 -1.852852
26 2.302859 -0.000000 -0.000000 -0.000000 -0.040281 -0.440509
27 2.047745 0.000000 0.000000 0.000000 -0.019146 -0.127858
28 17.032684 -1.069098 -0.638179 2.512672 1.056836 0.848304
29 2.907259 0.000000 -0.000000 -0.000000 -0.070674 -0.789421
30 2.470908 -0.000000 0.000000 0.000000 0.042753 -0.053852
31 16.797981 -2.957015 -1.264867 2.402309 1.055943 0.717082
32 2.246732 -0.000000 -0.000000 0.000000 0.130347 -0.750151
33 1.924987 -0.000000 -0.000000 0.000000 0.084390 -0.071779
34 10.924372 -3.874175 -3.676631 -2.700621 0.350317 -0.102732
35 3.109823 -0.000000 0.000000 -0.000000 0.123272 -0.061145
36 1.512893 0.000000 0.000000 0.000000 -0.028966 0.541554
37 6.900930 1.363879 -3.754603 1.926831 2.099186 0.335295
38 12.731754 0.000000 0.000000 1.795542 1.081345 0.727440
39 26.625128 0.000000 0.000000 -0.000000 0.000000 -1.233934
40 20.040768 -0.000010 0.000019 0.807605 -0.007914 0.390140
41 16.821663 2.695864 0.214569 0.458848 -2.097646 -2.093866
42 2.039386 -0.000000 0.000000 0.000000 0.119732 -0.551019
43 1.516909 0.000000 -0.000000 0.000000 0.106498 -0.214585
44 17.176743 0.840203 0.048255 0.249576 -1.973565 -1.855583
45 2.302859 0.000000 -0.000000 0.000000 0.040281 -0.440509
46 2.047745 0.000000 0.000000 0.000000 0.019146 -0.127858
47 17.032701 -1.071759 0.633698 -2.507009 -1.059970 0.843370
48 2.907259 0.000000 -0.000000 -0.000000 0.070674 -0.789421
49 2.470908 0.000000 -0.000000 -0.000000 -0.042753 -0.053852
50 16.798000 -2.962283 1.252475 -2.395869 -1.058686 0.711474
51 2.246732 0.000000 0.000000 -0.000000 -0.130347 -0.750151
52 1.924987 -0.000000 0.000000 -0.000000 -0.084390 -0.071779
53 10.924391 -3.889540 3.660376 2.705055 -0.349884 -0.104252
54 3.109823 0.000000 -0.000000 0.000000 -0.123272 -0.061145
55 1.512893 0.000000 0.000000 0.000000 0.028966 0.541554
56 7.466661 3.907426 -1.935393 0.000000 0.000000 0.000000
57 1.133409 -0.113036 9.625549 -0.007860 -0.169819 -0.036015
58 -0.183178 -4.377939 -4.342432 0.000000 0.000000 0.000000
59 -0.002412 -3.226146 4.826698 0.026376 0.001110 -0.001427
60 0.000000 0.000000 0.000000 0.000000 -0.000000 -0.000000
61 0.000000 0.000000 0.000000 0.000000 0.000000 0.000000
62 -0.000000 -2.426310 5.737833 0.000000 0.000937 -0.001514
63 0.206732 -1.514296 -10.147256 0.000000 -0.000937 0.001514
64 -0.194928 1.514586 13.669277 0.000000 0.000937 -0.001514
65 0.003297 0.000007 -3.521831 0.000000 0.000000 0.000000
66 0.001702 2.426307 -5.737833 0.000000 0.000000 0.000000
67 0.000000 0.000000 0.000000 0.000000 0.000000 0.000000
68 0.000000 0.000000 0.000000 0.026375 0.000173 0.000088
69 0.000479 -2.519213 9.258442 0.026376 0.001110 -0.001427
70 8.000000 0.000000 0.000000 0.014143 0.169415 0.037885
71 0.000003 -2.426316 9.259665 -0.000000 0.000937 -0.001514
72 -7.466661 3.907426 -1.935393 0.000000 0.000000 0.000000
73 1.653742 -0.257659 -6.551675 -0.022232 -0.867633 -0.017248
74 0.334780 -4.377939 -4.346992 0.000000 0.000000 0.000000
75 -0.062778 -3.317193 4.943419 -0.087997 0.000343 -0.001773
76 0.000000 0.000000 0.000000 -0.000000 -0.000000 0.000000
77 0.000000 0.000000 0.000000 0.139717 0.000000 0.000000
78 -0.000000 -2.426310 5.737833 -0.000000 0.000937 -0.001514
79 -0.183130 -1.514886 -10.147621 0.000000 -0.000937 0.001514
80 0.194928 1.514586 13.669277 0.000000 0.000937 -0.001514
81 0.003303 0.000007 -3.521831 0.139717 0.000000 0.000000
82 0.001702 2.426307 -5.737833 0.000000 0.000000 0.000000
83 0.000000 -0.000000 0.000000 -0.139717 -0.000000 -0.000000
84 0.000000 0.000000 0.000000 -0.087998 -0.000594 -0.000259
85 -0.001550 -2.116817 9.246040 -0.089181 -0.003284 0.061029
86 -8.000000 0.000000 0.000000 0.054672 0.866574 0.052844
87 -0.000003 -2.426316 9.259665 -0.000000 0.000937 -0.001514
88 0.000156 39.987263 -0.385905 0.000000 0.000000 0.000000
89 2.859418 -12.482851 -2.022455 0.005590 -0.474130 0.018725
90 0.000000 3.964346 -1.347968 1.570796 0.083193 1.570796
91 0.000000 0.000000 0.000000 0.002681 -0.017212 0.492972
92 0.000000 -0.000000 0.000000 -0.000000 -0.000000 -0.013661
93 7.506614 -0.102554 0.000000 -0.000034 -0.012901 0.052993
94 0.000000 0.000000 0.000000 0.000000 -0.000000 0.126643
95 9.007018 1.146814 0.000000 0.000643 -0.023792 -0.005540
96 -0.000000 -0.000000 0.000000 0.000000 0.000000 0.333969
97 10.228633 3.548980 0.000000 -0.006218 0.047510 -0.028584
98 0.000000 -0.000000 0.000000 -0.000000 -0.000000 0.952345
99 5.136838 7.218981 0.000000 0.483565 -0.093291 -0.071746
100 0.000000 -0.000000 -0.000000 -0.000002 -3.141593 -1.535012
101 -0.155339 4.339165 0.000000 0.023814 0.000321 -0.426962
102 0.000000 0.000000 -0.000000 3.141592 0.000000 0.137367
103 2.889723 6.413463 3.754603 1.037195 -1.069949 -1.767391
104 0.000000 0.000000 0.000000 0.041264 -0.045996 -0.044084
105 2.889723 6.413463 -3.754603 -1.110908 1.069949 -1.767391
106 0.000000 0.000000 0.000000 -0.029071 0.027572 -0.042568
107 9.470539 54.115025 18.302996 0.000000 0.000000 0.000000
108 2.470262 -35.875652 16.712042 0.000000 0.000000 0.000000
109 0.000000 9.000000 0.000000 0.000000 0.000000 0.000000
110 0.000000 0.000000 0.000000 0.000000 0.000000 0.000000
111 0.000000 0.000000 -10.000000 -0.000000 -0.000000 -0.000000
112 19.790707 7.454446 22.174238 0.000000 0.000000 0.000000
113 20.797960 36.206997 34.424088 0.717884 -0.029492 -2.028789
114 20.040791 -0.000036 0.000008 1.404680 0.142601 0.138624
115 0.000000 0.000000 0.000000 -0.656961 0.155046 -0.065160
116 0.000000 0.000000 0.000000 -0.235528 0.036014 0.000000
117 -0.000000 0.000000 0.000000 -1.816459 0.017293 -0.015642
118 -16.808706 54.079945 4.762801 0.000000 0.000000 0.000000
119 -8.614203 -36.722809 6.363446 0.000000 0.000000 0.000000
120 0.000000 9.000000 0.000000 0.000000 0.000000 0.000000
121 0.000000 0.000000 0.000000 0.000000 0.000000 0.000000
122 0.000004 -0.000016 -10.000016 -3.141593 -3.141593 3.141593
123 -19.370852 5.202004 -0.318176 -0.000000 0.000000 0.000000
124 -33.698589 33.592789 2.786533 -2.892255 -0.429192 -1.099401
125 20.040770 -0.000027 0.000001 1.736913 -0.142601 0.138624
126 0.000000 -0.000000 0.000000 0.163432 0.251527 -0.190103
127 0.000000 0.000000 0.000000 0.232579 -0.036013 -0.000000
128 -0.000000 -0.000000 0.000000 -1.329320 0.017292 0.015641
129 7.981495 27.600330 0.220534 0.000000 0.000000 0.000000
130 0.000000 0.000000 0.000000 0.000000 0.000000 0.000000
131 0.000000 0.000000 -10.000000 0.000000 0.000000 0.000000
132 1.276316 -2.519872 2.293720 0.000000 0.000000 0.000000
133 -2.262347 27.408491 -5.037252 0.000000 0.000000 0.000000
134 0.000000 0.000000 0.000000 0.000000 0.000000 0.000000
135 0.000000 0.000000 -10.000000 -0.000000 0.000000 0.000000
136 -7.023593 2.204467 0.364030 0.000000 0.000000 0.000000
137 0.000000 0.000000 0.000000 1.570796 0.000000 0.000000
138 11.940801 18.239372 35.015038 1.452697 -0.035527 -1.664529
139 -25.422909 17.357136 11.126246 -0.835146 -0.295972 -1.523982
time 66
0 0.000000 0.000000 0.000000 1.570796 0.000000 0.000000
1 0.000000 0.000000 0.000000 1.570796 0.000000 0.000000
2 2.843855 27.019434 -2.490594 0.000739 -0.473164 0.022488
3 0.000000 0.000000 0.000000 0.000000 0.000000 0.000000
4 5.757982 0.000000 0.000000 -2.180413 -0.972994 -0.993054
5 18.152637 0.000000 -0.000000 -0.000000 0.000000 1.601423
6 17.091557 0.000000 0.000000 -0.127684 0.064683 -1.716466
7 6.229743 0.000000 -0.000000 0.026958 0.011661 -0.376948
8 -5.757982 0.000000 -0.000000 -1.357855 -0.777797 -1.956270
9 18.152637 0.000000 0.000000 -0.000000 -0.000000 1.719582
10 17.091557 -0.000000 0.000000 0.340693 0.111475 -1.933587
11 6.229743 0.000000 -0.000000 -0.116263 -0.028188 -0.625592
12 0.000000 3.964346 -1.347968 1.580746 -0.397910 1.550115
13 7.507315 0.000000 -0.000000 -0.002819 -0.015004 0.197327
14 9.079733 -0.000000 -0.000000 -0.008254 -0.025194 0.204042
15 10.826827 0.000000 0.000000 0.035761 0.033550 0.591611
16 8.860067 0.000000 0.000000 3.020041 -0.473821 0.626156
17 4.341945 0.000000 -0.000000 0.020634 0.001591 1.900181
18 6.900930 1.363879 3.754603 -1.961866 -2.085324 0.308482
19 12.731754 0.000000 -0.000000 -1.842258 -0.979791 0.852993
20 26.625128 0.000000 -0.000000 -0.000000 0.000000 -1.155417
21 20.040787 -0.000017 -0.000030 -1.265326 0.284194 0.307311
22 16.821650 2.696737 -0.203279 -0.454715 2.101277 -2.090298
23 2.039386 0.000000 -0.000000 0.000000 -0.119732 -0.551019
24 1.516909 -0.000000 -0.000000 0.000000 -0.106498 -0.214585
25 17.176727 0.840396 -0.044736 -0.246604 1.977585 -1.852852
26 2.302859 -0.000000 0.000000 0.000000 -0.040281 -0.440509
27 2.047745 -0.000000 0.000000 -0.000000 -0.019146 -0.127858
28 17.032684 -1.069098 -0.638179 2.512672 1.056836 0.848304
29 2.907259 -0.000000 0.000000 -0.000000 -0.070674 -0.789421
30 2.470908 0.000000 -0.000000 -0.000000 0.042753 -0.053852
31 16.797981 -2.957015 -1.264867 2.402309 1.055943 0.717082
32 2.246732 0.000000 0.000000 0.000000 0.130347 -0.750151
33 1.924987 0.000000 0.000000 0.000000 0.084390 -0.071779
34 10.924372 -3.874175 -3.676631 -2.700621 0.350317 -0.102732
35 3.109823 0.000000 0.000000 -0.000000 0.123272 -0.061145
36 1.512893 0.000000 0.000000 0.000000 -0.028966 0.541554
37 6.900930 1.363879 -3.754603 1.925698 2.101338 0.340107
38 12.731754 0.000000 0.000000 1.825391 1.061372 0.750200
39 26.625128 0.000000 0.000000 0.000000 -0.000000 -1.263287
40 20.040768 -0.000010 0.000019 0.813476 -0.018469 0.387129
41 16.821663 2.695864 0.214569 0.458848 -2.097646 -2.093866
42 2.039386 -0.000000 0.000000 0.000000 0.119732 -0.551019
43 1.516909 -0.000000 -0.000000 0.000000 0.106498 -0.214585
44 17.176743 0.840203 0.048255 0.249576 -1.973565 -1.855583
45 2.302859 0.000000 -0.000000 -0.000000 0.040281 -0.440509
46 2.047745 -0.000000 0.000000 -0.000000 0.019146 -0.127858
47 17.032701 -1.071759 0.633698 -2.507009 -1.059970 0.843370
48 2.907259 0.000000 0.000000 0.000000 0.070674 -0.789421
49 2.470908 -0.000000 0.000000 -0.000000 -0.042753 -0.053852
50 16.798000 -2.962283 1.252475 -2.395869 -1.058686 0.711474
51 2.246732 0.000000 -0.000000 -0.000000 -0.130347 -0.750151
52 1.924987 -0.000000 -0.000000 -0.000000 -0.084390 -0.071779
53 10.924391 -3.889540 3.660376 2.705055 -0.349884 -0.104252
54 3.109823 -0.000000 0.000000 0.000000 -0.123272 -0.061145
55 1.512893 -0.000000 0.000000 0.000000 0.028966 0.541554
56 7.466661 3.907426 -1.935393 0.000000 0.000000 0.000000
57 1.144207 -0.121011 9.624056 -0.009293 -0.168990 -0.039610
58 -0.183178 -4.377939 -4.342432 0.000000 0.000000 0.000000
59 -0.002402 -3.229274 4.829453 0.022938 0.001088 -0.001438
60 0.000000 0.000000 -0.000000 0.000000 0.000000 0.000000
61 0.000000 0.000000 0.000000 0.000000 0.000000 0.000000
62 -0.000000 -2.426310 5.737833 0.000000 0.000937 -0.001514
63 0.206732 -1.514296 -10.147256 0.000000 -0.000937 0.001514
64 -0.194928 1.514586 13.669277 0.000000 0.000937 -0.001514
65 0.003297 0.000007 -3.521831 0.000000 0.000000 0.000000
66 0.001702 2.426307 -5.737833 0.000000 0.000000 0.000000
67 0.000000 0.000000 0.000000 -0.000000 0.000000 0.000000
68 0.000000 0.000000 0.000000 0.022937 0.000151 0.000076
69 0.000417 -2.507109 9.258740 0.022938 0.001088 -0.001438
70 8.000000 0.000000 0.000000 0.016176 0.168475 0.041763
71 0.000003 -2.426316 9.259665 -0.000000 0.000937 -0.001514
72 -7.466661 3.907426 -1.935393 0.000000 0.000000 0.000000
73 1.678595 -0.279872 -6.545602 -0.020156 -0.867979 -0.024019
74 0.334780 -4.377939 -4.346992 0.000000 0.000000 0.000000
75 -0.062781 -3.315897 4.941968 -0.086367 0.000354 -0.001769
76 0.000000 0.000000 0.000000 0.000000 0.000000 -0.000000
77 0.000000 0.000000 0.000000 0.139717 0.000000 0.000000
78 -0.000000 -2.426310 5.737833 -0.000000 0.000937 -0.001514
79 -0.183130 -1.514886 -10.147621 0.000000 -0.000937 0.001514
80 0.194928 1.514586 13.669277 0.000000 0.000937 -0.001514
81 0.003303 0.000007 -3.521831 0.139717 0.000000 0.000000
82 0.001702 2.426307 -5.737833 0.000000 0.000000 0.000000
83 0.000000 -0.000000 0.000000 -0.139717 -0.000000 -0.000000
84 0.000000 0.000000 0.000000 -0.086368 -0.000583 -0.000255
85 -0.001522 -2.122536 9.246540 -0.087553 -0.003375 0.061028
86 -8.000000 0.000000 0.000000 0.059459 0.866651 0.060875
87 -0.000003 -2.426316 9.259665 -0.000000 0.000937 -0.001514
88 0.000156 39.987263 -0.385905 0.000000 0.000000 0.000000
89 2.843699 -12.967828 -2.104690 0.000739 -0.473164 0.022488
90 0.000000 3.964346 -1.347968 1.570796 0.083193 1.570796
91 0.000000 0.000000 0.000000 0.001674 -0.019090 0.494843
92 0.000000 -0.000000 0.000000 -0.000000 -0.000000 -0.013661
93 7.506614 -0.102554 0.000000 -0.000901 -0.015240 0.057009
94 0.000000 0.000000 0.000000 0.000000 -0.000000 0.126643
95 9.007018 1.146814 0.000000 0.000462 -0.026508 -0.003394
96 -0.000000 -0.000000 0.000000 0.000000 0.000000 0.333969
97 10.228633 3.548980 0.000000 -0.006621 0.048581 -0.027526
98 0.000000 -0.000000 0.000000 -0.000000 -0.000000 0.952345
99 5.136838 7.218981 0.000000 0.480017 -0.091628 -0.079899
100 0.000000 -0.000000 -0.000000 -0.000002 -3.141593 -1.535012
101 -0.155339 4.339165 0.000000 0.020658 0.001248 -0.430938
102 0.000000 0.000000 -0.000000 3.141592 0.000000 0.137367
103 2.889723 6.413463 3.754603 1.037195 -1.069949 -1.767391
104 0.000000 0.000000 0.000000 0.044229 -0.042399 -0.037754
105 2.889723 6.413463 -3.754603 -1.110908 1.069949 -1.767391
106 0.000000 0.000000 0.000000 -0.034385 0.024509 -0.043644
107 9.482119 53.595234 18.319376 0.000000 0.000000 0.000000
108 2.645083 -35.355862 16.856562 0.000000 0.000000 0.000000
109 0.000000 9.000000 0.000000 0.000000 0.000000 0.000000
110 0.000000 0.000000 0.000000 0.000000 0.000000 0.000000
111 0.000000 0.000000 -10.000000 -0.000000 -0.000000 -0.000000
112 19.923088 7.407279 22.105526 0.000000 0.000000 0.000000
113 21.201963 36.098930 34.611153 0.716296 -0.028185 -2.040917
114 20.040791 -0.000036 0.000008 1.404680 0.142601 0.138624
115 0.000000 0.000000 0.000000 -0.656660 0.156595 -0.070624
116 0.000000 0.000000 0.000000 -0.235528 0.036014 0.000000
117 -0.000000 0.000000 0.000000 -1.816459 0.017293 -0.015642
118 -16.791702 53.616646 4.740592 0.000000 0.000000 0.000000
119 -8.883859 -36.247093 6.385654 0.000000 0.000000 0.000000
120 0.000000 9.000000 0.000000 0.000000 0.000000 0.000000
121 0.000000 0.000000 0.000000 0.000000 0.000000 0.000000
122 0.000004 -0.000016 -10.000016 -3.141593 -3.141593 3.141593
123 -19.419109 5.246888 -0.357632 -0.000000 0.000000 0.000000
124 -34.079399 33.474354 2.661907 -2.900926 -0.436042 -1.089844
125 20.040770 -0.000027 0.000001 1.736913 -0.142601 0.138624
126 0.000000 0.000000 0.000000 0.171833 0.250424 -0.178688
127 0.000000 0.000000 0.000000 0.232579 -0.036013 -0.000000
128 -0.000000 -0.000000 0.000000 -1.329320 0.017292 0.015641
129 7.967916 27.134680 0.133349 0.000000 0.000000 0.000000
130 0.000000 0.000000 0.000000 0.000000 0.000000 0.000000
131 0.000000 0.000000 -10.000000 0.000000 0.000000 0.000000
132 1.290124 -2.680135 2.529063 0.000000 0.000000 0.000000
133 -2.280206 26.904186 -5.114538 0.000000 0.000000 0.000000
134 0.000000 0.000000 0.000000 0.000000 0.000000 0.000000
135 0.000000 0.000000 -10.000000 -0.000000 0.000000 0.000000
136 -6.878206 2.339828 0.395545 0.000000 0.000000 0.000000
137 0.000000 0.000000 0.000000 1.570796 0.000000 0.000000
138 12.127201 18.239372 35.175938 1.452697 -0.029901 -1.672568
139 -25.675562 17.369555 11.126246 -0.836252 -0.296714 -1.509537
time 67
0 0.000000 0.000000 0.000000 1.570796 0.000000 0.000000
1 0.000000 0.000000 0.000000 1.570796 0.000000 0.000000
2 2.809053 26.673632 -2.546776 -0.005121 -0.470782 0.025931
3 0.000000 0.000000 0.000000 0.000000 0.000000 0.000000
4 5.757982 -0.000000 0.000000 -2.179232 -0.984782 -0.987492
5 18.152637 -0.000000 0.000000 0.000000 -0.000000 1.623116
6 17.091557 -0.000000 -0.000000 -0.137218 0.063321 -1.723883
7 6.229743 0.000000 -0.000000 0.026911 0.011778 -0.380287
8 -5.757982 0.000000 -0.000000 -1.370082 -0.787611 -1.952548
9 18.152637 0.000000 0.000000 0.000000 -0.000000 1.747714
10 17.091557 0.000000 -0.000000 0.342507 0.123683 -1.946607
11 6.229743 0.000000 -0.000000 -0.116231 -0.028231 -0.626852
12 0.000000 3.964346 -1.347968 1.580742 -0.398985 1.548402
13 7.507315 -0.000000 -0.000000 -0.003849 -0.016825 0.199941
14 9.079733 0.000000 -0.000000 -0.008903 -0.026412 0.206749
15 10.826827 0.000000 0.000000 0.035802 0.033967 0.593407
16 8.860067 -0.000000 -0.000000 3.021155 -0.471685 0.623818
17 4.341945 -0.000000 0.000000 0.018626 0.001662 1.899839
18 6.900930 1.363879 3.754603 -1.958513 -2.085404 0.306772
19 12.731754 -0.000000 -0.000000 -1.855636 -0.959540 0.857845
20 26.625128 -0.000000 0.000000 0.000000 0.000000 -1.176532
21 20.040787 -0.000017 -0.000030 -1.262471 0.293176 0.308612
22 16.821650 2.696737 -0.203279 -0.454715 2.101277 -2.090298
23 2.039386 0.000000 -0.000000 0.000000 -0.119732 -0.551019
24 1.516909 0.000000 0.000000 0.000000 -0.106498 -0.214585
25 17.176727 0.840396 -0.044736 -0.246604 1.977585 -1.852852
26 2.302859 -0.000000 -0.000000 0.000000 -0.040281 -0.440509
27 2.047745 0.000000 0.000000 0.000000 -0.019146 -0.127858
28 17.032684 -1.069098 -0.638179 2.512672 1.056836 0.848304
29 2.907259 -0.000000 0.000000 -0.000000 -0.070674 -0.789421
30 2.470908 0.000000 -0.000000 -0.000000 0.042753 -0.053852
31 16.797981 -2.957015 -1.264867 2.402309 1.055943 0.717082
32 2.246732 0.000000 0.000000 -0.000000 0.130347 -0.750151
33 1.924987 0.000000 -0.000000 0.000000 0.084390 -0.071779
34 10.924372 -3.874175 -3.676631 -2.700621 0.350317 -0.102732
35 3.109823 -0.000000 0.000000 0.000000 0.123272 -0.061145
36 1.512893 0.000000 0.000000 0.000000 -0.028966 0.541554
37 6.900930 1.363879 -3.754603 1.911265 2.105626 0.328885
38 12.731754 0.000000 -0.000000 1.840576 1.039907 0.763676
39 26.625128 0.000000 0.000000 0.000000 -0.000000 -1.286983
40 20.040768 -0.000010 0.000019 0.818662 -0.028484 0.386541
41 16.821663 2.695864 0.214569 0.458848 -2.097646 -2.093866
42 2.039386 -0.000000 -0.000000 -0.000000 0.119732 -0.551019
43 1.516909 -0.000000 -0.000000 0.000000 0.106498 -0.214585
44 17.176743 0.840203 0.048255 0.249576 -1.973565 -1.855583
45 2.302859 -0.000000 -0.000000 0.000000 0.040281 -0.440509
46 2.047745 -0.000000 0.000000 -0.000000 0.019146 -0.127858
47 17.032701 -1.071759 0.633698 -2.507009 -1.059970 0.843370
48 2.907259 -0.000000 -0.000000 -0.000000 0.070674 -0.789421
49 2.470908 0.000000 -0.000000 -0.000000 -0.042753 -0.053852
50 16.798000 -2.962283 1.252475 -2.395869 -1.058686 0.711474
51 2.246732 0.000000 -0.000000 0.000000 -0.130347 -0.750151
52 1.924987 -0.000000 -0.000000 -0.000000 -0.084390 -0.071779
53 10.924391 -3.889540 3.660376 2.705055 -0.349884 -0.104252
54 3.109823 0.000000 0.000000 0.000000 -0.123272 -0.061145
55 1.512893 0.000000 -0.000000 0.000000 0.028966 0.541554
56 7.466661 3.907426 -1.935393 0.000000 0.000000 0.000000
57 1.163225 -0.135343 9.623900 -0.010344 -0.168144 -0.043257
58 -0.183178 -4.377939 -4.342432 0.000000 0.000000 0.000000
59 -0.002393 -3.232304 4.832141 0.019597 0.001066 -0.001449
60 0.000000 0.000000 0.000000 -0.000000 -0.000000 0.000000
61 0.000000 0.000000 0.000000 0.000000 0.000000 0.000000
62 -0.000000 -2.426310 5.737833 0.000000 0.000937 -0.001514
63 0.206732 -1.514296 -10.147256 0.000000 -0.000937 0.001514
64 -0.194928 1.514586 13.669277 0.000000 0.000937 -0.001514
65 0.003297 0.000007 -3.521831 0.000000 0.000000 0.000000
66 0.001702 2.426307 -5.737833 0.000000 0.000000 0.000000
67 0.000000 0.000000 0.000000 -0.000000 0.000000 0.000000
68 0.000000 0.000000 0.000000 0.019596 0.000129 0.000065
69 0.000357 -2.495345 9.258990 0.019597 0.001066 -0.001449
70 8.000000 0.000000 0.000000 0.017821 0.167522 0.045625
71 0.000003 -2.426316 9.259665 -0.000000 0.000937 -0.001514
72 -7.466661 3.907426 -1.935393 0.000000 0.000000 0.000000
73 1.688547 -0.273182 -6.541229 -0.013716 -0.868247 -0.032079
74 0.334780 -4.377939 -4.346992 0.000000 0.000000 0.000000
75 -0.062778 -3.316898 4.943089 -0.087627 0.000346 -0.001772
76 0.000000 0.000000 0.000000 0.000000 0.000000 0.000000
77 0.000000 0.000000 0.000000 0.139717 0.000000 0.000000
78 -0.000000 -2.426310 5.737833 -0.000000 0.000937 -0.001514
79 -0.183130 -1.514886 -10.147621 0.000000 -0.000937 0.001514
80 0.194928 1.514586 13.669277 0.000000 0.000937 -0.001514
81 0.003303 0.000007 -3.521831 0.139717 0.000000 0.000000
82 0.001702 2.426307 -5.737833 0.000000 0.000000 0.000000
83 0.000000 -0.000000 0.000000 -0.139717 -0.000000 -0.000000
84 0.000000 0.000000 0.000000 -0.087628 -0.000591 -0.000258
85 -0.001544 -2.118117 9.246155 -0.088811 -0.003305 0.061029
86 -8.000000 0.000000 0.000000 0.059031 0.866849 0.065763
87 -0.000003 -2.426316 9.259665 -0.000000 0.000937 -0.001514
88 0.000156 39.987263 -0.385905 0.000000 0.000000 0.000000
89 2.808897 -13.313630 -2.160872 -0.005121 -0.470782 0.025931
90 0.000000 3.964346 -1.347968 1.570796 0.083193 1.570796
91 0.000000 0.000000 0.000000 0.000962 -0.020651 0.495932
92 0.000000 -0.000000 0.000000 -0.000000 -0.000000 -0.013661
93 7.506614 -0.102554 0.000000 -0.001693 -0.017176 0.059619
94 0.000000 0.000000 0.000000 0.000000 -0.000000 0.126643
95 9.007018 1.146814 0.000000 0.000249 -0.027871 -0.000698
96 -0.000000 -0.000000 0.000000 0.000000 0.000000 0.333969
97 10.228633 3.548980 0.000000 -0.006938 0.048857 -0.025747
98 0.000000 -0.000000 0.000000 -0.000000 -0.000000 0.952345
99 5.136838 7.218981 0.000000 0.477794 -0.090826 -0.081527
100 0.000000 -0.000000 -0.000000 -0.000002 -3.141593 -1.535012
101 -0.155339 4.339165 0.000000 0.018679 0.000903 -0.430602
102 0.000000 0.000000 -0.000000 3.141592 0.000000 0.137367
103 2.889723 6.413463 3.754603 1.037195 -1.069949 -1.767391
104 0.000000 0.000000 0.000000 0.046112 -0.043129 -0.038181
105 2.889723 6.413463 -3.754603 -1.110908 1.069949 -1.767391
106 0.000000 0.000000 0.000000 -0.039313 0.028184 -0.049758
107 9.514535 53.196568 18.222317 0.000000 0.000000 0.000000
108 2.705734 -34.957195 17.062805 0.000000 0.000000 0.000000
109 0.000000 9.000000 0.000000 0.000000 0.000000 0.000000
110 0.000000 0.000000 0.000000 0.000000 0.000000 0.000000
111 0.000000 0.000000 -10.000000 -0.000000 -0.000000 -0.000000
112 19.962627 7.230525 21.988251 0.000000 0.000000 0.000000
113 21.479708 36.001724 34.656105 0.715218 -0.031392 -2.051335
114 20.040791 -0.000036 0.000008 1.404680 0.142601 0.138624
115 0.000000 -0.000000 0.000000 -0.655713 0.158855 -0.079554
116 0.000000 0.000000 0.000000 -0.235528 0.036014 0.000000
117 -0.000000 0.000000 0.000000 -1.816459 0.017293 -0.015642
118 -16.741074 53.225147 4.669847 0.000000 0.000000 0.000000
119 -9.107313 -35.843174 6.456399 0.000000 0.000000 0.000000
120 0.000000 9.000000 0.000000 0.000000 0.000000 0.000000
121 0.000000 0.000000 0.000000 0.000000 0.000000 0.000000
122 0.000004 -0.000016 -10.000016 -3.141593 -3.141593 3.141593
123 -19.456676 5.251438 -0.399679 -0.000000 0.000000 0.000000
124 -34.348911 33.368118 2.534490 -2.908603 -0.443068 -1.082078
125 20.040770 -0.000027 0.000001 1.736913 -0.142601 0.138624
126 0.000000 -0.000000 0.000000 0.179320 0.251583 -0.168258
127 0.000000 0.000000 0.000000 0.232579 -0.036013 -0.000000
128 -0.000000 -0.000000 0.000000 -1.329320 0.017292 0.015641
129 7.938921 26.806683 0.064949 0.000000 0.000000 0.000000
130 0.000000 0.000000 0.000000 0.000000 0.000000 0.000000
131 0.000000 0.000000 -10.000000 0.000000 0.000000 0.000000
132 1.315865 -2.783833 2.692138 0.000000 0.000000 0.000000
133 -2.320815 26.540581 -5.158502 0.000000 0.000000 0.000000
134 0.000000 0.000000 0.000000 0.000000 0.000000 0.000000
135 0.000000 0.000000 -10.000000 -0.000000 0.000000 0.000000
136 -6.727996 2.411481 0.460476 0.000000 0.000000 0.000000
137 0.000000 0.000000 0.000000 1.570796 0.000000 0.000000
138 12.220269 18.239372 35.285122 1.452697 -0.026082 -1.676495
139 -25.848387 17.381975 11.126246 -0.836345 -0.296776 -1.499396
time 68
0 0.000000 0.000000 0.000000 1.570796 0.000000 0.000000
1 0.000000 0.000000 0.000000 1.570796 0.000000 0.000000
2 2.755740 26.467537 -2.581993 -0.010820 -0.466906 0.028942
3 0.000000 0.000000 0.000000 0.000000 0.000000 0.000000
4 5.757982 -0.000000 0.000000 -2.173363 -0.991091 -0.988507
5 18.152637 0.000000 -0.000000 0.000000 -0.000000 1.635382
6 17.091557 -0.000000 -0.000000 -0.144914 0.063464 -1.728105
7 6.229743 0.000000 -0.000000 0.026872 0.011874 -0.383055
8 -5.757982 0.000000 -0.000000 -1.382525 -0.790706 -1.945411
9 18.152637 -0.000000 0.000000 -0.000000 0.000000 1.764878
10 17.091557 -0.000000 -0.000000 0.343274 0.136596 -1.955428
11 6.229743 -0.000000 -0.000000 -0.116210 -0.028259 -0.627653
12 0.000000 3.964346 -1.347968 1.580322 -0.399273 1.547260
13 7.507315 0.000000 -0.000000 -0.004734 -0.017747 0.202106
14 9.079733 -0.000000 0.000000 -0.009388 -0.027086 0.209499
15 10.826827 0.000000 0.000000 0.035095 0.033714 0.595089
16 8.860067 0.000000 0.000000 3.021276 -0.470549 0.624607
17 4.341945 -0.000000 0.000000 0.017737 0.001596 1.897504
18 6.900930 1.363879 3.754603 -1.946043 -2.088350 0.293839
19 12.731754 -0.000000 -0.000000 -1.865026 -0.943870 0.866350
20 26.625128 -0.000000 0.000000 0.000000 -0.000000 -1.190726
21 20.040787 -0.000017 -0.000030 -1.258590 0.304460 0.315094
22 16.821650 2.696737 -0.203279 -0.454715 2.101277 -2.090298
23 2.039386 -0.000000 0.000000 -0.000000 -0.119732 -0.551019
24 1.516909 0.000000 -0.000000 0.000000 -0.106498 -0.214585
25 17.176727 0.840396 -0.044736 -0.246604 1.977585 -1.852852
26 2.302859 0.000000 -0.000000 -0.000000 -0.040281 -0.440509
27 2.047745 -0.000000 -0.000000 -0.000000 -0.019146 -0.127858
28 17.032684 -1.069098 -0.638179 2.512672 1.056836 0.848304
29 2.907259 0.000000 -0.000000 -0.000000 -0.070674 -0.789421
30 2.470908 0.000000 0.000000 0.000000 0.042753 -0.053852
31 16.797981 -2.957015 -1.264867 2.402309 1.055943 0.717082
32 2.246732 0.000000 -0.000000 0.000000 0.130347 -0.750151
33 1.924987 0.000000 -0.000000 -0.000000 0.084390 -0.071779
34 10.924372 -3.874175 -3.676631 -2.700621 0.350317 -0.102732
35 3.109823 0.000000 -0.000000 -0.000000 0.123272 -0.061145
36 1.512893 0.000000 -0.000000 -0.000000 -0.028966 0.541554
37 6.900930 1.363879 -3.754603 1.885806 2.110021 0.306790
38 12.731754 -0.000000 -0.000000 1.846009 1.017960 0.770981
39 26.625128 0.000000 0.000000 -0.000000 -0.000000 -1.306550
40 20.040768 -0.000010 0.000019 0.823335 -0.035443 0.391845
41 16.821663 2.695864 0.214569 0.458848 -2.097646 -2.093866
42 2.039386 -0.000000 0.000000 -0.000000 0.119732 -0.551019
43 1.516909 -0.000000 -0.000000 0.000000 0.106498 -0.214585
44 17.176743 0.840203 0.048255 0.249576 -1.973565 -1.855583
45 2.302859 -0.000000 0.000000 -0.000000 0.040281 -0.440509
46 2.047745 -0.000000 0.000000 -0.000000 0.019146 -0.127858
47 17.032701 -1.071759 0.633698 -2.507009 -1.059970 0.843370
48 2.907259 0.000000 -0.000000 0.000000 0.070674 -0.789421
49 2.470908 0.000000 -0.000000 -0.000000 -0.042753 -0.053852
50 16.798000 -2.962283 1.252475 -2.395869 -1.058686 0.711474
51 2.246732 0.000000 -0.000000 0.000000 -0.130347 -0.750151
52 1.924987 -0.000000 -0.000000 -0.000000 -0.084390 -0.071779
53 10.924391 -3.889540 3.660376 2.705055 -0.349884 -0.104252
54 3.109823 0.000000 0.000000 0.000000 -0.123272 -0.061145
55 1.512893 -0.000000 0.000000 0.000000 0.028966 0.541554
56 7.466661 3.907426 -1.935393 0.000000 0.000000 0.000000
57 1.172930 -0.141988 9.618146 -0.011035 -0.167330 -0.046651
58 -0.183178 -4.377939 -4.342432 0.000000 0.000000 0.000000
59 -0.002385 -3.234809 4.834377 0.016828 0.001048 -0.001459
60 0.000000 0.000000 0.000000 0.000000 0.000000 0.000000
61 0.000000 0.000000 0.000000 0.000000 0.000000 0.000000
62 -0.000000 -2.426310 5.737833 0.000000 0.000937 -0.001514
63 0.206732 -1.514296 -10.147256 0.000000 -0.000937 0.001514
64 -0.194928 1.514586 13.669277 0.000000 0.000937 -0.001514
65 0.003297 0.000007 -3.521831 0.000000 0.000000 0.000000
66 0.001702 2.426307 -5.737833 0.000000 0.000000 0.000000
67 0.000000 0.000000 0.000000 -0.000000 0.000000 0.000000
68 0.000000 0.000000 0.000000 0.016826 0.000111 0.000055
69 0.000306 -2.485593 9.259168 0.016828 0.001048 -0.001459
70 8.000000 0.000000 0.000000 0.019054 0.166614 0.049167
71 0.000003 -2.426316 9.259665 -0.000000 0.000937 -0.001514
72 -7.466661 3.907426 -1.935393 0.000000 0.000000 0.000000
73 1.702742 -0.274154 -6.531475 -0.007835 -0.867954 -0.039352
74 0.334780 -4.377939 -4.346992 0.000000 0.000000 0.000000
75 -0.062777 -3.317534 4.943802 -0.088428 0.000340 -0.001775
76 0.000000 0.000000 0.000000 -0.000000 0.000000 -0.000000
77 0.000000 0.000000 0.000000 0.139717 0.000000 0.000000
78 -0.000000 -2.426310 5.737833 -0.000000 0.000937 -0.001514
79 -0.183130 -1.514886 -10.147621 0.000000 -0.000937 0.001514
80 0.194928 1.514586 13.669277 0.000000 0.000937 -0.001514
81 0.003303 0.000007 -3.521831 0.139717 0.000000 0.000000
82 0.001702 2.426307 -5.737833 0.000000 0.000000 0.000000
83 0.000000 -0.000000 0.000000 -0.139717 -0.000000 -0.000000
84 0.000000 0.000000 0.000000 -0.088429 -0.000597 -0.000260
85 -0.001557 -2.115306 9.245906 -0.089611 -0.003260 0.061030
86 -8.000000 0.000000 0.000000 0.058485 0.866529 0.070043
87 -0.000003 -2.426316 9.259665 -0.000000 0.000937 -0.001514
88 0.000156 39.987263 -0.385905 0.000000 0.000000 0.000000
89 2.755584 -13.519725 -2.196089 -0.010820 -0.466906 0.028942
90 0.000000 3.964346 -1.347968 1.570796 0.083193 1.570796
91 0.000000 0.000000 0.000000 0.000078 -0.021688 0.496229
92 0.000000 -0.000000 0.000000 -0.000000 -0.000000 -0.013661
93 7.506614 -0.102554 0.000000 -0.002454 -0.018203 0.061782
94 0.000000 0.000000 0.000000 0.000000 -0.000000 0.126643
95 9.007018 1.146814 0.000000 0.000012 -0.028666 0.002047
96 -0.000000 -0.000000 0.000000 0.000000 0.000000 0.333969
97 10.228633 3.548980 0.000000 -0.007141 0.048134 -0.024051
98 0.000000 -0.000000 0.000000 -0.000000 -0.000000 0.952345
99 5.136838 7.218981 0.000000 0.476648 -0.090816 -0.080579
100 0.000000 -0.000000 -0.000000 -0.000002 -3.141593 -1.535012
101 -0.155339 4.339165 0.000000 0.017790 0.000847 -0.428269
102 0.000000 0.000000 -0.000000 3.141592 0.000000 0.137367
103 2.889723 6.413463 3.754603 1.037195 -1.069949 -1.767391
104 0.000000 0.000000 0.000000 0.047576 -0.047711 -0.043517
105 2.889723 6.413463 -3.754603 -1.110908 1.069949 -1.767391
106 0.000000 0.000000 0.000000 -0.046055 0.037129 -0.057951
107 9.542842 52.900570 18.061455 0.000000 0.000000 0.000000
108 2.645583 -34.661198 17.263893 0.000000 0.000000 0.000000
109 0.000000 9.000000 0.000000 0.000000 0.000000 0.000000
110 0.000000 0.000000 0.000000 0.000000 0.000000 0.000000
111 0.000000 0.000000 -10.000000 -0.000000 -0.000000 -0.000000
112 20.049492 7.108025 21.894114 0.000000 0.000000 0.000000
113 21.627832 35.903580 34.612972 0.715023 -0.035554 -2.061569
114 20.040791 -0.000036 0.000008 1.404680 0.142601 0.138624
115 0.000000 -0.000000 0.000000 -0.655407 0.166302 -0.090183
116 0.000000 0.000000 0.000000 -0.235528 0.036014 0.000000
117 -0.000000 0.000000 0.000000 -1.816459 0.017293 -0.015642
118 -16.704063 52.915211 4.595284 0.000000 0.000000 0.000000
119 -9.212507 -35.520912 6.530963 0.000000 0.000000 0.000000
120 0.000000 9.000000 0.000000 0.000000 0.000000 0.000000
121 0.000000 0.000000 0.000000 0.000000 0.000000 0.000000
122 0.000004 -0.000016 -10.000016 -3.141593 -3.141593 3.141593
123 -19.502569 5.290035 -0.437406 -0.000000 0.000000 0.000000
124 -34.536232 33.262161 2.434505 -2.916148 -0.448597 -1.073177
125 20.040770 -0.000027 0.000001 1.736913 -0.142601 0.138624
126 0.000000 -0.000000 0.000000 0.185504 0.258025 -0.161938
127 0.000000 0.000000 0.000000 0.232579 -0.036013 -0.000000
128 -0.000000 -0.000000 0.000000 -1.329320 0.017292 0.015641
129 7.895264 26.616323 0.009824 0.000000 0.000000 0.000000
130 0.000000 0.000000 0.000000 0.000000 0.000000 0.000000
131 0.000000 0.000000 -10.000000 0.000000 0.000000 0.000000
132 1.330384 -2.842793 2.788057 0.000000 0.000000 0.000000
133 -2.383784 26.318750 -5.173811 0.000000 0.000000 0.000000
134 0.000000 0.000000 0.000000 0.000000 0.000000 0.000000
135 0.000000 0.000000 -10.000000 -0.000000 0.000000 0.000000
136 -6.600209 2.424756 0.538721 0.000000 0.000000 0.000000
137 0.000000 0.000000 0.000000 1.570796 0.000000 0.000000
138 12.188425 18.239372 35.325348 1.452697 -0.024676 -1.674920
139 -25.916571 17.394297 11.126246 -0.835205 -0.296012 -1.494914
time 69
0 0.000000 0.000000 0.000000 1.570796 0.000000 0.000000
1 0.000000 0.000000 0.000000 1.570796 0.000000 0.000000
2 2.685898 26.389036 -2.607727 -0.014986 -0.462027 0.031384
3 0.000000 0.000000 0.000000 0.000000 0.000000 0.000000
4 5.757982 0.000000 0.000000 -2.162934 -0.993792 -0.994927
5 18.152637 -0.000000 0.000000 0.000000 0.000000 1.638430
6 17.091557 0.000000 -0.000000 -0.151491 0.064042 -1.729273
7 6.229743 -0.000000 -0.000000 0.026847 0.011936 -0.384840
8 -5.757982 -0.000000 -0.000000 -1.390211 -0.788715 -1.939663
9 18.152637 -0.000000 -0.000000 -0.000000 -0.000000 1.772386
10 17.091557 -0.000000 -0.000000 0.343271 0.145905 -1.961349
11 6.229743 -0.000000 -0.000000 -0.116212 -0.028256 -0.627583
12 0.000000 3.964346 -1.347968 1.579564 -0.398758 1.546527
13 7.507315 0.000000 0.000000 -0.005469 -0.018157 0.203242
14 9.079733 0.000000 -0.000000 -0.009740 -0.027410 0.211779
15 10.826827 0.000000 0.000000 0.034034 0.033078 0.596499
16 8.860067 0.000000 -0.000000 3.020191 -0.469606 0.625651
17 4.341945 0.000000 -0.000000 0.017093 0.001806 1.895971
18 6.900930 1.363879 3.754603 -1.937871 -2.092455 0.279486
19 12.731754 0.000000 0.000000 -1.867681 -0.939441 0.874541
20 26.625128 0.000000 -0.000000 -0.000000 0.000000 -1.197157
21 20.040787 -0.000017 -0.000030 -1.254819 0.315880 0.325602
22 16.821650 2.696737 -0.203279 -0.454715 2.101277 -2.090298
23 2.039386 0.000000 -0.000000 0.000000 -0.119732 -0.551019
24 1.516909 0.000000 0.000000 0.000000 -0.106498 -0.214585
25 17.176727 0.840396 -0.044736 -0.246604 1.977585 -1.852852
26 2.302859 -0.000000 -0.000000 0.000000 -0.040281 -0.440509
27 2.047745 -0.000000 0.000000 0.000000 -0.019146 -0.127858
28 17.032684 -1.069098 -0.638179 2.512672 1.056836 0.848304
29 2.907259 0.000000 0.000000 -0.000000 -0.070674 -0.789421
30 2.470908 -0.000000 -0.000000 0.000000 0.042753 -0.053852
31 16.797981 -2.957015 -1.264867 2.402309 1.055943 0.717082
32 2.246732 0.000000 -0.000000 -0.000000 0.130347 -0.750151
33 1.924987 0.000000 -0.000000 0.000000 0.084390 -0.071779
34 10.924372 -3.874175 -3.676631 -2.700621 0.350317 -0.102732
35 3.109823 0.000000 -0.000000 -0.000000 0.123272 -0.061145
36 1.512893 0.000000 0.000000 0.000000 -0.028966 0.541554
37 6.900930 1.363879 -3.754603 1.869971 2.111714 0.293932
38 12.731754 0.000000 0.000000 1.847175 1.008198 0.770129
39 26.625128 0.000000 0.000000 0.000000 -0.000000 -1.315954
40 20.040768 -0.000010 0.000019 0.824615 -0.037589 0.399917
41 16.821663 2.695864 0.214569 0.458848 -2.097646 -2.093866
42 2.039386 -0.000000 0.000000 0.000000 0.119732 -0.551019
43 1.516909 0.000000 0.000000 0.000000 0.106498 -0.214585
44 17.176743 0.840203 0.048255 0.249576 -1.973565 -1.855583
45 2.302859 -0.000000 0.000000 -0.000000 0.040281 -0.440509
46 2.047745 -0.000000 0.000000 0.000000 0.019146 -0.127858
47 17.032701 -1.071759 0.633698 -2.507009 -1.059970 0.843370
48 2.907259 0.000000 0.000000 0.000000 0.070674 -0.789421
49 2.470908 0.000000 -0.000000 -0.000000 -0.042753 -0.053852
50 16.798000 -2.962283 1.252475 -2.395869 -1.058686 0.711474
51 2.246732 -0.000000 -0.000000 -0.000000 -0.130347 -0.750151
52 1.924987 -0.000000 0.000000 -0.000000 -0.084390 -0.071779
53 10.924391 -3.889540 3.660376 2.705055 -0.349884 -0.104252
54 3.109823 -0.000000 0.000000 0.000000 -0.123272 -0.061145
55 1.512893 -0.000000 0.000000 0.000000 0.028966 0.541554
56 7.466661 3.907426 -1.935393 0.000000 0.000000 0.000000
57 1.179379 -0.148009 9.614739 -0.012003 -0.166773 -0.049310
58 -0.183178 -4.377939 -4.342432 0.000000 0.000000 0.000000
59 -0.002380 -3.236421 4.835822 0.015042 0.001036 -0.001465
60 0.000000 0.000000 0.000000 0.000000 0.000000 0.000000
61 0.000000 0.000000 0.000000 0.000000 0.000000 0.000000
62 -0.000000 -2.426310 5.737833 0.000000 0.000937 -0.001514
63 0.206732 -1.514296 -10.147256 0.000000 -0.000937 0.001514
64 -0.194928 1.514586 13.669277 0.000000 0.000937 -0.001514
65 0.003297 0.000007 -3.521831 0.000000 0.000000 0.000000
66 0.001702 2.426307 -5.737833 0.000000 0.000000 0.000000
67 0.000000 0.000000 0.000000 0.000000 0.000000 0.000000
68 0.000000 0.000000 0.000000 0.015041 0.000099 0.000049
69 0.000274 -2.479305 9.259268 0.015042 0.001036 -0.001465
70 8.000000 0.000000 0.000000 0.020452 0.165956 0.052015
71 0.000003 -2.426316 9.259665 -0.000000 0.000937 -0.001514
72 -7.466661 3.907426 -1.935393 0.000000 0.000000 0.000000
73 1.706136 -0.275074 -6.535883 -0.004843 -0.866753 -0.043259
74 0.334780 -4.377939 -4.346992 0.000000 0.000000 0.000000
75 -0.062777 -3.317479 4.943740 -0.088358 0.000341 -0.001774
76 0.000000 0.000000 0.000000 0.000000 -0.000000 0.000000
77 0.000000 0.000000 0.000000 0.139717 0.000000 0.000000
78 -0.000000 -2.426310 5.737833 -0.000000 0.000937 -0.001514
79 -0.183130 -1.514886 -10.147621 0.000000 -0.000937 0.001514
80 0.194928 1.514586 13.669277 0.000000 0.000937 -0.001514
81 0.003303 0.000007 -3.521831 0.139717 0.000000 0.000000
82 0.001702 2.426307 -5.737833 0.000000 0.000000 0.000000
83 0.000000 -0.000000 0.000000 -0.139717 -0.000000 -0.000000
84 0.000000 0.000000 0.000000 -0.088360 -0.000596 -0.000260
85 -0.001556 -2.115549 9.245928 -0.089542 -0.003264 0.061030
86 -8.000000 0.000000 0.000000 0.058332 0.865315 0.072446
87 -0.000003 -2.426316 9.259665 -0.000000 0.000937 -0.001514
88 0.000156 39.987263 -0.385905 0.000000 0.000000 0.000000
89 2.685742 -13.598227 -2.221823 -0.014986 -0.462027 0.031384
90 0.000000 3.964346 -1.347968 1.570796 0.083193 1.570796
91 0.000000 0.000000 0.000000 -0.000963 -0.022354 0.495721
92 0.000000 -0.000000 0.000000 -0.000000 -0.000000 -0.013661
93 7.506614 -0.102554 0.000000 -0.003132 -0.018702 0.062918
94 0.000000 0.000000 0.000000 0.000000 -0.000000 0.126643
95 9.007018 1.146814 0.000000 -0.000215 -0.029088 0.004323
96 -0.000000 -0.000000 0.000000 0.000000 0.000000 0.333969
97 10.228633 3.548980 0.000000 -0.007237 0.046901 -0.022610
98 0.000000 -0.000000 0.000000 -0.000000 -0.000000 0.952345
99 5.136838 7.218981 0.000000 0.475789 -0.091862 -0.079949
100 0.000000 -0.000000 -0.000000 -0.000002 -3.141593 -1.535012
101 -0.155339 4.339165 0.000000 0.017180 0.000550 -0.426738
102 0.000000 0.000000 -0.000000 3.141592 0.000000 0.137367
103 2.889723 6.413463 3.754603 1.037195 -1.069949 -1.767391
104 0.000000 0.000000 0.000000 0.043623 -0.052566 -0.050164
105 2.889723 6.413463 -3.754603 -1.110908 1.069949 -1.767391
106 0.000000 0.000000 0.000000 -0.051017 0.042737 -0.061844
107 9.562475 52.740593 17.881643 0.000000 0.000000 0.000000
108 2.484200 -34.501221 17.422762 0.000000 0.000000 0.000000
109 0.000000 9.000000 0.000000 0.000000 0.000000 0.000000
110 0.000000 0.000000 0.000000 0.000000 0.000000 0.000000
111 0.000000 0.000000 -10.000000 -0.000000 -0.000000 -0.000000
112 20.134134 7.043300 21.835888 0.000000 0.000000 0.000000
113 21.634968 35.820164 34.520493 0.716049 -0.039126 -2.070089
114 20.040791 -0.000036 0.000008 1.404680 0.142601 0.138624
115 0.000000 0.000000 0.000000 -0.656374 0.177568 -0.100500
116 0.000000 0.000000 0.000000 -0.235528 0.036014 0.000000
117 -0.000000 0.000000 0.000000 -1.816459 0.017293 -0.015642
118 -16.717628 52.795757 4.562602 0.000000 0.000000 0.000000
119 -9.169141 -35.389336 6.563644 0.000000 0.000000 0.000000
120 0.000000 9.000000 0.000000 0.000000 0.000000 0.000000
121 0.000000 0.000000 0.000000 0.000000 0.000000 0.000000
122 0.000004 -0.000016 -10.000016 -3.141593 -3.141593 3.141593
123 -19.514645 5.270322 -0.458955 -0.000000 0.000000 0.000000
124 -34.602905 33.193108 2.383041 -2.919454 -0.451449 -1.066327
125 20.040770 -0.000027 0.000001 1.736913 -0.142601 0.138624
126 0.000000 0.000000 0.000000 0.187161 0.266357 -0.161070
127 0.000000 0.000000 0.000000 0.232579 -0.036013 -0.000000
128 -0.000000 -0.000000 0.000000 -1.329320 0.017292 0.015641
129 7.837623 26.550774 -0.041030 0.000000 0.000000 0.000000
130 0.000000 0.000000 0.000000 0.000000 0.000000 0.000000
131 0.000000 0.000000 -10.000000 0.000000 0.000000 0.000000
132 1.346139 -2.862317 2.822255 0.000000 0.000000 0.000000
133 -2.465827 26.227299 -5.174424 0.000000 0.000000 0.000000
134 0.000000 0.000000 0.000000 0.000000 0.000000 0.000000
135 0.000000 0.000000 -10.000000 -0.000000 0.000000 0.000000
136 -6.518000 2.401296 0.604868 0.000000 0.000000 0.000000
137 0.000000 0.000000 0.000000 1.570796 0.000000 0.000000
138 12.046675 18.239372 35.304405 1.452697 -0.025408 -1.668505
139 -25.886770 17.406424 11.126246 -0.833349 -0.294768 -1.496001
time 70
0 0.000000 0.000000 0.000000 1.570796 0.000000 0.000000
1 0.000000 0.000000 0.000000 1.570796 0.000000 0.000000
2 2.597307 26.442251 -2.633358 -0.017153 -0.455720 0.033192
3 0.000000 0.000000 0.000000 0.000000 0.000000 0.000000
4 5.757982 0.000000 0.000000 -2.148589 -0.993343 -1.006115
5 18.152637 0.000000 0.000000 -0.000000 -0.000000 1.631932
6 17.091557 0.000000 0.000000 -0.156484 0.065392 -1.726629
7 6.229743 0.000000 0.000000 0.026816 0.012012 -0.387000
8 -5.757982 0.000000 -0.000000 -1.390994 -0.782330 -1.936467
9 18.152637 0.000000 0.000000 0.000000 0.000000 1.769764
10 17.091557 -0.000000 0.000000 0.341651 0.150793 -1.962394
11 6.229743 0.000000 0.000000 -0.116196 -0.028277 -0.628187
12 0.000000 3.964346 -1.347968 1.578405 -0.397758 1.546311
13 7.507315 -0.000000 0.000000 -0.006375 -0.018372 0.203576
14 9.079733 0.000000 0.000000 -0.010207 -0.027745 0.213137
15 10.826827 0.000000 0.000000 0.033320 0.032895 0.597273
16 8.860067 0.000000 -0.000000 3.019471 -0.469116 0.624527
17 4.341945 -0.000000 0.000000 0.016162 0.001321 1.897464
18 6.900930 1.363879 3.754603 -1.954079 -2.088683 0.299430
19 12.731754 0.000000 0.000000 -1.887463 -0.953435 0.887033
20 26.625128 0.000000 -0.000000 0.000000 -0.000000 -1.186020
21 20.040787 -0.000017 -0.000030 -1.249534 0.322081 0.334924
22 16.821650 2.696737 -0.203279 -0.454715 2.101277 -2.090298
23 2.039386 -0.000000 0.000000 0.000000 -0.119732 -0.551019
24 1.516909 0.000000 0.000000 0.000000 -0.106498 -0.214585
25 17.176727 0.840396 -0.044736 -0.246604 1.977585 -1.852852
26 2.302859 0.000000 -0.000000 0.000000 -0.040281 -0.440509
27 2.047745 -0.000000 -0.000000 -0.000000 -0.019146 -0.127858
28 17.032684 -1.069098 -0.638179 2.512672 1.056836 0.848304
29 2.907259 0.000000 -0.000000 0.000000 -0.070674 -0.789421
30 2.470908 0.000000 -0.000000 -0.000000 0.042753 -0.053852
31 16.797981 -2.957015 -1.264867 2.402309 1.055943 0.717082
32 2.246732 0.000000 -0.000000 -0.000000 0.130347 -0.750151
33 1.924987 0.000000 0.000000 0.000000 0.084390 -0.071779
34 10.924372 -3.874175 -3.676631 -2.700621 0.350317 -0.102732
35 3.109823 0.000000 0.000000 0.000000 0.123272 -0.061145
36 1.512893 -0.000000 0.000000 0.000000 -0.028966 0.541554
37 6.900930 1.363879 -3.754603 1.872848 2.108810 0.298191
38 12.731754 -0.000000 0.000000 1.844653 1.015558 0.759052
39 26.625128 0.000000 -0.000000 -0.000000 -0.000000 -1.312504
40 20.040768 -0.000010 0.000019 0.821885 -0.034258 0.407190
41 16.821663 2.695864 0.214569 0.458848 -2.097646 -2.093866
42 2.039386 0.000000 -0.000000 -0.000000 0.119732 -0.551019
43 1.516909 -0.000000 0.000000 0.000000 0.106498 -0.214585
44 17.176743 0.840203 0.048255 0.249576 -1.973565 -1.855583
45 2.302859 -0.000000 -0.000000 0.000000 0.040281 -0.440509
46 2.047745 -0.000000 -0.000000 0.000000 0.019146 -0.127858
47 17.032701 -1.071759 0.633698 -2.507009 -1.059970 0.843370
48 2.907259 0.000000 -0.000000 0.000000 0.070674 -0.789421
49 2.470908 0.000000 0.000000 -0.000000 -0.042753 -0.053852
50 16.798000 -2.962283 1.252475 -2.395869 -1.058686 0.711474
51 2.246732 0.000000 0.000000 0.000000 -0.130347 -0.750151
52 1.924987 0.000000 -0.000000 -0.000000 -0.084390 -0.071779
53 10.924391 -3.889540 3.660376 2.705055 -0.349884 -0.104252
54 3.109823 0.000000 -0.000000 0.000000 -0.123272 -0.061145
55 1.512893 -0.000000 0.000000 0.000000 0.028966 0.541554
56 7.466661 3.907426 -1.935393 0.000000 0.000000 0.000000
57 1.182253 -0.151649 9.611456 -0.013010 -0.166533 -0.051029
58 -0.183178 -4.377939 -4.342432 0.000000 0.000000 0.000000
59 -0.002374 -3.238369 4.837575 0.012881 0.001022 -0.001472
60 0.000000 0.000000 0.000000 -0.000000 -0.000000 -0.000000
61 0.000000 0.000000 0.000000 0.000000 0.000000 0.000000
62 -0.000000 -2.426310 5.737833 0.000000 0.000937 -0.001514
63 0.206732 -1.514296 -10.147256 0.000000 -0.000937 0.001514
64 -0.194928 1.514586 13.669277 0.000000 0.000937 -0.001514
65 0.003297 0.000007 -3.521831 0.000000 0.000000 0.000000
66 0.001702 2.426307 -5.737833 0.000000 0.000000 0.000000
67 0.000000 0.000000 0.000000 0.000000 0.000000 0.000000
68 0.000000 0.000000 0.000000 0.012879 0.000085 0.000042
69 0.000235 -2.471694 9.259375 0.012881 0.001022 -0.001472
70 8.000000 0.000000 0.000000 0.021747 0.165627 0.053920
71 0.000003 -2.426316 9.259665 -0.000000 0.000937 -0.001514
72 -7.466661 3.907426 -1.935393 0.000000 0.000000 0.000000
73 1.696946 -0.281040 -6.545555 -0.003315 -0.864580 -0.043976
74 0.334780 -4.377939 -4.346992 0.000000 0.000000 0.000000
75 -0.062776 -3.317958 4.944278 -0.088962 0.000337 -0.001776
76 0.000000 0.000000 0.000000 0.000000 0.000000 -0.000000
77 0.000000 0.000000 0.000000 0.139717 0.000000 0.000000
78 -0.000000 -2.426310 5.737833 -0.000000 0.000937 -0.001514
79 -0.183130 -1.514886 -10.147621 0.000000 -0.000937 0.001514
80 0.194928 1.514586 13.669277 0.000000 0.000937 -0.001514
81 0.003303 0.000007 -3.521831 0.139717 0.000000 0.000000
82 0.001702 2.426307 -5.737833 0.000000 0.000000 0.000000
83 0.000000 -0.000000 0.000000 -0.139717 -0.000000 -0.000000
84 0.000000 0.000000 0.000000 -0.088963 -0.000600 -0.000262
85 -0.001566 -2.113432 9.245740 -0.090144 -0.003230 0.061030
86 -8.000000 0.000000 0.000000 0.056583 0.863217 0.071571
87 -0.000003 -2.426316 9.259665 -0.000000 0.000937 -0.001514
88 0.000156 39.987263 -0.385905 0.000000 0.000000 0.000000
89 2.597151 -13.545012 -2.247454 -0.017153 -0.455720 0.033192
90 0.000000 3.964346 -1.347968 1.570796 0.083193 1.570796
91 0.000000 0.000000 0.000000 -0.002186 -0.022546 0.494723
92 0.000000 -0.000000 0.000000 -0.000000 -0.000000 -0.013661
93 7.506614 -0.102554 0.000000 -0.004003 -0.019030 0.063252
94 0.000000 0.000000 0.000000 0.000000 -0.000000 0.126643
95 9.007018 1.146814 0.000000 -0.000545 -0.029558 0.005678
96 -0.000000 -0.000000 0.000000 0.000000 0.000000 0.333969
97 10.228633 3.548980 0.000000 -0.007502 0.046213 -0.021824
98 0.000000 -0.000000 0.000000 -0.000000 -0.000000 0.952345
99 5.136838 7.218981 0.000000 0.475355 -0.092545 -0.081359
100 0.000000 -0.000000 -0.000000 -0.000002 -3.141593 -1.535012
101 -0.155339 4.339165 0.000000 0.016191 0.000902 -0.428233
102 0.000000 0.000000 -0.000000 3.141592 0.000000 0.137367
103 2.889723 6.413463 3.754603 1.037195 -1.069949 -1.767391
104 0.000000 0.000000 0.000000 0.044359 -0.045053 -0.042678
105 2.889723 6.413463 -3.754603 -1.110908 1.069949 -1.767391
106 0.000000 0.000000 0.000000 -0.051647 0.041685 -0.058360
107 9.569054 52.922543 17.838224 0.000000 0.000000 0.000000
108 2.270159 -34.683170 17.407543 0.000000 0.000000 0.000000
109 0.000000 9.000000 0.000000 0.000000 0.000000 0.000000
110 0.000000 0.000000 0.000000 0.000000 0.000000 0.000000
111 0.000000 0.000000 -10.000000 -0.000000 -0.000000 -0.000000
112 20.114321 6.926638 21.777470 0.000000 0.000000 0.000000
113 21.451754 35.804600 34.411541 0.714558 -0.041638 -2.071525
114 20.040791 -0.000036 0.000008 1.404680 0.142601 0.138624
115 0.000000 0.000000 0.000000 -0.654687 0.186960 -0.105798
116 0.000000 0.000000 0.000000 -0.235528 0.036014 0.000000
117 -0.000000 0.000000 0.000000 -1.816459 0.017293 -0.015642
118 -16.799040 52.910225 4.598516 0.000000 0.000000 0.000000
119 -8.990562 -35.491962 6.527731 0.000000 0.000000 0.000000
120 0.000000 9.000000 0.000000 0.000000 0.000000 0.000000
121 0.000000 0.000000 0.000000 0.000000 0.000000 0.000000
122 0.000004 -0.000016 -10.000016 -3.141593 -3.141593 3.141593
123 -19.522017 5.220094 -0.486723 -0.000000 0.000000 0.000000
124 -34.549648 33.188049 2.396444 -2.916820 -0.450706 -1.063744
125 20.040770 -0.000027 0.000001 1.736913 -0.142601 0.138624
126 0.000000 0.000000 0.000000 0.183458 0.272946 -0.165779
127 0.000000 0.000000 0.000000 0.232579 -0.036013 -0.000000
128 -0.000000 -0.000000 0.000000 -1.329320 0.017292 0.015641
129 7.764807 26.613836 -0.099219 0.000000 0.000000 0.000000
130 0.000000 0.000000 0.000000 0.000000 0.000000 0.000000
131 0.000000 0.000000 -10.000000 0.000000 0.000000 0.000000
132 1.359953 -2.843432 2.794191 0.000000 0.000000 0.000000
133 -2.570193 26.270666 -5.167498 0.000000 0.000000 0.000000
134 0.000000 0.000000 0.000000 0.000000 0.000000 0.000000
135 0.000000 0.000000 -10.000000 -0.000000 0.000000 0.000000
136 -6.487924 2.348930 0.652057 0.000000 0.000000 0.000000
137 0.000000 0.000000 0.000000 1.570796 0.000000 0.000000
138 11.839212 18.239372 35.245770 1.452697 -0.027459 -1.659198
139 -25.789602 17.418261 11.126246 -0.831455 -0.293499 -1.501176
time 71
0 0.000000 0.000000 0.000000 1.570796 0.000000 0.000000
1 0.000000 0.000000 0.000000 1.570796 0.000000 0.000000
2 2.489718 26.611900 -2.663070 -0.018565 -0.447146 0.034335
3 0.000000 0.000000 0.000000 0.000000 0.000000 0.000000
4 5.757982 0.000000 0.000000 -2.129795 -0.989702 -1.022294
5 18.152637 -0.000000 0.000000 -0.000000 0.000000 1.616864
6 17.091557 0.000000 0.000000 -0.159351 0.067664 -1.719467
7 6.229743 0.000000 0.000000 0.026838 0.011957 -0.385428
8 -5.757982 0.000000 -0.000000 -1.386781 -0.771718 -1.934685
9 18.152637 -0.000000 0.000000 0.000000 0.000000 1.759748
10 17.091557 0.000000 0.000000 0.339407 0.153355 -1.958932
11 6.229743 0.000000 -0.000000 -0.116143 -0.028347 -0.630232
12 0.000000 3.964346 -1.347968 1.576561 -0.397025 1.546809
13 7.507315 0.000000 0.000000 -0.007809 -0.018262 0.203349
14 9.079733 -0.000000 0.000000 -0.010913 -0.027747 0.213607
15 10.826827 -0.000000 -0.000000 0.032806 0.033193 0.597793
16 8.860067 -0.000000 0.000000 3.019806 -0.468695 0.623813
17 4.341945 -0.000000 -0.000000 0.015791 0.001140 1.898646
18 6.900930 1.363879 3.754603 -1.962276 -2.087083 0.309686
19 12.731754 -0.000000 -0.000000 -1.902349 -0.968724 0.902741
20 26.625128 0.000000 0.000000 -0.000000 0.000000 -1.170055
21 20.040787 -0.000017 -0.000030 -1.245680 0.328129 0.344851
22 16.821650 2.696737 -0.203279 -0.454715 2.101277 -2.090298
23 2.039386 0.000000 -0.000000 0.000000 -0.119732 -0.551019
24 1.516909 0.000000 0.000000 0.000000 -0.106498 -0.214585
25 17.176727 0.840396 -0.044736 -0.246604 1.977585 -1.852852
26 2.302859 -0.000000 -0.000000 0.000000 -0.040281 -0.440509
27 2.047745 0.000000 0.000000 -0.000000 -0.019146 -0.127858
28 17.032684 -1.069098 -0.638179 2.512672 1.056836 0.848304
29 2.907259 -0.000000 0.000000 -0.000000 -0.070674 -0.789421
30 2.470908 0.000000 -0.000000 -0.000000 0.042753 -0.053852
31 16.797981 -2.957015 -1.264867 2.402309 1.055943 0.717082
32 2.246732 -0.000000 -0.000000 -0.000000 0.130347 -0.750151
33 1.924987 0.000000 0.000000 0.000000 0.084390 -0.071779
34 10.924372 -3.874175 -3.676631 -2.700621 0.350317 -0.102732
35 3.109823 0.000000 -0.000000 0.000000 0.123272 -0.061145
36 1.512893 0.000000 -0.000000 -0.000000 -0.028966 0.541554
37 6.900930 1.363879 -3.754603 1.875960 2.105764 0.302459
38 12.731754 0.000000 0.000000 1.838398 1.027908 0.744977
39 26.625128 0.000000 -0.000000 -0.000000 -0.000000 -1.301942
40 20.040768 -0.000010 0.000019 0.817262 -0.028196 0.415007
41 16.821663 2.695864 0.214569 0.458848 -2.097646 -2.093866
42 2.039386 -0.000000 0.000000 -0.000000 0.119732 -0.551019
43 1.516909 -0.000000 -0.000000 0.000000 0.106498 -0.214585
44 17.176743 0.840203 0.048255 0.249576 -1.973565 -1.855583
45 2.302859 0.000000 0.000000 -0.000000 0.040281 -0.440509
46 2.047745 -0.000000 0.000000 -0.000000 0.019146 -0.127858
47 17.032701 -1.071759 0.633698 -2.507009 -1.059970 0.843370
48 2.907259 0.000000 -0.000000 -0.000000 0.070674 -0.789421
49 2.470908 0.000000 0.000000 -0.000000 -0.042753 -0.053852
50 16.798000 -2.962283 1.252475 -2.395869 -1.058686 0.711474
51 2.246732 0.000000 -0.000000 0.000000 -0.130347 -0.750151
52 1.924987 -0.000000 -0.000000 -0.000000 -0.084390 -0.071779
53 10.924391 -3.889540 3.660376 2.705055 -0.349884 -0.104252
54 3.109823 -0.000000 0.000000 -0.000000 -0.123272 -0.061145
55 1.512893 0.000000 0.000000 0.000000 0.028966 0.541554
56 7.466661 3.907426 -1.935393 0.000000 0.000000 0.000000
57 1.180134 -0.151105 9.608705 -0.013520 -0.166349 -0.051590
58 -0.183178 -4.377939 -4.342432 0.000000 0.000000 0.000000
59 -0.002379 -3.236952 4.836298 0.014454 0.001032 -0.001467
60 0.000000 0.000000 0.000000 -0.000000 -0.000000 0.000000
61 0.000000 0.000000 0.000000 0.000000 0.000000 0.000000
62 -0.000000 -2.426310 5.737833 0.000000 0.000937 -0.001514
63 0.206732 -1.514296 -10.147256 0.000000 -0.000937 0.001514
64 -0.194928 1.514586 13.669277 0.000000 0.000937 -0.001514
65 0.003297 0.000007 -3.521831 0.000000 0.000000 0.000000
66 0.001702 2.426307 -5.737833 0.000000 0.000000 0.000000
67 0.000000 0.000000 0.000000 0.000000 0.000000 0.000000
68 0.000000 0.000000 0.000000 0.014452 0.000095 0.000048
69 0.000263 -2.477233 9.259298 0.014454 0.001032 -0.001467
70 8.000000 0.000000 0.000000 0.022346 0.165404 0.054569
71 0.000003 -2.426316 9.259665 -0.000000 0.000937 -0.001514
72 -7.466661 3.907426 -1.935393 0.000000 0.000000 0.000000
73 1.676015 -0.269413 -6.555772 -0.001884 -0.862031 -0.042483
74 0.334780 -4.377939 -4.346992 0.000000 0.000000 0.000000
75 -0.062772 -3.319580 4.946103 -0.091008 0.000322 -0.001781
76 0.000000 0.000000 0.000000 0.000000 0.000000 -0.000000
77 0.000000 0.000000 0.000000 0.139717 0.000000 0.000000
78 -0.000000 -2.426310 5.737833 -0.000000 0.000937 -0.001514
79 -0.183130 -1.514886 -10.147621 0.000000 -0.000937 0.001514
80 0.194928 1.514586 13.669277 0.000000 0.000937 -0.001514
81 0.003303 0.000007 -3.521831 0.139717 0.000000 0.000000
82 0.001702 2.426307 -5.737833 0.000000 0.000000 0.000000
83 0.000000 -0.000000 0.000000 -0.139717 -0.000000 -0.000000
84 0.000000 0.000000 0.000000 -0.091009 -0.000614 -0.000267
85 -0.001602 -2.106256 9.245092 -0.092187 -0.003116 0.061032
86 -8.000000 0.000000 0.000000 0.052379 0.860854 0.067403
87 -0.000003 -2.426316 9.259665 -0.000000 0.000937 -0.001514
88 0.000156 39.987263 -0.385905 0.000000 0.000000 0.000000
89 2.489562 -13.375361 -2.277166 -0.018565 -0.447146 0.034335
90 0.000000 3.964346 -1.347968 1.570796 0.083193 1.570796
91 0.000000 0.000000 0.000000 -0.003814 -0.022072 0.493985
92 0.000000 -0.000000 0.000000 -0.000000 -0.000000 -0.013661
93 7.506614 -0.102554 0.000000 -0.005440 -0.019102 0.063026
94 0.000000 0.000000 0.000000 0.000000 -0.000000 0.126643
95 9.007018 1.146814 0.000000 -0.001213 -0.029791 0.006148
96 -0.000000 -0.000000 0.000000 0.000000 0.000000 0.333969
97 10.228633 3.548980 0.000000 -0.008043 0.045967 -0.021313
98 0.000000 -0.000000 0.000000 -0.000000 -0.000000 0.952345
99 5.136838 7.218981 0.000000 0.474908 -0.092284 -0.081880
100 0.000000 -0.000000 -0.000000 -0.000002 -3.141593 -1.535012
101 -0.155339 4.339165 0.000000 0.015799 0.001031 -0.429415
102 0.000000 0.000000 -0.000000 3.141592 0.000000 0.137367
103 2.889723 6.413463 3.754603 1.037195 -1.069949 -1.767391
104 0.000000 0.000000 0.000000 0.044923 -0.041119 -0.039099
105 2.889723 6.413463 -3.754603 -1.110908 1.069949 -1.767391
106 0.000000 0.000000 0.000000 -0.052054 0.040700 -0.054742
107 9.573680 53.171272 17.760809 0.000000 0.000000 0.000000
108 2.004556 -34.931904 17.394907 0.000000 0.000000 0.000000
109 0.000000 9.000000 0.000000 0.000000 0.000000 0.000000
110 0.000000 0.000000 0.000000 0.000000 0.000000 0.000000
111 0.000000 0.000000 -10.000000 -0.000000 -0.000000 -0.000000
112 20.064631 6.854584 21.752069 0.000000 0.000000 0.000000
113 21.181164 35.807503 34.273327 0.714886 -0.044044 -2.071034
114 20.040791 -0.000036 0.000008 1.404680 0.142601 0.138624
115 0.000000 0.000000 0.000000 -0.654655 0.196944 -0.110878
116 0.000000 0.000000 0.000000 -0.235528 0.036014 0.000000
117 -0.000000 0.000000 0.000000 -1.816459 0.017293 -0.015642
118 -16.887487 53.142502 4.640893 0.000000 0.000000 0.000000
119 -8.748717 -35.712791 6.485354 0.000000 0.000000 0.000000
120 0.000000 9.000000 0.000000 0.000000 0.000000 0.000000
121 0.000000 0.000000 0.000000 0.000000 0.000000 0.000000
122 0.000004 -0.000016 -10.000016 -3.141593 -3.141593 3.141593
123 -19.541929 5.174950 -0.526204 -0.000000 0.000000 0.000000
124 -34.407772 33.215614 2.437241 -2.911738 -0.448446 -1.063619
125 20.040770 -0.000027 0.000001 1.736913 -0.142601 0.138624
126 0.000000 0.000000 0.000000 0.177077 0.279587 -0.173450
127 0.000000 0.000000 0.000000 0.232579 -0.036013 -0.000000
128 -0.000000 -0.000000 0.000000 -1.329320 0.017292 0.015641
129 7.678544 26.790129 -0.173356 0.000000 0.000000 0.000000
130 0.000000 0.000000 0.000000 0.000000 0.000000 0.000000
131 0.000000 0.000000 -10.000000 0.000000 0.000000 0.000000
132 1.366052 -2.791320 2.712373 0.000000 0.000000 0.000000
133 -2.699108 26.433672 -5.152784 0.000000 0.000000 0.000000
134 0.000000 0.000000 0.000000 0.000000 0.000000 0.000000
135 0.000000 0.000000 -10.000000 -0.000000 0.000000 0.000000
136 -6.487644 2.272446 0.692295 0.000000 0.000000 0.000000
137 0.000000 0.000000 0.000000 1.570796 0.000000 0.000000
138 11.578237 18.239372 35.155716 1.452697 -0.030608 -1.647540
139 -25.636204 17.429708 11.126246 -0.829552 -0.292223 -1.509771
time 72
0 0.000000 0.000000 0.000000 1.570796 0.000000 0.000000
1 0.000000 0.000000 0.000000 1.570796 0.000000 0.000000
2 2.378886 26.869619 -2.679102 -0.019262 -0.439527 0.034882
3 0.000000 0.000000 0.000000 0.000000 0.000000 0.000000
4 5.757982 0.000000 0.000000 -2.111334 -0.981932 -1.039597
5 18.152637 -0.000000 0.000000 0.000000 -0.000000 1.596056
6 17.091557 0.000000 0.000000 -0.158827 0.069506 -1.709522
7 6.229743 -0.000000 -0.000000 0.026898 0.011811 -0.381229
8 -5.757982 0.000000 -0.000000 -1.382224 -0.758724 -1.932167
9 18.152637 0.000000 -0.000000 -0.000000 0.000000 1.743199
10 17.091557 0.000000 0.000000 0.338170 0.153217 -1.951305
11 6.229743 -0.000000 0.000000 -0.116061 -0.028454 -0.633366
12 0.000000 3.964346 -1.347968 1.575212 -0.395924 1.547250
13 7.507315 0.000000 -0.000000 -0.008739 -0.018054 0.202480
14 9.079733 0.000000 0.000000 -0.011279 -0.027791 0.213891
15 10.826827 -0.000000 0.000000 0.032377 0.033364 0.597908
16 8.860067 -0.000000 0.000000 3.020224 -0.468369 0.624232
17 4.341945 -0.000000 0.000000 0.015479 0.001271 1.898807
18 6.900930 1.363879 3.754603 -1.964211 -2.086814 0.312381
19 12.731754 0.000000 0.000000 -1.913115 -0.985566 0.920928
20 26.625128 -0.000000 -0.000000 0.000000 -0.000000 -1.150040
21 20.040787 -0.000017 -0.000030 -1.243178 0.333903 0.355228
22 16.821650 2.696737 -0.203279 -0.454715 2.101277 -2.090298
23 2.039386 -0.000000 0.000000 0.000000 -0.119732 -0.551019
24 1.516909 0.000000 0.000000 0.000000 -0.106498 -0.214585
25 17.176727 0.840396 -0.044736 -0.246604 1.977585 -1.852852
26 2.302859 0.000000 0.000000 0.000000 -0.040281 -0.440509
27 2.047745 -0.000000 0.000000 -0.000000 -0.019146 -0.127858
28 17.032684 -1.069098 -0.638179 2.512672 1.056836 0.848304
29 2.907259 0.000000 -0.000000 -0.000000 -0.070674 -0.789421
30 2.470908 -0.000000 -0.000000 -0.000000 0.042753 -0.053852
31 16.797981 -2.957015 -1.264867 2.402309 1.055943 0.717082
32 2.246732 0.000000 0.000000 -0.000000 0.130347 -0.750151
33 1.924987 -0.000000 -0.000000 0.000000 0.084390 -0.071779
34 10.924372 -3.874175 -3.676631 -2.700621 0.350317 -0.102732
35 3.109823 -0.000000 -0.000000 -0.000000 0.123272 -0.061145
36 1.512893 0.000000 0.000000 0.000000 -0.028966 0.541554
37 6.900930 1.363879 -3.754603 1.879463 2.103670 0.306469
38 12.731754 0.000000 0.000000 1.828219 1.044249 0.728610
39 26.625128 0.000000 0.000000 0.000000 0.000000 -1.285183
40 20.040768 -0.000010 0.000019 0.811379 -0.020018 0.422429
41 16.821663 2.695864 0.214569 0.458848 -2.097646 -2.093866
42 2.039386 -0.000000 0.000000 0.000000 0.119732 -0.551019
43 1.516909 -0.000000 0.000000 0.000000 0.106498 -0.214585
44 17.176743 0.840203 0.048255 0.249576 -1.973565 -1.855583
45 2.302859 -0.000000 0.000000 0.000000 0.040281 -0.440509
46 2.047745 0.000000 -0.000000 0.000000 0.019146 -0.127858
47 17.032701 -1.071759 0.633698 -2.507009 -1.059970 0.843370
48 2.907259 0.000000 -0.000000 0.000000 0.070674 -0.789421
49 2.470908 0.000000 0.000000 -0.000000 -0.042753 -0.053852
50 16.798000 -2.962283 1.252475 -2.395869 -1.058686 0.711474
51 2.246732 0.000000 0.000000 -0.000000 -0.130347 -0.750151
52 1.924987 -0.000000 -0.000000 -0.000000 -0.084390 -0.071779
53 10.924391 -3.889540 3.660376 2.705055 -0.349884 -0.104252
54 3.109823 0.000000 0.000000 0.000000 -0.123272 -0.061145
55 1.512893 -0.000000 0.000000 0.000000 0.028966 0.541554
56 7.466661 3.907426 -1.935393 0.000000 0.000000 0.000000
57 1.169394 -0.146284 9.607753 -0.013258 -0.166042 -0.049695
58 -0.183178 -4.377939 -4.342432 0.000000 0.000000 0.000000
59 -0.002390 -3.233157 4.832901 0.018655 0.001060 -0.001453
60 0.000000 0.000000 0.000000 0.000000 -0.000000 0.000000
61 0.000000 0.000000 0.000000 0.000000 0.000000 0.000000
62 -0.000000 -2.426310 5.737833 0.000000 0.000937 -0.001514
63 0.206732 -1.514296 -10.147256 0.000000 -0.000937 0.001514
64 -0.194928 1.514586 13.669277 0.000000 0.000937 -0.001514
65 0.003297 0.000007 -3.521831 0.000000 0.000000 0.000000
66 0.001702 2.426307 -5.737833 0.000000 0.000000 0.000000
67 0.000000 0.000000 0.000000 0.000000 0.000000 0.000000
68 0.000000 0.000000 0.000000 0.018653 0.000123 0.000062
69 0.000339 -2.492026 9.259054 0.018655 0.001060 -0.001453
70 8.000000 0.000000 0.000000 0.021748 0.165152 0.052599
71 0.000003 -2.426316 9.259665 -0.000000 0.000937 -0.001514
72 -7.466661 3.907426 -1.935393 0.000000 0.000000 0.000000
73 1.645945 -0.251468 -6.569128 -0.001609 -0.859262 -0.037896
74 0.334780 -4.377939 -4.346992 0.000000 0.000000 0.000000
75 -0.062765 -3.322056 4.948906 -0.094142 0.000301 -0.001790
76 0.000000 0.000000 0.000000 0.000000 -0.000000 0.000000
77 0.000000 0.000000 0.000000 0.139717 0.000000 0.000000
78 -0.000000 -2.426310 5.737833 -0.000000 0.000937 -0.001514
79 -0.183130 -1.514886 -10.147621 0.000000 -0.000937 0.001514
80 0.194928 1.514586 13.669277 0.000000 0.000937 -0.001514
81 0.003303 0.000007 -3.521831 0.139717 0.000000 0.000000
82 0.001702 2.426307 -5.737833 0.000000 0.000000 0.000000
83 0.000000 -0.000000 0.000000 -0.139717 -0.000000 -0.000000
84 0.000000 0.000000 0.000000 -0.094143 -0.000636 -0.000275
85 -0.001655 -2.095266 9.244072 -0.095316 -0.002940 0.061034
86 -8.000000 0.000000 0.000000 0.046372 0.858334 0.059857
87 -0.000003 -2.426316 9.259665 -0.000000 0.000937 -0.001514
88 0.000156 39.987263 -0.385905 0.000000 0.000000 0.000000
89 2.378730 -13.117642 -2.293198 -0.019262 -0.439527 0.034882
90 0.000000 3.964346 -1.347968 1.570796 0.083193 1.570796
91 0.000000 0.000000 0.000000 -0.004963 -0.021659 0.492880
92 0.000000 -0.000000 0.000000 -0.000000 -0.000000 -0.013661
93 7.506614 -0.102554 0.000000 -0.006389 -0.019013 0.062158
94 0.000000 0.000000 0.000000 0.000000 -0.000000 0.126643
95 9.007018 1.146814 0.000000 -0.001544 -0.029952 0.006431
96 -0.000000 -0.000000 0.000000 0.000000 0.000000 0.333969
97 10.228633 3.548980 0.000000 -0.008430 0.045717 -0.021201
98 0.000000 -0.000000 0.000000 -0.000000 -0.000000 0.952345
99 5.136838 7.218981 0.000000 0.474549 -0.091940 -0.081239
100 0.000000 -0.000000 -0.000000 -0.000002 -3.141593 -1.535012
101 -0.155339 4.339165 0.000000 0.015508 0.000859 -0.429577
102 0.000000 0.000000 -0.000000 3.141592 0.000000 0.137367
103 2.889723 6.413463 3.754603 1.037195 -1.069949 -1.767391
104 0.000000 0.000000 0.000000 0.045299 -0.040028 -0.038291
105 2.889723 6.413463 -3.754603 -1.110908 1.069949 -1.767391
106 0.000000 0.000000 0.000000 -0.051895 0.039524 -0.052063
107 9.585331 53.476372 17.664780 0.000000 0.000000 0.000000
108 1.690616 -35.237000 17.375757 0.000000 0.000000 0.000000
109 0.000000 9.000000 0.000000 0.000000 0.000000 0.000000
110 0.000000 0.000000 0.000000 0.000000 0.000000 0.000000
111 0.000000 0.000000 -10.000000 -0.000000 -0.000000 -0.000000
112 20.018763 6.855480 21.764622 0.000000 0.000000 0.000000
113 20.841459 35.825752 34.116306 0.716832 -0.046134 -2.068956
114 20.040791 -0.000036 0.000008 1.404680 0.142601 0.138624
115 0.000000 0.000000 -0.000000 -0.656140 0.207353 -0.115641
116 0.000000 0.000000 0.000000 -0.235528 0.036014 0.000000
117 -0.000000 0.000000 0.000000 -1.816459 0.017293 -0.015642
118 -16.963642 53.467838 4.688988 0.000000 0.000000 0.000000
119 -8.474072 -36.027168 6.437258 0.000000 0.000000 0.000000
120 0.000000 9.000000 0.000000 0.000000 0.000000 0.000000
121 0.000000 0.000000 0.000000 0.000000 0.000000 0.000000
122 0.000004 -0.000016 -10.000016 -3.141593 -3.141593 3.141593
123 -19.567984 5.132808 -0.570817 -0.000000 0.000000 0.000000
124 -34.181843 33.277489 2.502473 -2.904583 -0.444837 -1.066312
125 20.040770 -0.000027 0.000001 1.736913 -0.142601 0.138624
126 0.000000 -0.000000 -0.000000 0.168783 0.285453 -0.183287
127 0.000000 0.000000 0.000000 0.232579 -0.036013 -0.000000
128 -0.000000 -0.000000 0.000000 -1.329320 0.017292 0.015641
129 7.586419 27.051340 -0.229013 0.000000 0.000000 0.000000
130 0.000000 0.000000 0.000000 0.000000 0.000000 0.000000
131 0.000000 0.000000 -10.000000 0.000000 0.000000 0.000000
132 1.366636 -2.710973 2.588106 0.000000 0.000000 0.000000
133 -2.828647 26.687899 -5.129192 0.000000 0.000000 0.000000
134 0.000000 0.000000 0.000000 0.000000 0.000000 0.000000
135 0.000000 0.000000 -10.000000 -0.000000 0.000000 0.000000
136 -6.510396 2.173301 0.728515 0.000000 0.000000 0.000000
137 0.000000 0.000000 0.000000 1.570796 0.000000 0.000000
138 11.275948 18.239372 35.040535 1.452697 -0.034636 -1.634067
139 -25.437714 17.440670 11.126246 -0.827668 -0.290961 -1.521120
time 73
0 0.000000 0.000000 0.000000 1.570796 0.000000 0.000000
1 0.000000 0.000000 0.000000 1.570796 0.000000 0.000000
2 2.279013 27.191061 -2.671545 -0.019689 -0.435067 0.034927
3 0.000000 0.000000 0.000000 0.000000 0.000000 0.000000
4 5.757982 0.000000 0.000000 -2.096132 -0.969500 -1.055809
5 18.152637 0.000000 0.000000 0.000000 -0.000000 1.571682
6 17.091557 0.000000 -0.000000 -0.154683 0.069609 -1.698445
7 6.229743 0.000000 -0.000000 0.026956 0.011666 -0.377073
8 -5.757982 0.000000 -0.000000 -1.380232 -0.744940 -1.927891
9 18.152637 -0.000000 0.000000 -0.000000 0.000000 1.721786
10 17.091557 -0.000000 -0.000000 0.338507 0.150335 -1.939511
11 6.229743 -0.000000 -0.000000 -0.115946 -0.028602 -0.637736
12 0.000000 3.964346 -1.347968 1.575248 -0.394304 1.547262
13 7.507315 0.000000 0.000000 -0.008423 -0.017911 0.201625
14 9.079733 0.000000 -0.000000 -0.011159 -0.027969 0.213793
15 10.826827 0.000000 0.000000 0.031886 0.032694 0.597635
16 8.860067 0.000000 -0.000000 3.020772 -0.467997 0.625021
17 4.341945 -0.000000 0.000000 0.015131 0.001482 1.898639
18 6.900930 1.363879 3.754603 -1.961189 -2.087052 0.310216
19 12.731754 0.000000 0.000000 -1.922045 -1.003636 0.941745
20 26.625128 0.000000 -0.000000 0.000000 0.000000 -1.126378
21 20.040787 -0.000017 -0.000030 -1.241678 0.339378 0.365643
22 16.821650 2.696737 -0.203279 -0.454715 2.101277 -2.090298
23 2.039386 -0.000000 0.000000 -0.000000 -0.119732 -0.551019
24 1.516909 -0.000000 -0.000000 0.000000 -0.106498 -0.214585
25 17.176727 0.840396 -0.044736 -0.246604 1.977585 -1.852852
26 2.302859 -0.000000 0.000000 0.000000 -0.040281 -0.440509
27 2.047745 0.000000 -0.000000 0.000000 -0.019146 -0.127858
28 17.032684 -1.069098 -0.638179 2.512672 1.056836 0.848304
29 2.907259 0.000000 -0.000000 -0.000000 -0.070674 -0.789421
30 2.470908 0.000000 -0.000000 0.000000 0.042753 -0.053852
31 16.797981 -2.957015 -1.264867 2.402309 1.055943 0.717082
32 2.246732 -0.000000 -0.000000 -0.000000 0.130347 -0.750151
33 1.924987 0.000000 0.000000 -0.000000 0.084390 -0.071779
34 10.924372 -3.874175 -3.676631 -2.700621 0.350317 -0.102732
35 3.109823 -0.000000 0.000000 0.000000 0.123272 -0.061145
36 1.512893 0.000000 0.000000 0.000000 -0.028966 0.541554
37 6.900930 1.363879 -3.754603 1.885290 2.103129 0.312033
38 12.731754 -0.000000 0.000000 1.814795 1.064802 0.710349
39 26.625128 0.000000 -0.000000 -0.000000 0.000000 -1.262476
40 20.040768 -0.000010 0.000019 0.804550 -0.010223 0.428432
41 16.821663 2.695864 0.214569 0.458848 -2.097646 -2.093866
42 2.039386 0.000000 -0.000000 -0.000000 0.119732 -0.551019
43 1.516909 0.000000 0.000000 0.000000 0.106498 -0.214585
44 17.176743 0.840203 0.048255 0.249576 -1.973565 -1.855583
45 2.302859 -0.000000 -0.000000 -0.000000 0.040281 -0.440509
46 2.047745 0.000000 -0.000000 0.000000 0.019146 -0.127858
47 17.032701 -1.071759 0.633698 -2.507009 -1.059970 0.843370
48 2.907259 0.000000 -0.000000 -0.000000 0.070674 -0.789421
49 2.470908 0.000000 -0.000000 -0.000000 -0.042753 -0.053852
50 16.798000 -2.962283 1.252475 -2.395869 -1.058686 0.711474
51 2.246732 -0.000000 0.000000 0.000000 -0.130347 -0.750151
52 1.924987 0.000000 0.000000 -0.000000 -0.084390 -0.071779
53 10.924391 -3.889540 3.660376 2.705055 -0.349884 -0.104252
54 3.109823 -0.000000 0.000000 0.000000 -0.123272 -0.061145
55 1.512893 0.000000 -0.000000 0.000000 0.028966 0.541554
56 7.466661 3.907426 -1.935393 0.000000 0.000000 0.000000
57 1.145074 -0.138372 9.607911 -0.012445 -0.165160 -0.045053
58 -0.183178 -4.377939 -4.342432 0.000000 0.000000 0.000000
59 -0.002402 -3.229387 4.829554 0.022813 0.001087 -0.001439
60 0.000000 0.000000 0.000000 0.000000 -0.000000 0.000000
61 0.000000 0.000000 0.000000 0.000000 0.000000 0.000000
62 -0.000000 -2.426310 5.737833 0.000000 0.000937 -0.001514
63 0.206732 -1.514296 -10.147256 0.000000 -0.000937 0.001514
64 -0.194928 1.514586 13.669277 0.000000 0.000937 -0.001514
65 0.003297 0.000007 -3.521831 0.000000 0.000000 0.000000
66 0.001702 2.426307 -5.737833 0.000000 0.000000 0.000000
67 0.000000 0.000000 0.000000 0.000000 0.000000 0.000000
68 0.000000 0.000000 0.000000 0.022812 0.000150 0.000076
69 0.000415 -2.506669 9.258750 0.022813 0.001087 -0.001439
70 8.000000 0.000000 0.000000 0.020109 0.164410 0.047740
71 0.000003 -2.426316 9.259665 -0.000000 0.000937 -0.001514
72 -7.466661 3.907426 -1.935393 0.000000 0.000000 0.000000
73 1.609290 -0.225410 -6.583130 -0.001934 -0.856525 -0.030753
74 0.334780 -4.377939 -4.346992 0.000000 0.000000 0.000000
75 -0.062757 -3.325496 4.952827 -0.098513 0.000271 -0.001801
76 0.000000 0.000000 0.000000 0.000000 -0.000000 0.000000
77 0.000000 0.000000 0.000000 0.139717 0.000000 0.000000
78 -0.000000 -2.426310 5.737833 -0.000000 0.000937 -0.001514
79 -0.183130 -1.514886 -10.147621 0.000000 -0.000937 0.001514
80 0.194928 1.514586 13.669277 0.000000 0.000937 -0.001514
81 0.003303 0.000007 -3.521831 0.139717 0.000000 0.000000
82 0.001702 2.426307 -5.737833 0.000000 0.000000 0.000000
83 0.000000 -0.000000 0.000000 -0.139717 -0.000000 -0.000000
84 0.000000 0.000000 0.000000 -0.098514 -0.000666 -0.000287
85 -0.001730 -2.079942 9.242591 -0.099681 -0.002696 0.061037
86 -8.000000 0.000000 0.000000 0.038397 0.855887 0.049151
87 -0.000003 -2.426316 9.259665 -0.000000 0.000937 -0.001514
88 0.000156 39.987263 -0.385905 0.000000 0.000000 0.000000
89 2.278857 -12.796200 -2.285641 -0.019689 -0.435067 0.034927
90 0.000000 3.964346 -1.347968 1.570796 0.083193 1.570796
91 0.000000 0.000000 0.000000 -0.004887 -0.021663 0.491259
92 0.000000 -0.000000 0.000000 -0.000000 -0.000000 -0.013661
93 7.506614 -0.102554 0.000000 -0.006093 -0.018831 0.061303
94 0.000000 0.000000 0.000000 0.000000 -0.000000 0.126643
95 9.007018 1.146814 0.000000 -0.001372 -0.030081 0.006332
96 -0.000000 -0.000000 0.000000 0.000000 0.000000 0.333969
97 10.228633 3.548980 0.000000 -0.008168 0.044929 -0.021446
98 0.000000 -0.000000 0.000000 -0.000000 -0.000000 0.952345
99 5.136838 7.218981 0.000000 0.474135 -0.091486 -0.080165
100 0.000000 -0.000000 -0.000000 -0.000002 -3.141593 -1.535012
101 -0.155339 4.339165 0.000000 0.015192 0.000602 -0.429410
102 0.000000 0.000000 -0.000000 3.141592 0.000000 0.137367
103 2.889723 6.413463 3.754603 1.037195 -1.069949 -1.767391
104 0.000000 0.000000 0.000000 0.046465 -0.040894 -0.038960
105 2.889723 6.413463 -3.754603 -1.110908 1.069949 -1.767391
106 0.000000 0.000000 0.000000 -0.050804 0.037075 -0.050553
107 9.608316 53.830193 17.561348 0.000000 0.000000 0.000000
108 1.336230 -35.590820 17.345160 0.000000 0.000000 0.000000
109 0.000000 9.000000 0.000000 0.000000 0.000000 0.000000
110 0.000000 0.000000 0.000000 0.000000 0.000000 0.000000
111 0.000000 0.000000 -10.000000 -0.000000 -0.000000 -0.000000
112 19.968592 6.904629 21.804232 0.000000 0.000000 0.000000
113 20.448076 35.857239 33.943348 0.719965 -0.048078 -2.065485
114 20.040791 -0.000036 0.000008 1.404680 0.142601 0.138624
115 0.000000 0.000000 0.000000 -0.658675 0.217777 -0.120124
116 0.000000 0.000000 0.000000 -0.235528 0.036014 0.000000
117 -0.000000 0.000000 0.000000 -1.816459 0.017293 -0.015642
118 -17.019264 53.873882 4.743264 0.000000 0.000000 0.000000
119 -8.186004 -36.422832 6.382983 0.000000 0.000000 0.000000
120 0.000000 9.000000 0.000000 0.000000 0.000000 0.000000
121 0.000000 0.000000 0.000000 0.000000 0.000000 0.000000
122 0.000004 -0.000016 -10.000016 -3.141593 -3.141593 3.141593
123 -19.565008 5.054014 -0.595572 -0.000000 0.000000 0.000000
124 -33.874699 33.376183 2.590134 -2.895376 -0.439997 -1.072273
125 20.040770 -0.000027 0.000001 1.736913 -0.142601 0.138624
126 0.000000 0.000000 0.000000 0.159051 0.289605 -0.194592
127 0.000000 0.000000 0.000000 0.232579 -0.036013 -0.000000
128 -0.000000 -0.000000 0.000000 -1.329320 0.017292 0.015641
129 7.497406 27.373398 -0.244720 0.000000 0.000000 0.000000
130 0.000000 0.000000 0.000000 0.000000 0.000000 0.000000
131 0.000000 0.000000 -10.000000 0.000000 0.000000 0.000000
132 1.364123 -2.606360 2.431604 0.000000 0.000000 0.000000
133 -2.939380 27.008724 -5.098371 0.000000 0.000000 0.000000
134 0.000000 0.000000 0.000000 0.000000 0.000000 0.000000
135 0.000000 0.000000 -10.000000 -0.000000 0.000000 0.000000
136 -6.550520 2.059346 0.759483 0.000000 0.000000 0.000000
137 0.000000 0.000000 0.000000 1.570796 0.000000 0.000000
138 10.944547 18.239372 34.906506 1.452697 -0.039323 -1.619320
139 -25.205267 17.451050 11.126246 -0.825830 -0.289729 -1.534555
time 74
0 0.000000 0.000000 0.000000 1.570796 0.000000 0.000000
1 0.000000 0.000000 0.000000 1.570796 0.000000 0.000000
2 2.185999 27.644903 -2.650441 -0.020365 -0.432010 0.034268
3 0.000000 0.000000 0.000000 0.000000 0.000000 0.000000
4 5.757982 -0.000000 0.000000 -2.078847 -0.950510 -1.075690
5 18.152637 -0.000000 -0.000000 0.000000 -0.000000 1.537873
6 17.091557 0.000000 0.000000 -0.148697 0.068265 -1.683069
7 6.229743 0.000000 -0.000000 0.027002 0.011551 -0.373789
8 -5.757982 0.000000 -0.000000 -1.380049 -0.727415 -1.921065
9 18.152637 0.000000 0.000000 0.000000 0.000000 1.690865
10 17.091557 -0.000000 -0.000000 0.339784 0.146299 -1.919405
11 6.229743 -0.000000 -0.000000 -0.115772 -0.028826 -0.644326
12 0.000000 3.964346 -1.347968 1.576034 -0.392791 1.547479
13 7.507315 0.000000 0.000000 -0.007572 -0.017628 0.201025
14 9.079733 0.000000 0.000000 -0.010924 -0.028322 0.213277
15 10.826827 0.000000 -0.000000 0.031491 0.031792 0.596969
16 8.860067 0.000000 0.000000 3.021386 -0.467515 0.625992
17 4.341945 -0.000000 0.000000 0.014662 0.001553 1.898273
18 6.900930 1.363879 3.754603 -1.967548 -2.084498 0.322262
19 12.731754 -0.000000 -0.000000 -1.942471 -1.032111 0.969581
20 26.625128 0.000000 -0.000000 0.000000 -0.000000 -1.086927
21 20.040787 -0.000017 -0.000030 -1.239618 0.342208 0.370204
22 16.821650 2.696737 -0.203279 -0.454715 2.101277 -2.090298
23 2.039386 0.000000 -0.000000 -0.000000 -0.119732 -0.551019
24 1.516909 0.000000 0.000000 0.000000 -0.106498 -0.214585
25 17.176727 0.840396 -0.044736 -0.246604 1.977585 -1.852852
26 2.302859 -0.000000 0.000000 -0.000000 -0.040281 -0.440509
27 2.047745 -0.000000 0.000000 -0.000000 -0.019146 -0.127858
28 17.032684 -1.069098 -0.638179 2.512672 1.056836 0.848304
29 2.907259 0.000000 0.000000 -0.000000 -0.070674 -0.789421
30 2.470908 0.000000 -0.000000 -0.000000 0.042753 -0.053852
31 16.797981 -2.957015 -1.264867 2.402309 1.055943 0.717082
32 2.246732 -0.000000 -0.000000 0.000000 0.130347 -0.750151
33 1.924987 0.000000 0.000000 0.000000 0.084390 -0.071779
34 10.924372 -3.874175 -3.676631 -2.700621 0.350317 -0.102732
35 3.109823 -0.000000 -0.000000 -0.000000 0.123272 -0.061145
36 1.512893 -0.000000 -0.000000 0.000000 -0.028966 0.541554
37 6.900930 1.363879 -3.754603 1.891326 2.104597 0.317253
38 12.731754 0.000000 -0.000000 1.799046 1.090303 0.692604
39 26.625128 0.000000 0.000000 -0.000000 0.000000 -1.228911
40 20.040768 -0.000010 0.000019 0.797649 0.000866 0.429281
41 16.821663 2.695864 0.214569 0.458848 -2.097646 -2.093866
42 2.039386 -0.000000 -0.000000 0.000000 0.119732 -0.551019
43 1.516909 -0.000000 0.000000 0.000000 0.106498 -0.214585
44 17.176743 0.840203 0.048255 0.249576 -1.973565 -1.855583
45 2.302859 -0.000000 -0.000000 0.000000 0.040281 -0.440509
46 2.047745 -0.000000 0.000000 -0.000000 0.019146 -0.127858
47 17.032701 -1.071759 0.633698 -2.507009 -1.059970 0.843370
48 2.907259 0.000000 -0.000000 0.000000 0.070674 -0.789421
49 2.470908 0.000000 0.000000 -0.000000 -0.042753 -0.053852
50 16.798000 -2.962283 1.252475 -2.395869 -1.058686 0.711474
51 2.246732 0.000000 -0.000000 -0.000000 -0.130347 -0.750151
52 1.924987 -0.000000 -0.000000 -0.000000 -0.084390 -0.071779
53 10.924391 -3.889540 3.660376 2.705055 -0.349884 -0.104252
54 3.109823 -0.000000 0.000000 -0.000000 -0.123272 -0.061145
55 1.512893 -0.000000 0.000000 0.000000 0.028966 0.541554
56 7.466661 3.907426 -1.935393 0.000000 0.000000 0.000000
57 1.113285 -0.125679 9.612124 -0.010738 -0.163633 -0.039189
58 -0.183178 -4.377939 -4.342432 0.000000 0.000000 0.000000
59 -0.002411 -3.226399 4.826921 0.026098 0.001108 -0.001427
60 0.000000 0.000000 0.000000 -0.000000 -0.000000 0.000000
61 0.000000 0.000000 0.000000 0.000000 0.000000 0.000000
62 -0.000000 -2.426310 5.737833 0.000000 0.000937 -0.001514
63 0.206732 -1.514296 -10.147256 0.000000 -0.000937 0.001514
64 -0.194928 1.514586 13.669277 0.000000 0.000937 -0.001514
65 0.003297 0.000007 -3.521831 0.000000 0.000000 0.000000
66 0.001702 2.426307 -5.737833 0.000000 0.000000 0.000000
67 0.000000 0.000000 0.000000 -0.000000 0.000000 0.000000
68 0.000000 0.000000 0.000000 0.026097 0.000171 0.000087
69 0.000474 -2.518235 9.258467 0.026098 0.001108 -0.001427
70 8.000000 0.000000 0.000000 0.017342 0.163070 0.041487
71 0.000003 -2.426316 9.259665 -0.000000 0.000937 -0.001514
72 -7.466661 3.907426 -1.935393 0.000000 0.000000 0.000000
73 1.564806 -0.183724 -6.593423 -0.000491 -0.854351 -0.022394
74 0.334780 -4.377939 -4.346992 0.000000 0.000000 0.000000
75 -0.062744 -3.330649 4.958768 -0.105103 0.000225 -0.001818
76 0.000000 0.000000 0.000000 0.000000 -0.000000 0.000000
77 0.000000 0.000000 0.000000 0.139717 0.000000 0.000000
78 -0.000000 -2.426310 5.737833 -0.000000 0.000937 -0.001514
79 -0.183130 -1.514886 -10.147621 0.000000 -0.000937 0.001514
80 0.194928 1.514586 13.669277 0.000000 0.000937 -0.001514
81 0.003303 0.000007 -3.521831 0.139717 0.000000 0.000000
82 0.001702 2.426307 -5.737833 0.000000 0.000000 0.000000
83 0.000000 -0.000000 0.000000 -0.139717 -0.000000 -0.000000
84 0.000000 0.000000 0.000000 -0.105104 -0.000712 -0.000303
85 -0.001842 -2.056852 9.240232 -0.106261 -0.002328 0.061038
86 -8.000000 0.000000 0.000000 0.026455 0.854047 0.034655
87 -0.000003 -2.426316 9.259665 -0.000000 0.000937 -0.001514
88 0.000156 39.987263 -0.385905 0.000000 0.000000 0.000000
89 2.185843 -12.342358 -2.264537 -0.020365 -0.432010 0.034268
90 0.000000 3.964346 -1.347968 1.570796 0.083193 1.570796
91 0.000000 0.000000 0.000000 -0.003983 -0.021489 0.489745
92 0.000000 -0.000000 0.000000 -0.000000 -0.000000 -0.013661
93 7.506614 -0.102554 0.000000 -0.005285 -0.018443 0.060703
94 0.000000 0.000000 0.000000 0.000000 -0.000000 0.126643
95 9.007018 1.146814 0.000000 -0.001034 -0.030338 0.005812
96 -0.000000 -0.000000 0.000000 0.000000 0.000000 0.333969
97 10.228633 3.548980 0.000000 -0.007661 0.044084 -0.022077
98 0.000000 -0.000000 0.000000 -0.000000 -0.000000 0.952345
99 5.136838 7.218981 0.000000 0.473604 -0.090981 -0.078868
100 0.000000 -0.000000 -0.000000 -0.000002 -3.141593 -1.535012
101 -0.155339 4.339165 0.000000 0.014738 0.000468 -0.429045
102 0.000000 0.000000 -0.000000 3.141592 0.000000 0.137367
103 2.889723 6.413463 3.754603 1.037195 -1.069949 -1.767391
104 0.000000 0.000000 0.000000 0.050403 -0.036624 -0.034109
105 2.889723 6.413463 -3.754603 -1.110908 1.069949 -1.767391
106 0.000000 0.000000 0.000000 -0.049279 0.034072 -0.050970
107 9.637899 54.410316 17.504900 0.000000 0.000000 0.000000
108 0.958333 -36.170944 17.255014 0.000000 0.000000 0.000000
109 0.000000 9.000000 0.000000 0.000000 0.000000 0.000000
110 0.000000 0.000000 0.000000 0.000000 0.000000 0.000000
111 0.000000 0.000000 -10.000000 -0.000000 -0.000000 -0.000000
112 19.890474 6.946182 21.848370 0.000000 0.000000 0.000000
113 19.916513 35.949654 33.705257 0.721656 -0.052650 -2.055234
114 20.040791 -0.000036 0.000008 1.404680 0.142601 0.138624
115 0.000000 0.000000 -0.000000 -0.658535 0.222310 -0.122583
116 0.000000 0.000000 0.000000 -0.235528 0.036014 0.000000
117 -0.000000 0.000000 0.000000 -1.816459 0.017293 -0.015642
118 -17.045275 54.415409 4.786982 0.000000 0.000000 0.000000
119 -7.904731 -36.954662 6.339264 0.000000 0.000000 0.000000
120 0.000000 9.000000 0.000000 0.000000 0.000000 0.000000
121 0.000000 0.000000 0.000000 0.000000 0.000000 0.000000
122 0.000004 -0.000016 -10.000016 -3.141593 -3.141593 3.141593
123 -19.521019 4.945308 -0.583726 -0.000000 0.000000 0.000000
124 -33.448650 33.545589 2.718814 -2.883446 -0.432912 -1.084716
125 20.040770 -0.000027 0.000001 1.736913 -0.142601 0.138624
126 0.000000 0.000000 -0.000000 0.149112 0.288423 -0.206320
127 0.000000 0.000000 0.000000 0.232579 -0.036013 -0.000000
128 -0.000000 -0.000000 0.000000 -1.329320 0.017292 0.015641
129 7.411903 27.824057 -0.239594 0.000000 0.000000 0.000000
130 0.000000 0.000000 0.000000 0.000000 0.000000 0.000000
131 0.000000 0.000000 -10.000000 0.000000 0.000000 0.000000
132 1.360371 -2.484321 2.256623 0.000000 0.000000 0.000000
133 -3.039906 27.465752 -5.061288 0.000000 0.000000 0.000000
134 0.000000 0.000000 0.000000 0.000000 0.000000 0.000000
135 0.000000 0.000000 -10.000000 -0.000000 0.000000 0.000000
136 -6.598708 1.937476 0.787052 0.000000 0.000000 0.000000
137 0.000000 0.000000 0.000000 1.570796 0.000000 0.000000
138 10.596232 18.239372 34.759914 1.452697 -0.044449 -1.603837
139 -24.950005 17.460749 11.126246 -0.824067 -0.288547 -1.549409
time 75
0 0.000000 0.000000 0.000000 1.570796 0.000000 0.000000
1 0.000000 0.000000 0.000000 1.570796 0.000000 0.000000
2 2.104478 28.153599 -2.608897 -0.020137 -0.429919 0.032666
3 0.000000 0.000000 0.000000 0.000000 0.000000 0.000000
4 5.757982 0.000000 0.000000 -2.062128 -0.929077 -1.095462
5 18.152637 -0.000000 0.000000 0.000000 -0.000000 1.500397
6 17.091557 0.000000 0.000000 -0.142061 0.066051 -1.666271
7 6.229743 -0.000000 -0.000000 0.027032 0.011475 -0.371624
8 -5.757982 0.000000 -0.000000 -1.379996 -0.708926 -1.913565
9 18.152637 0.000000 -0.000000 0.000000 0.000000 1.655588
10 17.091557 -0.000000 0.000000 0.340776 0.141567 -1.893996
11 6.229743 -0.000000 -0.000000 -0.115536 -0.029125 -0.653204
12 0.000000 3.964346 -1.347968 1.577071 -0.389921 1.548193
13 7.507315 -0.000000 0.000000 -0.006386 -0.016719 0.198401
14 9.079733 -0.000000 -0.000000 -0.010241 -0.027782 0.213515
15 10.826827 -0.000000 -0.000000 0.030303 0.030002 0.597423
16 8.860067 0.000000 -0.000000 3.021501 -0.467070 0.627265
17 4.341945 -0.000000 0.000000 0.014239 0.001873 1.898320
18 6.900930 1.363879 3.754603 -1.976716 -2.082415 0.333467
19 12.731754 -0.000000 -0.000000 -1.962367 -1.067962 0.997808
20 26.625128 -0.000000 0.000000 -0.000000 0.000000 -1.037591
21 20.040787 -0.000017 -0.000030 -1.236787 0.345010 0.369688
22 16.821650 2.696737 -0.203279 -0.454715 2.101277 -2.090298
23 2.039386 -0.000000 0.000000 -0.000000 -0.119732 -0.551019
24 1.516909 0.000000 -0.000000 0.000000 -0.106498 -0.214585
25 17.176727 0.840396 -0.044736 -0.246604 1.977585 -1.852852
26 2.302859 0.000000 -0.000000 0.000000 -0.040281 -0.440509
27 2.047745 0.000000 0.000000 -0.000000 -0.019146 -0.127858
28 17.032684 -1.069098 -0.638179 2.512672 1.056836 0.848304
29 2.907259 0.000000 0.000000 0.000000 -0.070674 -0.789421
30 2.470908 -0.000000 -0.000000 0.000000 0.042753 -0.053852
31 16.797981 -2.957015 -1.264867 2.402309 1.055943 0.717082
32 2.246732 0.000000 -0.000000 -0.000000 0.130347 -0.750151
33 1.924987 0.000000 0.000000 0.000000 0.084390 -0.071779
34 10.924372 -3.874175 -3.676631 -2.700621 0.350317 -0.102732
35 3.109823 -0.000000 0.000000 0.000000 0.123272 -0.061145
36 1.512893 0.000000 -0.000000 -0.000000 -0.028966 0.541554
37 6.900930 1.363879 -3.754603 1.890108 2.106485 0.319873
38 12.731754 0.000000 0.000000 1.789828 1.114356 0.682246
39 26.625128 0.000000 -0.000000 0.000000 0.000000 -1.188514
40 20.040768 -0.000010 0.000019 0.791088 0.011941 0.426965
41 16.821663 2.695864 0.214569 0.458848 -2.097646 -2.093866
42 2.039386 -0.000000 -0.000000 -0.000000 0.119732 -0.551019
43 1.516909 0.000000 -0.000000 0.000000 0.106498 -0.214585
44 17.176743 0.840203 0.048255 0.249576 -1.973565 -1.855583
45 2.302859 0.000000 -0.000000 0.000000 0.040281 -0.440509
46 2.047745 0.000000 0.000000 -0.000000 0.019146 -0.127858
47 17.032701 -1.071759 0.633698 -2.507009 -1.059970 0.843370
48 2.907259 0.000000 -0.000000 -0.000000 0.070674 -0.789421
49 2.470908 0.000000 -0.000000 -0.000000 -0.042753 -0.053852
50 16.798000 -2.962283 1.252475 -2.395869 -1.058686 0.711474
51 2.246732 0.000000 0.000000 -0.000000 -0.130347 -0.750151
52 1.924987 -0.000000 -0.000000 -0.000000 -0.084390 -0.071779
53 10.924391 -3.889540 3.660376 2.705055 -0.349884 -0.104252
54 3.109823 0.000000 0.000000 -0.000000 -0.123272 -0.061145
55 1.512893 -0.000000 0.000000 0.000000 0.028966 0.541554
56 7.466661 3.907426 -1.935393 0.000000 0.000000 0.000000
57 1.079638 -0.109500 9.617294 -0.008418 -0.161899 -0.033042
58 -0.183178 -4.377939 -4.342432 0.000000 0.000000 0.000000
59 -0.002417 -3.224424 4.825189 0.028265 0.001123 -0.001420
60 0.000000 0.000000 0.000000 -0.000000 -0.000000 0.000000
61 0.000000 0.000000 0.000000 0.000000 0.000000 0.000000
62 -0.000000 -2.426310 5.737833 0.000000 0.000937 -0.001514
63 0.206732 -1.514296 -10.147256 0.000000 -0.000937 0.001514
64 -0.194928 1.514586 13.669277 0.000000 0.000937 -0.001514
65 0.003297 0.000007 -3.521831 0.000000 0.000000 0.000000
66 0.001702 2.426307 -5.737833 0.000000 0.000000 0.000000
67 0.000000 0.000000 0.000000 0.000000 0.000000 0.000000
68 0.000000 0.000000 0.000000 0.028263 0.000186 0.000094
69 0.000514 -2.525863 9.258260 0.028265 0.001123 -0.001420
70 8.000000 0.000000 0.000000 0.013920 0.161523 0.034852
71 0.000003 -2.426316 9.259665 -0.000000 0.000937 -0.001514
72 -7.466661 3.907426 -1.935393 0.000000 0.000000 0.000000
73 1.516551 -0.129460 -6.594602 0.004576 -0.852697 -0.015678
74 0.334780 -4.377939 -4.346992 0.000000 0.000000 0.000000
75 -0.062728 -3.337529 4.966826 -0.113983 0.000164 -0.001840
76 0.000000 0.000000 0.000000 0.000000 -0.000000 -0.000000
77 0.000000 0.000000 0.000000 0.139717 0.000000 0.000000
78 -0.000000 -2.426310 5.737833 -0.000000 0.000937 -0.001514
79 -0.183130 -1.514886 -10.147621 0.000000 -0.000937 0.001514
80 0.194928 1.514586 13.669277 0.000000 0.000937 -0.001514
81 0.003303 0.000007 -3.521831 0.139717 0.000000 0.000000
82 0.001702 2.426307 -5.737833 0.000000 0.000000 0.000000
83 0.000000 -0.000000 0.000000 -0.139717 -0.000000 -0.000000
84 0.000000 0.000000 0.000000 -0.113984 -0.000773 -0.000326
85 -0.001993 -2.025767 9.236814 -0.115127 -0.001831 0.061036
86 -8.000000 0.000000 0.000000 0.010990 0.852653 0.018591
87 -0.000003 -2.426316 9.259665 -0.000000 0.000937 -0.001514
88 0.000156 39.987263 -0.385905 0.000000 0.000000 0.000000
89 2.104322 -11.833663 -2.222993 -0.020137 -0.429919 0.032666
90 0.000000 3.964346 -1.347968 1.570796 0.083193 1.570796
91 0.000000 0.000000 0.000000 -0.002604 -0.020873 0.486868
92 0.000000 -0.000000 0.000000 -0.000000 -0.000000 -0.013661
93 7.506614 -0.102554 0.000000 -0.004223 -0.017392 0.058081
94 0.000000 0.000000 0.000000 0.000000 -0.000000 0.126643
95 9.007018 1.146814 0.000000 -0.000566 -0.029603 0.006055
96 -0.000000 -0.000000 0.000000 0.000000 0.000000 0.333969
97 10.228633 3.548980 0.000000 -0.006889 0.042080 -0.021553
98 0.000000 -0.000000 0.000000 -0.000000 -0.000000 0.952345
99 5.136838 7.218981 0.000000 0.473150 -0.090918 -0.077503
100 0.000000 -0.000000 -0.000000 -0.000002 -3.141593 -1.535012
101 -0.155339 4.339165 0.000000 0.014363 0.000093 -0.429093
102 0.000000 0.000000 -0.000000 3.141592 0.000000 0.137367
103 2.889723 6.413463 3.754603 1.037195 -1.069949 -1.767391
104 0.000000 0.000000 0.000000 0.050851 -0.032590 -0.029833
105 2.889723 6.413463 -3.754603 -1.110908 1.069949 -1.767391
106 0.000000 0.000000 0.000000 -0.052793 0.032144 -0.052246
107 9.672342 55.080757 17.420988 0.000000 0.000000 0.000000
108 0.570863 -36.841385 17.186049 0.000000 0.000000 0.000000
109 0.000000 9.000000 0.000000 0.000000 0.000000 0.000000
110 0.000000 0.000000 0.000000 0.000000 0.000000 0.000000
111 0.000000 0.000000 -10.000000 -0.000000 -0.000000 -0.000000
112 19.753258 6.906647 21.867109 0.000000 0.000000 0.000000
113 19.305212 36.072372 33.383018 0.722595 -0.061114 -2.040950
114 20.040791 -0.000036 0.000008 1.404680 0.142601 0.138624
115 0.000000 0.000000 0.000000 -0.656279 0.221971 -0.125574
116 0.000000 0.000000 0.000000 -0.235528 0.036014 0.000000
117 -0.000000 0.000000 0.000000 -1.816459 0.017293 -0.015642
118 -17.054869 55.024071 4.793132 0.000000 0.000000 0.000000
119 -7.628193 -37.554398 6.333115 0.000000 0.000000 0.000000
120 0.000000 9.000000 0.000000 0.000000 0.000000 0.000000
121 0.000000 0.000000 0.000000 0.000000 0.000000 0.000000
122 0.000004 -0.000016 -10.000016 -3.141593 -3.141593 3.141593
123 -19.466568 4.826374 -0.561182 -0.000000 0.000000 0.000000
124 -32.948288 33.750248 2.864109 -2.870642 -0.424939 -1.101028
125 20.040770 -0.000027 0.000001 1.736913 -0.142601 0.138624
126 0.000000 -0.000000 0.000000 0.139764 0.284100 -0.217431
127 0.000000 0.000000 0.000000 0.232579 -0.036013 -0.000000
128 -0.000000 -0.000000 0.000000 -1.329320 0.017292 0.015641
129 7.335689 28.324545 -0.208988 0.000000 0.000000 0.000000
130 0.000000 0.000000 0.000000 0.000000 0.000000 0.000000
131 0.000000 0.000000 -10.000000 0.000000 0.000000 0.000000
132 1.357871 -2.349471 2.072372 0.000000 0.000000 0.000000
133 -3.126733 27.982655 -5.008807 0.000000 0.000000 0.000000
134 0.000000 0.000000 0.000000 0.000000 0.000000 0.000000
135 0.000000 0.000000 -10.000000 -0.000000 0.000000 0.000000
136 -6.654626 1.810691 0.809604 0.000000 0.000000 0.000000
137 0.000000 0.000000 0.000000 1.570796 0.000000 0.000000
138 10.243206 18.239372 34.607037 1.452697 -0.049795 -1.588158
139 -24.683062 17.469669 11.126246 -0.822407 -0.287434 -1.565014
time 76
0 0.000000 0.000000 0.000000 1.570796 0.000000 0.000000
1 0.000000 0.000000 0.000000 1.570796 0.000000 0.000000
2 2.039140 28.690573 -2.551515 -0.018445 -0.428496 0.030408
3 0.000000 0.000000 0.000000 0.000000 0.000000 0.000000
4 5.757982 -0.000000 0.000000 -2.045441 -0.906673 -1.115267
5 18.152637 -0.000000 0.000000 -0.000000 0.000000 1.460044
6 17.091557 0.000000 0.000000 -0.136181 0.063153 -1.650089
7 6.229743 -0.000000 -0.000000 0.027059 0.011407 -0.369685
8 -5.757982 0.000000 -0.000000 -1.379040 -0.689898 -1.906055
9 18.152637 -0.000000 0.000000 0.000000 0.000000 1.616507
10 17.091557 -0.000000 0.000000 0.340314 0.137449 -1.867766
11 6.229743 -0.000000 -0.000000 -0.115333 -0.029376 -0.660707
12 0.000000 3.964346 -1.347968 1.577809 -0.385548 1.549492
13 7.507315 -0.000000 0.000000 -0.005073 -0.015317 0.193505
14 9.079733 0.000000 0.000000 -0.009139 -0.026006 0.214347
15 10.826827 -0.000000 -0.000000 0.027418 0.026786 0.598995
16 8.860067 -0.000000 -0.000000 3.021803 -0.466524 0.628537
17 4.341945 -0.000000 0.000000 0.013864 0.001649 1.898657
18 6.900930 1.363879 3.754603 -1.980665 -2.082654 0.336318
19 12.731754 -0.000000 -0.000000 -1.978664 -1.104681 1.025404
20 26.625128 -0.000000 0.000000 0.000000 0.000000 -0.982917
21 20.040787 -0.000017 -0.000030 -1.232811 0.348789 0.365042
22 16.821650 2.696737 -0.203279 -0.454715 2.101277 -2.090298
23 2.039386 0.000000 -0.000000 -0.000000 -0.119732 -0.551019
24 1.516909 0.000000 0.000000 0.000000 -0.106498 -0.214585
25 17.176727 0.840396 -0.044736 -0.246604 1.977585 -1.852852
26 2.302859 -0.000000 0.000000 -0.000000 -0.040281 -0.440509
27 2.047745 -0.000000 -0.000000 0.000000 -0.019146 -0.127858
28 17.032684 -1.069098 -0.638179 2.512672 1.056836 0.848304
29 2.907259 -0.000000 0.000000 -0.000000 -0.070674 -0.789421
30 2.470908 0.000000 -0.000000 0.000000 0.042753 -0.053852
31 16.797981 -2.957015 -1.264867 2.402309 1.055943 0.717082
32 2.246732 0.000000 0.000000 0.000000 0.130347 -0.750151
33 1.924987 -0.000000 -0.000000 0.000000 0.084390 -0.071779
34 10.924372 -3.874175 -3.676631 -2.700621 0.350317 -0.102732
35 3.109823 0.000000 0.000000 0.000000 0.123272 -0.061145
36 1.512893 -0.000000 0.000000 0.000000 -0.028966 0.541554
37 6.900930 1.363879 -3.754603 1.880140 2.109842 0.314227
38 12.731754 -0.000000 0.000000 1.780272 1.136319 0.675324
39 26.625128 -0.000000 0.000000 0.000000 -0.000000 -1.144361
40 20.040768 -0.000010 0.000019 0.785602 0.022038 0.422382
41 16.821663 2.695864 0.214569 0.458848 -2.097646 -2.093866
42 2.039386 0.000000 0.000000 -0.000000 0.119732 -0.551019
43 1.516909 -0.000000 0.000000 0.000000 0.106498 -0.214585
44 17.176743 0.840203 0.048255 0.249576 -1.973565 -1.855583
45 2.302859 -0.000000 -0.000000 0.000000 0.040281 -0.440509
46 2.047745 -0.000000 0.000000 0.000000 0.019146 -0.127858
47 17.032701 -1.071759 0.633698 -2.507009 -1.059970 0.843370
48 2.907259 0.000000 -0.000000 0.000000 0.070674 -0.789421
49 2.470908 0.000000 -0.000000 -0.000000 -0.042753 -0.053852
50 16.798000 -2.962283 1.252475 -2.395869 -1.058686 0.711474
51 2.246732 -0.000000 0.000000 0.000000 -0.130347 -0.750151
52 1.924987 -0.000000 -0.000000 -0.000000 -0.084390 -0.071779
53 10.924391 -3.889540 3.660376 2.705055 -0.349884 -0.104252
54 3.109823 0.000000 0.000000 0.000000 -0.123272 -0.061145
55 1.512893 0.000000 0.000000 0.000000 0.028966 0.541554
56 7.466661 3.907426 -1.935393 0.000000 0.000000 0.000000
57 1.051708 -0.101063 9.618518 -0.007078 -0.160533 -0.027557
58 -0.183178 -4.377939 -4.342432 0.000000 0.000000 0.000000
59 -0.002422 -3.222652 4.823643 0.030205 0.001135 -0.001413
60 0.000000 0.000000 0.000000 -0.000000 -0.000000 -0.000000
61 0.000000 0.000000 0.000000 0.000000 0.000000 0.000000
62 -0.000000 -2.426310 5.737833 0.000000 0.000937 -0.001514
63 0.206732 -1.514296 -10.147256 0.000000 -0.000937 0.001514
64 -0.194928 1.514586 13.669277 0.000000 0.000937 -0.001514
65 0.003297 0.000007 -3.521831 0.000000 0.000000 0.000000
66 0.001702 2.426307 -5.737833 0.000000 0.000000 0.000000
67 0.000000 0.000000 0.000000 -0.000000 0.000000 0.000000
68 0.000000 0.000000 0.000000 0.030203 0.000198 0.000101
69 0.000549 -2.532691 9.258060 0.030205 0.001135 -0.001413
70 8.000000 0.000000 0.000000 0.011629 0.160270 0.029061
71 0.000003 -2.426316 9.259665 -0.000000 0.000937 -0.001514
72 -7.466661 3.907426 -1.935393 0.000000 0.000000 0.000000
73 1.477092 -0.083483 -6.590071 0.009674 -0.851681 -0.011126
74 0.334780 -4.377939 -4.346992 0.000000 0.000000 0.000000
75 -0.062714 -3.343288 4.973682 -0.121486 0.000112 -0.001858
76 0.000000 0.000000 0.000000 -0.000000 0.000000 -0.000000
77 0.000000 0.000000 0.000000 0.139717 0.000000 0.000000
78 -0.000000 -2.426310 5.737833 -0.000000 0.000937 -0.001514
79 -0.183130 -1.514886 -10.147621 0.000000 -0.000937 0.001514
80 0.194928 1.514586 13.669277 0.000000 0.000937 -0.001514
81 0.003303 0.000007 -3.521831 0.139717 0.000000 0.000000
82 0.001702 2.426307 -5.737833 0.000000 0.000000 0.000000
83 -0.000000 -0.000000 0.000000 -0.139717 -0.000000 -0.000000
84 0.000000 0.000000 0.000000 -0.121487 -0.000825 -0.000344
85 -0.002120 -1.999524 9.233709 -0.122619 -0.001412 0.061031
86 -8.000000 0.000000 0.000000 -0.001977 0.851720 0.005841
87 -0.000003 -2.426316 9.259665 -0.000000 0.000937 -0.001514
88 0.000156 39.987263 -0.385905 0.000000 0.000000 0.000000
89 2.038984 -11.296689 -2.165611 -0.018445 -0.428496 0.030408
90 0.000000 3.964346 -1.347968 1.570796 0.083193 1.570796
91 0.000000 0.000000 0.000000 -0.001270 -0.019724 0.482484
92 0.000000 -0.000000 0.000000 -0.000000 -0.000000 -0.013661
93 7.506614 -0.102554 0.000000 -0.003097 -0.015835 0.053187
94 0.000000 0.000000 0.000000 0.000000 -0.000000 0.126643
95 9.007018 1.146814 0.000000 -0.000107 -0.027564 0.006904
96 -0.000000 -0.000000 0.000000 0.000000 0.000000 0.333969
97 10.228633 3.548980 0.000000 -0.005938 0.037866 -0.019861
98 0.000000 -0.000000 0.000000 -0.000000 -0.000000 0.952345
99 5.136838 7.218981 0.000000 0.472580 -0.090696 -0.076043
100 0.000000 -0.000000 -0.000000 -0.000002 -3.141593 -1.535012
101 -0.155339 4.339165 0.000000 0.013960 0.000263 -0.429431
102 0.000000 0.000000 -0.000000 3.141592 0.000000 0.137367
103 2.889723 6.413463 3.754603 1.037195 -1.069949 -1.767391
104 0.000000 0.000000 0.000000 0.049375 -0.031232 -0.029431
105 2.889723 6.413463 -3.754603 -1.110908 1.069949 -1.767391
106 0.000000 0.000000 0.000000 -0.058048 0.033625 -0.056423
107 9.704369 55.755695 17.282257 0.000000 0.000000 0.000000
108 0.193299 -37.516323 17.171904 0.000000 0.000000 0.000000
109 0.000000 9.000000 0.000000 0.000000 0.000000 0.000000
110 0.000000 0.000000 0.000000 0.000000 0.000000 0.000000
111 0.000000 0.000000 -10.000000 -0.000000 -0.000000 -0.000000
112 19.664063 6.872171 21.875895 0.000000 0.000000 0.000000
113 18.657570 36.204056 32.981655 0.722718 -0.073542 -2.024489
114 20.040791 -0.000036 0.000008 1.404680 0.142601 0.138624
115 0.000000 0.000000 0.000000 -0.651996 0.217754 -0.130021
116 0.000000 0.000000 0.000000 -0.235528 0.036014 0.000000
117 -0.000000 0.000000 0.000000 -1.816459 0.017293 -0.015642
118 -17.041338 55.646824 4.747674 0.000000 0.000000 0.000000
119 -7.374239 -38.169106 6.378573 0.000000 0.000000 0.000000
120 0.000000 9.000000 0.000000 0.000000 0.000000 0.000000
121 0.000000 0.000000 0.000000 0.000000 0.000000 0.000000
122 0.000004 -0.000016 -10.000016 -3.141593 -3.141593 3.141593
123 -19.424398 4.736375 -0.541211 -0.000000 0.000000 0.000000
124 -32.404057 33.970181 3.013488 -2.858459 -0.416773 -1.119729
125 20.040770 -0.000027 0.000001 1.736913 -0.142601 0.138624
126 0.000000 -0.000000 0.000000 0.132018 0.277711 -0.227061
127 0.000000 0.000000 0.000000 0.232579 -0.036013 -0.000000
128 -0.000000 -0.000000 0.000000 -1.329320 0.017292 0.015641
129 7.274131 28.849808 -0.159054 0.000000 0.000000 0.000000
130 0.000000 0.000000 0.000000 0.000000 0.000000 0.000000
131 0.000000 0.000000 -10.000000 0.000000 0.000000 0.000000
132 1.363335 -2.203039 1.883081 0.000000 0.000000 0.000000
133 -3.195851 28.531336 -4.943977 0.000000 0.000000 0.000000
134 0.000000 0.000000 0.000000 0.000000 0.000000 0.000000
135 0.000000 0.000000 -10.000000 -0.000000 0.000000 0.000000
136 -6.722415 1.677626 0.824685 0.000000 0.000000 0.000000
137 0.000000 0.000000 0.000000 1.570796 0.000000 0.000000
138 9.897667 18.239372 34.454159 1.452697 -0.055141 -1.572820
139 -24.415577 17.477716 11.126246 -0.820877 -0.286409 -1.580704
time 77
0 0.000000 0.000000 0.000000 1.570796 0.000000 0.000000
1 0.000000 0.000000 0.000000 1.570796 0.000000 0.000000
2 2.039140 29.231907 -2.551515 -0.018445 -0.428496 0.030408
3 0.000000 0.000000 0.000000 0.000000 0.000000 0.000000
4 5.757982 -0.000000 0.000000 -2.029997 -0.883278 -1.136648
5 18.152637 0.000000 0.000000 0.000000 -0.000000 1.415479
6 17.091557 -0.000000 0.000000 -0.134680 0.062020 -1.632340
7 6.229743 0.000000 -0.000000 0.027059 0.011407 -0.369685
8 -5.757982 0.000000 -0.000000 -1.382348 -0.671998 -1.897271
9 18.152637 0.000000 0.000000 0.000000 0.000000 1.574262
10 17.091557 0.000000 0.000000 0.337283 0.140083 -1.844807
11 6.229743 0.000000 -0.000000 -0.115333 -0.029376 -0.660707
12 0.000000 3.964346 -1.347968 1.577809 -0.385548 1.549492
13 7.507315 -0.000000 0.000000 -0.005073 -0.015317 0.193505
14 9.079733 0.000000 0.000000 -0.009139 -0.026006 0.214347
15 10.826827 -0.000000 -0.000000 0.027418 0.026786 0.598995
16 8.860067 0.000000 -0.000000 3.021803 -0.466524 0.628537
17 4.341945 -0.000000 0.000000 0.013864 0.001649 1.898657
18 6.900930 1.363879 3.754603 -1.980665 -2.082654 0.336318
19 12.731754 -0.000000 -0.000000 -1.996682 -1.131443 1.046428
20 26.625128 0.000000 -0.000000 0.000000 -0.000000 -0.941944
21 20.040787 -0.000017 -0.000030 -1.226547 0.350632 0.368144
22 16.821650 2.696737 -0.203279 -0.454715 2.101277 -2.090298
23 2.039386 0.000000 -0.000000 -0.000000 -0.119732 -0.551019
24 1.516909 0.000000 0.000000 0.000000 -0.106498 -0.214585
25 17.176727 0.840396 -0.044736 -0.246604 1.977585 -1.852852
26 2.302859 0.000000 -0.000000 -0.000000 -0.040281 -0.440509
27 2.047745 0.000000 0.000000 0.000000 -0.019146 -0.127858
28 17.032684 -1.069098 -0.638179 2.512672 1.056836 0.848304
29 2.907259 0.000000 -0.000000 -0.000000 -0.070674 -0.789421
30 2.470908 -0.000000 -0.000000 0.000000 0.042753 -0.053852
31 16.797981 -2.957015 -1.264867 2.402309 1.055943 0.717082
32 2.246732 0.000000 -0.000000 0.000000 0.130347 -0.750151
33 1.924987 -0.000000 -0.000000 0.000000 0.084390 -0.071779
34 10.924372 -3.874175 -3.676631 -2.700621 0.350317 -0.102732
35 3.109823 -0.000000 -0.000000 0.000000 0.123272 -0.061145
36 1.512893 0.000000 0.000000 0.000000 -0.028966 0.541554
37 6.900930 1.363879 -3.754603 1.880140 2.109842 0.314227
38 12.731754 0.000000 0.000000 1.776762 1.159566 0.673675
39 26.625128 -0.000000 -0.000000 0.000000 0.000000 -1.105571
40 20.040768 -0.000010 0.000019 0.781086 0.032770 0.419683
41 16.821663 2.695864 0.214569 0.458848 -2.097646 -2.093866
42 2.039386 0.000000 -0.000000 -0.000000 0.119732 -0.551019
43 1.516909 -0.000000 0.000000 0.000000 0.106498 -0.214585
44 17.176743 0.840203 0.048255 0.249576 -1.973565 -1.855583
45 2.302859 0.000000 0.000000 -0.000000 0.040281 -0.440509
46 2.047745 -0.000000 0.000000 0.000000 0.019146 -0.127858
47 17.032701 -1.071759 0.633698 -2.507009 -1.059970 0.843370
48 2.907259 -0.000000 -0.000000 -0.000000 0.070674 -0.789421
49 2.470908 0.000000 -0.000000 -0.000000 -0.042753 -0.053852
50 16.798000 -2.962283 1.252475 -2.395869 -1.058686 0.711474
51 2.246732 0.000000 -0.000000 -0.000000 -0.130347 -0.750151
52 1.924987 -0.000000 -0.000000 -0.000000 -0.084390 -0.071779
53 10.924391 -3.889540 3.660376 2.705055 -0.349884 -0.104252
54 3.109823 0.000000 0.000000 -0.000000 -0.123272 -0.061145
55 1.512893 -0.000000 0.000000 0.000000 0.028966 0.541554
56 7.466661 3.907426 -1.935393 0.000000 0.000000 0.000000
57 1.051708 -0.101063 9.618518 -0.007078 -0.160533 -0.027557
58 -0.183178 -4.377939 -4.342432 0.000000 0.000000 0.000000
59 -0.002422 -3.222652 4.823643 0.030205 0.001135 -0.001413
60 0.000000 0.000000 0.000000 -0.000000 -0.000000 -0.000000
61 0.000000 0.000000 0.000000 0.000000 0.000000 0.000000
62 -0.000000 -2.426310 5.737833 0.000000 0.000937 -0.001514
63 0.206732 -1.514296 -10.147256 0.000000 -0.000937 0.001514
64 -0.194928 1.514586 13.669277 0.000000 0.000937 -0.001514
65 0.003297 0.000007 -3.521831 0.000000 0.000000 0.000000
66 0.001702 2.426307 -5.737833 0.000000 0.000000 0.000000
67 0.000000 0.000000 0.000000 -0.000000 0.000000 0.000000
68 0.000000 0.000000 0.000000 0.030203 0.000198 0.000101
69 0.000549 -2.532691 9.258060 0.030205 0.001135 -0.001413
70 8.000000 0.000000 0.000000 0.011629 0.160270 0.029061
71 0.000003 -2.426316 9.259665 -0.000000 0.000937 -0.001514
72 -7.466661 3.907426 -1.935393 0.000000 0.000000 0.000000
73 1.477092 -0.083483 -6.590071 0.009674 -0.851681 -0.011126
74 0.334780 -4.377939 -4.346992 0.000000 0.000000 0.000000
75 -0.062714 -3.343288 4.973682 -0.121486 0.000112 -0.001858
76 0.000000 0.000000 0.000000 -0.000000 0.000000 -0.000000
77 0.000000 0.000000 0.000000 0.139717 0.000000 0.000000
78 -0.000000 -2.426310 5.737833 -0.000000 0.000937 -0.001514
79 -0.183130 -1.514886 -10.147621 0.000000 -0.000937 0.001514
80 0.194928 1.514586 13.669277 0.000000 0.000937 -0.001514
81 0.003303 0.000007 -3.521831 0.139717 0.000000 0.000000
82 0.001702 2.426307 -5.737833 0.000000 0.000000 0.000000
83 -0.000000 -0.000000 0.000000 -0.139717 -0.000000 -0.000000
84 0.000000 0.000000 0.000000 -0.121487 -0.000825 -0.000344
85 -0.002120 -1.999524 9.233709 -0.122619 -0.001412 0.061031
86 -8.000000 0.000000 0.000000 -0.001977 0.851720 0.005841
87 -0.000003 -2.426316 9.259665 -0.000000 0.000937 -0.001514
88 0.000156 39.987263 -0.385905 0.000000 0.000000 0.000000
89 2.038984 -10.755354 -2.165611 -0.018445 -0.428496 0.030408
90 0.000000 3.964346 -1.347968 1.570796 0.083193 1.570796
91 0.000000 0.000000 0.000000 -0.001270 -0.019724 0.482484
92 0.000000 -0.000000 0.000000 -0.000000 -0.000000 -0.013661
93 7.506614 -0.102554 0.000000 -0.003097 -0.015835 0.053187
94 0.000000 0.000000 0.000000 0.000000 -0.000000 0.126643
95 9.007018 1.146814 0.000000 -0.000107 -0.027564 0.006904
96 -0.000000 -0.000000 0.000000 0.000000 0.000000 0.333969
97 10.228633 3.548980 0.000000 -0.005938 0.037866 -0.019861
98 0.000000 -0.000000 0.000000 -0.000000 -0.000000 0.952345
99 5.136838 7.218981 0.000000 0.472580 -0.090696 -0.076043
100 0.000000 -0.000000 -0.000000 -0.000002 -3.141593 -1.535012
101 -0.155339 4.339165 0.000000 0.013960 0.000263 -0.429431
102 0.000000 0.000000 -0.000000 3.141592 0.000000 0.137367
103 2.889723 6.413463 3.754603 1.037195 -1.069949 -1.767391
104 0.000000 0.000000 0.000000 0.049375 -0.031232 -0.029431
105 2.889723 6.413463 -3.754603 -1.110908 1.069949 -1.767391
106 0.000000 0.000000 0.000000 -0.058048 0.033625 -0.056423
107 9.704369 56.297028 17.282257 0.000000 0.000000 0.000000
108 -0.132552 -38.057655 17.025309 0.000000 0.000000 0.000000
109 0.000000 9.000000 0.000000 0.000000 0.000000 0.000000
110 0.000000 0.000000 0.000000 0.000000 0.000000 0.000000
111 0.000000 0.000000 -10.000000 -0.000000 -0.000000 -0.000000
112 19.664063 6.872171 21.875895 0.000000 0.000000 0.000000
113 18.128586 36.290009 32.698128 0.720387 -0.080395 -2.013463
114 20.040791 -0.000036 0.000008 1.404680 0.142601 0.138624
115 0.000000 0.000000 0.000000 -0.647082 0.220599 -0.131754
116 0.000000 0.000000 0.000000 -0.235528 0.036014 0.000000
117 -0.000000 0.000000 0.000000 -1.816459 0.017293 -0.015642
118 -17.041338 56.188160 4.747674 0.000000 0.000000 0.000000
119 -7.117349 -38.703365 6.378573 0.000000 0.000000 0.000000
120 0.000000 9.000000 0.000000 0.000000 0.000000 0.000000
121 0.000000 0.000000 0.000000 0.000000 0.000000 0.000000
122 0.000004 -0.000016 -10.000016 -3.141593 -3.141593 3.141593
123 -19.424398 4.736375 -0.541211 -0.000000 0.000000 0.000000
124 -31.917328 34.162785 3.171237 -2.848130 -0.408181 -1.135372
125 20.040770 -0.000027 0.000001 1.736913 -0.142601 0.138624
126 0.000000 0.000000 0.000000 0.125030 0.273053 -0.237636
127 0.000000 0.000000 0.000000 0.232579 -0.036013 -0.000000
128 -0.000000 -0.000000 0.000000 -1.329320 0.017292 0.015641
129 7.274131 29.391144 -0.159054 0.000000 0.000000 0.000000
130 0.000000 0.000000 0.000000 0.000000 0.000000 0.000000
131 0.000000 0.000000 -10.000000 0.000000 0.000000 0.000000
132 1.363335 -2.203039 1.883081 0.000000 0.000000 0.000000
133 -3.195851 29.072672 -4.943977 0.000000 0.000000 0.000000
134 0.000000 0.000000 0.000000 0.000000 0.000000 0.000000
135 0.000000 0.000000 -10.000000 -0.000000 0.000000 0.000000
136 -6.722415 1.677626 0.824685 0.000000 0.000000 0.000000
137 0.000000 0.000000 0.000000 1.570796 0.000000 0.000000
138 9.571816 18.239372 34.307564 1.452697 -0.060268 -1.558364
139 -24.158688 17.484793 11.126246 -0.819506 -0.285490 -1.595811
time 78
0 0.000000 0.000000 0.000000 1.570796 0.000000 0.000000
1 0.000000 0.000000 0.000000 1.570796 0.000000 0.000000
2 2.039140 29.753981 -2.551515 -0.018445 -0.428496 0.030408
3 0.000000 0.000000 0.000000 0.000000 0.000000 0.000000
4 5.757982 -0.000000 0.000000 -2.015976 -0.860152 -1.156421
5 18.152637 -0.000000 0.000000 0.000000 0.000000 1.371290
6 17.091557 -0.000000 0.000000 -0.133287 0.060969 -1.614426
7 6.229743 -0.000000 0.000000 0.027059 0.011407 -0.369685
8 -5.757982 0.000000 -0.000000 -1.385451 -0.654199 -1.888989
9 18.152637 0.000000 0.000000 0.000000 -0.000000 1.532631
10 17.091557 0.000000 -0.000000 0.334479 0.142516 -1.822272
11 6.229743 0.000000 0.000000 -0.115333 -0.029376 -0.660707
12 0.000000 3.964346 -1.347968 1.577809 -0.385548 1.549492
13 7.507315 -0.000000 0.000000 -0.005073 -0.015317 0.193505
14 9.079733 0.000000 0.000000 -0.009139 -0.026006 0.214347
15 10.826827 -0.000000 -0.000000 0.027418 0.026786 0.598995
16 8.860067 -0.000000 -0.000000 3.021803 -0.466524 0.628537
17 4.341945 -0.000000 0.000000 0.013864 0.001649 1.898657
18 6.900930 1.363879 3.754603 -1.980665 -2.082654 0.336318
19 12.731754 0.000000 0.000000 -2.016566 -1.157455 1.069169
20 26.625128 0.000000 0.000000 -0.000000 0.000000 -0.900009
21 20.040787 -0.000017 -0.000030 -1.220765 0.351898 0.368163
22 16.821650 2.696737 -0.203279 -0.454715 2.101277 -2.090298
23 2.039386 0.000000 -0.000000 0.000000 -0.119732 -0.551019
24 1.516909 0.000000 0.000000 0.000000 -0.106498 -0.214585
25 17.176727 0.840396 -0.044736 -0.246604 1.977585 -1.852852
26 2.302859 0.000000 -0.000000 -0.000000 -0.040281 -0.440509
27 2.047745 0.000000 -0.000000 0.000000 -0.019146 -0.127858
28 17.032684 -1.069098 -0.638179 2.512672 1.056836 0.848304
29 2.907259 -0.000000 -0.000000 -0.000000 -0.070674 -0.789421
30 2.470908 0.000000 0.000000 -0.000000 0.042753 -0.053852
31 16.797981 -2.957015 -1.264867 2.402309 1.055943 0.717082
32 2.246732 -0.000000 -0.000000 -0.000000 0.130347 -0.750151
33 1.924987 0.000000 0.000000 0.000000 0.084390 -0.071779
34 10.924372 -3.874175 -3.676631 -2.700621 0.350317 -0.102732
35 3.109823 0.000000 0.000000 -0.000000 0.123272 -0.061145
36 1.512893 -0.000000 -0.000000 0.000000 -0.028966 0.541554
37 6.900930 1.363879 -3.754603 1.880140 2.109842 0.314227
38 12.731754 -0.000000 0.000000 1.773923 1.182272 0.672477
39 26.625128 -0.000000 0.000000 -0.000000 -0.000000 -1.066466
40 20.040768 -0.000010 0.000019 0.777064 0.042773 0.415025
41 16.821663 2.695864 0.214569 0.458848 -2.097646 -2.093866
42 2.039386 -0.000000 -0.000000 -0.000000 0.119732 -0.551019
43 1.516909 0.000000 0.000000 0.000000 0.106498 -0.214585
44 17.176743 0.840203 0.048255 0.249576 -1.973565 -1.855583
45 2.302859 0.000000 -0.000000 -0.000000 0.040281 -0.440509
46 2.047745 0.000000 -0.000000 0.000000 0.019146 -0.127858
47 17.032701 -1.071759 0.633698 -2.507009 -1.059970 0.843370
48 2.907259 0.000000 -0.000000 0.000000 0.070674 -0.789421
49 2.470908 0.000000 -0.000000 -0.000000 -0.042753 -0.053852
50 16.798000 -2.962283 1.252475 -2.395869 -1.058686 0.711474
51 2.246732 -0.000000 -0.000000 0.000000 -0.130347 -0.750151
52 1.924987 -0.000000 -0.000000 -0.000000 -0.084390 -0.071779
53 10.924391 -3.889540 3.660376 2.705055 -0.349884 -0.104252
54 3.109823 0.000000 0.000000 -0.000000 -0.123272 -0.061145
55 1.512893 -0.000000 0.000000 0.000000 0.028966 0.541554
56 7.466661 3.907426 -1.935393 0.000000 0.000000 0.000000
57 1.051708 -0.101063 9.618518 -0.007078 -0.160533 -0.027557
58 -0.183178 -4.377939 -4.342432 0.000000 0.000000 0.000000
59 -0.002422 -3.222652 4.823643 0.030205 0.001135 -0.001413
60 0.000000 0.000000 0.000000 -0.000000 -0.000000 -0.000000
61 0.000000 0.000000 0.000000 0.000000 0.000000 0.000000
62 -0.000000 -2.426310 5.737833 0.000000 0.000937 -0.001514
63 0.206732 -1.514296 -10.147256 0.000000 -0.000937 0.001514
64 -0.194928 1.514586 13.669277 0.000000 0.000937 -0.001514
65 0.003297 0.000007 -3.521831 0.000000 0.000000 0.000000
66 0.001702 2.426307 -5.737833 0.000000 0.000000 0.000000
67 0.000000 0.000000 0.000000 -0.000000 0.000000 0.000000
68 0.000000 0.000000 0.000000 0.030203 0.000198 0.000101
69 0.000549 -2.532691 9.258060 0.030205 0.001135 -0.001413
70 8.000000 0.000000 0.000000 0.011629 0.160270 0.029061
71 0.000003 -2.426316 9.259665 -0.000000 0.000937 -0.001514
72 -7.466661 3.907426 -1.935393 0.000000 0.000000 0.000000
73 1.477092 -0.083483 -6.590071 0.009674 -0.851681 -0.011126
74 0.334780 -4.377939 -4.346992 0.000000 0.000000 0.000000
75 -0.062714 -3.343288 4.973682 -0.121486 0.000112 -0.001858
76 0.000000 0.000000 0.000000 -0.000000 0.000000 -0.000000
77 0.000000 0.000000 0.000000 0.139717 0.000000 0.000000
78 -0.000000 -2.426310 5.737833 -0.000000 0.000937 -0.001514
79 -0.183130 -1.514886 -10.147621 0.000000 -0.000937 0.001514
80 0.194928 1.514586 13.669277 0.000000 0.000937 -0.001514
81 0.003303 0.000007 -3.521831 0.139717 0.000000 0.000000
82 0.001702 2.426307 -5.737833 0.000000 0.000000 0.000000
83 -0.000000 -0.000000 0.000000 -0.139717 -0.000000 -0.000000
84 0.000000 0.000000 0.000000 -0.121487 -0.000825 -0.000344
85 -0.002120 -1.999524 9.233709 -0.122619 -0.001412 0.061031
86 -8.000000 0.000000 0.000000 -0.001977 0.851720 0.005841
87 -0.000003 -2.426316 9.259665 -0.000000 0.000937 -0.001514
88 0.000156 39.987263 -0.385905 0.000000 0.000000 0.000000
89 2.038984 -10.233281 -2.165611 -0.018445 -0.428496 0.030408
90 0.000000 3.964346 -1.347968 1.570796 0.083193 1.570796
91 0.000000 0.000000 0.000000 -0.001270 -0.019724 0.482484
92 0.000000 -0.000000 0.000000 -0.000000 -0.000000 -0.013661
93 7.506614 -0.102554 0.000000 -0.003097 -0.015835 0.053187
94 0.000000 0.000000 0.000000 0.000000 -0.000000 0.126643
95 9.007018 1.146814 0.000000 -0.000107 -0.027564 0.006904
96 -0.000000 -0.000000 0.000000 0.000000 0.000000 0.333969
97 10.228633 3.548980 0.000000 -0.005938 0.037866 -0.019861
98 0.000000 -0.000000 0.000000 -0.000000 -0.000000 0.952345
99 5.136838 7.218981 0.000000 0.472580 -0.090696 -0.076043
100 0.000000 -0.000000 -0.000000 -0.000002 -3.141593 -1.535012
101 -0.155339 4.339165 0.000000 0.013960 0.000263 -0.429431
102 0.000000 0.000000 -0.000000 3.141592 0.000000 0.137367
103 2.889723 6.413463 3.754603 1.037195 -1.069949 -1.767391
104 0.000000 0.000000 0.000000 0.049375 -0.031232 -0.029431
105 2.889723 6.413463 -3.754603 -1.110908 1.069949 -1.767391
106 0.000000 0.000000 0.000000 -0.058048 0.033625 -0.056423
107 9.704369 56.819103 17.282257 0.000000 0.000000 0.000000
108 -0.426515 -38.579731 16.891281 0.000000 0.000000 0.000000
109 0.000000 9.000000 0.000000 0.000000 0.000000 0.000000
110 0.000000 0.000000 0.000000 0.000000 0.000000 0.000000
111 0.000000 0.000000 -10.000000 -0.000000 -0.000000 -0.000000
112 19.664063 6.872171 21.875895 0.000000 0.000000 0.000000
113 17.606831 36.381634 32.407017 0.717896 -0.088261 -2.001186
114 20.040791 -0.000036 0.000008 1.404680 0.142601 0.138624
115 0.000000 0.000000 0.000000 -0.641661 0.220482 -0.133208
116 0.000000 0.000000 0.000000 -0.235528 0.036014 0.000000
117 -0.000000 0.000000 0.000000 -1.816459 0.017293 -0.015642
118 -17.041338 56.710232 4.747674 0.000000 0.000000 0.000000
119 -6.882191 -39.219433 6.378573 0.000000 0.000000 0.000000
120 0.000000 9.000000 0.000000 0.000000 0.000000 0.000000
121 0.000000 0.000000 0.000000 0.000000 0.000000 0.000000
122 0.000004 -0.000016 -10.000016 -3.141593 -3.141593 3.141593
123 -19.424398 4.736375 -0.541211 -0.000000 0.000000 0.000000
124 -31.435740 34.356396 3.331858 -2.838015 -0.399465 -1.151761
125 20.040770 -0.000027 0.000001 1.736913 -0.142601 0.138624
126 0.000000 0.000000 0.000000 0.119003 0.266592 -0.247054
127 0.000000 0.000000 0.000000 0.232579 -0.036013 -0.000000
128 -0.000000 -0.000000 0.000000 -1.329320 0.017292 0.015641
129 7.274131 29.913218 -0.159054 0.000000 0.000000 0.000000
130 0.000000 0.000000 0.000000 0.000000 0.000000 0.000000
131 0.000000 0.000000 -10.000000 0.000000 0.000000 0.000000
132 1.363335 -2.203039 1.883081 0.000000 0.000000 0.000000
133 -3.195851 29.594746 -4.943977 0.000000 0.000000 0.000000
134 0.000000 0.000000 0.000000 0.000000 0.000000 0.000000
135 0.000000 0.000000 -10.000000 -0.000000 0.000000 0.000000
136 -6.722415 1.677626 0.824685 0.000000 0.000000 0.000000
137 0.000000 0.000000 0.000000 1.570796 0.000000 0.000000
138 9.277853 18.239372 34.173538 1.452697 -0.064955 -1.545327
139 -23.923529 17.490801 11.126246 -0.818321 -0.284696 -1.609667
time 79
0 0.000000 0.000000 0.000000 1.570796 0.000000 0.000000
1 0.000000 0.000000 0.000000 1.570796 0.000000 0.000000
2 2.039140 30.231165 -2.551515 -0.018445 -0.428496 0.030408
3 0.000000 0.000000 0.000000 0.000000 0.000000 0.000000
4 5.757982 -0.000000 0.000000 -2.003845 -0.838489 -1.173845
5 18.152637 -0.000000 0.000000 -0.000000 0.000000 1.329764
6 17.091557 -0.000000 0.000000 -0.132057 0.060041 -1.597326
7 6.229743 0.000000 -0.000000 0.027059 0.011407 -0.369685
8 -5.757982 0.000000 -0.000000 -1.388214 -0.637446 -1.881569
9 18.152637 0.000000 0.000000 0.000000 -0.000000 1.493753
10 17.091557 0.000000 0.000000 0.332013 0.144654 -1.801302
11 6.229743 0.000000 -0.000000 -0.115333 -0.029376 -0.660707
12 0.000000 3.964346 -1.347968 1.577809 -0.385548 1.549492
13 7.507315 -0.000000 0.000000 -0.005073 -0.015317 0.193505
14 9.079733 0.000000 0.000000 -0.009139 -0.026006 0.214347
15 10.826827 0.000000 -0.000000 0.027418 0.026786 0.598995
16 8.860067 0.000000 -0.000000 3.021803 -0.466524 0.628537
17 4.341945 -0.000000 0.000000 0.013864 0.001649 1.898657
18 6.900930 1.363879 3.754603 -1.980665 -2.082654 0.336318
19 12.731754 0.000000 0.000000 -2.037457 -1.181453 1.092640
20 26.625128 0.000000 -0.000000 -0.000000 -0.000000 -0.859333
21 20.040787 -0.000017 -0.000030 -1.215751 0.352625 0.365369
22 16.821650 2.696737 -0.203279 -0.454715 2.101277 -2.090298
23 2.039386 0.000000 -0.000000 0.000000 -0.119732 -0.551019
24 1.516909 0.000000 0.000000 0.000000 -0.106498 -0.214585
25 17.176727 0.840396 -0.044736 -0.246604 1.977585 -1.852852
26 2.302859 -0.000000 0.000000 -0.000000 -0.040281 -0.440509
27 2.047745 0.000000 -0.000000 -0.000000 -0.019146 -0.127858
28 17.032684 -1.069098 -0.638179 2.512672 1.056836 0.848304
29 2.907259 0.000000 0.000000 0.000000 -0.070674 -0.789421
30 2.470908 0.000000 0.000000 -0.000000 0.042753 -0.053852
31 16.797981 -2.957015 -1.264867 2.402309 1.055943 0.717082
32 2.246732 0.000000 -0.000000 -0.000000 0.130347 -0.750151
33 1.924987 0.000000 0.000000 0.000000 0.084390 -0.071779
34 10.924372 -3.874175 -3.676631 -2.700621 0.350317 -0.102732
35 3.109823 -0.000000 -0.000000 -0.000000 0.123272 -0.061145
36 1.512893 0.000000 0.000000 -0.000000 -0.028966 0.541554
37 6.900930 1.363879 -3.754603 1.880140 2.109842 0.314227
38 12.731754 -0.000000 -0.000000 1.771925 1.203305 0.671853
39 26.625128 -0.000000 0.000000 0.000000 -0.000000 -1.029115
40 20.040768 -0.000010 0.000019 0.773686 0.051539 0.408798
41 16.821663 2.695864 0.214569 0.458848 -2.097646 -2.093866
42 2.039386 -0.000000 -0.000000 -0.000000 0.119732 -0.551019
43 1.516909 -0.000000 0.000000 0.000000 0.106498 -0.214585
44 17.176743 0.840203 0.048255 0.249576 -1.973565 -1.855583
45 2.302859 -0.000000 0.000000 0.000000 0.040281 -0.440509
46 2.047745 -0.000000 -0.000000 0.000000 0.019146 -0.127858
47 17.032701 -1.071759 0.633698 -2.507009 -1.059970 0.843370
48 2.907259 -0.000000 -0.000000 -0.000000 0.070674 -0.789421
49 2.470908 0.000000 -0.000000 -0.000000 -0.042753 -0.053852
50 16.798000 -2.962283 1.252475 -2.395869 -1.058686 0.711474
51 2.246732 -0.000000 -0.000000 0.000000 -0.130347 -0.750151
52 1.924987 0.000000 -0.000000 -0.000000 -0.084390 -0.071779
53 10.924391 -3.889540 3.660376 2.705055 -0.349884 -0.104252
54 3.109823 0.000000 -0.000000 0.000000 -0.123272 -0.061145
55 1.512893 0.000000 0.000000 0.000000 0.028966 0.541554
56 7.466661 3.907426 -1.935393 0.000000 0.000000 0.000000
57 1.051708 -0.101063 9.618518 -0.007078 -0.160533 -0.027557
58 -0.183178 -4.377939 -4.342432 0.000000 0.000000 0.000000
59 -0.002422 -3.222652 4.823643 0.030205 0.001135 -0.001413
60 0.000000 0.000000 0.000000 -0.000000 -0.000000 -0.000000
61 0.000000 0.000000 0.000000 0.000000 0.000000 0.000000
62 -0.000000 -2.426310 5.737833 0.000000 0.000937 -0.001514
63 0.206732 -1.514296 -10.147256 0.000000 -0.000937 0.001514
64 -0.194928 1.514586 13.669277 0.000000 0.000937 -0.001514
65 0.003297 0.000007 -3.521831 0.000000 0.000000 0.000000
66 0.001702 2.426307 -5.737833 0.000000 0.000000 0.000000
67 0.000000 0.000000 0.000000 -0.000000 0.000000 0.000000
68 0.000000 0.000000 0.000000 0.030203 0.000198 0.000101
69 0.000549 -2.532691 9.258060 0.030205 0.001135 -0.001413
70 8.000000 0.000000 0.000000 0.011629 0.160270 0.029061
71 0.000003 -2.426316 9.259665 -0.000000 0.000937 -0.001514
72 -7.466661 3.907426 -1.935393 0.000000 0.000000 0.000000
73 1.477092 -0.083483 -6.590071 0.009674 -0.851681 -0.011126
74 0.334780 -4.377939 -4.346992 0.000000 0.000000 0.000000
75 -0.062714 -3.343288 4.973682 -0.121486 0.000112 -0.001858
76 0.000000 0.000000 0.000000 -0.000000 0.000000 -0.000000
77 0.000000 0.000000 0.000000 0.139717 0.000000 0.000000
78 -0.000000 -2.426310 5.737833 -0.000000 0.000937 -0.001514
79 -0.183130 -1.514886 -10.147621 0.000000 -0.000937 0.001514
80 0.194928 1.514586 13.669277 0.000000 0.000937 -0.001514
81 0.003303 0.000007 -3.521831 0.139717 0.000000 0.000000
82 0.001702 2.426307 -5.737833 0.000000 0.000000 0.000000
83 -0.000000 -0.000000 0.000000 -0.139717 -0.000000 -0.000000
84 0.000000 0.000000 0.000000 -0.121487 -0.000825 -0.000344
85 -0.002120 -1.999524 9.233709 -0.122619 -0.001412 0.061031
86 -8.000000 0.000000 0.000000 -0.001977 0.851720 0.005841
87 -0.000003 -2.426316 9.259665 -0.000000 0.000937 -0.001514
88 0.000156 39.987263 -0.385905 0.000000 0.000000 0.000000
89 2.038984 -9.756097 -2.165611 -0.018445 -0.428496 0.030408
90 0.000000 3.964346 -1.347968 1.570796 0.083193 1.570796
91 0.000000 0.000000 0.000000 -0.001270 -0.019724 0.482484
92 0.000000 -0.000000 0.000000 -0.000000 -0.000000 -0.013661
93 7.506614 -0.102554 0.000000 -0.003097 -0.015835 0.053187
94 0.000000 0.000000 0.000000 0.000000 -0.000000 0.126643
95 9.007018 1.146814 0.000000 -0.000107 -0.027564 0.006904
96 -0.000000 -0.000000 0.000000 0.000000 0.000000 0.333969
97 10.228633 3.548980 0.000000 -0.005938 0.037866 -0.019861
98 0.000000 -0.000000 0.000000 -0.000000 -0.000000 0.952345
99 5.136838 7.218981 0.000000 0.472580 -0.090696 -0.076043
100 0.000000 -0.000000 -0.000000 -0.000002 -3.141593 -1.535012
101 -0.155339 4.339165 0.000000 0.013960 0.000263 -0.429431
102 0.000000 0.000000 -0.000000 3.141592 0.000000 0.137367
103 2.889723 6.413463 3.754603 1.037195 -1.069949 -1.767391
104 0.000000 0.000000 0.000000 0.049375 -0.031232 -0.029431
105 2.889723 6.413463 -3.754603 -1.110908 1.069949 -1.767391
106 0.000000 0.000000 0.000000 -0.058048 0.033625 -0.056423
107 9.704369 57.296288 17.282257 0.000000 0.000000 0.000000
108 -0.676391 -39.056915 16.776100 0.000000 0.000000 0.000000
109 0.000000 9.000000 0.000000 0.000000 0.000000 0.000000
110 0.000000 0.000000 0.000000 0.000000 0.000000 0.000000
111 0.000000 0.000000 -10.000000 -0.000000 -0.000000 -0.000000
112 19.664063 6.872171 21.875895 0.000000 0.000000 0.000000
113 17.118176 36.472416 32.124741 0.715369 -0.096634 -1.988408
114 20.040791 -0.000036 0.000008 1.404680 0.142601 0.138624
115 0.000000 0.000000 0.000000 -0.636088 0.217679 -0.134381
116 0.000000 0.000000 0.000000 -0.235528 0.036014 0.000000
117 -0.000000 0.000000 0.000000 -1.816459 0.017293 -0.015642
118 -17.041338 57.187416 4.747674 0.000000 0.000000 0.000000
119 -6.679903 -39.691776 6.378573 0.000000 0.000000 0.000000
120 0.000000 9.000000 0.000000 0.000000 0.000000 0.000000
121 0.000000 0.000000 0.000000 0.000000 0.000000 0.000000
122 0.000004 -0.000016 -10.000016 -3.141593 -3.141593 3.141593
123 -19.424398 4.736375 -0.541211 -0.000000 0.000000 0.000000
124 -30.984562 34.540245 3.486895 -2.828630 -0.391083 -1.167964
125 20.040770 -0.000027 0.000001 1.736913 -0.142601 0.138624
126 0.000000 0.000000 0.000000 0.114204 0.258815 -0.254866
127 0.000000 0.000000 0.000000 0.232579 -0.036013 -0.000000
128 -0.000000 -0.000000 0.000000 -1.329320 0.017292 0.015641
129 7.274131 30.390402 -0.159054 0.000000 0.000000 0.000000
130 0.000000 0.000000 0.000000 0.000000 0.000000 0.000000
131 0.000000 0.000000 -10.000000 0.000000 0.000000 0.000000
132 1.363335 -2.203039 1.883081 0.000000 0.000000 0.000000
133 -3.195851 30.071928 -4.943977 0.000000 0.000000 0.000000
134 0.000000 0.000000 0.000000 0.000000 0.000000 0.000000
135 0.000000 0.000000 -10.000000 -0.000000 0.000000 0.000000
136 -6.722415 1.677626 0.824685 0.000000 0.000000 0.000000
137 0.000000 0.000000 0.000000 1.570796 0.000000 0.000000
138 9.027978 18.239372 34.058357 1.452697 -0.068983 -1.534250
139 -23.721241 17.495642 11.126246 -0.817351 -0.284045 -1.621606
time 80
0 0.000000 0.000000 0.000000 1.570796 0.000000 0.000000
1 0.000000 0.000000 0.000000 1.570796 0.000000 0.000000
2 2.039140 30.632944 -2.551515 -0.018445 -0.428496 0.030408
3 0.000000 0.000000 0.000000 0.000000 0.000000 0.000000
4 5.757982 -0.000000 0.000000 -1.994097 -0.819826 -1.188089
5 18.152637 -0.000000 -0.000000 -0.000000 -0.000000 1.293879
6 17.091557 0.000000 0.000000 -0.131054 0.059283 -1.582354
7 6.229743 0.000000 0.000000 0.027059 0.011407 -0.369685
8 -5.757982 0.000000 -0.000000 -1.390486 -0.622960 -1.875422
9 18.152637 -0.000000 -0.000000 -0.000000 -0.000000 1.460357
10 17.091557 -0.000000 0.000000 0.330004 0.146394 -1.783341
11 6.229743 0.000000 0.000000 -0.115333 -0.029376 -0.660707
12 0.000000 3.964346 -1.347968 1.577809 -0.385548 1.549492
13 7.507315 0.000000 0.000000 -0.005073 -0.015317 0.193505
14 9.079733 0.000000 0.000000 -0.009139 -0.026006 0.214347
15 10.826827 0.000000 -0.000000 0.027418 0.026786 0.598995
16 8.860067 -0.000000 -0.000000 3.021803 -0.466524 0.628537
17 4.341945 -0.000000 0.000000 0.013864 0.001649 1.898657
18 6.900930 1.363879 3.754603 -1.980665 -2.082654 0.336318
19 12.731754 -0.000000 0.000000 -2.057512 -1.201841 1.114845
20 26.625128 0.000000 -0.000000 0.000000 0.000000 -0.823089
21 20.040787 -0.000017 -0.000030 -1.211794 0.352889 0.360578
22 16.821650 2.696737 -0.203279 -0.454715 2.101277 -2.090298
23 2.039386 0.000000 0.000000 0.000000 -0.119732 -0.551019
24 1.516909 0.000000 -0.000000 0.000000 -0.106498 -0.214585
25 17.176727 0.840396 -0.044736 -0.246604 1.977585 -1.852852
26 2.302859 -0.000000 -0.000000 0.000000 -0.040281 -0.440509
27 2.047745 -0.000000 -0.000000 -0.000000 -0.019146 -0.127858
28 17.032684 -1.069098 -0.638179 2.512672 1.056836 0.848304
29 2.907259 0.000000 0.000000 -0.000000 -0.070674 -0.789421
30 2.470908 -0.000000 -0.000000 -0.000000 0.042753 -0.053852
31 16.797981 -2.957015 -1.264867 2.402309 1.055943 0.717082
32 2.246732 0.000000 -0.000000 -0.000000 0.130347 -0.750151
33 1.924987 -0.000000 -0.000000 0.000000 0.084390 -0.071779
34 10.924372 -3.874175 -3.676631 -2.700621 0.350317 -0.102732
35 3.109823 -0.000000 -0.000000 -0.000000 0.123272 -0.061145
36 1.512893 -0.000000 0.000000 0.000000 -0.028966 0.541554
37 6.900930 1.363879 -3.754603 1.880140 2.109842 0.314227
38 12.731754 0.000000 0.000000 1.770831 1.221231 0.671824
39 26.625128 0.000000 0.000000 -0.000000 -0.000000 -0.996328
40 20.040768 -0.000010 0.000019 0.771083 0.058545 0.401826
41 16.821663 2.695864 0.214569 0.458848 -2.097646 -2.093866
42 2.039386 -0.000000 -0.000000 -0.000000 0.119732 -0.551019
43 1.516909 0.000000 0.000000 0.000000 0.106498 -0.214585
44 17.176743 0.840203 0.048255 0.249576 -1.973565 -1.855583
45 2.302859 0.000000 0.000000 0.000000 0.040281 -0.440509
46 2.047745 -0.000000 0.000000 0.000000 0.019146 -0.127858
47 17.032701 -1.071759 0.633698 -2.507009 -1.059970 0.843370
48 2.907259 0.000000 -0.000000 -0.000000 0.070674 -0.789421
49 2.470908 -0.000000 -0.000000 -0.000000 -0.042753 -0.053852
50 16.798000 -2.962283 1.252475 -2.395869 -1.058686 0.711474
51 2.246732 -0.000000 -0.000000 0.000000 -0.130347 -0.750151
52 1.924987 0.000000 0.000000 -0.000000 -0.084390 -0.071779
53 10.924391 -3.889540 3.660376 2.705055 -0.349884 -0.104252
54 3.109823 0.000000 0.000000 0.000000 -0.123272 -0.061145
55 1.512893 0.000000 -0.000000 0.000000 0.028966 0.541554
56 7.466661 3.907426 -1.935393 0.000000 0.000000 0.000000
57 1.051708 -0.101063 9.618518 -0.007078 -0.160533 -0.027557
58 -0.183178 -4.377939 -4.342432 0.000000 0.000000 0.000000
59 -0.002422 -3.222652 4.823643 0.030205 0.001135 -0.001413
60 0.000000 0.000000 0.000000 -0.000000 -0.000000 -0.000000
61 0.000000 0.000000 0.000000 0.000000 0.000000 0.000000
62 -0.000000 -2.426310 5.737833 0.000000 0.000937 -0.001514
63 0.206732 -1.514296 -10.147256 0.000000 -0.000937 0.001514
64 -0.194928 1.514586 13.669277 0.000000 0.000937 -0.001514
65 0.003297 0.000007 -3.521831 0.000000 0.000000 0.000000
66 0.001702 2.426307 -5.737833 0.000000 0.000000 0.000000
67 0.000000 0.000000 0.000000 -0.000000 0.000000 0.000000
68 0.000000 0.000000 0.000000 0.030203 0.000198 0.000101
69 0.000549 -2.532691 9.258060 0.030205 0.001135 -0.001413
70 8.000000 0.000000 0.000000 0.011629 0.160270 0.029061
71 0.000003 -2.426316 9.259665 -0.000000 0.000937 -0.001514
72 -7.466661 3.907426 -1.935393 0.000000 0.000000 0.000000
73 1.477092 -0.083483 -6.590071 0.009674 -0.851681 -0.011126
74 0.334780 -4.377939 -4.346992 0.000000 0.000000 0.000000
75 -0.062714 -3.343288 4.973682 -0.121486 0.000112 -0.001858
76 0.000000 0.000000 0.000000 -0.000000 0.000000 -0.000000
77 0.000000 0.000000 0.000000 0.139717 0.000000 0.000000
78 -0.000000 -2.426310 5.737833 -0.000000 0.000937 -0.001514
79 -0.183130 -1.514886 -10.147621 0.000000 -0.000937 0.001514
80 0.194928 1.514586 13.669277 0.000000 0.000937 -0.001514
81 0.003303 0.000007 -3.521831 0.139717 0.000000 0.000000
82 0.001702 2.426307 -5.737833 0.000000 0.000000 0.000000
83 -0.000000 -0.000000 0.000000 -0.139717 -0.000000 -0.000000
84 0.000000 0.000000 0.000000 -0.121487 -0.000825 -0.000344
85 -0.002120 -1.999524 9.233709 -0.122619 -0.001412 0.061031
86 -8.000000 0.000000 0.000000 -0.001977 0.851720 0.005841
87 -0.000003 -2.426316 9.259665 -0.000000 0.000937 -0.001514
88 0.000156 39.987263 -0.385905 0.000000 0.000000 0.000000
89 2.038984 -9.354318 -2.165611 -0.018445 -0.428496 0.030408
90 0.000000 3.964346 -1.347968 1.570796 0.083193 1.570796
91 0.000000 0.000000 0.000000 -0.001270 -0.019724 0.482484
92 0.000000 -0.000000 0.000000 -0.000000 -0.000000 -0.013661
93 7.506614 -0.102554 0.000000 -0.003097 -0.015835 0.053187
94 0.000000 0.000000 0.000000 0.000000 -0.000000 0.126643
95 9.007018 1.146814 0.000000 -0.000107 -0.027564 0.006904
96 -0.000000 -0.000000 0.000000 0.000000 0.000000 0.333969
97 10.228633 3.548980 0.000000 -0.005938 0.037866 -0.019861
98 0.000000 -0.000000 0.000000 -0.000000 -0.000000 0.952345
99 5.136838 7.218981 0.000000 0.472580 -0.090696 -0.076043
100 0.000000 -0.000000 -0.000000 -0.000002 -3.141593 -1.535012
101 -0.155339 4.339165 0.000000 0.013960 0.000263 -0.429431
102 0.000000 0.000000 -0.000000 3.141592 0.000000 0.137367
103 2.889723 6.413463 3.754603 1.037195 -1.069949 -1.767391
104 0.000000 0.000000 0.000000 0.049375 -0.031232 -0.029431
105 2.889723 6.413463 -3.754603 -1.110908 1.069949 -1.767391
106 0.000000 0.000000 0.000000 -0.058048 0.033625 -0.056423
107 9.704369 57.698067 17.282257 0.000000 0.000000 0.000000
108 -0.869978 -39.458694 16.686049 0.000000 0.000000 0.000000
109 0.000000 9.000000 0.000000 0.000000 0.000000 0.000000
110 0.000000 0.000000 0.000000 0.000000 0.000000 0.000000
111 0.000000 0.000000 -10.000000 -0.000000 -0.000000 -0.000000
112 19.664063 6.872171 21.875895 0.000000 0.000000 0.000000
113 16.697214 36.553978 31.874210 0.713008 -0.104683 -1.976320
114 20.040791 -0.000036 0.000008 1.404680 0.142601 0.138624
115 0.000000 -0.000000 0.000000 -0.630890 0.212985 -0.135263
116 0.000000 0.000000 0.000000 -0.235528 0.036014 0.000000
117 -0.000000 0.000000 0.000000 -1.816459 0.017293 -0.015642
118 -17.041338 57.589195 4.747674 0.000000 0.000000 0.000000
119 -6.521622 -40.089977 6.378573 0.000000 0.000000 0.000000
120 0.000000 9.000000 0.000000 0.000000 0.000000 0.000000
121 0.000000 0.000000 0.000000 0.000000 0.000000 0.000000
122 0.000004 -0.000016 -10.000016 -3.141593 -3.141593 3.141593
123 -19.424398 4.736375 -0.541211 -0.000000 0.000000 0.000000
124 -30.596537 34.700508 3.624340 -2.820612 -0.383676 -1.182643
125 20.040770 -0.000027 0.000001 1.736913 -0.142601 0.138624
126 0.000000 0.000000 0.000000 0.110788 0.250642 -0.260701
127 0.000000 0.000000 0.000000 0.232579 -0.036013 -0.000000
128 -0.000000 -0.000000 0.000000 -1.329320 0.017292 0.015641
129 7.274131 30.792181 -0.159054 0.000000 0.000000 0.000000
130 0.000000 0.000000 0.000000 0.000000 0.000000 0.000000
131 0.000000 0.000000 -10.000000 0.000000 0.000000 0.000000
132 1.363335 -2.203039 1.883081 0.000000 0.000000 0.000000
133 -3.195851 30.473709 -4.943977 0.000000 0.000000 0.000000
134 0.000000 0.000000 0.000000 0.000000 0.000000 0.000000
135 0.000000 0.000000 -10.000000 -0.000000 0.000000 0.000000
136 -6.722415 1.677626 0.824685 0.000000 0.000000 0.000000
137 0.000000 0.000000 0.000000 1.570796 0.000000 0.000000
138 8.834391 18.239372 33.968304 1.452697 -0.072132 -1.525670
139 -23.562960 17.499220 11.126246 -0.816623 -0.283558 -1.630960
time 81
0 0.000000 0.000000 0.000000 1.570796 0.000000 0.000000
1 0.000000 0.000000 0.000000 1.570796 0.000000 0.000000
2 2.039140 30.919394 -2.551515 -0.018445 -0.428496 0.030408
3 0.000000 0.000000 0.000000 0.000000 0.000000 0.000000
4 5.757982 -0.000000 0.000000 -1.987391 -0.806266 -1.198027
5 18.152637 -0.000000 -0.000000 0.000000 0.000000 1.267740
6 17.091557 0.000000 -0.000000 -0.130355 0.058755 -1.571340
7 6.229743 0.000000 -0.000000 0.027059 0.011407 -0.369685
8 -5.757982 0.000000 -0.000000 -1.392077 -0.612410 -1.871092
9 18.152637 0.000000 -0.000000 -0.000000 -0.000000 1.436153
10 17.091557 -0.000000 0.000000 0.328608 0.147603 -1.770353
11 6.229743 0.000000 0.000000 -0.115333 -0.029376 -0.660707
12 0.000000 3.964346 -1.347968 1.577809 -0.385548 1.549492
13 7.507315 -0.000000 0.000000 -0.005073 -0.015317 0.193505
14 9.079733 0.000000 0.000000 -0.009139 -0.026006 0.214347
15 10.826827 0.000000 -0.000000 0.027418 0.026786 0.598995
16 8.860067 -0.000000 -0.000000 3.021803 -0.466524 0.628537
17 4.341945 -0.000000 0.000000 0.013864 0.001649 1.898657
18 6.900930 1.363879 3.754603 -1.980665 -2.082654 0.336318
19 12.731754 0.000000 -0.000000 -2.073393 -1.216465 1.132247
20 26.625128 -0.000000 -0.000000 -0.000000 0.000000 -0.795948
21 20.040787 -0.000017 -0.000030 -1.209188 0.352830 0.355439
22 16.821650 2.696737 -0.203279 -0.454715 2.101277 -2.090298
23 2.039386 0.000000 -0.000000 0.000000 -0.119732 -0.551019
24 1.516909 0.000000 0.000000 0.000000 -0.106498 -0.214585
25 17.176727 0.840396 -0.044736 -0.246604 1.977585 -1.852852
26 2.302859 0.000000 -0.000000 0.000000 -0.040281 -0.440509
27 2.047745 0.000000 0.000000 0.000000 -0.019146 -0.127858
28 17.032684 -1.069098 -0.638179 2.512672 1.056836 0.848304
29 2.907259 0.000000 0.000000 0.000000 -0.070674 -0.789421
30 2.470908 0.000000 0.000000 -0.000000 0.042753 -0.053852
31 16.797981 -2.957015 -1.264867 2.402309 1.055943 0.717082
32 2.246732 0.000000 -0.000000 -0.000000 0.130347 -0.750151
33 1.924987 0.000000 -0.000000 0.000000 0.084390 -0.071779
34 10.924372 -3.874175 -3.676631 -2.700621 0.350317 -0.102732
35 3.109823 0.000000 -0.000000 0.000000 0.123272 -0.061145
36 1.512893 -0.000000 0.000000 0.000000 -0.028966 0.541554
37 6.900930 1.363879 -3.754603 1.880140 2.109842 0.314227
38 12.731754 -0.000000 0.000000 1.770502 1.234113 0.672202
39 26.625128 0.000000 -0.000000 0.000000 -0.000000 -0.972097
40 20.040768 -0.000010 0.000019 0.769389 0.063231 0.395613
41 16.821663 2.695864 0.214569 0.458848 -2.097646 -2.093866
42 2.039386 -0.000000 0.000000 -0.000000 0.119732 -0.551019
43 1.516909 -0.000000 0.000000 0.000000 0.106498 -0.214585
44 17.176743 0.840203 0.048255 0.249576 -1.973565 -1.855583
45 2.302859 0.000000 0.000000 0.000000 0.040281 -0.440509
46 2.047745 0.000000 -0.000000 0.000000 0.019146 -0.127858
47 17.032701 -1.071759 0.633698 -2.507009 -1.059970 0.843370
48 2.907259 0.000000 -0.000000 -0.000000 0.070674 -0.789421
49 2.470908 0.000000 -0.000000 -0.000000 -0.042753 -0.053852
50 16.798000 -2.962283 1.252475 -2.395869 -1.058686 0.711474
51 2.246732 0.000000 -0.000000 0.000000 -0.130347 -0.750151
52 1.924987 -0.000000 -0.000000 -0.000000 -0.084390 -0.071779
53 10.924391 -3.889540 3.660376 2.705055 -0.349884 -0.104252
54 3.109823 0.000000 0.000000 0.000000 -0.123272 -0.061145
55 1.512893 0.000000 0.000000 0.000000 0.028966 0.541554
56 7.466661 3.907426 -1.935393 0.000000 0.000000 0.000000
57 1.051708 -0.101063 9.618518 -0.007078 -0.160533 -0.027557
58 -0.183178 -4.377939 -4.342432 0.000000 0.000000 0.000000
59 -0.002422 -3.222652 4.823643 0.030205 0.001135 -0.001413
60 0.000000 0.000000 0.000000 -0.000000 -0.000000 -0.000000
61 0.000000 0.000000 0.000000 0.000000 0.000000 0.000000
62 -0.000000 -2.426310 5.737833 0.000000 0.000937 -0.001514
63 0.206732 -1.514296 -10.147256 0.000000 -0.000937 0.001514
64 -0.194928 1.514586 13.669277 0.000000 0.000937 -0.001514
65 0.003297 0.000007 -3.521831 0.000000 0.000000 0.000000
66 0.001702 2.426307 -5.737833 0.000000 0.000000 0.000000
67 0.000000 0.000000 0.000000 -0.000000 0.000000 0.000000
68 0.000000 0.000000 0.000000 0.030203 0.000198 0.000101
69 0.000549 -2.532691 9.258060 0.030205 0.001135 -0.001413
70 8.000000 0.000000 0.000000 0.011629 0.160270 0.029061
71 0.000003 -2.426316 9.259665 -0.000000 0.000937 -0.001514
72 -7.466661 3.907426 -1.935393 0.000000 0.000000 0.000000
73 1.477092 -0.083483 -6.590071 0.009674 -0.851681 -0.011126
74 0.334780 -4.377939 -4.346992 0.000000 0.000000 0.000000
75 -0.062714 -3.343288 4.973682 -0.121486 0.000112 -0.001858
76 0.000000 0.000000 0.000000 -0.000000 0.000000 -0.000000
77 0.000000 0.000000 0.000000 0.139717 0.000000 0.000000
78 -0.000000 -2.426310 5.737833 -0.000000 0.000937 -0.001514
79 -0.183130 -1.514886 -10.147621 0.000000 -0.000937 0.001514
80 0.194928 1.514586 13.669277 0.000000 0.000937 -0.001514
81 0.003303 0.000007 -3.521831 0.139717 0.000000 0.000000
82 0.001702 2.426307 -5.737833 0.000000 0.000000 0.000000
83 -0.000000 -0.000000 0.000000 -0.139717 -0.000000 -0.000000
84 0.000000 0.000000 0.000000 -0.121487 -0.000825 -0.000344
85 -0.002120 -1.999524 9.233709 -0.122619 -0.001412 0.061031
86 -8.000000 0.000000 0.000000 -0.001977 0.851720 0.005841
87 -0.000003 -2.426316 9.259665 -0.000000 0.000937 -0.001514
88 0.000156 39.987263 -0.385905 0.000000 0.000000 0.000000
89 2.038984 -9.067868 -2.165611 -0.018445 -0.428496 0.030408
90 0.000000 3.964346 -1.347968 1.570796 0.083193 1.570796
91 0.000000 0.000000 0.000000 -0.001270 -0.019724 0.482484
92 0.000000 -0.000000 0.000000 -0.000000 -0.000000 -0.013661
93 7.506614 -0.102554 0.000000 -0.003097 -0.015835 0.053187
94 0.000000 0.000000 0.000000 0.000000 -0.000000 0.126643
95 9.007018 1.146814 0.000000 -0.000107 -0.027564 0.006904
96 -0.000000 -0.000000 0.000000 0.000000 0.000000 0.333969
97 10.228633 3.548980 0.000000 -0.005938 0.037866 -0.019861
98 0.000000 -0.000000 0.000000 -0.000000 -0.000000 0.952345
99 5.136838 7.218981 0.000000 0.472580 -0.090696 -0.076043
100 0.000000 -0.000000 -0.000000 -0.000002 -3.141593 -1.535012
101 -0.155339 4.339165 0.000000 0.013960 0.000263 -0.429431
102 0.000000 0.000000 -0.000000 3.141592 0.000000 0.137367
103 2.889723 6.413463 3.754603 1.037195 -1.069949 -1.767391
104 0.000000 0.000000 0.000000 0.049375 -0.031232 -0.029431
105 2.889723 6.413463 -3.754603 -1.110908 1.069949 -1.767391
106 0.000000 0.000000 0.000000 -0.058048 0.033625 -0.056423
107 9.704369 57.984516 17.282257 0.000000 0.000000 0.000000
108 -0.995077 -39.745144 16.627411 0.000000 0.000000 0.000000
109 0.000000 9.000000 0.000000 0.000000 0.000000 0.000000
110 0.000000 0.000000 0.000000 0.000000 0.000000 0.000000
111 0.000000 0.000000 -10.000000 -0.000000 -0.000000 -0.000000
112 19.664063 6.872171 21.875895 0.000000 0.000000 0.000000
113 16.392097 36.615250 31.688025 0.711154 -0.111084 -1.966801
114 20.040791 -0.000036 0.000008 1.404680 0.142601 0.138624
115 0.000000 0.000000 0.000000 -0.626856 0.207991 -0.135821
116 0.000000 0.000000 0.000000 -0.235528 0.036014 0.000000
117 -0.000000 0.000000 0.000000 -1.816459 0.017293 -0.015642
118 -17.041338 57.875645 4.747674 0.000000 0.000000 0.000000
119 -6.418486 -40.374207 6.378573 0.000000 0.000000 0.000000
120 0.000000 9.000000 0.000000 0.000000 0.000000 0.000000
121 0.000000 0.000000 0.000000 0.000000 0.000000 0.000000
122 0.000004 -0.000016 -10.000016 -3.141593 -3.141593 3.141593
123 -19.424398 4.736375 -0.541211 -0.000000 0.000000 0.000000
124 -30.315943 34.818329 3.726716 -2.814812 -0.378173 -1.193811
125 20.040770 -0.000027 0.000001 1.736913 -0.142601 0.138624
126 0.000000 0.000000 0.000000 0.108795 0.243659 -0.264293
127 0.000000 0.000000 0.000000 0.232579 -0.036013 -0.000000
128 -0.000000 -0.000000 0.000000 -1.329320 0.017292 0.015641
129 7.274131 31.078630 -0.159054 0.000000 0.000000 0.000000
130 0.000000 0.000000 0.000000 0.000000 0.000000 0.000000
131 0.000000 0.000000 -10.000000 0.000000 0.000000 0.000000
132 1.363335 -2.203039 1.883081 0.000000 0.000000 0.000000
133 -3.195851 30.760159 -4.943977 0.000000 0.000000 0.000000
134 0.000000 0.000000 0.000000 0.000000 0.000000 0.000000
135 0.000000 0.000000 -10.000000 -0.000000 0.000000 0.000000
136 -6.722415 1.677626 0.824685 0.000000 0.000000 0.000000
137 0.000000 0.000000 0.000000 1.570796 0.000000 0.000000
138 8.709291 18.239372 33.909668 1.452697 -0.074182 -1.520127
139 -23.459824 17.501438 11.126246 -0.816166 -0.283251 -1.637062
time 82
0 0.000000 0.000000 0.000000 1.570796 0.000000 0.000000
1 0.000000 0.000000 0.000000 1.570796 0.000000 0.000000
2 2.039140 31.032740 -2.551515 -0.018445 -0.428496 0.030408
3 0.000000 0.000000 0.000000 0.000000 0.000000 0.000000
4 5.757982 -0.000000 0.000000 -1.984791 -0.800838 -1.201913
5 18.152637 -0.000000 0.000000 0.000000 -0.000000 1.257262
6 17.091557 -0.000000 0.000000 -0.130082 0.058549 -1.566901
7 6.229743 -0.000000 0.000000 0.027059 0.011407 -0.369685
8 -5.757982 0.000000 -0.000000 -1.392699 -0.608182 -1.869390
9 18.152637 0.000000 0.000000 -0.000000 0.000000 1.426481
10 17.091557 0.000000 0.000000 0.328063 0.148074 -1.765169
11 6.229743 -0.000000 -0.000000 -0.115333 -0.029376 -0.660707
12 0.000000 3.964346 -1.347968 1.577809 -0.385548 1.549492
13 7.507315 -0.000000 0.000000 -0.005073 -0.015317 0.193505
14 9.079733 0.000000 0.000000 -0.009139 -0.026006 0.214347
15 10.826827 0.000000 -0.000000 0.027418 0.026786 0.598995
16 8.860067 0.000000 -0.000000 3.021803 -0.466524 0.628537
17 4.341945 -0.000000 0.000000 0.013864 0.001649 1.898657
18 6.900930 1.363879 3.754603 -1.980665 -2.082654 0.336318
19 12.731754 -0.000000 0.000000 -2.080025 -1.222252 1.139477
20 26.625128 0.000000 -0.000000 0.000000 -0.000000 -0.784849
21 20.040787 -0.000017 -0.000030 -1.208244 0.352716 0.352819
22 16.821650 2.696737 -0.203279 -0.454715 2.101277 -2.090298
23 2.039386 0.000000 0.000000 -0.000000 -0.119732 -0.551019
24 1.516909 0.000000 0.000000 0.000000 -0.106498 -0.214585
25 17.176727 0.840396 -0.044736 -0.246604 1.977585 -1.852852
26 2.302859 -0.000000 -0.000000 0.000000 -0.040281 -0.440509
27 2.047745 0.000000 -0.000000 -0.000000 -0.019146 -0.127858
28 17.032684 -1.069098 -0.638179 2.512672 1.056836 0.848304
29 2.907259 0.000000 0.000000 -0.000000 -0.070674 -0.789421
30 2.470908 -0.000000 -0.000000 -0.000000 0.042753 -0.053852
31 16.797981 -2.957015 -1.264867 2.402309 1.055943 0.717082
32 2.246732 0.000000 0.000000 0.000000 0.130347 -0.750151
33 1.924987 0.000000 -0.000000 0.000000 0.084390 -0.071779
34 10.924372 -3.874175 -3.676631 -2.700621 0.350317 -0.102732
35 3.109823 -0.000000 0.000000 -0.000000 0.123272 -0.061145
36 1.512893 0.000000 0.000000 0.000000 -0.028966 0.541554
37 6.900930 1.363879 -3.754603 1.880140 2.109842 0.314227
38 12.731754 0.000000 -0.000000 1.770528 1.239211 0.672494
39 26.625128 0.000000 -0.000000 0.000000 0.000000 -0.962272
40 20.040768 -0.000010 0.000019 0.768773 0.064959 0.392721
41 16.821663 2.695864 0.214569 0.458848 -2.097646 -2.093866
42 2.039386 0.000000 -0.000000 -0.000000 0.119732 -0.551019
43 1.516909 -0.000000 0.000000 0.000000 0.106498 -0.214585
44 17.176743 0.840203 0.048255 0.249576 -1.973565 -1.855583
45 2.302859 0.000000 0.000000 -0.000000 0.040281 -0.440509
46 2.047745 -0.000000 -0.000000 0.000000 0.019146 -0.127858
47 17.032701 -1.071759 0.633698 -2.507009 -1.059970 0.843370
48 2.907259 -0.000000 -0.000000 -0.000000 0.070674 -0.789421
49 2.470908 0.000000 -0.000000 -0.000000 -0.042753 -0.053852
50 16.798000 -2.962283 1.252475 -2.395869 -1.058686 0.711474
51 2.246732 0.000000 -0.000000 0.000000 -0.130347 -0.750151
52 1.924987 0.000000 -0.000000 -0.000000 -0.084390 -0.071779
53 10.924391 -3.889540 3.660376 2.705055 -0.349884 -0.104252
54 3.109823 0.000000 0.000000 -0.000000 -0.123272 -0.061145
55 1.512893 0.000000 0.000000 0.000000 0.028966 0.541554
56 7.466661 3.907426 -1.935393 0.000000 0.000000 0.000000
57 1.051708 -0.101063 9.618518 -0.007078 -0.160533 -0.027557
58 -0.183178 -4.377939 -4.342432 0.000000 0.000000 0.000000
59 -0.002422 -3.222652 4.823643 0.030205 0.001135 -0.001413
60 0.000000 0.000000 0.000000 -0.000000 -0.000000 -0.000000
61 0.000000 0.000000 0.000000 0.000000 0.000000 0.000000
62 -0.000000 -2.426310 5.737833 0.000000 0.000937 -0.001514
63 0.206732 -1.514296 -10.147256 0.000000 -0.000937 0.001514
64 -0.194928 1.514586 13.669277 0.000000 0.000937 -0.001514
65 0.003297 0.000007 -3.521831 0.000000 0.000000 0.000000
66 0.001702 2.426307 -5.737833 0.000000 0.000000 0.000000
67 0.000000 0.000000 0.000000 -0.000000 0.000000 0.000000
68 0.000000 0.000000 0.000000 0.030203 0.000198 0.000101
69 0.000549 -2.532691 9.258060 0.030205 0.001135 -0.001413
70 8.000000 0.000000 0.000000 0.011629 0.160270 0.029061
71 0.000003 -2.426316 9.259665 -0.000000 0.000937 -0.001514
72 -7.466661 3.907426 -1.935393 0.000000 0.000000 0.000000
73 1.477092 -0.083483 -6.590071 0.009674 -0.851681 -0.011126
74 0.334780 -4.377939 -4.346992 0.000000 0.000000 0.000000
75 -0.062714 -3.343288 4.973682 -0.121486 0.000112 -0.001858
76 0.000000 0.000000 0.000000 -0.000000 0.000000 -0.000000
77 0.000000 0.000000 0.000000 0.139717 0.000000 0.000000
78 -0.000000 -2.426310 5.737833 -0.000000 0.000937 -0.001514
79 -0.183130 -1.514886 -10.147621 0.000000 -0.000937 0.001514
80 0.194928 1.514586 13.669277 0.000000 0.000937 -0.001514
81 0.003303 0.000007 -3.521831 0.139717 0.000000 0.000000
82 0.001702 2.426307 -5.737833 0.000000 0.000000 0.000000
83 -0.000000 -0.000000 0.000000 -0.139717 -0.000000 -0.000000
84 0.000000 0.000000 0.000000 -0.121487 -0.000825 -0.000344
85 -0.002120 -1.999524 9.233709 -0.122619 -0.001412 0.061031
86 -8.000000 0.000000 0.000000 -0.001977 0.851720 0.005841
87 -0.000003 -2.426316 9.259665 -0.000000 0.000937 -0.001514
88 0.000156 39.987263 -0.385905 0.000000 0.000000 0.000000
89 2.038984 -8.954522 -2.165611 -0.018445 -0.428496 0.030408
90 0.000000 3.964346 -1.347968 1.570796 0.083193 1.570796
91 0.000000 0.000000 0.000000 -0.001270 -0.019724 0.482484
92 0.000000 -0.000000 0.000000 -0.000000 -0.000000 -0.013661
93 7.506614 -0.102554 0.000000 -0.003097 -0.015835 0.053187
94 0.000000 0.000000 0.000000 0.000000 -0.000000 0.126643
95 9.007018 1.146814 0.000000 -0.000107 -0.027564 0.006904
96 -0.000000 -0.000000 0.000000 0.000000 0.000000 0.333969
97 10.228633 3.548980 0.000000 -0.005938 0.037866 -0.019861
98 0.000000 -0.000000 0.000000 -0.000000 -0.000000 0.952345
99 5.136838 7.218981 0.000000 0.472580 -0.090696 -0.076043
100 0.000000 -0.000000 -0.000000 -0.000002 -3.141593 -1.535012
101 -0.155339 4.339165 0.000000 0.013960 0.000263 -0.429431
102 0.000000 0.000000 -0.000000 3.141592 0.000000 0.137367
103 2.889723 6.413463 3.754603 1.037195 -1.069949 -1.767391
104 0.000000 0.000000 0.000000 0.049375 -0.031232 -0.029431
105 2.889723 6.413463 -3.754603 -1.110908 1.069949 -1.767391
106 0.000000 0.000000 0.000000 -0.058048 0.033625 -0.056423
107 9.704369 58.097862 17.282257 0.000000 0.000000 0.000000
108 -1.039488 -39.858490 16.606468 0.000000 0.000000 0.000000
109 0.000000 9.000000 0.000000 0.000000 0.000000 0.000000
110 0.000000 0.000000 0.000000 0.000000 0.000000 0.000000
111 0.000000 0.000000 -10.000000 -0.000000 -0.000000 -0.000000
112 19.664063 6.872171 21.875895 0.000000 0.000000 0.000000
113 16.270910 36.640507 31.612642 0.710364 -0.113818 -1.962754
114 20.040791 -0.000036 0.000008 1.404680 0.142601 0.138624
115 0.000000 0.000000 -0.000000 -0.625162 0.205454 -0.136011
116 0.000000 0.000000 0.000000 -0.235528 0.036014 0.000000
117 -0.000000 0.000000 0.000000 -1.816459 0.017293 -0.015642
118 -17.041338 57.988991 4.747674 0.000000 0.000000 0.000000
119 -6.381633 -40.486794 6.378573 0.000000 0.000000 0.000000
120 0.000000 9.000000 0.000000 0.000000 0.000000 0.000000
121 0.000000 0.000000 0.000000 0.000000 0.000000 0.000000
122 0.000004 -0.000016 -10.000016 -3.141593 -3.141593 3.141593
123 -19.424398 4.736375 -0.541211 -0.000000 0.000000 0.000000
124 -30.204590 34.866119 3.768392 -2.812488 -0.375936 -1.198456
125 20.040770 -0.000027 0.000001 1.736913 -0.142601 0.138624
126 0.000000 -0.000000 -0.000000 0.108156 0.240495 -0.265498
127 0.000000 0.000000 0.000000 0.232579 -0.036013 -0.000000
128 -0.000000 -0.000000 0.000000 -1.329320 0.017292 0.015641
129 7.274131 31.191975 -0.159054 0.000000 0.000000 0.000000
130 0.000000 0.000000 0.000000 0.000000 0.000000 0.000000
131 0.000000 0.000000 -10.000000 0.000000 0.000000 0.000000
132 1.363335 -2.203039 1.883081 0.000000 0.000000 0.000000
133 -3.195851 30.873503 -4.943977 0.000000 0.000000 0.000000
134 0.000000 0.000000 0.000000 0.000000 0.000000 0.000000
135 0.000000 0.000000 -10.000000 -0.000000 0.000000 0.000000
136 -6.722415 1.677626 0.824685 0.000000 0.000000 0.000000
137 0.000000 0.000000 0.000000 1.570796 0.000000 0.000000
138 8.664881 18.239372 33.888725 1.452697 -0.074915 -1.518159
139 -23.422970 17.502199 11.126246 -0.816007 -0.283145 -1.639244
end
