version 1
nodes
0 "Hunter" -1
1 "ValveBiped.Bip01" -1
2 "ValveBiped.Bip01_Pelvis" 1
3 "ValveBiped.Bip01_L_Thigh" 2
4 "ValveBiped.Bip01_L_Calf" 3
5 "ValveBiped.Bip01_L_Foot" 4
6 "ValveBiped.Bip01_L_Toe0" 5
7 "ValveBiped.Bip01_R_Thigh" 2
8 "ValveBiped.Bip01_R_Calf" 7
9 "ValveBiped.Bip01_R_Foot" 8
10 "ValveBiped.Bip01_R_Toe0" 9
11 "ValveBiped.Bip01_Spine" 1
12 "ValveBiped.Bip01_Spine1" 11
13 "ValveBiped.Bip01_Spine2" 12
14 "ValveBiped.Bip01_Spine4" 13
15 "ValveBiped.Bip01_Neck1" 14
16 "ValveBiped.Bip01_Head1" 15
17 "ValveBiped.Bip01_L_Clavicle" 14
18 "ValveBiped.Bip01_L_UpperArm" 17
19 "ValveBiped.Bip01_L_Forearm" 18
20 "ValveBiped.Bip01_L_Hand" 19
21 "ValveBiped.Bip01_L_Finger4" 20
22 "ValveBiped.Bip01_L_Finger41" 21
23 "ValveBiped.Bip01_L_Finger42" 22
24 "ValveBiped.Bip01_L_Finger3" 20
25 "ValveBiped.Bip01_L_Finger31" 24
26 "ValveBiped.Bip01_L_Finger32" 25
27 "ValveBiped.Bip01_L_Finger2" 20
28 "ValveBiped.Bip01_L_Finger21" 27
29 "ValveBiped.Bip01_L_Finger22" 28
30 "ValveBiped.Bip01_L_Finger1" 20
31 "ValveBiped.Bip01_L_Finger11" 30
32 "ValveBiped.Bip01_L_Finger12" 31
33 "ValveBiped.Bip01_L_Finger0" 20
34 "ValveBiped.Bip01_L_Finger01" 33
35 "ValveBiped.Bip01_L_Finger02" 34
36 "ValveBiped.Bip01_R_Clavicle" 14
37 "ValveBiped.Bip01_R_UpperArm" 36
38 "ValveBiped.Bip01_R_Forearm" 37
39 "ValveBiped.Bip01_R_Hand" 38
40 "ValveBiped.Bip01_R_Finger4" 39
41 "ValveBiped.Bip01_R_Finger41" 40
42 "ValveBiped.Bip01_R_Finger42" 41
43 "ValveBiped.Bip01_R_Finger3" 39
44 "ValveBiped.Bip01_R_Finger31" 43
45 "ValveBiped.Bip01_R_Finger32" 44
46 "ValveBiped.Bip01_R_Finger2" 39
47 "ValveBiped.Bip01_R_Finger21" 46
48 "ValveBiped.Bip01_R_Finger22" 47
49 "ValveBiped.Bip01_R_Finger1" 39
50 "ValveBiped.Bip01_R_Finger11" 49
51 "ValveBiped.Bip01_R_Finger12" 50
52 "ValveBiped.Bip01_R_Finger0" 39
53 "ValveBiped.Bip01_R_Finger01" 52
54 "ValveBiped.Bip01_R_Finger02" 53
end
skeleton
time 0
0 0.000000 0.000000 0.000000 1.570796 0.000000 0.000000
1 0.012338 -0.021001 30.622929 1.754254 -0.063017 -0.319345
2 0.000000 0.000000 0.000000 0.000000 0.000000 0.000000
3 3.625659 0.000000 0.000000 -2.039402 -1.004016 -1.136774
4 17.934229 0.000000 0.000000 -0.000000 -0.000000 1.071814
5 16.552128 0.000000 0.000000 -0.060224 0.456779 -1.293307
6 5.708388 0.000000 0.000000 -0.050374 0.037013 -0.432894
7 -3.625659 0.000000 0.000000 -0.912643 -0.435198 -2.091801
8 17.934229 0.000000 -0.000000 0.000000 -0.000000 1.364620
9 16.552128 0.000000 -0.000000 0.448923 -0.002021 -1.793598
10 5.708388 0.000000 0.000000 -0.040250 -0.041620 -0.592885
11 0.000000 3.859307 0.127612 1.578961 -0.145448 1.523290
12 4.399114 -0.000000 0.000000 -0.013657 -0.006090 -0.037036
13 3.741468 0.000000 -0.000000 -0.006464 -0.020151 0.160365
14 5.668190 -0.000000 0.000000 -0.029426 0.013133 0.375903
15 5.245047 0.000000 0.000000 -3.005750 -0.124810 0.287465
16 3.843639 0.000000 -0.000000 0.164125 0.005687 0.783219
17 3.976495 2.450275 1.500000 0.591274 -1.199868 -2.255011
18 5.894066 0.000000 0.000000 -1.875415 0.059811 -0.794884
19 11.240304 -0.000000 0.000000 0.000000 0.000000 -1.012476
20 11.527781 -0.000008 -0.000031 0.816319 -0.176107 -0.295548
21 3.137455 -0.206963 -1.415376 -0.088198 0.209777 -0.255519
22 1.448772 -0.000000 0.000000 0.025047 0.044445 -0.513416
23 0.782462 -0.000000 -0.000000 -0.073609 -0.179997 -0.390727
24 3.470780 0.123874 -0.568986 0.020618 0.121032 -0.357152
25 1.738282 0.000000 0.000000 -0.053314 -0.093444 -0.519518
26 0.995115 -0.000000 0.000000 0.002342 0.011387 -0.202829
27 3.670963 0.088833 0.454203 -0.013754 0.104731 -0.264443
28 2.115631 0.000000 0.000000 -0.011441 -0.015010 -0.651339
29 1.143825 0.000000 -0.000000 0.015877 0.073805 -0.212095
30 3.732462 -0.072466 1.412468 0.050943 0.003917 -0.270822
31 1.797999 0.000000 0.000000 0.047520 0.072543 -0.580672
32 1.040624 -0.000000 0.000000 0.011386 0.059319 -0.189759
33 1.076414 -1.012966 1.199772 1.833238 -0.398573 -0.228535
34 1.974704 0.000000 0.000000 0.000000 -0.133399 -0.304192
35 1.349828 0.000000 0.000000 0.000000 0.000781 0.263659
36 3.976495 2.450275 -1.500000 -0.631373 1.258330 -2.217787
37 5.894066 0.000000 0.000000 2.144925 0.027041 -0.922187
38 11.240304 0.000000 0.000000 0.000000 0.000000 -0.808542
39 11.527762 -0.000005 0.000017 -0.974723 -0.030766 -0.311766
40 3.137474 -0.211137 1.414760 0.091148 -0.209777 -0.255515
41 1.448772 0.000000 0.000000 -0.025047 -0.044445 -0.513416
42 0.782462 -0.000000 -0.000000 0.073609 0.179997 -0.390727
43 3.470798 0.122196 0.569349 -0.017668 -0.121033 -0.357148
44 1.738282 0.000000 0.000000 0.053314 0.093444 -0.519518
45 0.995115 0.000000 -0.000000 -0.002342 -0.011387 -0.202829
46 3.670982 0.090173 -0.453939 0.016704 -0.104732 -0.264439
47 2.115631 0.000000 0.000000 0.011441 0.015010 -0.651339
48 1.143825 0.000000 0.000000 -0.015877 -0.073805 -0.212095
49 3.732481 -0.068299 -1.412675 -0.047994 -0.003918 -0.270818
50 1.797999 -0.000000 0.000000 -0.047520 -0.072543 -0.580672
51 1.040624 0.000000 0.000000 -0.011386 -0.059319 -0.189759
52 1.076437 -1.009433 -1.202756 -1.830121 0.399239 -0.227320
53 1.974704 0.000000 0.000000 -0.000000 0.133399 -0.304192
54 1.349828 -0.000000 -0.000000 -0.000000 -0.000781 0.263659
time 1
0 0.000000 0.000000 0.000000 1.570796 0.000000 0.000000
1 0.043184 -0.048789 30.487503 1.754146 -0.061317 -0.325425
2 0.000000 0.000000 0.000000 0.000000 0.000000 0.000000
3 3.625659 0.000000 0.000000 -2.045534 -1.006884 -1.127212
4 17.934229 0.000000 0.000000 0.000000 0.000000 1.084955
5 16.552128 0.000000 -0.000000 -0.069199 0.454034 -1.312053
6 5.708388 0.000000 -0.000000 -0.050374 0.037013 -0.431272
7 -3.625659 0.000000 0.000000 -0.911475 -0.437421 -2.095458
8 17.934229 0.000000 0.000000 0.000000 0.000000 1.373448
9 16.552128 0.000000 0.000000 0.448917 -0.005803 -1.803713
10 5.708388 -0.000000 0.000000 -0.040250 -0.041620 -0.587181
11 -0.000000 3.859307 0.127612 1.580481 -0.146613 1.523567
12 4.399114 0.000000 0.000000 -0.012518 -0.005540 -0.035269
13 3.741468 -0.000000 0.000000 -0.005755 -0.020575 0.160403
14 5.668190 0.000000 -0.000000 -0.028907 0.012560 0.375082
15 5.245047 0.000000 0.000000 -3.003323 -0.123917 0.278913
16 3.843639 0.000000 0.000000 0.164926 0.005481 0.788255
17 3.976495 2.450275 1.500000 0.570357 -1.202339 -2.236995
18 5.894066 -0.000000 0.000000 -1.875824 0.064781 -0.798986
19 11.240304 0.000000 0.000000 0.000000 0.000000 -1.009671
20 11.527781 -0.000008 -0.000031 0.807405 -0.175580 -0.291491
21 3.137455 -0.206963 -1.415376 -0.088198 0.209777 -0.255519
22 1.448772 -0.000000 0.000000 0.025047 0.044445 -0.513416
23 0.782462 -0.000000 0.000000 -0.073609 -0.179997 -0.390727
24 3.470780 0.123874 -0.568986 0.020618 0.121032 -0.357152
25 1.738282 -0.000000 0.000000 -0.053314 -0.093444 -0.519518
26 0.995115 0.000000 0.000000 0.002342 0.011387 -0.202829
27 3.670963 0.088833 0.454203 -0.013754 0.104731 -0.264443
28 2.115631 -0.000000 -0.000000 -0.011441 -0.015010 -0.651339
29 1.143825 -0.000000 0.000000 0.015877 0.073805 -0.212095
30 3.732462 -0.072466 1.412468 0.050943 0.003917 -0.270822
31 1.797999 -0.000000 0.000000 0.047520 0.072543 -0.580672
32 1.040624 0.000000 0.000000 0.011386 0.059319 -0.189759
33 1.076414 -1.012966 1.199772 1.833238 -0.398573 -0.228535
34 1.974704 0.000000 0.000000 0.000000 -0.133399 -0.304192
35 1.349828 0.000000 0.000000 0.000000 0.000781 0.263659
36 3.976495 2.450275 -1.500000 -0.608717 1.259709 -2.200024
37 5.894066 0.000000 0.000000 2.146422 0.021172 -0.928426
38 11.240304 -0.000000 0.000000 0.000000 -0.000000 -0.814390
39 11.527762 -0.000005 0.000017 -0.968881 -0.029899 -0.311411
40 3.137474 -0.211137 1.414760 0.091148 -0.209777 -0.255515
41 1.448772 0.000000 0.000000 -0.025047 -0.044445 -0.513416
42 0.782462 -0.000000 0.000000 0.073609 0.179997 -0.390727
43 3.470798 0.122196 0.569349 -0.017668 -0.121033 -0.357148
44 1.738282 0.000000 0.000000 0.053314 0.093444 -0.519518
45 0.995115 0.000000 -0.000000 -0.002342 -0.011387 -0.202829
46 3.670982 0.090173 -0.453939 0.016704 -0.104732 -0.264439
47 2.115631 0.000000 0.000000 0.011441 0.015010 -0.651339
48 1.143825 0.000000 0.000000 -0.015877 -0.073805 -0.212095
49 3.732481 -0.068299 -1.412675 -0.047994 -0.003918 -0.270818
50 1.797999 0.000000 -0.000000 -0.047520 -0.072543 -0.580672
51 1.040624 0.000000 -0.000000 -0.011386 -0.059319 -0.189759
52 1.076437 -1.009433 -1.202756 -1.830121 0.399239 -0.227320
53 1.974704 0.000000 0.000000 -0.000000 0.133399 -0.304192
54 1.349828 0.000000 0.000000 0.000000 -0.000781 0.263659
time 2
0 0.000000 0.000000 0.000000 1.570796 0.000000 0.000000
1 0.077831 -0.076908 30.282309 1.753974 -0.060013 -0.330069
2 0.000000 0.000000 0.000000 0.000000 0.000000 0.000000
3 3.625659 0.000000 0.000000 -2.053641 -1.014364 -1.114904
4 17.934229 -0.000000 0.000000 -0.000000 0.000000 1.105436
5 16.552128 0.000000 0.000000 -0.077562 0.451888 -1.331280
6 5.708388 0.000000 0.000000 -0.050374 0.037013 -0.425821
7 -3.625659 0.000000 0.000000 -0.910211 -0.440957 -2.100799
8 17.934229 0.000000 0.000000 0.000000 0.000000 1.388016
9 16.552128 0.000000 -0.000000 0.449622 -0.007793 -1.818028
10 5.708388 0.000000 0.000000 -0.040250 -0.041620 -0.581804
11 0.000000 3.859307 0.127612 1.581760 -0.147928 1.523856
12 4.399114 0.000000 -0.000000 -0.011654 -0.005374 -0.030835
13 3.741468 -0.000000 0.000000 -0.004966 -0.022327 0.160871
14 5.668190 -0.000000 -0.000000 -0.028348 0.013314 0.373185
15 5.245047 0.000000 0.000000 -2.997695 -0.120865 0.264736
16 3.843639 0.000000 0.000000 0.167920 0.002511 0.797489
17 3.976495 2.450275 1.500000 0.561098 -1.207663 -2.222571
18 5.894066 -0.000000 0.000000 -1.888980 0.066727 -0.805031
19 11.240304 -0.000000 -0.000000 -0.000000 -0.000000 -1.012016
20 11.527781 -0.000008 -0.000031 0.799360 -0.175357 -0.291637
21 3.137455 -0.206963 -1.415376 -0.088198 0.209777 -0.255519
22 1.448772 0.000000 0.000000 0.025047 0.044445 -0.513416
23 0.782462 -0.000000 -0.000000 -0.073609 -0.179997 -0.390727
24 3.470780 0.123874 -0.568986 0.020618 0.121032 -0.357152
25 1.738282 0.000000 -0.000000 -0.053314 -0.093444 -0.519518
26 0.995115 0.000000 0.000000 0.002342 0.011387 -0.202829
27 3.670963 0.088833 0.454203 -0.013754 0.104731 -0.264443
28 2.115631 0.000000 0.000000 -0.011441 -0.015010 -0.651339
29 1.143825 -0.000000 0.000000 0.015877 0.073805 -0.212095
30 3.732462 -0.072466 1.412468 0.050943 0.003917 -0.270822
31 1.797999 0.000000 0.000000 0.047520 0.072543 -0.580672
32 1.040624 0.000000 -0.000000 0.011386 0.059319 -0.189759
33 1.076414 -1.012966 1.199772 1.833238 -0.398573 -0.228535
34 1.974704 0.000000 0.000000 0.000000 -0.133399 -0.304192
35 1.349828 0.000000 -0.000000 0.000000 0.000781 0.263659
36 3.976495 2.450275 -1.500000 -0.604785 1.261986 -2.200224
37 5.894066 0.000000 -0.000000 2.153400 0.014342 -0.931036
38 11.240304 -0.000000 0.000000 -0.000000 0.000000 -0.820046
39 11.527762 -0.000005 0.000017 -0.965121 -0.027599 -0.305267
40 3.137474 -0.211137 1.414760 0.091148 -0.209777 -0.255515
41 1.448772 0.000000 0.000000 -0.025047 -0.044445 -0.513416
42 0.782462 0.000000 0.000000 0.073609 0.179997 -0.390727
43 3.470798 0.122196 0.569349 -0.017668 -0.121033 -0.357148
44 1.738282 0.000000 0.000000 0.053314 0.093444 -0.519518
45 0.995115 0.000000 0.000000 -0.002342 -0.011387 -0.202829
46 3.670982 0.090173 -0.453939 0.016704 -0.104732 -0.264439
47 2.115631 0.000000 0.000000 0.011441 0.015010 -0.651339
48 1.143825 0.000000 -0.000000 -0.015877 -0.073805 -0.212095
49 3.732481 -0.068299 -1.412675 -0.047994 -0.003918 -0.270818
50 1.797999 0.000000 -0.000000 -0.047520 -0.072543 -0.580672
51 1.040624 -0.000000 -0.000000 -0.011386 -0.059319 -0.189759
52 1.076437 -1.009433 -1.202756 -1.830121 0.399239 -0.227320
53 1.974704 -0.000000 0.000000 -0.000000 0.133399 -0.304192
54 1.349828 0.000000 0.000000 -0.000000 -0.000781 0.263659
time 3
0 0.000000 0.000000 0.000000 1.570796 0.000000 0.000000
1 0.116208 -0.094211 29.997787 1.754340 -0.059323 -0.333195
2 0.000000 0.000000 0.000000 0.000000 0.000000 0.000000
3 3.625659 0.000000 0.000000 -2.066750 -1.028120 -1.097497
4 17.934229 0.000000 0.000000 -0.000000 0.000000 1.134522
5 16.552128 0.000000 0.000000 -0.083385 0.450792 -1.347927
6 5.708388 0.000000 0.000000 -0.050374 0.037013 -0.421677
7 -3.625659 0.000000 0.000000 -0.909291 -0.447384 -2.108105
8 17.934229 0.000000 0.000000 -0.000000 -0.000000 1.409446
9 16.552128 -0.000000 0.000000 0.451244 -0.007216 -1.836584
10 5.708388 0.000000 0.000000 -0.040250 -0.041620 -0.576204
11 0.000000 3.859307 0.127612 1.582423 -0.150157 1.524176
12 4.399114 0.000000 0.000000 -0.011212 -0.005697 -0.025701
13 3.741468 -0.000000 -0.000000 -0.004364 -0.024408 0.160976
14 5.668190 0.000000 -0.000000 -0.027934 0.014745 0.371003
15 5.245047 -0.000000 -0.000000 -2.989824 -0.117812 0.245924
16 3.843639 0.000000 -0.000000 0.173313 -0.002636 0.808850
17 3.976495 2.450275 1.500000 0.564506 -1.211966 -2.222438
18 5.894066 0.000000 0.000000 -1.902984 0.070230 -0.807298
19 11.240304 0.000000 0.000000 -0.000000 -0.000000 -1.015333
20 11.527781 -0.000008 -0.000031 0.793372 -0.178297 -0.288786
21 3.137455 -0.206963 -1.415376 -0.088198 0.209777 -0.255519
22 1.448772 0.000000 0.000000 0.025047 0.044445 -0.513416
23 0.782462 0.000000 0.000000 -0.073609 -0.179997 -0.390727
24 3.470780 0.123874 -0.568986 0.020618 0.121032 -0.357152
25 1.738282 0.000000 -0.000000 -0.053314 -0.093444 -0.519518
26 0.995115 0.000000 0.000000 0.002342 0.011387 -0.202829
27 3.670963 0.088833 0.454203 -0.013754 0.104731 -0.264443
28 2.115631 0.000000 0.000000 -0.011441 -0.015010 -0.651339
29 1.143825 0.000000 0.000000 0.015877 0.073805 -0.212095
30 3.732462 -0.072466 1.412468 0.050943 0.003917 -0.270822
31 1.797999 0.000000 0.000000 0.047520 0.072543 -0.580672
32 1.040624 0.000000 0.000000 0.011386 0.059319 -0.189759
33 1.076414 -1.012966 1.199772 1.833238 -0.398573 -0.228535
34 1.974704 -0.000000 0.000000 0.000000 -0.133399 -0.304192
35 1.349828 0.000000 -0.000000 0.000000 0.000781 0.263659
36 3.976495 2.450275 -1.500000 -0.605013 1.262310 -2.200420
37 5.894066 0.000000 0.000000 2.158969 0.010984 -0.932725
38 11.240304 0.000000 0.000000 -0.000000 0.000000 -0.824000
39 11.527762 -0.000005 0.000017 -0.961092 -0.031056 -0.303917
40 3.137474 -0.211137 1.414760 0.091148 -0.209777 -0.255515
41 1.448772 0.000000 0.000000 -0.025047 -0.044445 -0.513416
42 0.782462 0.000000 0.000000 0.073609 0.179997 -0.390727
43 3.470798 0.122196 0.569349 -0.017668 -0.121033 -0.357148
44 1.738282 0.000000 -0.000000 0.053314 0.093444 -0.519518
45 0.995115 0.000000 0.000000 -0.002342 -0.011387 -0.202829
46 3.670982 0.090173 -0.453939 0.016704 -0.104732 -0.264439
47 2.115631 0.000000 0.000000 0.011441 0.015010 -0.651339
48 1.143825 0.000000 0.000000 -0.015877 -0.073805 -0.212095
49 3.732481 -0.068299 -1.412675 -0.047994 -0.003918 -0.270818
50 1.797999 0.000000 -0.000000 -0.047520 -0.072543 -0.580672
51 1.040624 0.000000 0.000000 -0.011386 -0.059319 -0.189759
52 1.076437 -1.009433 -1.202756 -1.830121 0.399239 -0.227320
53 1.974704 -0.000000 0.000000 0.000000 0.133399 -0.304192
54 1.349828 -0.000000 0.000000 0.000000 -0.000781 0.263659
time 4
0 0.000000 0.000000 0.000000 1.570796 0.000000 0.000000
1 0.157782 -0.105862 29.653711 1.755126 -0.059207 -0.335669
2 0.000000 0.000000 0.000000 0.000000 0.000000 0.000000
3 3.625659 0.000000 0.000000 -2.085497 -1.045481 -1.075353
4 17.934229 -0.000000 0.000000 -0.000000 -0.000000 1.168807
5 16.552128 0.000000 -0.000000 -0.087036 0.450299 -1.363144
6 5.708388 0.000000 0.000000 -0.050374 0.037013 -0.418707
7 -3.625659 0.000000 0.000000 -0.909472 -0.456511 -2.117007
8 17.934229 0.000000 0.000000 -0.000000 -0.000000 1.436291
9 16.552128 -0.000000 0.000000 0.453634 -0.004863 -1.857050
10 5.708388 0.000000 0.000000 -0.040250 -0.041620 -0.572082
11 0.000000 3.859307 0.127612 1.582924 -0.153500 1.524078
12 4.399114 -0.000000 0.000000 -0.010858 -0.006567 -0.020571
13 3.741468 0.000000 -0.000000 -0.003958 -0.026192 0.160530
14 5.668190 -0.000000 0.000000 -0.027600 0.016117 0.368789
15 5.245047 0.000000 0.000000 -2.983095 -0.113940 0.222061
16 3.843639 -0.000000 0.000000 0.176390 -0.006284 0.823855
17 3.976495 2.450275 1.500000 0.566834 -1.212972 -2.228005
18 5.894066 0.000000 0.000000 -1.907749 0.074275 -0.807298
19 11.240304 -0.000000 0.000000 -0.000000 0.000000 -1.014624
20 11.527781 -0.000008 -0.000031 0.791016 -0.187763 -0.283426
21 3.137455 -0.206963 -1.415376 -0.088198 0.209777 -0.255519
22 1.448772 -0.000000 0.000000 0.025047 0.044445 -0.513416
23 0.782462 0.000000 0.000000 -0.073609 -0.179997 -0.390727
24 3.470780 0.123874 -0.568986 0.020618 0.121032 -0.357152
25 1.738282 0.000000 0.000000 -0.053314 -0.093444 -0.519518
26 0.995115 0.000000 0.000000 0.002342 0.011387 -0.202829
27 3.670963 0.088833 0.454203 -0.013754 0.104731 -0.264443
28 2.115631 -0.000000 0.000000 -0.011441 -0.015010 -0.651339
29 1.143825 0.000000 0.000000 0.015877 0.073805 -0.212095
30 3.732462 -0.072466 1.412468 0.050943 0.003917 -0.270822
31 1.797999 -0.000000 -0.000000 0.047520 0.072543 -0.580672
32 1.040624 -0.000000 0.000000 0.011386 0.059319 -0.189759
33 1.076414 -1.012966 1.199772 1.833238 -0.398573 -0.228535
34 1.974704 -0.000000 0.000000 -0.000000 -0.133399 -0.304192
35 1.349828 -0.000000 0.000000 0.000000 0.000781 0.263659
36 3.976495 2.450275 -1.500000 -0.611419 1.259716 -2.202790
37 5.894066 0.000000 -0.000000 2.156708 0.012467 -0.931401
38 11.240304 0.000000 0.000000 -0.000000 0.000000 -0.824028
39 11.527762 -0.000005 0.000017 -0.954955 -0.026791 -0.304152
40 3.137474 -0.211137 1.414760 0.091148 -0.209777 -0.255515
41 1.448772 0.000000 -0.000000 -0.025047 -0.044445 -0.513416
42 0.782462 0.000000 0.000000 0.073609 0.179997 -0.390727
43 3.470798 0.122196 0.569349 -0.017668 -0.121033 -0.357148
44 1.738282 0.000000 0.000000 0.053314 0.093444 -0.519518
45 0.995115 -0.000000 0.000000 -0.002342 -0.011387 -0.202829
46 3.670982 0.090173 -0.453939 0.016704 -0.104732 -0.264439
47 2.115631 0.000000 0.000000 0.011441 0.015010 -0.651339
48 1.143825 0.000000 0.000000 -0.015877 -0.073805 -0.212095
49 3.732481 -0.068299 -1.412675 -0.047994 -0.003918 -0.270818
50 1.797999 0.000000 0.000000 -0.047520 -0.072543 -0.580672
51 1.040624 0.000000 0.000000 -0.011386 -0.059319 -0.189759
52 1.076437 -1.009433 -1.202756 -1.830121 0.399239 -0.227320
53 1.974704 -0.000000 0.000000 -0.000000 0.133399 -0.304192
54 1.349828 0.000000 0.000000 -0.000000 -0.000781 0.263659
time 5
0 0.000000 0.000000 0.000000 1.570796 0.000000 0.000000
1 0.202280 -0.116031 29.255138 1.755529 -0.059902 -0.337417
2 0.000000 0.000000 0.000000 0.000000 0.000000 0.000000
3 3.625659 -0.000000 0.000000 -2.108455 -1.065123 -1.049783
4 17.934229 0.000000 0.000000 0.000000 0.000000 1.207425
5 16.552128 0.000000 -0.000000 -0.090212 0.450214 -1.378132
6 5.708388 -0.000000 0.000000 -0.050374 0.037013 -0.415638
7 -3.625659 0.000000 0.000000 -0.910731 -0.467008 -2.127825
8 17.934229 0.000000 0.000000 -0.000000 -0.000000 1.468399
9 16.552128 0.000000 0.000000 0.457606 -0.001911 -1.878893
10 5.708388 -0.000000 0.000000 -0.040250 -0.041620 -0.568718
11 0.000000 3.859307 0.127612 1.583051 -0.157215 1.523575
12 4.399114 -0.000000 -0.000000 -0.010657 -0.007590 -0.015849
13 3.741468 0.000000 -0.000000 -0.003516 -0.028308 0.160056
14 5.668190 0.000000 0.000000 -0.027312 0.018253 0.367346
15 5.245047 -0.000000 0.000000 -2.977658 -0.110847 0.197421
16 3.843639 0.000000 0.000000 0.178500 -0.009097 0.838634
17 3.976495 2.450275 1.500000 0.580515 -1.212761 -2.240145
18 5.894066 0.000000 0.000000 -1.913640 0.074184 -0.805932
19 11.240304 -0.000000 0.000000 0.000000 -0.000000 -1.013225
20 11.527781 -0.000008 -0.000031 0.788844 -0.193485 -0.281059
21 3.137455 -0.206963 -1.415376 -0.088198 0.209777 -0.255519
22 1.448772 0.000000 0.000000 0.025047 0.044445 -0.513416
23 0.782462 0.000000 0.000000 -0.073609 -0.179997 -0.390727
24 3.470780 0.123874 -0.568986 0.020618 0.121032 -0.357152
25 1.738282 0.000000 -0.000000 -0.053314 -0.093444 -0.519518
26 0.995115 0.000000 0.000000 0.002342 0.011387 -0.202829
27 3.670963 0.088833 0.454203 -0.013754 0.104731 -0.264443
28 2.115631 0.000000 0.000000 -0.011441 -0.015010 -0.651339
29 1.143825 0.000000 0.000000 0.015877 0.073805 -0.212095
30 3.732462 -0.072466 1.412468 0.050943 0.003917 -0.270822
31 1.797999 0.000000 -0.000000 0.047520 0.072543 -0.580672
32 1.040624 0.000000 -0.000000 0.011386 0.059319 -0.189759
33 1.076414 -1.012966 1.199772 1.833238 -0.398573 -0.228535
34 1.974704 0.000000 0.000000 0.000000 -0.133399 -0.304192
35 1.349828 0.000000 0.000000 0.000000 0.000781 0.263659
36 3.976495 2.450275 -1.500000 -0.625555 1.257624 -2.211947
37 5.894066 -0.000000 -0.000000 2.156896 0.014844 -0.928707
38 11.240304 0.000000 0.000000 0.000000 -0.000000 -0.821604
39 11.527762 -0.000005 0.000017 -0.952069 -0.027887 -0.302007
40 3.137474 -0.211137 1.414760 0.091148 -0.209777 -0.255515
41 1.448772 0.000000 0.000000 -0.025047 -0.044445 -0.513416
42 0.782462 0.000000 0.000000 0.073609 0.179997 -0.390727
43 3.470798 0.122196 0.569349 -0.017668 -0.121033 -0.357148
44 1.738282 0.000000 0.000000 0.053314 0.093444 -0.519518
45 0.995115 0.000000 0.000000 -0.002342 -0.011387 -0.202829
46 3.670982 0.090173 -0.453939 0.016704 -0.104732 -0.264439
47 2.115631 0.000000 0.000000 0.011441 0.015010 -0.651339
48 1.143825 0.000000 0.000000 -0.015877 -0.073805 -0.212095
49 3.732481 -0.068299 -1.412675 -0.047994 -0.003918 -0.270818
50 1.797999 0.000000 0.000000 -0.047520 -0.072543 -0.580672
51 1.040624 0.000000 0.000000 -0.011386 -0.059319 -0.189759
52 1.076437 -1.009433 -1.202756 -1.830121 0.399239 -0.227320
53 1.974704 0.000000 0.000000 0.000000 0.133399 -0.304192
54 1.349828 0.000000 0.000000 -0.000000 -0.000781 0.263659
time 6
0 0.000000 0.000000 0.000000 1.570796 0.000000 0.000000
1 0.241270 -0.126794 28.843010 1.755193 -0.061251 -0.338394
2 0.000000 0.000000 0.000000 0.000000 0.000000 0.000000
3 3.625659 0.000000 0.000000 -2.132855 -1.084289 -1.023495
4 17.934229 0.000000 0.000000 0.000000 0.000000 1.245961
5 16.552128 0.000000 -0.000000 -0.091850 0.450437 -1.391682
6 5.708388 0.000000 0.000000 -0.050374 0.037013 -0.413109
7 -3.625659 0.000000 -0.000000 -0.913248 -0.477429 -2.139134
8 17.934229 0.000000 -0.000000 0.000000 0.000000 1.502500
9 16.552128 0.000000 0.000000 0.462344 0.001066 -1.899164
10 5.708388 -0.000000 0.000000 -0.040250 -0.041620 -0.567950
11 0.000000 3.859307 0.127612 1.583005 -0.161007 1.522473
12 4.399114 0.000000 -0.000000 -0.010515 -0.008639 -0.011567
13 3.741468 -0.000000 -0.000000 -0.003153 -0.030150 0.160012
14 5.668190 0.000000 0.000000 -0.027080 0.020804 0.366347
15 5.245047 -0.000000 0.000000 -2.973941 -0.108538 0.176975
16 3.843639 0.000000 0.000000 0.179536 -0.010184 0.849289
17 3.976495 2.450275 1.500000 0.596783 -1.212202 -2.250146
18 5.894066 0.000000 -0.000000 -1.923072 0.068912 -0.807691
19 11.240304 -0.000000 0.000000 0.000000 0.000000 -1.010903
20 11.527781 -0.000008 -0.000031 0.791218 -0.183542 -0.284273
21 3.137455 -0.206963 -1.415376 -0.088198 0.209777 -0.255519
22 1.448772 -0.000000 -0.000000 0.025047 0.044445 -0.513416
23 0.782462 0.000000 0.000000 -0.073609 -0.179997 -0.390727
24 3.470780 0.123874 -0.568986 0.020618 0.121032 -0.357152
25 1.738282 -0.000000 0.000000 -0.053314 -0.093444 -0.519518
26 0.995115 0.000000 0.000000 0.002342 0.011387 -0.202829
27 3.670963 0.088833 0.454203 -0.013754 0.104731 -0.264443
28 2.115631 0.000000 0.000000 -0.011441 -0.015010 -0.651339
29 1.143825 0.000000 0.000000 0.015877 0.073805 -0.212095
30 3.732462 -0.072466 1.412468 0.050943 0.003917 -0.270822
31 1.797999 0.000000 0.000000 0.047520 0.072543 -0.580672
32 1.040624 0.000000 0.000000 0.011386 0.059319 -0.189759
33 1.076414 -1.012966 1.199772 1.833238 -0.398573 -0.228535
34 1.974704 0.000000 0.000000 0.000000 -0.133399 -0.304192
35 1.349828 0.000000 0.000000 0.000000 0.000781 0.263659
36 3.976495 2.450275 -1.500000 -0.647144 1.256852 -2.229725
37 5.894066 0.000000 -0.000000 2.162457 0.017532 -0.925827
38 11.240304 0.000000 0.000000 0.000000 -0.000000 -0.816369
39 11.527762 -0.000005 0.000017 -0.952986 -0.029759 -0.297865
40 3.137474 -0.211137 1.414760 0.091148 -0.209777 -0.255515
41 1.448772 0.000000 0.000000 -0.025047 -0.044445 -0.513416
42 0.782462 0.000000 0.000000 0.073609 0.179997 -0.390727
43 3.470798 0.122196 0.569349 -0.017668 -0.121033 -0.357148
44 1.738282 0.000000 -0.000000 0.053314 0.093444 -0.519518
45 0.995115 0.000000 0.000000 -0.002342 -0.011387 -0.202829
46 3.670982 0.090173 -0.453939 0.016704 -0.104732 -0.264439
47 2.115631 -0.000000 -0.000000 0.011441 0.015010 -0.651339
48 1.143825 -0.000000 0.000000 -0.015877 -0.073805 -0.212095
49 3.732481 -0.068299 -1.412675 -0.047994 -0.003918 -0.270818
50 1.797999 0.000000 -0.000000 -0.047520 -0.072543 -0.580672
51 1.040624 0.000000 0.000000 -0.011386 -0.059319 -0.189759
52 1.076437 -1.009433 -1.202756 -1.830121 0.399239 -0.227320
53 1.974704 0.000000 0.000000 -0.000000 0.133399 -0.304192
54 1.349828 0.000000 0.000000 -0.000000 -0.000781 0.263659
time 7
0 0.000000 0.000000 0.000000 1.570796 0.000000 0.000000
1 0.278743 -0.135101 28.456818 1.755039 -0.064078 -0.339092
2 0.000000 0.000000 0.000000 0.000000 0.000000 0.000000
3 3.625659 0.000000 0.000000 -2.156257 -1.102021 -0.999945
4 17.934229 0.000000 -0.000000 0.000000 -0.000000 1.280720
5 16.552128 0.000000 0.000000 -0.092277 0.450062 -1.403099
6 5.708388 0.000000 0.000000 -0.050374 0.037013 -0.411264
7 -3.625659 0.000000 -0.000000 -0.914502 -0.487539 -2.152508
8 17.934229 0.000000 0.000000 -0.000000 0.000000 1.535721
9 16.552128 0.000000 -0.000000 0.466082 0.002713 -1.915517
10 5.708388 0.000000 0.000000 -0.040250 -0.041620 -0.570085
11 0.000000 3.859307 0.127612 1.583014 -0.163835 1.520839
12 4.399114 -0.000000 0.000000 -0.010436 -0.010273 -0.007631
13 3.741468 0.000000 -0.000000 -0.002904 -0.031810 0.160515
14 5.668190 -0.000000 0.000000 -0.026947 0.023542 0.365914
15 5.245047 0.000000 0.000000 -2.972366 -0.107572 0.162493
16 3.843639 0.000000 0.000000 0.179145 -0.010087 0.855812
17 3.976495 2.450275 1.500000 0.616502 -1.213279 -2.267843
18 5.894066 0.000000 -0.000000 -1.927246 0.064667 -0.809443
19 11.240304 -0.000000 0.000000 0.000000 0.000000 -1.005555
20 11.527781 -0.000008 -0.000031 0.795360 -0.179657 -0.288339
21 3.137455 -0.206963 -1.415376 -0.088198 0.209777 -0.255519
22 1.448772 0.000000 -0.000000 0.025047 0.044445 -0.513416
23 0.782462 -0.000000 0.000000 -0.073609 -0.179997 -0.390727
24 3.470780 0.123874 -0.568986 0.020618 0.121032 -0.357152
25 1.738282 -0.000000 -0.000000 -0.053314 -0.093444 -0.519518
26 0.995115 0.000000 0.000000 0.002342 0.011387 -0.202829
27 3.670963 0.088833 0.454203 -0.013754 0.104731 -0.264443
28 2.115631 0.000000 0.000000 -0.011441 -0.015010 -0.651339
29 1.143825 0.000000 0.000000 0.015877 0.073805 -0.212095
30 3.732462 -0.072466 1.412468 0.050943 0.003917 -0.270822
31 1.797999 0.000000 0.000000 0.047520 0.072543 -0.580672
32 1.040624 0.000000 -0.000000 0.011386 0.059319 -0.189759
33 1.076414 -1.012966 1.199772 1.833238 -0.398573 -0.228535
34 1.974704 0.000000 -0.000000 0.000000 -0.133399 -0.304192
35 1.349828 0.000000 0.000000 0.000000 0.000781 0.263659
36 3.976495 2.450275 -1.500000 -0.672604 1.257489 -2.256125
37 5.894066 -0.000000 -0.000000 2.165070 0.017375 -0.921073
38 11.240304 0.000000 0.000000 -0.000000 0.000000 -0.809407
39 11.527762 -0.000005 0.000017 -0.950607 -0.026669 -0.296747
40 3.137474 -0.211137 1.414760 0.091148 -0.209777 -0.255515
41 1.448772 0.000000 0.000000 -0.025047 -0.044445 -0.513416
42 0.782462 0.000000 0.000000 0.073609 0.179997 -0.390727
43 3.470798 0.122196 0.569349 -0.017668 -0.121033 -0.357148
44 1.738282 0.000000 0.000000 0.053314 0.093444 -0.519518
45 0.995115 0.000000 0.000000 -0.002342 -0.011387 -0.202829
46 3.670982 0.090173 -0.453939 0.016704 -0.104732 -0.264439
47 2.115631 -0.000000 0.000000 0.011441 0.015010 -0.651339
48 1.143825 0.000000 0.000000 -0.015877 -0.073805 -0.212095
49 3.732481 -0.068299 -1.412675 -0.047994 -0.003918 -0.270818
50 1.797999 0.000000 -0.000000 -0.047520 -0.072543 -0.580672
51 1.040624 0.000000 0.000000 -0.011386 -0.059319 -0.189759
52 1.076437 -1.009433 -1.202756 -1.830121 0.399239 -0.227320
53 1.974704 -0.000000 0.000000 -0.000000 0.133399 -0.304192
54 1.349828 0.000000 -0.000000 0.000000 -0.000781 0.263659
time 8
0 0.000000 0.000000 0.000000 1.570796 0.000000 0.000000
1 0.330138 -0.138832 28.055929 1.755102 -0.067844 -0.339204
2 0.000000 0.000000 0.000000 0.000000 0.000000 0.000000
3 3.625659 0.000000 0.000000 -2.180014 -1.120641 -0.976946
4 17.934229 0.000000 -0.000000 0.000000 0.000000 1.315250
5 16.552128 0.000000 0.000000 -0.092290 0.448794 -1.414580
6 5.708388 0.000000 -0.000000 -0.050374 0.037013 -0.409792
7 -3.625659 0.000000 0.000000 -0.915435 -0.498430 -2.167863
8 17.934229 0.000000 0.000000 0.000000 0.000000 1.570410
9 16.552128 0.000000 -0.000000 0.470041 0.004539 -1.930761
10 5.708388 0.000000 0.000000 -0.040250 -0.041620 -0.573654
11 -0.000000 3.859307 0.127612 1.582525 -0.165524 1.519638
12 4.399114 -0.000000 0.000000 -0.010686 -0.011640 -0.003445
13 3.741468 0.000000 -0.000000 -0.002665 -0.033886 0.161930
14 5.668190 -0.000000 -0.000000 -0.026913 0.025394 0.365885
15 5.245047 -0.000000 -0.000000 -2.971707 -0.106794 0.148933
16 3.843639 0.000000 -0.000000 0.178284 -0.010177 0.863581
17 3.976495 2.450275 1.500000 0.606009 -1.214875 -2.257891
18 5.894066 0.000000 -0.000000 -1.922560 0.061100 -0.819996
19 11.240304 0.000000 0.000000 -0.000000 0.000000 -1.005161
20 11.527781 -0.000008 -0.000031 0.799420 -0.179575 -0.288292
21 3.137455 -0.206963 -1.415376 -0.088198 0.209777 -0.255519
22 1.448772 0.000000 -0.000000 0.025047 0.044445 -0.513416
23 0.782462 0.000000 0.000000 -0.073609 -0.179997 -0.390727
24 3.470780 0.123874 -0.568986 0.020618 0.121032 -0.357152
25 1.738282 -0.000000 0.000000 -0.053314 -0.093444 -0.519518
26 0.995115 0.000000 0.000000 0.002342 0.011387 -0.202829
27 3.670963 0.088833 0.454203 -0.013754 0.104731 -0.264443
28 2.115631 0.000000 -0.000000 -0.011441 -0.015010 -0.651339
29 1.143825 0.000000 0.000000 0.015877 0.073805 -0.212095
30 3.732462 -0.072466 1.412468 0.050943 0.003917 -0.270822
31 1.797999 0.000000 0.000000 0.047520 0.072543 -0.580672
32 1.040624 0.000000 -0.000000 0.011386 0.059319 -0.189759
33 1.076414 -1.012966 1.199772 1.833238 -0.398573 -0.228535
34 1.974704 -0.000000 -0.000000 0.000000 -0.133399 -0.304192
35 1.349828 0.000000 0.000000 0.000000 0.000781 0.263659
36 3.976495 2.450275 -1.500000 -0.664247 1.260595 -2.248957
37 5.894066 -0.000000 0.000000 2.160351 0.018220 -0.925761
38 11.240304 0.000000 -0.000000 0.000000 -0.000000 -0.804682
39 11.527762 -0.000005 0.000017 -0.945956 -0.024278 -0.298188
40 3.137474 -0.211137 1.414760 0.091148 -0.209777 -0.255515
41 1.448772 0.000000 -0.000000 -0.025047 -0.044445 -0.513416
42 0.782462 0.000000 0.000000 0.073609 0.179997 -0.390727
43 3.470798 0.122196 0.569349 -0.017668 -0.121033 -0.357148
44 1.738282 0.000000 0.000000 0.053314 0.093444 -0.519518
45 0.995115 0.000000 0.000000 -0.002342 -0.011387 -0.202829
46 3.670982 0.090173 -0.453939 0.016704 -0.104732 -0.264439
47 2.115631 0.000000 0.000000 0.011441 0.015010 -0.651339
48 1.143825 0.000000 0.000000 -0.015877 -0.073805 -0.212095
49 3.732481 -0.068299 -1.412675 -0.047994 -0.003918 -0.270818
50 1.797999 0.000000 0.000000 -0.047520 -0.072543 -0.580672
51 1.040624 0.000000 0.000000 -0.011386 -0.059319 -0.189759
52 1.076437 -1.009433 -1.202756 -1.830121 0.399239 -0.227320
53 1.974704 -0.000000 -0.000000 -0.000000 0.133399 -0.304192
54 1.349828 0.000000 0.000000 -0.000000 -0.000781 0.263659
time 9
0 0.000000 0.000000 0.000000 1.570796 0.000000 0.000000
1 0.360957 -0.148991 27.702154 1.753768 -0.071350 -0.338888
2 0.000000 0.000000 0.000000 0.000000 0.000000 0.000000
3 3.625659 0.000000 0.000000 -2.201041 -1.134915 -0.956857
4 17.934229 0.000000 0.000000 -0.000000 0.000000 1.344819
5 16.552128 0.000000 0.000000 -0.091729 0.448208 -1.424971
6 5.708388 -0.000000 0.000000 -0.050374 0.037013 -0.409056
7 -3.625659 -0.000000 -0.000000 -0.919328 -0.507327 -2.179401
8 17.934229 -0.000000 0.000000 -0.000000 -0.000000 1.600982
9 16.552128 0.000000 0.000000 0.473733 0.008271 -1.943051
10 5.708388 0.000000 0.000000 -0.040250 -0.041620 -0.578308
11 0.000000 3.859307 0.127612 1.582315 -0.167574 1.518316
12 4.399114 0.000000 -0.000000 -0.010606 -0.013184 0.002283
13 3.741468 0.000000 -0.000000 -0.002144 -0.036764 0.162832
14 5.668190 0.000000 0.000000 -0.026621 0.028949 0.364717
15 5.245047 0.000000 0.000000 -2.971905 -0.105806 0.137587
16 3.843639 0.000000 -0.000000 0.176896 -0.010772 0.870733
17 3.976495 2.450275 1.500000 0.595745 -1.215463 -2.246951
18 5.894066 0.000000 -0.000000 -1.916508 0.059105 -0.829353
19 11.240304 0.000000 0.000000 -0.000000 -0.000000 -1.008866
20 11.527781 -0.000008 -0.000031 0.802439 -0.176591 -0.289261
21 3.137455 -0.206963 -1.415376 -0.088198 0.209777 -0.255519
22 1.448772 0.000000 0.000000 0.025047 0.044445 -0.513416
23 0.782462 0.000000 -0.000000 -0.073609 -0.179997 -0.390727
24 3.470780 0.123874 -0.568986 0.020618 0.121032 -0.357152
25 1.738282 0.000000 -0.000000 -0.053314 -0.093444 -0.519518
26 0.995115 0.000000 -0.000000 0.002342 0.011387 -0.202829
27 3.670963 0.088833 0.454203 -0.013754 0.104731 -0.264443
28 2.115631 0.000000 0.000000 -0.011441 -0.015010 -0.651339
29 1.143825 -0.000000 0.000000 0.015877 0.073805 -0.212095
30 3.732462 -0.072466 1.412468 0.050943 0.003917 -0.270822
31 1.797999 0.000000 0.000000 0.047520 0.072543 -0.580672
32 1.040624 0.000000 0.000000 0.011386 0.059319 -0.189759
33 1.076414 -1.012966 1.199772 1.833238 -0.398573 -0.228535
34 1.974704 0.000000 0.000000 0.000000 -0.133399 -0.304192
35 1.349828 0.000000 0.000000 0.000000 0.000781 0.263659
36 3.976495 2.450275 -1.500000 -0.650339 1.263404 -2.231010
37 5.894066 -0.000000 0.000000 2.156667 0.022681 -0.932944
38 11.240304 -0.000000 -0.000000 0.000000 -0.000000 -0.804621
39 11.527762 -0.000005 0.000017 -0.944373 -0.023557 -0.291920
40 3.137474 -0.211137 1.414760 0.091148 -0.209777 -0.255515
41 1.448772 0.000000 0.000000 -0.025047 -0.044445 -0.513416
42 0.782462 0.000000 0.000000 0.073609 0.179997 -0.390727
43 3.470798 0.122196 0.569349 -0.017668 -0.121033 -0.357148
44 1.738282 0.000000 0.000000 0.053314 0.093444 -0.519518
45 0.995115 -0.000000 -0.000000 -0.002342 -0.011387 -0.202829
46 3.670982 0.090173 -0.453939 0.016704 -0.104732 -0.264439
47 2.115631 0.000000 0.000000 0.011441 0.015010 -0.651339
48 1.143825 0.000000 0.000000 -0.015877 -0.073805 -0.212095
49 3.732481 -0.068299 -1.412675 -0.047994 -0.003918 -0.270818
50 1.797999 0.000000 0.000000 -0.047520 -0.072543 -0.580672
51 1.040624 -0.000000 0.000000 -0.011386 -0.059319 -0.189759
52 1.076437 -1.009433 -1.202756 -1.830121 0.399239 -0.227320
53 1.974704 0.000000 0.000000 -0.000000 0.133399 -0.304192
54 1.349828 0.000000 0.000000 0.000000 -0.000781 0.263659
time 10
0 0.000000 0.000000 0.000000 1.570796 0.000000 0.000000
1 0.385626 -0.165421 27.379284 1.751762 -0.073870 -0.338251
2 0.000000 0.000000 0.000000 0.000000 0.000000 0.000000
3 3.625659 0.000000 0.000000 -2.220178 -1.146833 -0.937900
4 17.934229 0.000000 -0.000000 0.000000 0.000000 1.371494
5 16.552128 0.000000 0.000000 -0.090757 0.447905 -1.434913
6 5.708388 0.000000 -0.000000 -0.050374 0.037013 -0.408207
7 -3.625659 0.000000 0.000000 -0.925347 -0.515206 -2.187657
8 17.934229 0.000000 0.000000 0.000000 0.000000 1.628577
9 16.552128 -0.000000 -0.000000 0.477468 0.013149 -1.952996
10 5.708388 -0.000000 0.000000 -0.040250 -0.041620 -0.583751
11 0.000000 3.859307 0.127612 1.582285 -0.169017 1.517379
12 4.399114 0.000000 -0.000000 -0.010559 -0.013903 0.006648
13 3.741468 0.000000 0.000000 -0.001675 -0.038870 0.164624
14 5.668190 0.000000 0.000000 -0.026414 0.031401 0.364933
15 5.245047 0.000000 -0.000000 -2.973143 -0.104749 0.132312
16 3.843639 0.000000 0.000000 0.174870 -0.010728 0.872982
17 3.976495 2.450275 1.500000 0.612474 -1.217607 -2.262246
18 5.894066 0.000000 0.000000 -1.917004 0.058479 -0.831351
19 11.240304 0.000000 0.000000 0.000000 0.000000 -1.010807
20 11.527781 -0.000008 -0.000031 0.804186 -0.172719 -0.294956
21 3.137455 -0.206963 -1.415376 -0.088198 0.209777 -0.255519
22 1.448772 0.000000 0.000000 0.025047 0.044445 -0.513416
23 0.782462 0.000000 0.000000 -0.073609 -0.179997 -0.390727
24 3.470780 0.123874 -0.568986 0.020618 0.121032 -0.357152
25 1.738282 -0.000000 0.000000 -0.053314 -0.093444 -0.519518
26 0.995115 -0.000000 0.000000 0.002342 0.011387 -0.202829
27 3.670963 0.088833 0.454203 -0.013754 0.104731 -0.264443
28 2.115631 -0.000000 0.000000 -0.011441 -0.015010 -0.651339
29 1.143825 0.000000 0.000000 0.015877 0.073805 -0.212095
30 3.732462 -0.072466 1.412468 0.050943 0.003917 -0.270822
31 1.797999 0.000000 0.000000 0.047520 0.072543 -0.580672
32 1.040624 0.000000 -0.000000 0.011386 0.059319 -0.189759
33 1.076414 -1.012966 1.199772 1.833238 -0.398573 -0.228535
34 1.974704 0.000000 0.000000 0.000000 -0.133399 -0.304192
35 1.349828 0.000000 0.000000 0.000000 0.000781 0.263659
36 3.976495 2.450275 -1.500000 -0.659682 1.267180 -2.237508
37 5.894066 -0.000000 0.000000 2.159723 0.027172 -0.934197
38 11.240304 -0.000000 0.000000 -0.000000 -0.000000 -0.802730
39 11.527762 -0.000005 0.000017 -0.944745 -0.028622 -0.287779
40 3.137474 -0.211137 1.414760 0.091148 -0.209777 -0.255515
41 1.448772 -0.000000 0.000000 -0.025047 -0.044445 -0.513416
42 0.782462 0.000000 0.000000 0.073609 0.179997 -0.390727
43 3.470798 0.122196 0.569349 -0.017668 -0.121033 -0.357148
44 1.738282 0.000000 0.000000 0.053314 0.093444 -0.519518
45 0.995115 0.000000 0.000000 -0.002342 -0.011387 -0.202829
46 3.670982 0.090173 -0.453939 0.016704 -0.104732 -0.264439
47 2.115631 0.000000 0.000000 0.011441 0.015010 -0.651339
48 1.143825 0.000000 0.000000 -0.015877 -0.073805 -0.212095
49 3.732481 -0.068299 -1.412675 -0.047994 -0.003918 -0.270818
50 1.797999 0.000000 0.000000 -0.047520 -0.072543 -0.580672
51 1.040624 0.000000 0.000000 -0.011386 -0.059319 -0.189759
52 1.076437 -1.009433 -1.202756 -1.830121 0.399239 -0.227320
53 1.974704 0.000000 0.000000 -0.000000 0.133399 -0.304192
54 1.349828 0.000000 0.000000 0.000000 -0.000781 0.263659
time 11
0 0.000000 0.000000 0.000000 1.570796 0.000000 0.000000
1 0.407174 -0.178688 27.075775 1.749321 -0.076280 -0.337441
2 0.000000 0.000000 0.000000 0.000000 0.000000 0.000000
3 3.625659 0.000000 0.000000 -2.237919 -1.157337 -0.920272
4 17.934229 0.000000 0.000000 0.000000 0.000000 1.395908
5 16.552128 -0.000000 0.000000 -0.089655 0.447756 -1.444061
6 5.708388 0.000000 0.000000 -0.050374 0.037013 -0.407385
7 -3.625659 0.000000 0.000000 -0.932049 -0.522582 -2.194825
8 17.934229 0.000000 0.000000 0.000000 0.000000 1.654618
9 16.552128 0.000000 0.000000 0.480725 0.018022 -1.961121
10 5.708388 0.000000 0.000000 -0.040250 -0.041620 -0.590097
11 0.000000 3.859307 0.127612 1.582254 -0.170476 1.516671
12 4.399114 0.000000 0.000000 -0.010528 -0.014530 0.010461
13 3.741468 -0.000000 0.000000 -0.001349 -0.040341 0.166604
14 5.668190 0.000000 -0.000000 -0.026280 0.032784 0.365605
15 5.245047 -0.000000 -0.000000 -2.974649 -0.103507 0.130014
16 3.843639 0.000000 0.000000 0.172744 -0.010508 0.872144
17 3.976495 2.450275 1.500000 0.634378 -1.219478 -2.282057
18 5.894066 0.000000 0.000000 -1.915460 0.059008 -0.828772
19 11.240304 -0.000000 -0.000000 -0.000000 -0.000000 -1.012922
20 11.527781 -0.000008 -0.000031 0.802830 -0.170211 -0.300818
21 3.137455 -0.206963 -1.415376 -0.088198 0.209777 -0.255519
22 1.448772 0.000000 -0.000000 0.025047 0.044445 -0.513416
23 0.782462 0.000000 -0.000000 -0.073609 -0.179997 -0.390727
24 3.470780 0.123874 -0.568986 0.020618 0.121032 -0.357152
25 1.738282 0.000000 0.000000 -0.053314 -0.093444 -0.519518
26 0.995115 0.000000 -0.000000 0.002342 0.011387 -0.202829
27 3.670963 0.088833 0.454203 -0.013754 0.104731 -0.264443
28 2.115631 0.000000 0.000000 -0.011441 -0.015010 -0.651339
29 1.143825 0.000000 0.000000 0.015877 0.073805 -0.212095
30 3.732462 -0.072466 1.412468 0.050943 0.003917 -0.270822
31 1.797999 0.000000 -0.000000 0.047520 0.072543 -0.580672
32 1.040624 0.000000 0.000000 0.011386 0.059319 -0.189759
33 1.076414 -1.012966 1.199772 1.833238 -0.398573 -0.228535
34 1.974704 0.000000 0.000000 -0.000000 -0.133399 -0.304192
35 1.349828 0.000000 0.000000 0.000000 0.000781 0.263659
36 3.976495 2.450275 -1.500000 -0.664912 1.270048 -2.243372
37 5.894066 -0.000000 -0.000000 2.159375 0.030705 -0.934726
38 11.240304 0.000000 0.000000 0.000000 -0.000000 -0.799375
39 11.527762 -0.000005 0.000017 -0.945576 -0.031620 -0.291193
40 3.137474 -0.211137 1.414760 0.091148 -0.209777 -0.255515
41 1.448772 0.000000 0.000000 -0.025047 -0.044445 -0.513416
42 0.782462 0.000000 0.000000 0.073609 0.179997 -0.390727
43 3.470798 0.122196 0.569349 -0.017668 -0.121033 -0.357148
44 1.738282 0.000000 0.000000 0.053314 0.093444 -0.519518
45 0.995115 0.000000 0.000000 -0.002342 -0.011387 -0.202829
46 3.670982 0.090173 -0.453939 0.016704 -0.104732 -0.264439
47 2.115631 0.000000 0.000000 0.011441 0.015010 -0.651339
48 1.143825 -0.000000 -0.000000 -0.015877 -0.073805 -0.212095
49 3.732481 -0.068299 -1.412675 -0.047994 -0.003918 -0.270818
50 1.797999 -0.000000 0.000000 -0.047520 -0.072543 -0.580672
51 1.040624 0.000000 -0.000000 -0.011386 -0.059319 -0.189759
52 1.076437 -1.009433 -1.202756 -1.830121 0.399239 -0.227320
53 1.974704 -0.000000 0.000000 -0.000000 0.133399 -0.304192
54 1.349828 -0.000000 0.000000 -0.000000 -0.000781 0.263659
time 12
0 0.000000 0.000000 0.000000 1.570796 0.000000 0.000000
1 0.425857 -0.183629 26.792328 1.746395 -0.078609 -0.336527
2 0.000000 0.000000 0.000000 0.000000 0.000000 0.000000
3 3.625659 0.000000 0.000000 -2.254362 -1.166477 -0.903957
4 17.934229 0.000000 0.000000 -0.000000 0.000000 1.417994
5 16.552128 0.000000 -0.000000 -0.088403 0.447741 -1.452034
6 5.708388 0.000000 0.000000 -0.050374 0.037013 -0.406641
7 -3.625659 0.000000 0.000000 -0.938366 -0.529266 -2.201692
8 17.934229 0.000000 0.000000 -0.000000 -0.000000 1.679260
9 16.552128 0.000000 0.000000 0.483303 0.021747 -1.967289
10 5.708388 0.000000 0.000000 -0.040250 -0.041620 -0.597641
11 0.000000 3.859307 0.127612 1.582247 -0.172329 1.516166
12 4.399114 -0.000000 -0.000000 -0.010532 -0.015082 0.014100
13 3.741468 0.000000 -0.000000 -0.001103 -0.041500 0.168452
14 5.668190 -0.000000 -0.000000 -0.026189 0.033555 0.366406
15 5.245047 0.000000 -0.000000 -2.975850 -0.102367 0.127678
16 3.843639 0.000000 0.000000 0.171028 -0.010582 0.870578
17 3.976495 2.450275 1.500000 0.654729 -1.220402 -2.299400
18 5.894066 0.000000 -0.000000 -1.913713 0.059236 -0.824919
19 11.240304 -0.000000 -0.000000 -0.000000 -0.000000 -1.015858
20 11.527781 -0.000008 -0.000031 0.800847 -0.174249 -0.300350
21 3.137455 -0.206963 -1.415376 -0.088198 0.209777 -0.255519
22 1.448772 0.000000 0.000000 0.025047 0.044445 -0.513416
23 0.782462 0.000000 0.000000 -0.073609 -0.179997 -0.390727
24 3.470780 0.123874 -0.568986 0.020618 0.121032 -0.357152
25 1.738282 -0.000000 0.000000 -0.053314 -0.093444 -0.519518
26 0.995115 0.000000 0.000000 0.002342 0.011387 -0.202829
27 3.670963 0.088833 0.454203 -0.013754 0.104731 -0.264443
28 2.115631 0.000000 0.000000 -0.011441 -0.015010 -0.651339
29 1.143825 0.000000 0.000000 0.015877 0.073805 -0.212095
30 3.732462 -0.072466 1.412468 0.050943 0.003917 -0.270822
31 1.797999 0.000000 -0.000000 0.047520 0.072543 -0.580672
32 1.040624 -0.000000 -0.000000 0.011386 0.059319 -0.189759
33 1.076414 -1.012966 1.199772 1.833238 -0.398573 -0.228535
34 1.974704 0.000000 -0.000000 0.000000 -0.133399 -0.304192
35 1.349828 0.000000 0.000000 0.000000 0.000781 0.263659
36 3.976495 2.450275 -1.500000 -0.670783 1.272396 -2.249427
37 5.894066 0.000000 0.000000 2.157891 0.033477 -0.934719
38 11.240304 0.000000 0.000000 -0.000000 0.000000 -0.798135
39 11.527762 -0.000005 0.000017 -0.946151 -0.033532 -0.297515
40 3.137474 -0.211137 1.414760 0.091148 -0.209777 -0.255515
41 1.448772 0.000000 0.000000 -0.025047 -0.044445 -0.513416
42 0.782462 -0.000000 0.000000 0.073609 0.179997 -0.390727
43 3.470798 0.122196 0.569349 -0.017668 -0.121033 -0.357148
44 1.738282 0.000000 0.000000 0.053314 0.093444 -0.519518
45 0.995115 0.000000 0.000000 -0.002342 -0.011387 -0.202829
46 3.670982 0.090173 -0.453939 0.016704 -0.104732 -0.264439
47 2.115631 0.000000 -0.000000 0.011441 0.015010 -0.651339
48 1.143825 0.000000 0.000000 -0.015877 -0.073805 -0.212095
49 3.732481 -0.068299 -1.412675 -0.047994 -0.003918 -0.270818
50 1.797999 0.000000 0.000000 -0.047520 -0.072543 -0.580672
51 1.040624 0.000000 0.000000 -0.011386 -0.059319 -0.189759
52 1.076437 -1.009433 -1.202756 -1.830121 0.399239 -0.227320
53 1.974704 0.000000 -0.000000 -0.000000 0.133399 -0.304192
54 1.349828 0.000000 0.000000 0.000000 -0.000781 0.263659
time 13
0 0.000000 0.000000 0.000000 1.570796 0.000000 0.000000
1 0.442839 -0.181550 26.526651 1.742824 -0.080861 -0.335199
2 0.000000 0.000000 0.000000 0.000000 0.000000 0.000000
3 3.625659 0.000000 0.000000 -2.269384 -1.174670 -0.889068
4 17.934229 0.000000 0.000000 0.000000 -0.000000 1.438323
5 16.552128 -0.000000 0.000000 -0.086580 0.447921 -1.458242
6 5.708388 0.000000 0.000000 -0.050374 0.037013 -0.406359
7 -3.625659 0.000000 0.000000 -0.943360 -0.534746 -2.209058
8 17.934229 0.000000 0.000000 -0.000000 -0.000000 1.702855
9 16.552128 -0.000000 0.000000 0.484935 0.023348 -1.971058
10 5.708388 0.000000 0.000000 -0.040250 -0.041620 -0.608255
11 0.000000 3.859307 0.127612 1.582378 -0.174588 1.515639
12 4.399114 0.000000 0.000000 -0.010362 -0.015667 0.017485
13 3.741468 0.000000 0.000000 -0.000904 -0.042298 0.170259
14 5.668190 0.000000 0.000000 -0.026035 0.034419 0.367541
15 5.245047 -0.000000 -0.000000 -2.976332 -0.100808 0.125204
16 3.843639 -0.000000 -0.000000 0.170156 -0.011284 0.869858
17 3.976495 2.450275 1.500000 0.660497 -1.220200 -2.306389
18 5.894066 -0.000000 0.000000 -1.910179 0.061122 -0.823794
19 11.240304 0.000000 -0.000000 0.000000 -0.000000 -1.020068
20 11.527781 -0.000008 -0.000031 0.801477 -0.177836 -0.297900
21 3.137455 -0.206963 -1.415376 -0.088198 0.209777 -0.255519
22 1.448772 0.000000 0.000000 0.025047 0.044445 -0.513416
23 0.782462 0.000000 0.000000 -0.073609 -0.179997 -0.390727
24 3.470780 0.123874 -0.568986 0.020618 0.121032 -0.357152
25 1.738282 0.000000 0.000000 -0.053314 -0.093444 -0.519518
26 0.995115 -0.000000 -0.000000 0.002342 0.011387 -0.202829
27 3.670963 0.088833 0.454203 -0.013754 0.104731 -0.264443
28 2.115631 -0.000000 0.000000 -0.011441 -0.015010 -0.651339
29 1.143825 0.000000 0.000000 0.015877 0.073805 -0.212095
30 3.732462 -0.072466 1.412468 0.050943 0.003917 -0.270822
31 1.797999 0.000000 -0.000000 0.047520 0.072543 -0.580672
32 1.040624 0.000000 0.000000 0.011386 0.059319 -0.189759
33 1.076414 -1.012966 1.199772 1.833238 -0.398573 -0.228535
34 1.974704 -0.000000 0.000000 -0.000000 -0.133399 -0.304192
35 1.349828 0.000000 0.000000 0.000000 0.000781 0.263659
36 3.976495 2.450275 -1.500000 -0.672651 1.273866 -2.251224
37 5.894066 -0.000000 0.000000 2.155382 0.035379 -0.934670
38 11.240304 -0.000000 0.000000 -0.000000 0.000000 -0.798839
39 11.527762 -0.000005 0.000017 -0.945574 -0.032044 -0.302037
40 3.137474 -0.211137 1.414760 0.091148 -0.209777 -0.255515
41 1.448772 0.000000 0.000000 -0.025047 -0.044445 -0.513416
42 0.782462 -0.000000 0.000000 0.073609 0.179997 -0.390727
43 3.470798 0.122196 0.569349 -0.017668 -0.121033 -0.357148
44 1.738282 0.000000 -0.000000 0.053314 0.093444 -0.519518
45 0.995115 0.000000 0.000000 -0.002342 -0.011387 -0.202829
46 3.670982 0.090173 -0.453939 0.016704 -0.104732 -0.264439
47 2.115631 0.000000 0.000000 0.011441 0.015010 -0.651339
48 1.143825 0.000000 0.000000 -0.015877 -0.073805 -0.212095
49 3.732481 -0.068299 -1.412675 -0.047994 -0.003918 -0.270818
50 1.797999 0.000000 -0.000000 -0.047520 -0.072543 -0.580672
51 1.040624 0.000000 0.000000 -0.011386 -0.059319 -0.189759
52 1.076437 -1.009433 -1.202756 -1.830121 0.399239 -0.227320
53 1.974704 -0.000000 0.000000 -0.000000 0.133399 -0.304192
54 1.349828 0.000000 0.000000 0.000000 -0.000781 0.263659
time 14
0 0.000000 0.000000 0.000000 1.570796 0.000000 0.000000
1 0.459412 -0.175018 26.285788 1.739733 -0.083089 -0.333839
2 0.000000 0.000000 0.000000 0.000000 0.000000 0.000000
3 3.625659 0.000000 0.000000 -2.283545 -1.182265 -0.875238
4 17.934229 0.000000 0.000000 -0.000000 0.000000 1.456297
5 16.552128 0.000000 0.000000 -0.084653 0.448039 -1.463359
6 5.708388 0.000000 -0.000000 -0.050374 0.037013 -0.406558
7 -3.625659 0.000000 0.000000 -0.946580 -0.539672 -2.217062
8 17.934229 0.000000 0.000000 -0.000000 -0.000000 1.724738
9 16.552128 0.000000 0.000000 0.486155 0.023000 -1.973092
10 5.708388 0.000000 0.000000 -0.040250 -0.041620 -0.617898
11 0.000000 3.859307 0.127612 1.582416 -0.176612 1.515303
12 4.399114 -0.000000 0.000000 -0.010362 -0.016357 0.020365
13 3.741468 0.000000 0.000000 -0.000683 -0.043091 0.172074
14 5.668190 0.000000 0.000000 -0.025963 0.035227 0.368740
15 5.245047 -0.000000 0.000000 -2.976163 -0.099872 0.121120
16 3.843639 0.000000 0.000000 0.169990 -0.012371 0.870721
17 3.976495 2.450275 1.500000 0.662975 -1.219187 -2.309562
18 5.894066 0.000000 0.000000 -1.907917 0.062511 -0.822719
19 11.240304 0.000000 0.000000 -0.000000 0.000000 -1.025261
20 11.527781 -0.000008 -0.000031 0.802301 -0.179341 -0.296116
21 3.137455 -0.206963 -1.415376 -0.088198 0.209777 -0.255519
22 1.448772 0.000000 0.000000 0.025047 0.044445 -0.513416
23 0.782462 0.000000 0.000000 -0.073609 -0.179997 -0.390727
24 3.470780 0.123874 -0.568986 0.020618 0.121032 -0.357152
25 1.738282 0.000000 0.000000 -0.053314 -0.093444 -0.519518
26 0.995115 -0.000000 0.000000 0.002342 0.011387 -0.202829
27 3.670963 0.088833 0.454203 -0.013754 0.104731 -0.264443
28 2.115631 0.000000 0.000000 -0.011441 -0.015010 -0.651339
29 1.143825 0.000000 0.000000 0.015877 0.073805 -0.212095
30 3.732462 -0.072466 1.412468 0.050943 0.003917 -0.270822
31 1.797999 -0.000000 0.000000 0.047520 0.072543 -0.580672
32 1.040624 0.000000 0.000000 0.011386 0.059319 -0.189759
33 1.076414 -1.012966 1.199772 1.833238 -0.398573 -0.228535
34 1.974704 0.000000 0.000000 0.000000 -0.133399 -0.304192
35 1.349828 0.000000 0.000000 0.000000 0.000781 0.263659
36 3.976495 2.450275 -1.500000 -0.671984 1.274830 -2.250521
37 5.894066 -0.000000 -0.000000 2.153650 0.035900 -0.934837
38 11.240304 0.000000 0.000000 -0.000000 0.000000 -0.801978
39 11.527762 -0.000005 0.000017 -0.944972 -0.031509 -0.302489
40 3.137474 -0.211137 1.414760 0.091148 -0.209777 -0.255515
41 1.448772 0.000000 0.000000 -0.025047 -0.044445 -0.513416
42 0.782462 0.000000 -0.000000 0.073609 0.179997 -0.390727
43 3.470798 0.122196 0.569349 -0.017668 -0.121033 -0.357148
44 1.738282 -0.000000 0.000000 0.053314 0.093444 -0.519518
45 0.995115 -0.000000 -0.000000 -0.002342 -0.011387 -0.202829
46 3.670982 0.090173 -0.453939 0.016704 -0.104732 -0.264439
47 2.115631 -0.000000 0.000000 0.011441 0.015010 -0.651339
48 1.143825 0.000000 -0.000000 -0.015877 -0.073805 -0.212095
49 3.732481 -0.068299 -1.412675 -0.047994 -0.003918 -0.270818
50 1.797999 0.000000 0.000000 -0.047520 -0.072543 -0.580672
51 1.040624 0.000000 -0.000000 -0.011386 -0.059319 -0.189759
52 1.076437 -1.009433 -1.202756 -1.830121 0.399239 -0.227320
53 1.974704 -0.000000 -0.000000 0.000000 0.133399 -0.304192
54 1.349828 -0.000000 0.000000 -0.000000 -0.000781 0.263659
time 15
0 0.000000 0.000000 0.000000 1.570796 0.000000 0.000000
1 0.472115 -0.159520 26.123060 1.738963 -0.084639 -0.332269
2 0.000000 0.000000 0.000000 0.000000 0.000000 0.000000
3 3.625659 0.000000 0.000000 -2.294005 -1.188946 -0.864823
4 17.934229 0.000000 0.000000 0.000000 -0.000000 1.467698
5 16.552128 0.000000 0.000000 -0.084408 0.448022 -1.466842
6 5.708388 0.000000 0.000000 -0.050374 0.037013 -0.405087
7 -3.625659 0.000000 0.000000 -0.947795 -0.544452 -2.222678
8 17.934229 0.000000 0.000000 0.000000 0.000000 1.739454
9 16.552128 0.000000 0.000000 0.486489 0.023544 -1.973893
10 5.708388 0.000000 0.000000 -0.040250 -0.041620 -0.628494
11 0.000000 3.859307 0.127612 1.582213 -0.177808 1.515078
12 4.399114 0.000000 0.000000 -0.010209 -0.016705 0.023797
13 3.741468 0.000000 -0.000000 -0.000377 -0.044245 0.172976
14 5.668190 0.000000 -0.000000 -0.025707 0.036696 0.368659
15 5.245047 0.000000 -0.000000 -2.976530 -0.099566 0.116469
16 3.843639 0.000000 0.000000 0.169033 -0.012578 0.873321
17 3.976495 2.450275 1.500000 0.652084 -1.217302 -2.302574
18 5.894066 -0.000000 0.000000 -1.900651 0.063743 -0.823067
19 11.240304 -0.000000 -0.000000 0.000000 0.000000 -1.028086
20 11.527781 -0.000008 -0.000031 0.802527 -0.179756 -0.294928
21 3.137455 -0.206963 -1.415376 -0.088198 0.209777 -0.255519
22 1.448772 -0.000000 0.000000 0.025047 0.044445 -0.513416
23 0.782462 0.000000 0.000000 -0.073609 -0.179997 -0.390727
24 3.470780 0.123874 -0.568986 0.020618 0.121032 -0.357152
25 1.738282 -0.000000 0.000000 -0.053314 -0.093444 -0.519518
26 0.995115 -0.000000 0.000000 0.002342 0.011387 -0.202829
27 3.670963 0.088833 0.454203 -0.013754 0.104731 -0.264443
28 2.115631 0.000000 -0.000000 -0.011441 -0.015010 -0.651339
29 1.143825 0.000000 0.000000 0.015877 0.073805 -0.212095
30 3.732462 -0.072466 1.412468 0.050943 0.003917 -0.270822
31 1.797999 -0.000000 0.000000 0.047520 0.072543 -0.580672
32 1.040624 0.000000 -0.000000 0.011386 0.059319 -0.189759
33 1.076414 -1.012966 1.199772 1.833238 -0.398573 -0.228535
34 1.974704 0.000000 -0.000000 -0.000000 -0.133399 -0.304192
35 1.349828 0.000000 -0.000000 0.000000 0.000781 0.263659
36 3.976495 2.450275 -1.500000 -0.666077 1.274629 -2.244368
37 5.894066 0.000000 0.000000 2.151144 0.037069 -0.935430
38 11.240304 0.000000 0.000000 -0.000000 -0.000000 -0.804823
39 11.527762 -0.000005 0.000017 -0.942281 -0.032357 -0.302937
40 3.137474 -0.211137 1.414760 0.091148 -0.209777 -0.255515
41 1.448772 0.000000 0.000000 -0.025047 -0.044445 -0.513416
42 0.782462 0.000000 -0.000000 0.073609 0.179997 -0.390727
43 3.470798 0.122196 0.569349 -0.017668 -0.121033 -0.357148
44 1.738282 -0.000000 0.000000 0.053314 0.093444 -0.519518
45 0.995115 -0.000000 0.000000 -0.002342 -0.011387 -0.202829
46 3.670982 0.090173 -0.453939 0.016704 -0.104732 -0.264439
47 2.115631 0.000000 0.000000 0.011441 0.015010 -0.651339
48 1.143825 -0.000000 0.000000 -0.015877 -0.073805 -0.212095
49 3.732481 -0.068299 -1.412675 -0.047994 -0.003918 -0.270818
50 1.797999 -0.000000 0.000000 -0.047520 -0.072543 -0.580672
51 1.040624 -0.000000 0.000000 -0.011386 -0.059319 -0.189759
52 1.076437 -1.009433 -1.202756 -1.830121 0.399239 -0.227320
53 1.974704 0.000000 0.000000 -0.000000 0.133399 -0.304192
54 1.349828 0.000000 0.000000 0.000000 -0.000781 0.263659
time 16
0 0.000000 0.000000 0.000000 1.570796 0.000000 0.000000
1 0.479664 -0.146245 26.046431 1.737713 -0.085882 -0.330615
2 0.000000 0.000000 0.000000 0.000000 0.000000 0.000000
3 3.625659 0.000000 0.000000 -2.295663 -1.192120 -0.863418
4 17.934229 -0.000000 0.000000 0.000000 0.000000 1.472556
5 16.552128 0.000000 0.000000 -0.084276 0.447796 -1.468206
6 5.708388 -0.000000 -0.000000 -0.050374 0.037013 -0.404284
7 -3.625659 0.000000 0.000000 -0.948338 -0.545690 -2.225774
8 17.934229 0.000000 0.000000 -0.000000 0.000000 1.746382
9 16.552128 -0.000000 0.000000 0.486544 0.023957 -1.974418
10 5.708388 -0.000000 0.000000 -0.040250 -0.041620 -0.632525
11 -0.000000 3.859307 0.127612 1.581910 -0.179167 1.515031
12 4.399114 0.000000 0.000000 -0.010025 -0.016909 0.029557
13 3.741468 0.000000 -0.000000 0.000251 -0.046959 0.173226
14 5.668190 0.000000 -0.000000 -0.025235 0.039656 0.367085
15 5.245047 0.000000 -0.000000 -2.976692 -0.099826 0.112008
16 3.843639 -0.000000 0.000000 0.168397 -0.011856 0.876925
17 3.976495 2.450275 1.500000 0.634380 -1.215019 -2.288251
18 5.894066 -0.000000 -0.000000 -1.893236 0.062623 -0.824634
19 11.240304 0.000000 0.000000 0.000000 0.000000 -1.028320
20 11.527781 -0.000008 -0.000031 0.802073 -0.175405 -0.297746
21 3.137455 -0.206963 -1.415376 -0.088198 0.209777 -0.255519
22 1.448772 -0.000000 0.000000 0.025047 0.044445 -0.513416
23 0.782462 0.000000 -0.000000 -0.073609 -0.179997 -0.390727
24 3.470780 0.123874 -0.568986 0.020618 0.121032 -0.357152
25 1.738282 0.000000 0.000000 -0.053314 -0.093444 -0.519518
26 0.995115 -0.000000 0.000000 0.002342 0.011387 -0.202829
27 3.670963 0.088833 0.454203 -0.013754 0.104731 -0.264443
28 2.115631 -0.000000 0.000000 -0.011441 -0.015010 -0.651339
29 1.143825 0.000000 0.000000 0.015877 0.073805 -0.212095
30 3.732462 -0.072466 1.412468 0.050943 0.003917 -0.270822
31 1.797999 0.000000 0.000000 0.047520 0.072543 -0.580672
32 1.040624 0.000000 0.000000 0.011386 0.059319 -0.189759
33 1.076414 -1.012966 1.199772 1.833238 -0.398573 -0.228535
34 1.974704 0.000000 0.000000 0.000000 -0.133399 -0.304192
35 1.349828 0.000000 0.000000 0.000000 0.000781 0.263659
36 3.976495 2.450275 -1.500000 -0.655306 1.272677 -2.231987
37 5.894066 0.000000 -0.000000 2.145877 0.040363 -0.936129
38 11.240304 0.000000 0.000000 -0.000000 0.000000 -0.807161
39 11.527762 -0.000005 0.000017 -0.939717 -0.032087 -0.302507
40 3.137474 -0.211137 1.414760 0.091148 -0.209777 -0.255515
41 1.448772 0.000000 0.000000 -0.025047 -0.044445 -0.513416
42 0.782462 -0.000000 0.000000 0.073609 0.179997 -0.390727
43 3.470798 0.122196 0.569349 -0.017668 -0.121033 -0.357148
44 1.738282 0.000000 0.000000 0.053314 0.093444 -0.519518
45 0.995115 0.000000 0.000000 -0.002342 -0.011387 -0.202829
46 3.670982 0.090173 -0.453939 0.016704 -0.104732 -0.264439
47 2.115631 -0.000000 0.000000 0.011441 0.015010 -0.651339
48 1.143825 -0.000000 0.000000 -0.015877 -0.073805 -0.212095
49 3.732481 -0.068299 -1.412675 -0.047994 -0.003918 -0.270818
50 1.797999 -0.000000 0.000000 -0.047520 -0.072543 -0.580672
51 1.040624 0.000000 0.000000 -0.011386 -0.059319 -0.189759
52 1.076437 -1.009433 -1.202756 -1.830121 0.399239 -0.227320
53 1.974704 -0.000000 -0.000000 -0.000000 0.133399 -0.304192
54 1.349828 0.000000 -0.000000 -0.000000 -0.000781 0.263659
time 17
0 0.000000 0.000000 0.000000 1.570796 0.000000 0.000000
1 0.485713 -0.134621 26.006618 1.737182 -0.086747 -0.329622
2 0.000000 0.000000 0.000000 0.000000 0.000000 0.000000
3 3.625659 0.000000 0.000000 -2.296494 -1.194017 -0.862970
4 17.934229 0.000000 0.000000 -0.000000 0.000000 1.474827
5 16.552128 0.000000 -0.000000 -0.084370 0.447666 -1.468781
6 5.708388 -0.000000 0.000000 -0.050374 0.037013 -0.404002
7 -3.625659 0.000000 0.000000 -0.947590 -0.546001 -2.228027
8 17.934229 -0.000000 -0.000000 -0.000000 0.000000 1.749782
9 16.552128 -0.000000 0.000000 0.486496 0.023541 -1.975593
10 5.708388 0.000000 -0.000000 -0.040250 -0.041620 -0.633684
11 0.000000 3.859307 0.127612 1.582241 -0.179472 1.514811
12 4.399114 -0.000000 0.000000 -0.009855 -0.016764 0.033210
13 3.741468 0.000000 -0.000000 0.000822 -0.048986 0.174368
14 5.668190 0.000000 -0.000000 -0.024882 0.041697 0.366971
15 5.245047 -0.000000 0.000000 -2.976493 -0.100818 0.110759
16 3.843639 0.000000 -0.000000 0.168151 -0.009929 0.877597
17 3.976495 2.450275 1.500000 0.633664 -1.214695 -2.288077
18 5.894066 0.000000 0.000000 -1.890760 0.060507 -0.824160
19 11.240304 -0.000000 0.000000 -0.000000 -0.000000 -1.028422
20 11.527781 -0.000008 -0.000031 0.802760 -0.179449 -0.298618
21 3.137455 -0.206963 -1.415376 -0.088198 0.209777 -0.255519
22 1.448772 0.000000 -0.000000 0.025047 0.044445 -0.513416
23 0.782462 -0.000000 0.000000 -0.073609 -0.179997 -0.390727
24 3.470780 0.123874 -0.568986 0.020618 0.121032 -0.357152
25 1.738282 0.000000 0.000000 -0.053314 -0.093444 -0.519518
26 0.995115 0.000000 -0.000000 0.002342 0.011387 -0.202829
27 3.670963 0.088833 0.454203 -0.013754 0.104731 -0.264443
28 2.115631 0.000000 0.000000 -0.011441 -0.015010 -0.651339
29 1.143825 0.000000 0.000000 0.015877 0.073805 -0.212095
30 3.732462 -0.072466 1.412468 0.050943 0.003917 -0.270822
31 1.797999 0.000000 0.000000 0.047520 0.072543 -0.580672
32 1.040624 0.000000 0.000000 0.011386 0.059319 -0.189759
33 1.076414 -1.012966 1.199772 1.833238 -0.398573 -0.228535
34 1.974704 -0.000000 0.000000 0.000000 -0.133399 -0.304192
35 1.349828 -0.000000 0.000000 0.000000 0.000781 0.263659
36 3.976495 2.450275 -1.500000 -0.663532 1.271199 -2.236768
37 5.894066 0.000000 0.000000 2.145399 0.044767 -0.933101
38 11.240304 0.000000 -0.000000 -0.000000 0.000000 -0.808659
39 11.527762 -0.000005 0.000017 -0.937899 -0.032114 -0.299998
40 3.137474 -0.211137 1.414760 0.091148 -0.209777 -0.255515
41 1.448772 0.000000 0.000000 -0.025047 -0.044445 -0.513416
42 0.782462 0.000000 0.000000 0.073609 0.179997 -0.390727
43 3.470798 0.122196 0.569349 -0.017668 -0.121033 -0.357148
44 1.738282 0.000000 0.000000 0.053314 0.093444 -0.519518
45 0.995115 0.000000 0.000000 -0.002342 -0.011387 -0.202829
46 3.670982 0.090173 -0.453939 0.016704 -0.104732 -0.264439
47 2.115631 -0.000000 0.000000 0.011441 0.015010 -0.651339
48 1.143825 -0.000000 -0.000000 -0.015877 -0.073805 -0.212095
49 3.732481 -0.068299 -1.412675 -0.047994 -0.003918 -0.270818
50 1.797999 0.000000 0.000000 -0.047520 -0.072543 -0.580672
51 1.040624 0.000000 0.000000 -0.011386 -0.059319 -0.189759
52 1.076437 -1.009433 -1.202756 -1.830121 0.399239 -0.227320
53 1.974704 0.000000 -0.000000 -0.000000 0.133399 -0.304192
54 1.349828 0.000000 0.000000 0.000000 -0.000781 0.263659
time 18
0 0.000000 0.000000 0.000000 1.570796 0.000000 0.000000
1 0.495684 -0.112778 25.976032 1.736866 -0.088017 -0.328322
2 0.000000 0.000000 0.000000 0.000000 0.000000 0.000000
3 3.625659 0.000000 0.000000 -2.296278 -1.196033 -0.864134
4 17.934229 0.000000 0.000000 0.000000 0.000000 1.475803
5 16.552128 0.000000 0.000000 -0.084792 0.447507 -1.468947
6 5.708388 0.000000 -0.000000 -0.050374 0.037013 -0.403650
7 -3.625659 0.000000 0.000000 -0.945822 -0.545586 -2.230926
8 17.934229 0.000000 0.000000 -0.000000 -0.000000 1.752192
9 16.552128 0.000000 -0.000000 0.486458 0.022638 -1.977978
10 5.708388 0.000000 0.000000 -0.040250 -0.041620 -0.633557
11 0.000000 3.859307 0.127612 1.582100 -0.179523 1.514033
12 4.399114 -0.000000 -0.000000 -0.009788 -0.016225 0.033085
13 3.741468 0.000000 -0.000000 0.001051 -0.049036 0.176903
14 5.668190 0.000000 0.000000 -0.024795 0.041570 0.369210
15 5.245047 0.000000 0.000000 -2.976410 -0.102665 0.112943
16 3.843639 0.000000 0.000000 0.168119 -0.006684 0.875533
17 3.976495 2.450275 1.500000 0.651656 -1.216691 -2.304363
18 5.894066 0.000000 0.000000 -1.893686 0.061108 -0.820396
19 11.240304 0.000000 0.000000 0.000000 -0.000000 -1.032246
20 11.527781 -0.000008 -0.000031 0.802204 -0.180750 -0.296628
21 3.137455 -0.206963 -1.415376 -0.088198 0.209777 -0.255519
22 1.448772 0.000000 0.000000 0.025047 0.044445 -0.513416
23 0.782462 0.000000 -0.000000 -0.073609 -0.179997 -0.390727
24 3.470780 0.123874 -0.568986 0.020618 0.121032 -0.357152
25 1.738282 0.000000 0.000000 -0.053314 -0.093444 -0.519518
26 0.995115 0.000000 0.000000 0.002342 0.011387 -0.202829
27 3.670963 0.088833 0.454203 -0.013754 0.104731 -0.264443
28 2.115631 0.000000 0.000000 -0.011441 -0.015010 -0.651339
29 1.143825 0.000000 0.000000 0.015877 0.073805 -0.212095
30 3.732462 -0.072466 1.412468 0.050943 0.003917 -0.270822
31 1.797999 0.000000 -0.000000 0.047520 0.072543 -0.580672
32 1.040624 0.000000 0.000000 0.011386 0.059319 -0.189759
33 1.076414 -1.012966 1.199772 1.833238 -0.398573 -0.228535
34 1.974704 0.000000 -0.000000 0.000000 -0.133399 -0.304192
35 1.349828 0.000000 0.000000 0.000000 0.000781 0.263659
36 3.976495 2.450275 -1.500000 -0.677324 1.270169 -2.250222
37 5.894066 0.000000 -0.000000 2.147868 0.048275 -0.928927
38 11.240304 -0.000000 0.000000 0.000000 -0.000000 -0.808627
39 11.527762 -0.000005 0.000017 -0.940804 -0.032562 -0.297907
40 3.137474 -0.211137 1.414760 0.091148 -0.209777 -0.255515
41 1.448772 0.000000 0.000000 -0.025047 -0.044445 -0.513416
42 0.782462 0.000000 -0.000000 0.073609 0.179997 -0.390727
43 3.470798 0.122196 0.569349 -0.017668 -0.121033 -0.357148
44 1.738282 0.000000 0.000000 0.053314 0.093444 -0.519518
45 0.995115 -0.000000 0.000000 -0.002342 -0.011387 -0.202829
46 3.670982 0.090173 -0.453939 0.016704 -0.104732 -0.264439
47 2.115631 0.000000 -0.000000 0.011441 0.015010 -0.651339
48 1.143825 -0.000000 0.000000 -0.015877 -0.073805 -0.212095
49 3.732481 -0.068299 -1.412675 -0.047994 -0.003918 -0.270818
50 1.797999 0.000000 0.000000 -0.047520 -0.072543 -0.580672
51 1.040624 0.000000 0.000000 -0.011386 -0.059319 -0.189759
52 1.076437 -1.009433 -1.202756 -1.830121 0.399239 -0.227320
53 1.974704 0.000000 0.000000 -0.000000 0.133399 -0.304192
54 1.349828 -0.000000 -0.000000 -0.000000 -0.000781 0.263659
time 19
0 0.000000 0.000000 0.000000 1.570796 0.000000 0.000000
1 0.503361 -0.093132 25.986338 1.737069 -0.088886 -0.327577
2 0.000000 0.000000 0.000000 0.000000 0.000000 0.000000
3 3.625659 0.000000 0.000000 -2.294227 -1.196527 -0.867183
4 17.934229 0.000000 0.000000 -0.000000 -0.000000 1.473872
5 16.552128 -0.000000 0.000000 -0.085160 0.447431 -1.468206
6 5.708388 0.000000 0.000000 -0.050374 0.037013 -0.403065
7 -3.625659 0.000000 0.000000 -0.944207 -0.544908 -2.232095
8 17.934229 0.000000 0.000000 0.000000 0.000000 1.750879
9 16.552128 0.000000 -0.000000 0.486311 0.022288 -1.979548
10 5.708388 0.000000 -0.000000 -0.040250 -0.041620 -0.631807
11 0.000000 3.859307 0.127612 1.582282 -0.178743 1.513502
12 4.399114 -0.000000 0.000000 -0.009618 -0.015982 0.033103
13 3.741468 0.000000 -0.000000 0.001153 -0.048608 0.179591
14 5.668190 0.000000 -0.000000 -0.024762 0.041047 0.371458
15 5.245047 -0.000000 0.000000 -2.976297 -0.104957 0.115097
16 3.843639 0.000000 -0.000000 0.168237 -0.003466 0.873918
17 3.976495 2.450275 1.500000 0.667349 -1.219224 -2.316979
18 5.894066 0.000000 0.000000 -1.898211 0.060726 -0.818214
19 11.240304 -0.000000 0.000000 0.000000 0.000000 -1.036831
20 11.527781 -0.000008 -0.000031 0.800454 -0.181276 -0.295786
21 3.137455 -0.206963 -1.415376 -0.088198 0.209777 -0.255519
22 1.448772 0.000000 0.000000 0.025047 0.044445 -0.513416
23 0.782462 0.000000 0.000000 -0.073609 -0.179997 -0.390727
24 3.470780 0.123874 -0.568986 0.020618 0.121032 -0.357152
25 1.738282 0.000000 -0.000000 -0.053314 -0.093444 -0.519518
26 0.995115 0.000000 -0.000000 0.002342 0.011387 -0.202829
27 3.670963 0.088833 0.454203 -0.013754 0.104731 -0.264443
28 2.115631 0.000000 -0.000000 -0.011441 -0.015010 -0.651339
29 1.143825 0.000000 0.000000 0.015877 0.073805 -0.212095
30 3.732462 -0.072466 1.412468 0.050943 0.003917 -0.270822
31 1.797999 0.000000 0.000000 0.047520 0.072543 -0.580672
32 1.040624 0.000000 -0.000000 0.011386 0.059319 -0.189759
33 1.076414 -1.012966 1.199772 1.833238 -0.398573 -0.228535
34 1.974704 0.000000 0.000000 0.000000 -0.133399 -0.304192
35 1.349828 0.000000 -0.000000 0.000000 0.000781 0.263659
36 3.976495 2.450275 -1.500000 -0.678969 1.269015 -2.254215
37 5.894066 0.000000 0.000000 2.147603 0.050891 -0.926169
38 11.240304 0.000000 0.000000 0.000000 -0.000000 -0.807903
39 11.527762 -0.000005 0.000017 -0.942346 -0.034088 -0.296907
40 3.137474 -0.211137 1.414760 0.091148 -0.209777 -0.255515
41 1.448772 0.000000 0.000000 -0.025047 -0.044445 -0.513416
42 0.782462 0.000000 0.000000 0.073609 0.179997 -0.390727
43 3.470798 0.122196 0.569349 -0.017668 -0.121033 -0.357148
44 1.738282 0.000000 0.000000 0.053314 0.093444 -0.519518
45 0.995115 0.000000 -0.000000 -0.002342 -0.011387 -0.202829
46 3.670982 0.090173 -0.453939 0.016704 -0.104732 -0.264439
47 2.115631 0.000000 0.000000 0.011441 0.015010 -0.651339
48 1.143825 0.000000 0.000000 -0.015877 -0.073805 -0.212095
49 3.732481 -0.068299 -1.412675 -0.047994 -0.003918 -0.270818
50 1.797999 0.000000 0.000000 -0.047520 -0.072543 -0.580672
51 1.040624 0.000000 0.000000 -0.011386 -0.059319 -0.189759
52 1.076437 -1.009433 -1.202756 -1.830121 0.399239 -0.227320
53 1.974704 -0.000000 0.000000 -0.000000 0.133399 -0.304192
54 1.349828 0.000000 0.000000 0.000000 -0.000781 0.263659
time 20
0 0.000000 0.000000 0.000000 1.570796 0.000000 0.000000
1 0.515252 -0.068635 26.034304 1.738350 -0.089772 -0.327430
2 0.000000 0.000000 0.000000 0.000000 0.000000 0.000000
3 3.625659 0.000000 0.000000 -2.291324 -1.196294 -0.871702
4 17.934229 0.000000 0.000000 0.000000 -0.000000 1.468988
5 16.552128 0.000000 0.000000 -0.085402 0.447057 -1.466209
6 5.708388 0.000000 -0.000000 -0.050374 0.037013 -0.401893
7 -3.625659 0.000000 0.000000 -0.941340 -0.545078 -2.233577
8 17.934229 -0.000000 -0.000000 -0.000000 -0.000000 1.747548
9 16.552128 0.000000 0.000000 0.485547 0.021763 -1.979794
10 5.708388 0.000000 0.000000 -0.040250 -0.041620 -0.629699
11 0.000000 3.859307 0.127612 1.582522 -0.177429 1.513209
12 4.399114 -0.000000 0.000000 -0.009416 -0.016145 0.032697
13 3.741468 0.000000 -0.000000 0.001201 -0.048024 0.182286
14 5.668190 -0.000000 -0.000000 -0.024806 0.040155 0.373618
15 5.245047 0.000000 -0.000000 -2.976393 -0.107535 0.116567
16 3.843639 0.000000 -0.000000 0.168368 -0.000648 0.873096
17 3.976495 2.450275 1.500000 0.673911 -1.221091 -2.321628
18 5.894066 0.000000 0.000000 -1.903730 0.060325 -0.818361
19 11.240304 -0.000000 0.000000 0.000000 0.000000 -1.041746
20 11.527781 -0.000008 -0.000031 0.799223 -0.173772 -0.298651
21 3.137455 -0.206963 -1.415376 -0.088198 0.209777 -0.255519
22 1.448772 -0.000000 0.000000 0.025047 0.044445 -0.513416
23 0.782462 -0.000000 -0.000000 -0.073609 -0.179997 -0.390727
24 3.470780 0.123874 -0.568986 0.020618 0.121032 -0.357152
25 1.738282 0.000000 -0.000000 -0.053314 -0.093444 -0.519518
26 0.995115 0.000000 0.000000 0.002342 0.011387 -0.202829
27 3.670963 0.088833 0.454203 -0.013754 0.104731 -0.264443
28 2.115631 0.000000 0.000000 -0.011441 -0.015010 -0.651339
29 1.143825 0.000000 0.000000 0.015877 0.073805 -0.212095
30 3.732462 -0.072466 1.412468 0.050943 0.003917 -0.270822
31 1.797999 0.000000 0.000000 0.047520 0.072543 -0.580672
32 1.040624 0.000000 0.000000 0.011386 0.059319 -0.189759
33 1.076414 -1.012966 1.199772 1.833238 -0.398573 -0.228535
34 1.974704 0.000000 0.000000 0.000000 -0.133399 -0.304192
35 1.349828 0.000000 0.000000 -0.000000 0.000781 0.263659
36 3.976495 2.450275 -1.500000 -0.679336 1.269125 -2.255830
37 5.894066 0.000000 0.000000 2.145428 0.052124 -0.923213
38 11.240304 0.000000 0.000000 0.000000 0.000000 -0.808258
39 11.527762 -0.000005 0.000017 -0.939641 -0.028679 -0.298231
40 3.137474 -0.211137 1.414760 0.091148 -0.209777 -0.255515
41 1.448772 0.000000 0.000000 -0.025047 -0.044445 -0.513416
42 0.782462 0.000000 -0.000000 0.073609 0.179997 -0.390727
43 3.470798 0.122196 0.569349 -0.017668 -0.121033 -0.357148
44 1.738282 0.000000 0.000000 0.053314 0.093444 -0.519518
45 0.995115 -0.000000 0.000000 -0.002342 -0.011387 -0.202829
46 3.670982 0.090173 -0.453939 0.016704 -0.104732 -0.264439
47 2.115631 -0.000000 0.000000 0.011441 0.015010 -0.651339
48 1.143825 0.000000 0.000000 -0.015877 -0.073805 -0.212095
49 3.732481 -0.068299 -1.412675 -0.047994 -0.003918 -0.270818
50 1.797999 0.000000 0.000000 -0.047520 -0.072543 -0.580672
51 1.040624 0.000000 0.000000 -0.011386 -0.059319 -0.189759
52 1.076437 -1.009433 -1.202756 -1.830121 0.399239 -0.227320
53 1.974704 0.000000 0.000000 0.000000 0.133399 -0.304192
54 1.349828 0.000000 -0.000000 0.000000 -0.000781 0.263659
time 21
0 0.000000 0.000000 0.000000 1.570796 0.000000 0.000000
1 0.526265 -0.037542 26.123035 1.739776 -0.090351 -0.327575
2 0.000000 0.000000 0.000000 0.000000 0.000000 0.000000
3 3.625659 0.000000 0.000000 -2.285875 -1.194466 -0.878988
4 17.934229 0.000000 0.000000 0.000000 -0.000000 1.460789
5 16.552128 0.000000 -0.000000 -0.085573 0.446506 -1.462859
6 5.708388 0.000000 -0.000000 -0.050374 0.037013 -0.399136
7 -3.625659 0.000000 0.000000 -0.939235 -0.545050 -2.232857
8 17.934229 0.000000 -0.000000 -0.000000 -0.000000 1.740665
9 16.552128 0.000000 -0.000000 0.484479 0.022513 -1.978948
10 5.708388 0.000000 0.000000 -0.040250 -0.041620 -0.626210
11 0.000000 3.859307 0.127612 1.582858 -0.176262 1.512967
12 4.399114 0.000000 0.000000 -0.009271 -0.016336 0.032278
13 3.741468 0.000000 0.000000 0.001244 -0.047590 0.184527
14 5.668190 0.000000 -0.000000 -0.024860 0.039399 0.375476
15 5.245047 -0.000000 -0.000000 -2.977035 -0.110224 0.117588
16 3.843639 0.000000 0.000000 0.168269 0.001499 0.872590
17 3.976495 2.450275 1.500000 0.667087 -1.221370 -2.315647
18 5.894066 0.000000 0.000000 -1.905154 0.058882 -0.820789
19 11.240304 0.000000 0.000000 0.000000 -0.000000 -1.043922
20 11.527781 -0.000008 -0.000031 0.798633 -0.170517 -0.301268
21 3.137455 -0.206963 -1.415376 -0.088198 0.209777 -0.255519
22 1.448772 -0.000000 0.000000 0.025047 0.044445 -0.513416
23 0.782462 -0.000000 0.000000 -0.073609 -0.179997 -0.390727
24 3.470780 0.123874 -0.568986 0.020618 0.121032 -0.357152
25 1.738282 0.000000 0.000000 -0.053314 -0.093444 -0.519518
26 0.995115 0.000000 0.000000 0.002342 0.011387 -0.202829
27 3.670963 0.088833 0.454203 -0.013754 0.104731 -0.264443
28 2.115631 0.000000 0.000000 -0.011441 -0.015010 -0.651339
29 1.143825 0.000000 0.000000 0.015877 0.073805 -0.212095
30 3.732462 -0.072466 1.412468 0.050943 0.003917 -0.270822
31 1.797999 0.000000 0.000000 0.047520 0.072543 -0.580672
32 1.040624 -0.000000 -0.000000 0.011386 0.059319 -0.189759
33 1.076414 -1.012966 1.199772 1.833238 -0.398573 -0.228535
34 1.974704 -0.000000 0.000000 -0.000000 -0.133399 -0.304192
35 1.349828 -0.000000 0.000000 0.000000 0.000781 0.263659
36 3.976495 2.450275 -1.500000 -0.684710 1.269511 -2.259181
37 5.894066 0.000000 0.000000 2.150873 0.052800 -0.920842
38 11.240304 -0.000000 0.000000 0.000000 -0.000000 -0.812796
39 11.527762 -0.000005 0.000017 -0.937683 -0.033376 -0.301274
40 3.137474 -0.211137 1.414760 0.091148 -0.209777 -0.255515
41 1.448772 0.000000 0.000000 -0.025047 -0.044445 -0.513416
42 0.782462 0.000000 0.000000 0.073609 0.179997 -0.390727
43 3.470798 0.122196 0.569349 -0.017668 -0.121033 -0.357148
44 1.738282 -0.000000 0.000000 0.053314 0.093444 -0.519518
45 0.995115 0.000000 0.000000 -0.002342 -0.011387 -0.202829
46 3.670982 0.090173 -0.453939 0.016704 -0.104732 -0.264439
47 2.115631 0.000000 0.000000 0.011441 0.015010 -0.651339
48 1.143825 0.000000 0.000000 -0.015877 -0.073805 -0.212095
49 3.732481 -0.068299 -1.412675 -0.047994 -0.003918 -0.270818
50 1.797999 0.000000 0.000000 -0.047520 -0.072543 -0.580672
51 1.040624 0.000000 0.000000 -0.011386 -0.059319 -0.189759
52 1.076437 -1.009433 -1.202756 -1.830121 0.399239 -0.227320
53 1.974704 0.000000 0.000000 -0.000000 0.133399 -0.304192
54 1.349828 0.000000 0.000000 -0.000000 -0.000781 0.263659
time 22
0 0.000000 0.000000 0.000000 1.570796 0.000000 0.000000
1 0.527995 -0.021643 26.310888 1.739863 -0.089742 -0.327462
2 0.000000 0.000000 0.000000 0.000000 0.000000 0.000000
3 3.625659 0.000000 0.000000 -2.269518 -1.187682 -0.896653
4 17.934229 0.000000 0.000000 -0.000000 -0.000000 1.445666
5 16.552128 -0.000000 0.000000 -0.085369 0.445797 -1.457570
6 5.708388 -0.000000 0.000000 -0.050374 0.037013 -0.395631
7 -3.625659 0.000000 -0.000000 -0.939576 -0.541212 -2.226610
8 17.934229 0.000000 0.000000 0.000000 0.000000 1.724896
9 16.552128 0.000000 -0.000000 0.483475 0.024160 -1.974784
10 5.708388 0.000000 -0.000000 -0.040250 -0.041620 -0.621343
11 0.000000 3.859307 0.127612 1.582951 -0.175901 1.513405
12 4.399114 0.000000 0.000000 -0.009079 -0.016338 0.034521
13 3.741468 0.000000 -0.000000 0.001331 -0.047929 0.184921
14 5.668190 0.000000 0.000000 -0.024733 0.039674 0.374748
15 5.245047 0.000000 -0.000000 -2.978546 -0.112982 0.119595
16 3.843639 0.000000 -0.000000 0.167697 0.003134 0.871037
17 3.976495 2.450275 1.500000 0.656408 -1.219077 -2.303198
18 5.894066 0.000000 0.000000 -1.902150 0.055477 -0.821861
19 11.240304 0.000000 0.000000 -0.000000 -0.000000 -1.045143
20 11.527781 -0.000008 -0.000031 0.795866 -0.175964 -0.302185
21 3.137455 -0.206963 -1.415376 -0.088198 0.209777 -0.255519
22 1.448772 0.000000 -0.000000 0.025047 0.044445 -0.513416
23 0.782462 -0.000000 0.000000 -0.073609 -0.179997 -0.390727
24 3.470780 0.123874 -0.568986 0.020618 0.121032 -0.357152
25 1.738282 0.000000 0.000000 -0.053314 -0.093444 -0.519518
26 0.995115 0.000000 0.000000 0.002342 0.011387 -0.202829
27 3.670963 0.088833 0.454203 -0.013754 0.104731 -0.264443
28 2.115631 0.000000 0.000000 -0.011441 -0.015010 -0.651339
29 1.143825 -0.000000 0.000000 0.015877 0.073805 -0.212095
30 3.732462 -0.072466 1.412468 0.050943 0.003917 -0.270822
31 1.797999 -0.000000 0.000000 0.047520 0.072543 -0.580672
32 1.040624 -0.000000 0.000000 0.011386 0.059319 -0.189759
33 1.076414 -1.012966 1.199772 1.833238 -0.398573 -0.228535
34 1.974704 -0.000000 0.000000 -0.000000 -0.133399 -0.304192
35 1.349828 -0.000000 0.000000 0.000000 0.000781 0.263659
36 3.976495 2.450275 -1.500000 -0.672616 1.266367 -2.247291
37 5.894066 0.000000 0.000000 2.152171 0.054167 -0.920459
38 11.240304 0.000000 -0.000000 0.000000 -0.000000 -0.814522
39 11.527762 -0.000005 0.000017 -0.937917 -0.038993 -0.304800
40 3.137474 -0.211137 1.414760 0.091148 -0.209777 -0.255515
41 1.448772 0.000000 0.000000 -0.025047 -0.044445 -0.513416
42 0.782462 0.000000 0.000000 0.073609 0.179997 -0.390727
43 3.470798 0.122196 0.569349 -0.017668 -0.121033 -0.357148
44 1.738282 0.000000 0.000000 0.053314 0.093444 -0.519518
45 0.995115 0.000000 0.000000 -0.002342 -0.011387 -0.202829
46 3.670982 0.090173 -0.453939 0.016704 -0.104732 -0.264439
47 2.115631 0.000000 0.000000 0.011441 0.015010 -0.651339
48 1.143825 -0.000000 0.000000 -0.015877 -0.073805 -0.212095
49 3.732481 -0.068299 -1.412675 -0.047994 -0.003918 -0.270818
50 1.797999 0.000000 0.000000 -0.047520 -0.072543 -0.580672
51 1.040624 0.000000 0.000000 -0.011386 -0.059319 -0.189759
52 1.076437 -1.009433 -1.202756 -1.830121 0.399239 -0.227320
53 1.974704 -0.000000 0.000000 0.000000 0.133399 -0.304192
54 1.349828 -0.000000 0.000000 0.000000 -0.000781 0.263659
time 23
0 0.000000 0.000000 0.000000 1.570796 0.000000 0.000000
1 0.529797 -0.009215 26.556339 1.740143 -0.088633 -0.327602
2 0.000000 0.000000 0.000000 0.000000 0.000000 0.000000
3 3.625659 0.000000 0.000000 -2.248981 -1.178641 -0.918438
4 17.934229 0.000000 -0.000000 0.000000 -0.000000 1.426138
5 16.552128 0.000000 0.000000 -0.085188 0.444664 -1.450984
6 5.708388 0.000000 0.000000 -0.050374 0.037013 -0.392807
7 -3.625659 0.000000 0.000000 -0.940796 -0.536718 -2.218080
8 17.934229 0.000000 0.000000 0.000000 0.000000 1.704698
9 16.552128 0.000000 0.000000 0.482121 0.026526 -1.968370
10 5.708388 0.000000 0.000000 -0.040250 -0.041620 -0.615738
11 0.000000 3.859307 0.127612 1.583052 -0.175499 1.514095
12 4.399114 0.000000 0.000000 -0.009172 -0.015812 0.036817
13 3.741468 -0.000000 0.000000 0.001719 -0.049699 0.184776
14 5.668190 0.000000 -0.000000 -0.024554 0.040406 0.373526
15 5.245047 -0.000000 0.000000 -2.979342 -0.114953 0.119148
16 3.843639 0.000000 0.000000 0.167605 0.003494 0.872013
17 3.976495 2.450275 1.500000 0.643571 -1.216024 -2.286795
18 5.894066 0.000000 0.000000 -1.898389 0.050213 -0.823338
19 11.240304 -0.000000 0.000000 0.000000 -0.000000 -1.045186
20 11.527781 -0.000008 -0.000031 0.793055 -0.184663 -0.299089
21 3.137455 -0.206963 -1.415376 -0.088198 0.209777 -0.255519
22 1.448772 0.000000 0.000000 0.025047 0.044445 -0.513416
23 0.782462 -0.000000 0.000000 -0.073609 -0.179997 -0.390727
24 3.470780 0.123874 -0.568986 0.020618 0.121032 -0.357152
25 1.738282 -0.000000 0.000000 -0.053314 -0.093444 -0.519518
26 0.995115 0.000000 -0.000000 0.002342 0.011387 -0.202829
27 3.670963 0.088833 0.454203 -0.013754 0.104731 -0.264443
28 2.115631 0.000000 -0.000000 -0.011441 -0.015010 -0.651339
29 1.143825 0.000000 0.000000 0.015877 0.073805 -0.212095
30 3.732462 -0.072466 1.412468 0.050943 0.003917 -0.270822
31 1.797999 0.000000 0.000000 0.047520 0.072543 -0.580672
32 1.040624 0.000000 0.000000 0.011386 0.059319 -0.189759
33 1.076414 -1.012966 1.199772 1.833238 -0.398573 -0.228535
34 1.974704 0.000000 0.000000 0.000000 -0.133399 -0.304192
35 1.349828 0.000000 -0.000000 0.000000 0.000781 0.263659
36 3.976495 2.450275 -1.500000 -0.658959 1.262187 -2.231389
37 5.894066 0.000000 0.000000 2.152385 0.058280 -0.920878
38 11.240304 -0.000000 0.000000 0.000000 -0.000000 -0.814615
39 11.527762 -0.000005 0.000017 -0.938355 -0.038824 -0.306269
40 3.137474 -0.211137 1.414760 0.091148 -0.209777 -0.255515
41 1.448772 0.000000 -0.000000 -0.025047 -0.044445 -0.513416
42 0.782462 -0.000000 0.000000 0.073609 0.179997 -0.390727
43 3.470798 0.122196 0.569349 -0.017668 -0.121033 -0.357148
44 1.738282 0.000000 0.000000 0.053314 0.093444 -0.519518
45 0.995115 0.000000 0.000000 -0.002342 -0.011387 -0.202829
46 3.670982 0.090173 -0.453939 0.016704 -0.104732 -0.264439
47 2.115631 0.000000 0.000000 0.011441 0.015010 -0.651339
48 1.143825 0.000000 0.000000 -0.015877 -0.073805 -0.212095
49 3.732481 -0.068299 -1.412675 -0.047994 -0.003918 -0.270818
50 1.797999 -0.000000 0.000000 -0.047520 -0.072543 -0.580672
51 1.040624 -0.000000 0.000000 -0.011386 -0.059319 -0.189759
52 1.076437 -1.009433 -1.202756 -1.830121 0.399239 -0.227320
53 1.974704 -0.000000 -0.000000 -0.000000 0.133399 -0.304192
54 1.349828 -0.000000 0.000000 -0.000000 -0.000781 0.263659
time 24
0 0.000000 0.000000 0.000000 1.570796 0.000000 0.000000
1 0.534949 0.001860 26.836889 1.741114 -0.087358 -0.328083
2 0.000000 0.000000 0.000000 0.000000 0.000000 0.000000
3 3.625659 0.000000 0.000000 -2.227715 -1.168391 -0.941265
4 17.934229 -0.000000 0.000000 0.000000 -0.000000 1.403586
5 16.552128 0.000000 0.000000 -0.084956 0.443366 -1.443412
6 5.708388 0.000000 0.000000 -0.050374 0.037013 -0.392356
7 -3.625659 0.000000 0.000000 -0.941387 -0.531842 -2.209155
8 17.934229 0.000000 -0.000000 0.000000 -0.000000 1.681434
9 16.552128 -0.000000 -0.000000 0.480557 0.028325 -1.960664
10 5.708388 0.000000 -0.000000 -0.040250 -0.041620 -0.609289
11 -0.000000 3.859307 0.127612 1.583295 -0.174565 1.514605
12 4.399114 -0.000000 0.000000 -0.009362 -0.015109 0.035428
13 3.741468 -0.000000 -0.000000 0.001680 -0.049465 0.185325
14 5.668190 0.000000 -0.000000 -0.024681 0.038889 0.374222
15 5.245047 0.000000 -0.000000 -2.979574 -0.116330 0.117043
16 3.843639 0.000000 0.000000 0.167960 0.002984 0.874815
17 3.976495 2.450275 1.500000 0.651603 -1.215018 -2.289999
18 5.894066 0.000000 0.000000 -1.902794 0.045910 -0.822469
19 11.240304 -0.000000 -0.000000 -0.000000 -0.000000 -1.042920
20 11.527781 -0.000008 -0.000031 0.793056 -0.186246 -0.294626
21 3.137455 -0.206963 -1.415376 -0.088198 0.209777 -0.255519
22 1.448772 0.000000 -0.000000 0.025047 0.044445 -0.513416
23 0.782462 0.000000 0.000000 -0.073609 -0.179997 -0.390727
24 3.470780 0.123874 -0.568986 0.020618 0.121032 -0.357152
25 1.738282 0.000000 0.000000 -0.053314 -0.093444 -0.519518
26 0.995115 0.000000 -0.000000 0.002342 0.011387 -0.202829
27 3.670963 0.088833 0.454203 -0.013754 0.104731 -0.264443
28 2.115631 0.000000 -0.000000 -0.011441 -0.015010 -0.651339
29 1.143825 0.000000 0.000000 0.015877 0.073805 -0.212095
30 3.732462 -0.072466 1.412468 0.050943 0.003917 -0.270822
31 1.797999 -0.000000 0.000000 0.047520 0.072543 -0.580672
32 1.040624 0.000000 0.000000 0.011386 0.059319 -0.189759
33 1.076414 -1.012966 1.199772 1.833238 -0.398573 -0.228535
34 1.974704 -0.000000 0.000000 -0.000000 -0.133399 -0.304192
35 1.349828 0.000000 0.000000 0.000000 0.000781 0.263659
36 3.976495 2.450275 -1.500000 -0.676231 1.259375 -2.243731
37 5.894066 -0.000000 0.000000 2.158749 0.062729 -0.915451
38 11.240304 0.000000 0.000000 -0.000000 -0.000000 -0.813364
39 11.527762 -0.000005 0.000017 -0.939695 -0.034627 -0.303183
40 3.137474 -0.211137 1.414760 0.091148 -0.209777 -0.255515
41 1.448772 0.000000 0.000000 -0.025047 -0.044445 -0.513416
42 0.782462 0.000000 0.000000 0.073609 0.179997 -0.390727
43 3.470798 0.122196 0.569349 -0.017668 -0.121033 -0.357148
44 1.738282 0.000000 0.000000 0.053314 0.093444 -0.519518
45 0.995115 0.000000 0.000000 -0.002342 -0.011387 -0.202829
46 3.670982 0.090173 -0.453939 0.016704 -0.104732 -0.264439
47 2.115631 0.000000 0.000000 0.011441 0.015010 -0.651339
48 1.143825 -0.000000 0.000000 -0.015877 -0.073805 -0.212095
49 3.732481 -0.068299 -1.412675 -0.047994 -0.003918 -0.270818
50 1.797999 0.000000 0.000000 -0.047520 -0.072543 -0.580672
51 1.040624 -0.000000 -0.000000 -0.011386 -0.059319 -0.189759
52 1.076437 -1.009433 -1.202756 -1.830121 0.399239 -0.227320
53 1.974704 0.000000 0.000000 -0.000000 0.133399 -0.304192
54 1.349828 0.000000 0.000000 -0.000000 -0.000781 0.263659
time 25
0 0.000000 0.000000 0.000000 1.570796 0.000000 0.000000
1 0.541572 0.012824 27.149050 1.742826 -0.085812 -0.328594
2 0.000000 0.000000 0.000000 0.000000 0.000000 0.000000
3 3.625659 -0.000000 -0.000000 -2.205635 -1.157210 -0.964869
4 17.934229 0.000000 0.000000 -0.000000 0.000000 1.378023
5 16.552128 0.000000 0.000000 -0.085000 0.442061 -1.434969
6 5.708388 0.000000 0.000000 -0.050374 0.037013 -0.394615
7 -3.625659 0.000000 0.000000 -0.941035 -0.526208 -2.199534
8 17.934229 0.000000 0.000000 0.000000 0.000000 1.654788
9 16.552128 0.000000 0.000000 0.478485 0.029901 -1.952601
10 5.708388 -0.000000 -0.000000 -0.040250 -0.041620 -0.601211
11 0.000000 3.859307 0.127612 1.583478 -0.173164 1.515011
12 4.399114 0.000000 0.000000 -0.009653 -0.014221 0.031391
13 3.741468 0.000000 0.000000 0.001379 -0.047862 0.186140
14 5.668190 0.000000 0.000000 -0.025018 0.036010 0.376124
15 5.245047 0.000000 -0.000000 -2.980224 -0.117464 0.118184
16 3.843639 -0.000000 -0.000000 0.167993 0.003051 0.874754
17 3.976495 2.450275 1.500000 0.670344 -1.214656 -2.302113
18 5.894066 0.000000 -0.000000 -1.913568 0.041246 -0.821103
19 11.240304 -0.000000 0.000000 0.000000 -0.000000 -1.039598
20 11.527781 -0.000008 -0.000031 0.794210 -0.180781 -0.296001
21 3.137455 -0.206963 -1.415376 -0.088198 0.209777 -0.255519
22 1.448772 0.000000 -0.000000 0.025047 0.044445 -0.513416
23 0.782462 0.000000 0.000000 -0.073609 -0.179997 -0.390727
24 3.470780 0.123874 -0.568986 0.020618 0.121032 -0.357152
25 1.738282 0.000000 0.000000 -0.053314 -0.093444 -0.519518
26 0.995115 0.000000 0.000000 0.002342 0.011387 -0.202829
27 3.670963 0.088833 0.454203 -0.013754 0.104731 -0.264443
28 2.115631 0.000000 0.000000 -0.011441 -0.015010 -0.651339
29 1.143825 0.000000 0.000000 0.015877 0.073805 -0.212095
30 3.732462 -0.072466 1.412468 0.050943 0.003917 -0.270822
31 1.797999 -0.000000 -0.000000 0.047520 0.072543 -0.580672
32 1.040624 0.000000 0.000000 0.011386 0.059319 -0.189759
33 1.076414 -1.012966 1.199772 1.833238 -0.398573 -0.228535
34 1.974704 0.000000 0.000000 0.000000 -0.133399 -0.304192
35 1.349828 0.000000 0.000000 0.000000 0.000781 0.263659
36 3.976495 2.450275 -1.500000 -0.709766 1.257478 -2.271494
37 5.894066 0.000000 0.000000 2.167742 0.066279 -0.906894
38 11.240304 0.000000 0.000000 0.000000 -0.000000 -0.811179
39 11.527762 -0.000005 0.000017 -0.940664 -0.029754 -0.301299
40 3.137474 -0.211137 1.414760 0.091148 -0.209777 -0.255515
41 1.448772 0.000000 0.000000 -0.025047 -0.044445 -0.513416
42 0.782462 -0.000000 0.000000 0.073609 0.179997 -0.390727
43 3.470798 0.122196 0.569349 -0.017668 -0.121033 -0.357148
44 1.738282 0.000000 -0.000000 0.053314 0.093444 -0.519518
45 0.995115 -0.000000 0.000000 -0.002342 -0.011387 -0.202829
46 3.670982 0.090173 -0.453939 0.016704 -0.104732 -0.264439
47 2.115631 0.000000 -0.000000 0.011441 0.015010 -0.651339
48 1.143825 -0.000000 0.000000 -0.015877 -0.073805 -0.212095
49 3.732481 -0.068299 -1.412675 -0.047994 -0.003918 -0.270818
50 1.797999 0.000000 0.000000 -0.047520 -0.072543 -0.580672
51 1.040624 0.000000 0.000000 -0.011386 -0.059319 -0.189759
52 1.076437 -1.009433 -1.202756 -1.830121 0.399239 -0.227320
53 1.974704 0.000000 0.000000 -0.000000 0.133399 -0.304192
54 1.349828 0.000000 0.000000 0.000000 -0.000781 0.263659
time 26
0 0.000000 0.000000 0.000000 1.570796 0.000000 0.000000
1 0.549482 0.025165 27.493811 1.745551 -0.083984 -0.329021
2 0.000000 0.000000 0.000000 0.000000 0.000000 0.000000
3 3.625659 -0.000000 0.000000 -2.183394 -1.145195 -0.988691
4 17.934229 0.000000 -0.000000 -0.000000 0.000000 1.349190
5 16.552128 0.000000 0.000000 -0.085250 0.440981 -1.425537
6 5.708388 0.000000 -0.000000 -0.050374 0.037013 -0.398469
7 -3.625659 0.000000 0.000000 -0.939547 -0.520188 -2.189287
8 17.934229 -0.000000 0.000000 0.000000 -0.000000 1.624837
9 16.552128 -0.000000 0.000000 0.475555 0.031211 -1.943351
10 5.708388 0.000000 0.000000 -0.040250 -0.041620 -0.592278
11 0.000000 3.859307 0.127612 1.583407 -0.171016 1.515458
12 4.399114 0.000000 0.000000 -0.009846 -0.013474 0.026406
13 3.741468 0.000000 -0.000000 0.000767 -0.044983 0.186743
14 5.668190 -0.000000 -0.000000 -0.025506 0.032304 0.378061
15 5.245047 0.000000 0.000000 -2.981218 -0.118596 0.121452
16 3.843639 0.000000 0.000000 0.167761 0.003200 0.873531
17 3.976495 2.450275 1.500000 0.681711 -1.214732 -2.307865
18 5.894066 0.000000 0.000000 -1.919558 0.037436 -0.820793
19 11.240304 0.000000 0.000000 0.000000 -0.000000 -1.035011
20 11.527781 -0.000008 -0.000031 0.794009 -0.180295 -0.297788
21 3.137455 -0.206963 -1.415376 -0.088198 0.209777 -0.255519
22 1.448772 0.000000 0.000000 0.025047 0.044445 -0.513416
23 0.782462 -0.000000 -0.000000 -0.073609 -0.179997 -0.390727
24 3.470780 0.123874 -0.568986 0.020618 0.121032 -0.357152
25 1.738282 0.000000 -0.000000 -0.053314 -0.093444 -0.519518
26 0.995115 0.000000 0.000000 0.002342 0.011387 -0.202829
27 3.670963 0.088833 0.454203 -0.013754 0.104731 -0.264443
28 2.115631 -0.000000 -0.000000 -0.011441 -0.015010 -0.651339
29 1.143825 0.000000 0.000000 0.015877 0.073805 -0.212095
30 3.732462 -0.072466 1.412468 0.050943 0.003917 -0.270822
31 1.797999 0.000000 0.000000 0.047520 0.072543 -0.580672
32 1.040624 0.000000 0.000000 0.011386 0.059319 -0.189759
33 1.076414 -1.012966 1.199772 1.833238 -0.398573 -0.228535
34 1.974704 0.000000 0.000000 0.000000 -0.133399 -0.304192
35 1.349828 0.000000 0.000000 0.000000 0.000781 0.263659
36 3.976495 2.450275 -1.500000 -0.736385 1.256862 -2.293867
37 5.894066 0.000000 0.000000 2.175573 0.067933 -0.900809
38 11.240304 -0.000000 -0.000000 0.000000 -0.000000 -0.808245
39 11.527762 -0.000005 0.000017 -0.941268 -0.030192 -0.305331
40 3.137474 -0.211137 1.414760 0.091148 -0.209777 -0.255515
41 1.448772 0.000000 0.000000 -0.025047 -0.044445 -0.513416
42 0.782462 0.000000 0.000000 0.073609 0.179997 -0.390727
43 3.470798 0.122196 0.569349 -0.017668 -0.121033 -0.357148
44 1.738282 0.000000 0.000000 0.053314 0.093444 -0.519518
45 0.995115 -0.000000 -0.000000 -0.002342 -0.011387 -0.202829
46 3.670982 0.090173 -0.453939 0.016704 -0.104732 -0.264439
47 2.115631 0.000000 0.000000 0.011441 0.015010 -0.651339
48 1.143825 0.000000 0.000000 -0.015877 -0.073805 -0.212095
49 3.732481 -0.068299 -1.412675 -0.047994 -0.003918 -0.270818
50 1.797999 0.000000 0.000000 -0.047520 -0.072543 -0.580672
51 1.040624 -0.000000 0.000000 -0.011386 -0.059319 -0.189759
52 1.076437 -1.009433 -1.202756 -1.830121 0.399239 -0.227320
53 1.974704 -0.000000 0.000000 -0.000000 0.133399 -0.304192
54 1.349828 0.000000 0.000000 -0.000000 -0.000781 0.263659
time 27
0 0.000000 0.000000 0.000000 1.570796 0.000000 0.000000
1 0.557674 0.029762 27.882929 1.748240 -0.081946 -0.329809
2 0.000000 0.000000 0.000000 0.000000 0.000000 0.000000
3 3.625659 0.000000 0.000000 -2.160449 -1.130292 -1.013778
4 17.934229 0.000000 0.000000 -0.000000 0.000000 1.316181
5 16.552128 0.000000 0.000000 -0.085553 0.440647 -1.414737
6 5.708388 0.000000 -0.000000 -0.050374 0.037013 -0.403247
7 -3.625659 0.000000 0.000000 -0.938466 -0.512711 -2.177638
8 17.934229 0.000000 0.000000 0.000000 0.000000 1.590583
9 16.552128 -0.000000 0.000000 0.471898 0.032123 -1.931799
10 5.708388 0.000000 0.000000 -0.040250 -0.041620 -0.583468
11 0.000000 3.859307 0.127612 1.583313 -0.168462 1.515927
12 4.399114 0.000000 -0.000000 -0.009849 -0.012885 0.021950
13 3.741468 0.000000 0.000000 0.000086 -0.041814 0.187088
14 5.668190 0.000000 -0.000000 -0.025930 0.027787 0.379389
15 5.245047 -0.000000 0.000000 -2.982161 -0.118435 0.126693
16 3.843639 0.000000 0.000000 0.167514 0.003367 0.871494
17 3.976495 2.450275 1.500000 0.682353 -1.215624 -2.305024
18 5.894066 0.000000 0.000000 -1.920093 0.035569 -0.821760
19 11.240304 -0.000000 0.000000 -0.000000 -0.000000 -1.031326
20 11.527781 -0.000008 -0.000031 0.793449 -0.180014 -0.297010
21 3.137455 -0.206963 -1.415376 -0.088198 0.209777 -0.255519
22 1.448772 0.000000 0.000000 0.025047 0.044445 -0.513416
23 0.782462 -0.000000 -0.000000 -0.073609 -0.179997 -0.390727
24 3.470780 0.123874 -0.568986 0.020618 0.121032 -0.357152
25 1.738282 0.000000 -0.000000 -0.053314 -0.093444 -0.519518
26 0.995115 0.000000 0.000000 0.002342 0.011387 -0.202829
27 3.670963 0.088833 0.454203 -0.013754 0.104731 -0.264443
28 2.115631 -0.000000 0.000000 -0.011441 -0.015010 -0.651339
29 1.143825 -0.000000 -0.000000 0.015877 0.073805 -0.212095
30 3.732462 -0.072466 1.412468 0.050943 0.003917 -0.270822
31 1.797999 0.000000 0.000000 0.047520 0.072543 -0.580672
32 1.040624 0.000000 -0.000000 0.011386 0.059319 -0.189759
33 1.076414 -1.012966 1.199772 1.833238 -0.398573 -0.228535
34 1.974704 -0.000000 0.000000 0.000000 -0.133399 -0.304192
35 1.349828 -0.000000 -0.000000 0.000000 0.000781 0.263659
36 3.976495 2.450275 -1.500000 -0.748553 1.256899 -2.306163
37 5.894066 -0.000000 0.000000 2.177839 0.066891 -0.899037
38 11.240304 0.000000 0.000000 -0.000000 0.000000 -0.805241
39 11.527762 -0.000005 0.000017 -0.945307 -0.030938 -0.304084
40 3.137474 -0.211137 1.414760 0.091148 -0.209777 -0.255515
41 1.448772 0.000000 0.000000 -0.025047 -0.044445 -0.513416
42 0.782462 0.000000 0.000000 0.073609 0.179997 -0.390727
43 3.470798 0.122196 0.569349 -0.017668 -0.121033 -0.357148
44 1.738282 -0.000000 0.000000 0.053314 0.093444 -0.519518
45 0.995115 0.000000 0.000000 -0.002342 -0.011387 -0.202829
46 3.670982 0.090173 -0.453939 0.016704 -0.104732 -0.264439
47 2.115631 0.000000 0.000000 0.011441 0.015010 -0.651339
48 1.143825 0.000000 0.000000 -0.015877 -0.073805 -0.212095
49 3.732481 -0.068299 -1.412675 -0.047994 -0.003918 -0.270818
50 1.797999 0.000000 -0.000000 -0.047520 -0.072543 -0.580672
51 1.040624 0.000000 0.000000 -0.011386 -0.059319 -0.189759
52 1.076437 -1.009433 -1.202756 -1.830121 0.399239 -0.227320
53 1.974704 0.000000 0.000000 -0.000000 0.133399 -0.304192
54 1.349828 0.000000 0.000000 0.000000 -0.000781 0.263659
time 28
0 0.000000 0.000000 0.000000 1.570796 0.000000 0.000000
1 0.567991 0.029942 28.288746 1.751293 -0.079659 -0.330845
2 0.000000 0.000000 0.000000 0.000000 0.000000 0.000000
3 3.625659 0.000000 0.000000 -2.137738 -1.114267 -1.038413
4 17.934229 0.000000 -0.000000 0.000000 0.000000 1.281043
5 16.552128 0.000000 -0.000000 -0.086701 0.440331 -1.404239
6 5.708388 0.000000 0.000000 -0.050374 0.037013 -0.407107
7 -3.625659 -0.000000 0.000000 -0.938120 -0.504952 -2.164922
8 17.934229 0.000000 0.000000 0.000000 -0.000000 1.554217
9 16.552128 -0.000000 -0.000000 0.468384 0.033045 -1.919218
10 5.708388 0.000000 0.000000 -0.040250 -0.041620 -0.575207
11 0.000000 3.859307 0.127612 1.583449 -0.165346 1.516432
12 4.399114 0.000000 -0.000000 -0.009783 -0.011990 0.017295
13 3.741468 0.000000 0.000000 -0.000352 -0.039369 0.187224
14 5.668190 -0.000000 -0.000000 -0.026229 0.024221 0.380554
15 5.245047 0.000000 -0.000000 -2.983000 -0.118154 0.132862
16 3.843639 0.000000 -0.000000 0.167286 0.003156 0.867765
17 3.976495 2.450275 1.500000 0.676056 -1.216115 -2.298195
18 5.894066 0.000000 0.000000 -1.918611 0.035305 -0.824143
19 11.240304 -0.000000 0.000000 0.000000 0.000000 -1.029482
20 11.527781 -0.000008 -0.000031 0.794409 -0.172546 -0.296683
21 3.137455 -0.206963 -1.415376 -0.088198 0.209777 -0.255519
22 1.448772 0.000000 0.000000 0.025047 0.044445 -0.513416
23 0.782462 0.000000 -0.000000 -0.073609 -0.179997 -0.390727
24 3.470780 0.123874 -0.568986 0.020618 0.121032 -0.357152
25 1.738282 -0.000000 0.000000 -0.053314 -0.093444 -0.519518
26 0.995115 0.000000 0.000000 0.002342 0.011387 -0.202829
27 3.670963 0.088833 0.454203 -0.013754 0.104731 -0.264443
28 2.115631 0.000000 -0.000000 -0.011441 -0.015010 -0.651339
29 1.143825 0.000000 0.000000 0.015877 0.073805 -0.212095
30 3.732462 -0.072466 1.412468 0.050943 0.003917 -0.270822
31 1.797999 0.000000 0.000000 0.047520 0.072543 -0.580672
32 1.040624 0.000000 -0.000000 0.011386 0.059319 -0.189759
33 1.076414 -1.012966 1.199772 1.833238 -0.398573 -0.228535
34 1.974704 0.000000 0.000000 0.000000 -0.133399 -0.304192
35 1.349828 -0.000000 0.000000 0.000000 0.000781 0.263659
36 3.976495 2.450275 -1.500000 -0.746746 1.256922 -2.309826
37 5.894066 0.000000 0.000000 2.172231 0.061874 -0.899359
38 11.240304 0.000000 0.000000 -0.000000 0.000000 -0.805330
39 11.527762 -0.000005 0.000017 -0.948563 -0.031717 -0.300088
40 3.137474 -0.211137 1.414760 0.091148 -0.209777 -0.255515
41 1.448772 0.000000 0.000000 -0.025047 -0.044445 -0.513416
42 0.782462 0.000000 0.000000 0.073609 0.179997 -0.390727
43 3.470798 0.122196 0.569349 -0.017668 -0.121033 -0.357148
44 1.738282 -0.000000 0.000000 0.053314 0.093444 -0.519518
45 0.995115 0.000000 0.000000 -0.002342 -0.011387 -0.202829
46 3.670982 0.090173 -0.453939 0.016704 -0.104732 -0.264439
47 2.115631 0.000000 0.000000 0.011441 0.015010 -0.651339
48 1.143825 0.000000 0.000000 -0.015877 -0.073805 -0.212095
49 3.732481 -0.068299 -1.412675 -0.047994 -0.003918 -0.270818
50 1.797999 -0.000000 -0.000000 -0.047520 -0.072543 -0.580672
51 1.040624 0.000000 0.000000 -0.011386 -0.059319 -0.189759
52 1.076437 -1.009433 -1.202756 -1.830121 0.399239 -0.227320
53 1.974704 -0.000000 0.000000 -0.000000 0.133399 -0.304192
54 1.349828 0.000000 -0.000000 0.000000 -0.000781 0.263659
time 29
0 0.000000 0.000000 0.000000 1.570796 0.000000 0.000000
1 0.580806 0.026198 28.701643 1.754679 -0.077420 -0.332075
2 0.000000 0.000000 0.000000 0.000000 0.000000 0.000000
3 3.625659 0.000000 0.000000 -2.115777 -1.097748 -1.062195
4 17.934229 -0.000000 -0.000000 0.000000 0.000000 1.244638
5 16.552128 0.000000 0.000000 -0.088777 0.439963 -1.393450
6 5.708388 0.000000 0.000000 -0.050374 0.037013 -0.409872
7 -3.625659 0.000000 0.000000 -0.938589 -0.496977 -2.151450
8 17.934229 -0.000000 -0.000000 0.000000 0.000000 1.516147
9 16.552128 0.000000 -0.000000 0.465120 0.034576 -1.906469
10 5.708388 0.000000 0.000000 -0.040250 -0.041620 -0.566145
11 0.000000 3.859307 0.127612 1.583826 -0.162122 1.516941
12 4.399114 0.000000 -0.000000 -0.009551 -0.011165 0.012310
13 3.741468 0.000000 -0.000000 -0.000735 -0.036918 0.186980
14 5.668190 -0.000000 0.000000 -0.026458 0.021089 0.381511
15 5.245047 -0.000000 0.000000 -2.983494 -0.117653 0.139233
16 3.843639 0.000000 0.000000 0.167426 0.002325 0.862449
17 3.976495 2.450275 1.500000 0.657037 -1.215772 -2.283923
18 5.894066 0.000000 0.000000 -1.912019 0.036761 -0.828271
19 11.240304 0.000000 -0.000000 0.000000 -0.000000 -1.027960
20 11.527781 -0.000008 -0.000031 0.795886 -0.166279 -0.296272
21 3.137455 -0.206963 -1.415376 -0.088198 0.209777 -0.255519
22 1.448772 0.000000 -0.000000 0.025047 0.044445 -0.513416
23 0.782462 0.000000 0.000000 -0.073609 -0.179997 -0.390727
24 3.470780 0.123874 -0.568986 0.020618 0.121032 -0.357152
25 1.738282 0.000000 0.000000 -0.053314 -0.093444 -0.519518
26 0.995115 0.000000 -0.000000 0.002342 0.011387 -0.202829
27 3.670963 0.088833 0.454203 -0.013754 0.104731 -0.264443
28 2.115631 0.000000 0.000000 -0.011441 -0.015010 -0.651339
29 1.143825 0.000000 0.000000 0.015877 0.073805 -0.212095
30 3.732462 -0.072466 1.412468 0.050943 0.003917 -0.270822
31 1.797999 0.000000 -0.000000 0.047520 0.072543 -0.580672
32 1.040624 0.000000 0.000000 0.011386 0.059319 -0.189759
33 1.076414 -1.012966 1.199772 1.833238 -0.398573 -0.228535
34 1.974704 0.000000 -0.000000 -0.000000 -0.133399 -0.304192
35 1.349828 0.000000 0.000000 0.000000 0.000781 0.263659
36 3.976495 2.450275 -1.500000 -0.731863 1.256653 -2.303655
37 5.894066 0.000000 0.000000 2.161456 0.054886 -0.901557
38 11.240304 0.000000 0.000000 -0.000000 0.000000 -0.807359
39 11.527762 -0.000005 0.000017 -0.948423 -0.034090 -0.300364
40 3.137474 -0.211137 1.414760 0.091148 -0.209777 -0.255515
41 1.448772 0.000000 0.000000 -0.025047 -0.044445 -0.513416
42 0.782462 0.000000 0.000000 0.073609 0.179997 -0.390727
43 3.470798 0.122196 0.569349 -0.017668 -0.121033 -0.357148
44 1.738282 -0.000000 0.000000 0.053314 0.093444 -0.519518
45 0.995115 0.000000 0.000000 -0.002342 -0.011387 -0.202829
46 3.670982 0.090173 -0.453939 0.016704 -0.104732 -0.264439
47 2.115631 -0.000000 -0.000000 0.011441 0.015010 -0.651339
48 1.143825 0.000000 0.000000 -0.015877 -0.073805 -0.212095
49 3.732481 -0.068299 -1.412675 -0.047994 -0.003918 -0.270818
50 1.797999 0.000000 0.000000 -0.047520 -0.072543 -0.580672
51 1.040624 0.000000 0.000000 -0.011386 -0.059319 -0.189759
52 1.076437 -1.009433 -1.202756 -1.830121 0.399239 -0.227320
53 1.974704 0.000000 -0.000000 -0.000000 0.133399 -0.304192
54 1.349828 0.000000 0.000000 -0.000000 -0.000781 0.263659
time 30
0 0.000000 0.000000 0.000000 1.570796 0.000000 0.000000
1 0.596778 0.024209 29.097372 1.759129 -0.075165 -0.333150
2 0.000000 0.000000 0.000000 0.000000 0.000000 0.000000
3 3.625659 0.000000 -0.000000 -2.096728 -1.082512 -1.082984
4 17.934229 0.000000 0.000000 -0.000000 -0.000000 1.208605
5 16.552128 0.000000 0.000000 -0.091531 0.439672 -1.382918
6 5.708388 0.000000 0.000000 -0.050374 0.037013 -0.412033
7 -3.625659 0.000000 0.000000 -0.938401 -0.489881 -2.138449
8 17.934229 0.000000 0.000000 0.000000 -0.000000 1.478597
9 16.552128 0.000000 -0.000000 0.461996 0.036311 -1.894269
10 5.708388 0.000000 0.000000 -0.040250 -0.041620 -0.556842
11 0.000000 3.859307 0.127612 1.584178 -0.158596 1.517459
12 4.399114 -0.000000 0.000000 -0.009460 -0.010056 0.005519
13 3.741468 -0.000000 -0.000000 -0.001117 -0.034390 0.186355
14 5.668190 0.000000 0.000000 -0.026728 0.017816 0.383091
15 5.245047 0.000000 0.000000 -2.983759 -0.116874 0.144381
16 3.843639 0.000000 0.000000 0.167561 0.001159 0.858007
17 3.976495 2.450275 1.500000 0.631287 -1.215123 -2.267466
18 5.894066 0.000000 0.000000 -1.900580 0.039031 -0.832072
19 11.240304 0.000000 -0.000000 0.000000 0.000000 -1.023565
20 11.527781 -0.000008 -0.000031 0.796768 -0.170779 -0.295402
21 3.137455 -0.206963 -1.415376 -0.088198 0.209777 -0.255519
22 1.448772 0.000000 0.000000 0.025047 0.044445 -0.513416
23 0.782462 -0.000000 0.000000 -0.073609 -0.179997 -0.390727
24 3.470780 0.123874 -0.568986 0.020618 0.121032 -0.357152
25 1.738282 0.000000 0.000000 -0.053314 -0.093444 -0.519518
26 0.995115 0.000000 0.000000 0.002342 0.011387 -0.202829
27 3.670963 0.088833 0.454203 -0.013754 0.104731 -0.264443
28 2.115631 -0.000000 0.000000 -0.011441 -0.015010 -0.651339
29 1.143825 0.000000 -0.000000 0.015877 0.073805 -0.212095
30 3.732462 -0.072466 1.412468 0.050943 0.003917 -0.270822
31 1.797999 -0.000000 -0.000000 0.047520 0.072543 -0.580672
32 1.040624 0.000000 0.000000 0.011386 0.059319 -0.189759
33 1.076414 -1.012966 1.199772 1.833238 -0.398573 -0.228535
34 1.974704 0.000000 0.000000 -0.000000 -0.133399 -0.304192
35 1.349828 0.000000 -0.000000 0.000000 0.000781 0.263659
36 3.976495 2.450275 -1.500000 -0.690156 1.257197 -2.267636
37 5.894066 0.000000 -0.000000 2.149872 0.053754 -0.912058
38 11.240304 0.000000 0.000000 0.000000 -0.000000 -0.807341
39 11.527762 -0.000005 0.000017 -0.948943 -0.035674 -0.300949
40 3.137474 -0.211137 1.414760 0.091148 -0.209777 -0.255515
41 1.448772 0.000000 0.000000 -0.025047 -0.044445 -0.513416
42 0.782462 0.000000 0.000000 0.073609 0.179997 -0.390727
43 3.470798 0.122196 0.569349 -0.017668 -0.121033 -0.357148
44 1.738282 0.000000 0.000000 0.053314 0.093444 -0.519518
45 0.995115 -0.000000 0.000000 -0.002342 -0.011387 -0.202829
46 3.670982 0.090173 -0.453939 0.016704 -0.104732 -0.264439
47 2.115631 0.000000 0.000000 0.011441 0.015010 -0.651339
48 1.143825 0.000000 -0.000000 -0.015877 -0.073805 -0.212095
49 3.732481 -0.068299 -1.412675 -0.047994 -0.003918 -0.270818
50 1.797999 0.000000 -0.000000 -0.047520 -0.072543 -0.580672
51 1.040624 0.000000 0.000000 -0.011386 -0.059319 -0.189759
52 1.076437 -1.009433 -1.202756 -1.830121 0.399239 -0.227320
53 1.974704 0.000000 0.000000 -0.000000 0.133399 -0.304192
54 1.349828 0.000000 0.000000 0.000000 -0.000781 0.263659
time 31
0 0.000000 0.000000 0.000000 1.570796 0.000000 0.000000
1 0.614523 0.016598 29.478878 1.764543 -0.072864 -0.333919
2 0.000000 0.000000 0.000000 0.000000 0.000000 0.000000
3 3.625659 0.000000 0.000000 -2.079613 -1.068488 -1.101737
4 17.934229 0.000000 0.000000 0.000000 0.000000 1.173130
5 16.552128 0.000000 -0.000000 -0.094460 0.439233 -1.372631
6 5.708388 0.000000 0.000000 -0.050374 0.037013 -0.414633
7 -3.625659 0.000000 -0.000000 -0.937230 -0.483239 -2.126181
8 17.934229 -0.000000 0.000000 -0.000000 -0.000000 1.441581
9 16.552128 0.000000 0.000000 0.458995 0.037510 -1.881877
10 5.708388 0.000000 0.000000 -0.040250 -0.041620 -0.548167
11 0.000000 3.859307 0.127612 1.584499 -0.155385 1.518040
12 4.399114 0.000000 0.000000 -0.009279 -0.008986 -0.003275
13 3.741468 -0.000000 0.000000 -0.001806 -0.030647 0.184015
14 5.668190 -0.000000 0.000000 -0.027052 0.014073 0.384334
15 5.245047 0.000000 0.000000 -2.984910 -0.116446 0.152272
16 3.843639 0.000000 -0.000000 0.167262 0.000657 0.852813
17 3.976495 2.450275 1.500000 0.612192 -1.214199 -2.257786
18 5.894066 -0.000000 -0.000000 -1.890020 0.042500 -0.833382
19 11.240304 0.000000 0.000000 0.000000 0.000000 -1.017710
20 11.527781 -0.000008 -0.000031 0.797497 -0.176172 -0.294452
21 3.137455 -0.206963 -1.415376 -0.088198 0.209777 -0.255519
22 1.448772 -0.000000 0.000000 0.025047 0.044445 -0.513416
23 0.782462 0.000000 0.000000 -0.073609 -0.179997 -0.390727
24 3.470780 0.123874 -0.568986 0.020618 0.121032 -0.357152
25 1.738282 0.000000 0.000000 -0.053314 -0.093444 -0.519518
26 0.995115 0.000000 0.000000 0.002342 0.011387 -0.202829
27 3.670963 0.088833 0.454203 -0.013754 0.104731 -0.264443
28 2.115631 0.000000 0.000000 -0.011441 -0.015010 -0.651339
29 1.143825 0.000000 0.000000 0.015877 0.073805 -0.212095
30 3.732462 -0.072466 1.412468 0.050943 0.003917 -0.270822
31 1.797999 -0.000000 0.000000 0.047520 0.072543 -0.580672
32 1.040624 0.000000 0.000000 0.011386 0.059319 -0.189759
33 1.076414 -1.012966 1.199772 1.833238 -0.398573 -0.228535
34 1.974704 0.000000 0.000000 -0.000000 -0.133399 -0.304192
35 1.349828 0.000000 0.000000 0.000000 0.000781 0.263659
36 3.976495 2.450275 -1.500000 -0.649535 1.257981 -2.225712
37 5.894066 0.000000 0.000000 2.143360 0.056757 -0.922901
38 11.240304 0.000000 0.000000 -0.000000 0.000000 -0.806291
39 11.527762 -0.000005 0.000017 -0.945784 -0.037925 -0.303407
40 3.137474 -0.211137 1.414760 0.091148 -0.209777 -0.255515
41 1.448772 0.000000 -0.000000 -0.025047 -0.044445 -0.513416
42 0.782462 0.000000 0.000000 0.073609 0.179997 -0.390727
43 3.470798 0.122196 0.569349 -0.017668 -0.121033 -0.357148
44 1.738282 0.000000 -0.000000 0.053314 0.093444 -0.519518
45 0.995115 0.000000 0.000000 -0.002342 -0.011387 -0.202829
46 3.670982 0.090173 -0.453939 0.016704 -0.104732 -0.264439
47 2.115631 0.000000 0.000000 0.011441 0.015010 -0.651339
48 1.143825 0.000000 0.000000 -0.015877 -0.073805 -0.212095
49 3.732481 -0.068299 -1.412675 -0.047994 -0.003918 -0.270818
50 1.797999 0.000000 0.000000 -0.047520 -0.072543 -0.580672
51 1.040624 0.000000 0.000000 -0.011386 -0.059319 -0.189759
52 1.076437 -1.009433 -1.202756 -1.830121 0.399239 -0.227320
53 1.974704 -0.000000 0.000000 -0.000000 0.133399 -0.304192
54 1.349828 0.000000 0.000000 -0.000000 -0.000781 0.263659
time 32
0 0.000000 0.000000 0.000000 1.570796 0.000000 0.000000
1 0.627538 -0.008767 29.891035 1.770708 -0.070480 -0.334339
2 0.000000 0.000000 0.000000 0.000000 0.000000 0.000000
3 3.625659 0.000000 0.000000 -2.061698 -1.053295 -1.121492
4 17.934229 0.000000 0.000000 -0.000000 -0.000000 1.134640
5 16.552128 0.000000 0.000000 -0.096986 0.438386 -1.360738
6 5.708388 0.000000 0.000000 -0.050374 0.037013 -0.417038
7 -3.625659 0.000000 0.000000 -0.935746 -0.475570 -2.113223
8 17.934229 -0.000000 0.000000 0.000000 0.000000 1.401414
9 16.552128 -0.000000 0.000000 0.456054 0.037994 -1.866435
10 5.708388 -0.000000 0.000000 -0.040250 -0.041620 -0.541015
11 0.000000 3.859307 0.127612 1.584752 -0.152076 1.518674
12 4.399114 0.000000 0.000000 -0.009106 -0.007653 -0.011607
13 3.741468 0.000000 -0.000000 -0.002473 -0.027226 0.180227
14 5.668190 -0.000000 -0.000000 -0.027290 0.011144 0.383868
15 5.245047 0.000000 -0.000000 -2.987029 -0.116678 0.162514
16 3.843639 0.000000 0.000000 0.166648 0.000338 0.847101
17 3.976495 2.450275 1.500000 0.603603 -1.213514 -2.256595
18 5.894066 0.000000 -0.000000 -1.883595 0.047098 -0.832540
19 11.240304 0.000000 0.000000 -0.000000 0.000000 -1.013444
20 11.527781 -0.000008 -0.000031 0.798644 -0.177455 -0.290434
21 3.137455 -0.206963 -1.415376 -0.088198 0.209777 -0.255519
22 1.448772 0.000000 0.000000 0.025047 0.044445 -0.513416
23 0.782462 0.000000 -0.000000 -0.073609 -0.179997 -0.390727
24 3.470780 0.123874 -0.568986 0.020618 0.121032 -0.357152
25 1.738282 0.000000 -0.000000 -0.053314 -0.093444 -0.519518
26 0.995115 -0.000000 0.000000 0.002342 0.011387 -0.202829
27 3.670963 0.088833 0.454203 -0.013754 0.104731 -0.264443
28 2.115631 0.000000 -0.000000 -0.011441 -0.015010 -0.651339
29 1.143825 0.000000 0.000000 0.015877 0.073805 -0.212095
30 3.732462 -0.072466 1.412468 0.050943 0.003917 -0.270822
31 1.797999 0.000000 0.000000 0.047520 0.072543 -0.580672
32 1.040624 0.000000 0.000000 0.011386 0.059319 -0.189759
33 1.076414 -1.012966 1.199772 1.833238 -0.398573 -0.228535
34 1.974704 -0.000000 -0.000000 0.000000 -0.133399 -0.304192
35 1.349828 -0.000000 0.000000 0.000000 0.000781 0.263659
36 3.976495 2.450275 -1.500000 -0.631028 1.258629 -2.206788
37 5.894066 0.000000 -0.000000 2.140765 0.055615 -0.926064
38 11.240304 0.000000 0.000000 -0.000000 0.000000 -0.806831
39 11.527762 -0.000005 0.000017 -0.943899 -0.041125 -0.303578
40 3.137474 -0.211137 1.414760 0.091148 -0.209777 -0.255515
41 1.448772 0.000000 0.000000 -0.025047 -0.044445 -0.513416
42 0.782462 0.000000 0.000000 0.073609 0.179997 -0.390727
43 3.470798 0.122196 0.569349 -0.017668 -0.121033 -0.357148
44 1.738282 0.000000 0.000000 0.053314 0.093444 -0.519518
45 0.995115 -0.000000 0.000000 -0.002342 -0.011387 -0.202829
46 3.670982 0.090173 -0.453939 0.016704 -0.104732 -0.264439
47 2.115631 0.000000 0.000000 0.011441 0.015010 -0.651339
48 1.143825 0.000000 0.000000 -0.015877 -0.073805 -0.212095
49 3.732481 -0.068299 -1.412675 -0.047994 -0.003918 -0.270818
50 1.797999 -0.000000 0.000000 -0.047520 -0.072543 -0.580672
51 1.040624 0.000000 0.000000 -0.011386 -0.059319 -0.189759
52 1.076437 -1.009433 -1.202756 -1.830121 0.399239 -0.227320
53 1.974704 0.000000 0.000000 -0.000000 0.133399 -0.304192
54 1.349828 0.000000 0.000000 0.000000 -0.000781 0.263659
time 33
0 0.000000 0.000000 0.000000 1.570796 0.000000 0.000000
1 0.640455 -0.043385 30.308174 1.776171 -0.068208 -0.334781
2 0.000000 0.000000 0.000000 0.000000 0.000000 0.000000
3 3.625659 0.000000 0.000000 -2.043209 -1.036682 -1.141821
4 17.934229 0.000000 0.000000 0.000000 0.000000 1.094847
5 16.552128 -0.000000 0.000000 -0.099341 0.436953 -1.347698
6 5.708388 0.000000 0.000000 -0.050374 0.037013 -0.417956
7 -3.625659 0.000000 0.000000 -0.933574 -0.466883 -2.101145
8 17.934229 0.000000 0.000000 -0.000000 -0.000000 1.361195
9 16.552128 -0.000000 0.000000 0.452507 0.036661 -1.847721
10 5.708388 0.000000 0.000000 -0.040250 -0.041620 -0.536921
11 0.000000 3.859307 0.127612 1.585002 -0.149485 1.519368
12 4.399114 0.000000 -0.000000 -0.009000 -0.006278 -0.018765
13 3.741468 -0.000000 0.000000 -0.003032 -0.024450 0.176038
14 5.668190 0.000000 0.000000 -0.027454 0.008682 0.382526
15 5.245047 -0.000000 0.000000 -2.989805 -0.116876 0.172794
16 3.843639 0.000000 0.000000 0.165465 -0.000228 0.841491
17 3.976495 2.450275 1.500000 0.598881 -1.213052 -2.256661
18 5.894066 0.000000 0.000000 -1.879840 0.051490 -0.831713
19 11.240304 0.000000 0.000000 0.000000 -0.000000 -1.008768
20 11.527781 -0.000008 -0.000031 0.799319 -0.177651 -0.290837
21 3.137455 -0.206963 -1.415376 -0.088198 0.209777 -0.255519
22 1.448772 0.000000 0.000000 0.025047 0.044445 -0.513416
23 0.782462 0.000000 0.000000 -0.073609 -0.179997 -0.390727
24 3.470780 0.123874 -0.568986 0.020618 0.121032 -0.357152
25 1.738282 0.000000 0.000000 -0.053314 -0.093444 -0.519518
26 0.995115 0.000000 0.000000 0.002342 0.011387 -0.202829
27 3.670963 0.088833 0.454203 -0.013754 0.104731 -0.264443
28 2.115631 0.000000 0.000000 -0.011441 -0.015010 -0.651339
29 1.143825 -0.000000 0.000000 0.015877 0.073805 -0.212095
30 3.732462 -0.072466 1.412468 0.050943 0.003917 -0.270822
31 1.797999 0.000000 0.000000 0.047520 0.072543 -0.580672
32 1.040624 0.000000 0.000000 0.011386 0.059319 -0.189759
33 1.076414 -1.012966 1.199772 1.833238 -0.398573 -0.228535
34 1.974704 0.000000 0.000000 0.000000 -0.133399 -0.304192
35 1.349828 0.000000 0.000000 0.000000 0.000781 0.263659
36 3.976495 2.450275 -1.500000 -0.628190 1.259710 -2.205230
37 5.894066 -0.000000 -0.000000 2.136877 0.050099 -0.922680
38 11.240304 -0.000000 0.000000 0.000000 -0.000000 -0.808039
39 11.527762 -0.000005 0.000017 -0.941841 -0.043390 -0.303046
40 3.137474 -0.211137 1.414760 0.091148 -0.209777 -0.255515
41 1.448772 0.000000 0.000000 -0.025047 -0.044445 -0.513416
42 0.782462 0.000000 0.000000 0.073609 0.179997 -0.390727
43 3.470798 0.122196 0.569349 -0.017668 -0.121033 -0.357148
44 1.738282 0.000000 0.000000 0.053314 0.093444 -0.519518
45 0.995115 -0.000000 0.000000 -0.002342 -0.011387 -0.202829
46 3.670982 0.090173 -0.453939 0.016704 -0.104732 -0.264439
47 2.115631 0.000000 0.000000 0.011441 0.015010 -0.651339
48 1.143825 -0.000000 0.000000 -0.015877 -0.073805 -0.212095
49 3.732481 -0.068299 -1.412675 -0.047994 -0.003918 -0.270818
50 1.797999 -0.000000 0.000000 -0.047520 -0.072543 -0.580672
51 1.040624 0.000000 -0.000000 -0.011386 -0.059319 -0.189759
52 1.076437 -1.009433 -1.202756 -1.830121 0.399239 -0.227320
53 1.974704 -0.000000 -0.000000 -0.000000 0.133399 -0.304192
54 1.349828 0.000000 0.000000 0.000000 -0.000781 0.263659
time 34
0 0.000000 0.000000 0.000000 1.570796 0.000000 0.000000
1 0.656347 -0.077701 30.698023 1.781228 -0.065953 -0.335470
2 0.000000 0.000000 0.000000 0.000000 0.000000 0.000000
3 3.625659 0.000000 0.000000 -2.026219 -1.020583 -1.160267
4 17.934229 0.000000 0.000000 0.000000 0.000000 1.056674
5 16.552128 -0.000000 0.000000 -0.101445 0.434892 -1.334780
6 5.708388 0.000000 -0.000000 -0.050374 0.037013 -0.416639
7 -3.625659 0.000000 0.000000 -0.930730 -0.458987 -2.090860
8 17.934229 0.000000 0.000000 -0.000000 -0.000000 1.324361
9 16.552128 0.000000 0.000000 0.449055 0.033375 -1.827237
10 5.708388 0.000000 -0.000000 -0.040250 -0.041620 -0.536351
11 0.000000 3.859307 0.127612 1.585230 -0.147123 1.520240
12 4.399114 0.000000 0.000000 -0.008964 -0.005140 -0.024597
13 3.741468 0.000000 0.000000 -0.003524 -0.022173 0.172330
14 5.668190 0.000000 0.000000 -0.027586 0.006573 0.381394
15 5.245047 -0.000000 -0.000000 -2.992498 -0.116381 0.181748
16 3.843639 0.000000 0.000000 0.163923 -0.000908 0.836771
17 3.976495 2.450275 1.500000 0.590147 -1.212837 -2.248817
18 5.894066 0.000000 0.000000 -1.877770 0.053146 -0.833343
19 11.240304 0.000000 0.000000 -0.000000 -0.000000 -1.005052
20 11.527781 -0.000008 -0.000031 0.798448 -0.174937 -0.292002
21 3.137455 -0.206963 -1.415376 -0.088198 0.209777 -0.255519
22 1.448772 0.000000 0.000000 0.025047 0.044445 -0.513416
23 0.782462 -0.000000 0.000000 -0.073609 -0.179997 -0.390727
24 3.470780 0.123874 -0.568986 0.020618 0.121032 -0.357152
25 1.738282 0.000000 0.000000 -0.053314 -0.093444 -0.519518
26 0.995115 0.000000 0.000000 0.002342 0.011387 -0.202829
27 3.670963 0.088833 0.454203 -0.013754 0.104731 -0.264443
28 2.115631 0.000000 0.000000 -0.011441 -0.015010 -0.651339
29 1.143825 0.000000 0.000000 0.015877 0.073805 -0.212095
30 3.732462 -0.072466 1.412468 0.050943 0.003917 -0.270822
31 1.797999 -0.000000 -0.000000 0.047520 0.072543 -0.580672
32 1.040624 -0.000000 0.000000 0.011386 0.059319 -0.189759
33 1.076414 -1.012966 1.199772 1.833238 -0.398573 -0.228535
34 1.974704 0.000000 0.000000 0.000000 -0.133399 -0.304192
35 1.349828 0.000000 0.000000 0.000000 0.000781 0.263659
36 3.976495 2.450275 -1.500000 -0.620446 1.261326 -2.199067
37 5.894066 -0.000000 0.000000 2.135751 0.045070 -0.922606
38 11.240304 0.000000 0.000000 0.000000 -0.000000 -0.809565
39 11.527762 -0.000005 0.000017 -0.943216 -0.048474 -0.305921
40 3.137474 -0.211137 1.414760 0.091148 -0.209777 -0.255515
41 1.448772 0.000000 -0.000000 -0.025047 -0.044445 -0.513416
42 0.782462 -0.000000 0.000000 0.073609 0.179997 -0.390727
43 3.470798 0.122196 0.569349 -0.017668 -0.121033 -0.357148
44 1.738282 0.000000 0.000000 0.053314 0.093444 -0.519518
45 0.995115 -0.000000 0.000000 -0.002342 -0.011387 -0.202829
46 3.670982 0.090173 -0.453939 0.016704 -0.104732 -0.264439
47 2.115631 0.000000 0.000000 0.011441 0.015010 -0.651339
48 1.143825 -0.000000 0.000000 -0.015877 -0.073805 -0.212095
49 3.732481 -0.068299 -1.412675 -0.047994 -0.003918 -0.270818
50 1.797999 -0.000000 0.000000 -0.047520 -0.072543 -0.580672
51 1.040624 0.000000 0.000000 -0.011386 -0.059319 -0.189759
52 1.076437 -1.009433 -1.202756 -1.830121 0.399239 -0.227320
53 1.974704 0.000000 0.000000 -0.000000 0.133399 -0.304192
54 1.349828 0.000000 0.000000 -0.000000 -0.000781 0.263659
time 35
0 0.000000 0.000000 0.000000 1.570796 0.000000 0.000000
1 0.676890 -0.103330 31.037655 1.786239 -0.063830 -0.336470
2 0.000000 0.000000 0.000000 0.000000 0.000000 0.000000
3 3.625659 0.000000 0.000000 -2.012302 -1.006803 -1.175391
4 17.934229 0.000000 0.000000 0.000000 0.000000 1.022454
5 16.552128 -0.000000 0.000000 -0.102460 0.432130 -1.322209
6 5.708388 -0.000000 0.000000 -0.050374 0.037013 -0.414892
7 -3.625659 0.000000 0.000000 -0.927633 -0.452901 -2.082628
8 17.934229 -0.000000 0.000000 -0.000000 0.000000 1.292526
9 16.552128 0.000000 0.000000 0.446572 0.028613 -1.807785
10 5.708388 0.000000 0.000000 -0.040250 -0.041620 -0.537065
11 0.000000 3.859307 0.127612 1.585336 -0.144779 1.521171
12 4.399114 0.000000 -0.000000 -0.009149 -0.004152 -0.029023
13 3.741468 -0.000000 0.000000 -0.003913 -0.020608 0.170112
14 5.668190 0.000000 0.000000 -0.027774 0.004251 0.380867
15 5.245047 0.000000 0.000000 -2.994446 -0.115006 0.187909
16 3.843639 0.000000 0.000000 0.162644 -0.001785 0.833205
17 3.976495 2.450275 1.500000 0.586458 -1.214792 -2.253421
18 5.894066 0.000000 -0.000000 -1.876088 0.063540 -0.831619
19 11.240304 0.000000 0.000000 0.000000 -0.000000 -1.005228
20 11.527781 -0.000008 -0.000031 0.798065 -0.170662 -0.295203
21 3.137455 -0.206963 -1.415376 -0.088198 0.209777 -0.255519
22 1.448772 0.000000 0.000000 0.025047 0.044445 -0.513416
23 0.782462 -0.000000 -0.000000 -0.073609 -0.179997 -0.390727
24 3.470780 0.123874 -0.568986 0.020618 0.121032 -0.357152
25 1.738282 0.000000 0.000000 -0.053314 -0.093444 -0.519518
26 0.995115 0.000000 0.000000 0.002342 0.011387 -0.202829
27 3.670963 0.088833 0.454203 -0.013754 0.104731 -0.264443
28 2.115631 0.000000 0.000000 -0.011441 -0.015010 -0.651339
29 1.143825 -0.000000 0.000000 0.015877 0.073805 -0.212095
30 3.732462 -0.072466 1.412468 0.050943 0.003917 -0.270822
31 1.797999 0.000000 0.000000 0.047520 0.072543 -0.580672
32 1.040624 -0.000000 0.000000 0.011386 0.059319 -0.189759
33 1.076414 -1.012966 1.199772 1.833238 -0.398573 -0.228535
34 1.974704 0.000000 0.000000 -0.000000 -0.133399 -0.304192
35 1.349828 0.000000 0.000000 0.000000 0.000781 0.263659
36 3.976495 2.450275 -1.500000 -0.605159 1.264698 -2.188494
37 5.894066 -0.000000 -0.000000 2.129639 0.037636 -0.925681
38 11.240304 0.000000 0.000000 -0.000000 -0.000000 -0.811950
39 11.527762 -0.000005 0.000017 -0.944529 -0.043103 -0.308036
40 3.137474 -0.211137 1.414760 0.091148 -0.209777 -0.255515
41 1.448772 -0.000000 0.000000 -0.025047 -0.044445 -0.513416
42 0.782462 0.000000 0.000000 0.073609 0.179997 -0.390727
43 3.470798 0.122196 0.569349 -0.017668 -0.121033 -0.357148
44 1.738282 0.000000 0.000000 0.053314 0.093444 -0.519518
45 0.995115 0.000000 0.000000 -0.002342 -0.011387 -0.202829
46 3.670982 0.090173 -0.453939 0.016704 -0.104732 -0.264439
47 2.115631 -0.000000 0.000000 0.011441 0.015010 -0.651339
48 1.143825 0.000000 0.000000 -0.015877 -0.073805 -0.212095
49 3.732481 -0.068299 -1.412675 -0.047994 -0.003918 -0.270818
50 1.797999 0.000000 0.000000 -0.047520 -0.072543 -0.580672
51 1.040624 0.000000 0.000000 -0.011386 -0.059319 -0.189759
52 1.076437 -1.009433 -1.202756 -1.830121 0.399239 -0.227320
53 1.974704 0.000000 0.000000 -0.000000 0.133399 -0.304192
54 1.349828 0.000000 0.000000 -0.000000 -0.000781 0.263659
time 36
0 0.000000 0.000000 0.000000 1.570796 0.000000 0.000000
1 0.706493 -0.113973 31.307993 1.790701 -0.062205 -0.337798
2 0.000000 0.000000 0.000000 0.000000 0.000000 0.000000
3 3.625659 0.000000 0.000000 -2.001401 -0.996267 -1.187464
4 17.934229 0.000000 0.000000 0.000000 -0.000000 0.994300
5 16.552128 0.000000 0.000000 -0.101845 0.428358 -1.310549
6 5.708388 0.000000 0.000000 -0.050374 0.037013 -0.413954
7 -3.625659 0.000000 0.000000 -0.925127 -0.449133 -2.076858
8 17.934229 0.000000 0.000000 -0.000000 -0.000000 1.267528
9 16.552128 0.000000 -0.000000 0.445371 0.023707 -1.791315
10 5.708388 0.000000 -0.000000 -0.040250 -0.041620 -0.537748
11 0.000000 3.859307 0.127612 1.585294 -0.144452 1.521659
12 4.399114 0.000000 0.000000 -0.009344 -0.003679 -0.032145
13 3.741468 0.000000 0.000000 -0.004317 -0.019250 0.168027
14 5.668190 0.000000 -0.000000 -0.027997 0.002337 0.380501
15 5.245047 0.000000 -0.000000 -2.995547 -0.113704 0.189767
16 3.843639 -0.000000 0.000000 0.161516 -0.002378 0.830213
17 3.976495 2.450275 1.500000 0.579466 -1.214946 -2.251701
18 5.894066 -0.000000 0.000000 -1.873914 0.071969 -0.830608
19 11.240304 0.000000 0.000000 -0.000000 0.000000 -1.008032
20 11.527781 -0.000008 -0.000031 0.799027 -0.167119 -0.297355
21 3.137455 -0.206963 -1.415376 -0.088198 0.209777 -0.255519
22 1.448772 0.000000 0.000000 0.025047 0.044445 -0.513416
23 0.782462 0.000000 -0.000000 -0.073609 -0.179997 -0.390727
24 3.470780 0.123874 -0.568986 0.020618 0.121032 -0.357152
25 1.738282 0.000000 -0.000000 -0.053314 -0.093444 -0.519518
26 0.995115 -0.000000 0.000000 0.002342 0.011387 -0.202829
27 3.670963 0.088833 0.454203 -0.013754 0.104731 -0.264443
28 2.115631 0.000000 0.000000 -0.011441 -0.015010 -0.651339
29 1.143825 -0.000000 0.000000 0.015877 0.073805 -0.212095
30 3.732462 -0.072466 1.412468 0.050943 0.003917 -0.270822
31 1.797999 -0.000000 0.000000 0.047520 0.072543 -0.580672
32 1.040624 0.000000 0.000000 0.011386 0.059319 -0.189759
33 1.076414 -1.012966 1.199772 1.833238 -0.398573 -0.228535
34 1.974704 0.000000 -0.000000 0.000000 -0.133399 -0.304192
35 1.349828 -0.000000 0.000000 0.000000 0.000781 0.263659
36 3.976495 2.450275 -1.500000 -0.593725 1.266375 -2.183006
37 5.894066 0.000000 0.000000 2.124128 0.029351 -0.927040
38 11.240304 0.000000 0.000000 -0.000000 0.000000 -0.816190
39 11.527762 -0.000005 0.000017 -0.945722 -0.045524 -0.308155
40 3.137474 -0.211137 1.414760 0.091148 -0.209777 -0.255515
41 1.448772 0.000000 -0.000000 -0.025047 -0.044445 -0.513416
42 0.782462 -0.000000 0.000000 0.073609 0.179997 -0.390727
43 3.470798 0.122196 0.569349 -0.017668 -0.121033 -0.357148
44 1.738282 0.000000 -0.000000 0.053314 0.093444 -0.519518
45 0.995115 0.000000 0.000000 -0.002342 -0.011387 -0.202829
46 3.670982 0.090173 -0.453939 0.016704 -0.104732 -0.264439
47 2.115631 -0.000000 0.000000 0.011441 0.015010 -0.651339
48 1.143825 -0.000000 -0.000000 -0.015877 -0.073805 -0.212095
49 3.732481 -0.068299 -1.412675 -0.047994 -0.003918 -0.270818
50 1.797999 0.000000 0.000000 -0.047520 -0.072543 -0.580672
51 1.040624 -0.000000 0.000000 -0.011386 -0.059319 -0.189759
52 1.076437 -1.009433 -1.202756 -1.830121 0.399239 -0.227320
53 1.974704 0.000000 0.000000 -0.000000 0.133399 -0.304192
54 1.349828 -0.000000 0.000000 0.000000 -0.000781 0.263659
time 37
0 0.000000 0.000000 0.000000 1.570796 0.000000 0.000000
1 0.743308 -0.106795 31.473726 1.794935 -0.060841 -0.339300
2 0.000000 0.000000 0.000000 0.000000 0.000000 0.000000
3 3.625659 0.000000 0.000000 -1.995497 -0.991445 -1.194112
4 17.934229 -0.000000 0.000000 0.000000 -0.000000 0.976429
5 16.552128 0.000000 0.000000 -0.099214 0.424077 -1.301620
6 5.708388 0.000000 -0.000000 -0.050374 0.037013 -0.414549
7 -3.625659 0.000000 0.000000 -0.923430 -0.448996 -2.073557
8 17.934229 0.000000 0.000000 -0.000000 -0.000000 1.252135
9 16.552128 -0.000000 0.000000 0.445464 0.020550 -1.781066
10 5.708388 0.000000 -0.000000 -0.040250 -0.041620 -0.537108
11 0.000000 3.859307 0.127612 1.585238 -0.145994 1.521645
12 4.399114 0.000000 0.000000 -0.009495 -0.003382 -0.034538
13 3.741468 -0.000000 0.000000 -0.004630 -0.018247 0.165532
14 5.668190 0.000000 0.000000 -0.028068 0.001494 0.380064
15 5.245047 0.000000 -0.000000 -2.995987 -0.113183 0.186895
16 3.843639 -0.000000 0.000000 0.160807 -0.002727 0.828600
17 3.976495 2.450275 1.500000 0.573053 -1.213100 -2.244666
18 5.894066 0.000000 0.000000 -1.873997 0.077611 -0.830372
19 11.240304 0.000000 0.000000 -0.000000 -0.000000 -1.014708
20 11.527781 -0.000008 -0.000031 0.800471 -0.162548 -0.297052
21 3.137455 -0.206963 -1.415376 -0.088198 0.209777 -0.255519
22 1.448772 -0.000000 0.000000 0.025047 0.044445 -0.513416
23 0.782462 -0.000000 0.000000 -0.073609 -0.179997 -0.390727
24 3.470780 0.123874 -0.568986 0.020618 0.121032 -0.357152
25 1.738282 -0.000000 0.000000 -0.053314 -0.093444 -0.519518
26 0.995115 -0.000000 0.000000 0.002342 0.011387 -0.202829
27 3.670963 0.088833 0.454203 -0.013754 0.104731 -0.264443
28 2.115631 -0.000000 0.000000 -0.011441 -0.015010 -0.651339
29 1.143825 -0.000000 0.000000 0.015877 0.073805 -0.212095
30 3.732462 -0.072466 1.412468 0.050943 0.003917 -0.270822
31 1.797999 -0.000000 -0.000000 0.047520 0.072543 -0.580672
32 1.040624 0.000000 -0.000000 0.011386 0.059319 -0.189759
33 1.076414 -1.012966 1.199772 1.833238 -0.398573 -0.228535
34 1.974704 0.000000 -0.000000 -0.000000 -0.133399 -0.304192
35 1.349828 0.000000 -0.000000 0.000000 0.000781 0.263659
36 3.976495 2.450275 -1.500000 -0.578682 1.266703 -2.170642
37 5.894066 -0.000000 -0.000000 2.122091 0.026140 -0.929894
38 11.240304 0.000000 0.000000 0.000000 -0.000000 -0.818156
39 11.527762 -0.000005 0.000017 -0.949472 -0.048688 -0.306912
40 3.137474 -0.211137 1.414760 0.091148 -0.209777 -0.255515
41 1.448772 0.000000 0.000000 -0.025047 -0.044445 -0.513416
42 0.782462 -0.000000 0.000000 0.073609 0.179997 -0.390727
43 3.470798 0.122196 0.569349 -0.017668 -0.121033 -0.357148
44 1.738282 0.000000 -0.000000 0.053314 0.093444 -0.519518
45 0.995115 -0.000000 -0.000000 -0.002342 -0.011387 -0.202829
46 3.670982 0.090173 -0.453939 0.016704 -0.104732 -0.264439
47 2.115631 0.000000 0.000000 0.011441 0.015010 -0.651339
48 1.143825 0.000000 0.000000 -0.015877 -0.073805 -0.212095
49 3.732481 -0.068299 -1.412675 -0.047994 -0.003918 -0.270818
50 1.797999 0.000000 0.000000 -0.047520 -0.072543 -0.580672
51 1.040624 -0.000000 0.000000 -0.011386 -0.059319 -0.189759
52 1.076437 -1.009433 -1.202756 -1.830121 0.399239 -0.227320
53 1.974704 0.000000 0.000000 0.000000 0.133399 -0.304192
54 1.349828 -0.000000 0.000000 -0.000000 -0.000781 0.263659
time 38
0 0.000000 0.000000 0.000000 1.570796 0.000000 0.000000
1 0.790227 -0.081988 31.519625 1.800113 -0.059947 -0.341206
2 0.000000 0.000000 0.000000 0.000000 0.000000 0.000000
3 3.625659 0.000000 0.000000 -1.995593 -0.994384 -1.194141
4 17.934229 0.000000 0.000000 0.000000 -0.000000 0.970965
5 16.552128 0.000000 0.000000 -0.098295 0.420413 -1.298032
6 5.708388 0.000000 0.000000 -0.050374 0.037013 -0.413957
7 -3.625659 -0.000000 0.000000 -0.921286 -0.454019 -2.074011
8 17.934229 0.000000 0.000000 -0.000000 0.000000 1.247803
9 16.552128 0.000000 -0.000000 0.445763 0.019333 -1.777966
10 5.708388 0.000000 0.000000 -0.040250 -0.041620 -0.535459
11 0.000000 3.859307 0.127612 1.584997 -0.147199 1.521751
12 4.399114 0.000000 0.000000 -0.009634 -0.003318 -0.036695
13 3.741468 0.000000 -0.000000 -0.004930 -0.017359 0.163465
14 5.668190 0.000000 -0.000000 -0.028224 0.000107 0.379918
15 5.245047 0.000000 0.000000 -2.996101 -0.113234 0.182309
16 3.843639 0.000000 0.000000 0.160492 -0.003116 0.829205
17 3.976495 2.450275 1.500000 0.560864 -1.211925 -2.228297
18 5.894066 0.000000 -0.000000 -1.878369 0.079602 -0.833500
19 11.240304 0.000000 0.000000 0.000000 0.000000 -1.022211
20 11.527781 -0.000008 -0.000031 0.802134 -0.162473 -0.295577
21 3.137455 -0.206963 -1.415376 -0.088198 0.209777 -0.255519
22 1.448772 0.000000 0.000000 0.025047 0.044445 -0.513416
23 0.782462 0.000000 0.000000 -0.073609 -0.179997 -0.390727
24 3.470780 0.123874 -0.568986 0.020618 0.121032 -0.357152
25 1.738282 0.000000 0.000000 -0.053314 -0.093444 -0.519518
26 0.995115 -0.000000 0.000000 0.002342 0.011387 -0.202829
27 3.670963 0.088833 0.454203 -0.013754 0.104731 -0.264443
28 2.115631 0.000000 -0.000000 -0.011441 -0.015010 -0.651339
29 1.143825 0.000000 0.000000 0.015877 0.073805 -0.212095
30 3.732462 -0.072466 1.412468 0.050943 0.003917 -0.270822
31 1.797999 0.000000 0.000000 0.047520 0.072543 -0.580672
32 1.040624 0.000000 -0.000000 0.011386 0.059319 -0.189759
33 1.076414 -1.012966 1.199772 1.833238 -0.398573 -0.228535
34 1.974704 0.000000 -0.000000 0.000000 -0.133399 -0.304192
35 1.349828 0.000000 0.000000 0.000000 0.000781 0.263659
36 3.976495 2.450275 -1.500000 -0.563498 1.267965 -2.158766
37 5.894066 -0.000000 -0.000000 2.118265 0.022579 -0.933207
38 11.240304 0.000000 0.000000 0.000000 -0.000000 -0.819561
39 11.527762 -0.000005 0.000017 -0.952574 -0.043632 -0.302773
40 3.137474 -0.211137 1.414760 0.091148 -0.209777 -0.255515
41 1.448772 0.000000 -0.000000 -0.025047 -0.044445 -0.513416
42 0.782462 0.000000 -0.000000 0.073609 0.179997 -0.390727
43 3.470798 0.122196 0.569349 -0.017668 -0.121033 -0.357148
44 1.738282 -0.000000 0.000000 0.053314 0.093444 -0.519518
45 0.995115 -0.000000 0.000000 -0.002342 -0.011387 -0.202829
46 3.670982 0.090173 -0.453939 0.016704 -0.104732 -0.264439
47 2.115631 0.000000 0.000000 0.011441 0.015010 -0.651339
48 1.143825 0.000000 0.000000 -0.015877 -0.073805 -0.212095
49 3.732481 -0.068299 -1.412675 -0.047994 -0.003918 -0.270818
50 1.797999 0.000000 0.000000 -0.047520 -0.072543 -0.580672
51 1.040624 0.000000 0.000000 -0.011386 -0.059319 -0.189759
52 1.076437 -1.009433 -1.202756 -1.830121 0.399239 -0.227320
53 1.974704 0.000000 0.000000 -0.000000 0.133399 -0.304192
54 1.349828 0.000000 0.000000 0.000000 -0.000781 0.263659
time 39
0 0.000000 0.000000 0.000000 1.570796 0.000000 0.000000
1 0.843248 -0.053871 31.448750 1.804458 -0.059438 -0.343898
2 0.000000 0.000000 0.000000 0.000000 0.000000 0.000000
3 3.625659 0.000000 0.000000 -2.002501 -1.003086 -1.187260
4 17.934229 0.000000 0.000000 -0.000000 0.000000 0.978788
5 16.552128 0.000000 0.000000 -0.097634 0.417717 -1.299534
6 5.708388 0.000000 0.000000 -0.050374 0.037013 -0.413648
7 -3.625659 0.000000 0.000000 -0.918655 -0.461441 -2.078034
8 17.934229 0.000000 0.000000 -0.000000 -0.000000 1.253480
9 16.552128 -0.000000 -0.000000 0.445843 0.018702 -1.782719
10 5.708388 -0.000000 -0.000000 -0.040250 -0.041620 -0.532153
11 0.000000 3.859307 0.127612 1.584931 -0.147544 1.522327
12 4.399114 0.000000 0.000000 -0.009771 -0.003413 -0.037596
13 3.741468 0.000000 -0.000000 -0.005093 -0.017024 0.162762
14 5.668190 0.000000 0.000000 -0.028428 -0.001612 0.380033
15 5.245047 -0.000000 0.000000 -2.996127 -0.114204 0.179349
16 3.843639 -0.000000 0.000000 0.160706 -0.003005 0.830891
17 3.976495 2.450275 1.500000 0.544391 -1.213381 -2.212799
18 5.894066 0.000000 0.000000 -1.881470 0.084368 -0.836598
19 11.240304 0.000000 0.000000 0.000000 0.000000 -1.027320
20 11.527781 -0.000008 -0.000031 0.802171 -0.167856 -0.293004
21 3.137455 -0.206963 -1.415376 -0.088198 0.209777 -0.255519
22 1.448772 0.000000 0.000000 0.025047 0.044445 -0.513416
23 0.782462 0.000000 0.000000 -0.073609 -0.179997 -0.390727
24 3.470780 0.123874 -0.568986 0.020618 0.121032 -0.357152
25 1.738282 0.000000 -0.000000 -0.053314 -0.093444 -0.519518
26 0.995115 0.000000 0.000000 0.002342 0.011387 -0.202829
27 3.670963 0.088833 0.454203 -0.013754 0.104731 -0.264443
28 2.115631 0.000000 0.000000 -0.011441 -0.015010 -0.651339
29 1.143825 -0.000000 0.000000 0.015877 0.073805 -0.212095
30 3.732462 -0.072466 1.412468 0.050943 0.003917 -0.270822
31 1.797999 0.000000 0.000000 0.047520 0.072543 -0.580672
32 1.040624 0.000000 0.000000 0.011386 0.059319 -0.189759
33 1.076414 -1.012966 1.199772 1.833238 -0.398573 -0.228535
34 1.974704 0.000000 0.000000 0.000000 -0.133399 -0.304192
35 1.349828 0.000000 0.000000 0.000000 0.000781 0.263659
36 3.976495 2.450275 -1.500000 -0.555610 1.274428 -2.154763
37 5.894066 -0.000000 -0.000000 2.117174 0.013436 -0.936283
38 11.240304 0.000000 0.000000 -0.000000 0.000000 -0.823028
39 11.527762 -0.000005 0.000017 -0.949024 -0.043814 -0.304144
40 3.137474 -0.211137 1.414760 0.091148 -0.209777 -0.255515
41 1.448772 0.000000 0.000000 -0.025047 -0.044445 -0.513416
42 0.782462 0.000000 0.000000 0.073609 0.179997 -0.390727
43 3.470798 0.122196 0.569349 -0.017668 -0.121033 -0.357148
44 1.738282 0.000000 0.000000 0.053314 0.093444 -0.519518
45 0.995115 0.000000 0.000000 -0.002342 -0.011387 -0.202829
46 3.670982 0.090173 -0.453939 0.016704 -0.104732 -0.264439
47 2.115631 0.000000 -0.000000 0.011441 0.015010 -0.651339
48 1.143825 0.000000 -0.000000 -0.015877 -0.073805 -0.212095
49 3.732481 -0.068299 -1.412675 -0.047994 -0.003918 -0.270818
50 1.797999 0.000000 0.000000 -0.047520 -0.072543 -0.580672
51 1.040624 0.000000 0.000000 -0.011386 -0.059319 -0.189759
52 1.076437 -1.009433 -1.202756 -1.830121 0.399239 -0.227320
53 1.974704 0.000000 0.000000 -0.000000 0.133399 -0.304192
54 1.349828 0.000000 0.000000 0.000000 -0.000781 0.263659
time 40
0 0.000000 0.000000 0.000000 1.570796 0.000000 0.000000
1 0.897027 -0.027713 31.290916 1.807547 -0.059325 -0.347086
2 0.000000 0.000000 0.000000 0.000000 0.000000 0.000000
3 3.625659 0.000000 0.000000 -2.014993 -1.015228 -1.175069
4 17.934229 0.000000 0.000000 0.000000 -0.000000 0.996540
5 16.552128 -0.000000 0.000000 -0.096934 0.416039 -1.305178
6 5.708388 -0.000000 0.000000 -0.050374 0.037013 -0.413582
7 -3.625659 0.000000 0.000000 -0.915836 -0.469999 -2.084781
8 17.934229 0.000000 0.000000 0.000000 0.000000 1.266820
9 16.552128 -0.000000 0.000000 0.445722 0.018451 -1.792938
10 5.708388 0.000000 0.000000 -0.040250 -0.041620 -0.528162
11 0.000000 3.859307 0.127612 1.584963 -0.148575 1.522881
12 4.399114 0.000000 0.000000 -0.009858 -0.003656 -0.036419
13 3.741468 0.000000 0.000000 -0.005060 -0.017489 0.162444
14 5.668190 0.000000 -0.000000 -0.028414 -0.001005 0.379293
15 5.245047 0.000000 0.000000 -2.995564 -0.118042 0.173404
16 3.843639 0.000000 0.000000 0.162066 -0.001893 0.835598
17 3.976495 2.450275 1.500000 0.545308 -1.214491 -2.217076
18 5.894066 -0.000000 0.000000 -1.884345 0.093055 -0.832728
19 11.240304 -0.000000 0.000000 -0.000000 -0.000000 -1.032249
20 11.527781 -0.000008 -0.000031 0.794677 -0.169592 -0.289242
21 3.137455 -0.206963 -1.415376 -0.088198 0.209777 -0.255519
22 1.448772 0.000000 0.000000 0.025047 0.044445 -0.513416
23 0.782462 0.000000 0.000000 -0.073609 -0.179997 -0.390727
24 3.470780 0.123874 -0.568986 0.020618 0.121032 -0.357152
25 1.738282 0.000000 0.000000 -0.053314 -0.093444 -0.519518
26 0.995115 -0.000000 -0.000000 0.002342 0.011387 -0.202829
27 3.670963 0.088833 0.454203 -0.013754 0.104731 -0.264443
28 2.115631 -0.000000 0.000000 -0.011441 -0.015010 -0.651339
29 1.143825 0.000000 0.000000 0.015877 0.073805 -0.212095
30 3.732462 -0.072466 1.412468 0.050943 0.003917 -0.270822
31 1.797999 0.000000 0.000000 0.047520 0.072543 -0.580672
32 1.040624 -0.000000 0.000000 0.011386 0.059319 -0.189759
33 1.076414 -1.012966 1.199772 1.833238 -0.398573 -0.228535
34 1.974704 0.000000 -0.000000 0.000000 -0.133399 -0.304192
35 1.349828 0.000000 0.000000 0.000000 0.000781 0.263659
36 3.976495 2.450275 -1.500000 -0.554976 1.281211 -2.158756
37 5.894066 0.000000 -0.000000 2.119416 0.003063 -0.936067
38 11.240304 0.000000 0.000000 0.000000 0.000000 -0.829278
39 11.527762 -0.000005 0.000017 -0.943307 -0.050448 -0.306652
40 3.137474 -0.211137 1.414760 0.091148 -0.209777 -0.255515
41 1.448772 0.000000 0.000000 -0.025047 -0.044445 -0.513416
42 0.782462 0.000000 -0.000000 0.073609 0.179997 -0.390727
43 3.470798 0.122196 0.569349 -0.017668 -0.121033 -0.357148
44 1.738282 0.000000 0.000000 0.053314 0.093444 -0.519518
45 0.995115 0.000000 -0.000000 -0.002342 -0.011387 -0.202829
46 3.670982 0.090173 -0.453939 0.016704 -0.104732 -0.264439
47 2.115631 0.000000 0.000000 0.011441 0.015010 -0.651339
48 1.143825 -0.000000 0.000000 -0.015877 -0.073805 -0.212095
49 3.732481 -0.068299 -1.412675 -0.047994 -0.003918 -0.270818
50 1.797999 0.000000 0.000000 -0.047520 -0.072543 -0.580672
51 1.040624 0.000000 0.000000 -0.011386 -0.059319 -0.189759
52 1.076437 -1.009433 -1.202756 -1.830121 0.399239 -0.227320
53 1.974704 0.000000 0.000000 -0.000000 0.133399 -0.304192
54 1.349828 0.000000 0.000000 -0.000000 -0.000781 0.263659
time 41
0 0.000000 0.000000 0.000000 1.570796 0.000000 0.000000
1 0.948659 -0.015499 31.074928 1.808765 -0.059771 -0.351247
2 0.000000 0.000000 0.000000 0.000000 0.000000 0.000000
3 3.625659 0.000000 0.000000 -2.032260 -1.028021 -1.158958
4 17.934229 0.000000 0.000000 0.000000 0.000000 1.021176
5 16.552128 -0.000000 0.000000 -0.096139 0.415256 -1.314061
6 5.708388 0.000000 0.000000 -0.050374 0.037013 -0.413867
7 -3.625659 0.000000 -0.000000 -0.914840 -0.478625 -2.093065
8 17.934229 0.000000 -0.000000 -0.000000 -0.000000 1.285405
9 16.552128 0.000000 -0.000000 0.446068 0.018808 -1.806373
10 5.708388 0.000000 0.000000 -0.040250 -0.041620 -0.524156
11 -0.000000 3.859307 0.127612 1.585283 -0.150407 1.523037
12 4.399114 0.000000 -0.000000 -0.009618 -0.004093 -0.032381
13 3.741468 0.000000 0.000000 -0.004706 -0.018964 0.162351
14 5.668190 0.000000 0.000000 -0.028103 0.001021 0.377106
15 5.245047 -0.000000 -0.000000 -2.994236 -0.122584 0.161989
16 3.843639 0.000000 -0.000000 0.164108 -0.001571 0.844563
17 3.976495 2.450275 1.500000 0.544613 -1.214565 -2.215414
18 5.894066 -0.000000 -0.000000 -1.888483 0.096417 -0.830261
19 11.240304 0.000000 0.000000 0.000000 -0.000000 -1.035381
20 11.527781 -0.000008 -0.000031 0.786294 -0.168652 -0.287051
21 3.137455 -0.206963 -1.415376 -0.088198 0.209777 -0.255519
22 1.448772 0.000000 -0.000000 0.025047 0.044445 -0.513416
23 0.782462 0.000000 0.000000 -0.073609 -0.179997 -0.390727
24 3.470780 0.123874 -0.568986 0.020618 0.121032 -0.357152
25 1.738282 -0.000000 0.000000 -0.053314 -0.093444 -0.519518
26 0.995115 0.000000 0.000000 0.002342 0.011387 -0.202829
27 3.670963 0.088833 0.454203 -0.013754 0.104731 -0.264443
28 2.115631 0.000000 0.000000 -0.011441 -0.015010 -0.651339
29 1.143825 0.000000 0.000000 0.015877 0.073805 -0.212095
30 3.732462 -0.072466 1.412468 0.050943 0.003917 -0.270822
31 1.797999 0.000000 -0.000000 0.047520 0.072543 -0.580672
32 1.040624 0.000000 -0.000000 0.011386 0.059319 -0.189759
33 1.076414 -1.012966 1.199772 1.833238 -0.398573 -0.228535
34 1.974704 0.000000 0.000000 0.000000 -0.133399 -0.304192
35 1.349828 0.000000 0.000000 0.000000 0.000781 0.263659
36 3.976495 2.450275 -1.500000 -0.560868 1.283914 -2.162049
37 5.894066 -0.000000 -0.000000 2.125604 0.006319 -0.934994
38 11.240304 0.000000 0.000000 -0.000000 0.000000 -0.830817
39 11.527762 -0.000005 0.000017 -0.943711 -0.043529 -0.307081
40 3.137474 -0.211137 1.414760 0.091148 -0.209777 -0.255515
41 1.448772 0.000000 0.000000 -0.025047 -0.044445 -0.513416
42 0.782462 0.000000 0.000000 0.073609 0.179997 -0.390727
43 3.470798 0.122196 0.569349 -0.017668 -0.121033 -0.357148
44 1.738282 0.000000 -0.000000 0.053314 0.093444 -0.519518
45 0.995115 0.000000 0.000000 -0.002342 -0.011387 -0.202829
46 3.670982 0.090173 -0.453939 0.016704 -0.104732 -0.264439
47 2.115631 0.000000 0.000000 0.011441 0.015010 -0.651339
48 1.143825 0.000000 -0.000000 -0.015877 -0.073805 -0.212095
49 3.732481 -0.068299 -1.412675 -0.047994 -0.003918 -0.270818
50 1.797999 0.000000 0.000000 -0.047520 -0.072543 -0.580672
51 1.040624 -0.000000 0.000000 -0.011386 -0.059319 -0.189759
52 1.076437 -1.009433 -1.202756 -1.830121 0.399239 -0.227320
53 1.974704 0.000000 0.000000 0.000000 0.133399 -0.304192
54 1.349828 0.000000 0.000000 0.000000 -0.000781 0.263659
time 42
0 0.000000 0.000000 0.000000 1.570796 0.000000 0.000000
1 0.990566 -0.019498 30.823896 1.807426 -0.060681 -0.355437
2 0.000000 0.000000 0.000000 0.000000 0.000000 0.000000
3 3.625659 0.000000 -0.000000 -2.051346 -1.039419 -1.141459
4 17.934229 0.000000 0.000000 -0.000000 0.000000 1.049459
5 16.552128 0.000000 0.000000 -0.094921 0.415423 -1.324746
6 5.708388 0.000000 -0.000000 -0.050374 0.037013 -0.414467
7 -3.625659 0.000000 0.000000 -0.918094 -0.486326 -2.100491
8 17.934229 0.000000 0.000000 0.000000 -0.000000 1.307086
9 16.552128 0.000000 0.000000 0.448020 0.021871 -1.821623
10 5.708388 0.000000 0.000000 -0.040250 -0.041620 -0.520458
11 0.000000 3.859307 0.127612 1.585811 -0.153025 1.522502
12 4.399114 0.000000 0.000000 -0.009119 -0.004676 -0.025584
13 3.741468 -0.000000 0.000000 -0.003983 -0.021662 0.162424
14 5.668190 0.000000 -0.000000 -0.027545 0.004624 0.373672
15 5.245047 0.000000 -0.000000 -2.991720 -0.125564 0.148747
16 3.843639 0.000000 0.000000 0.166368 -0.001755 0.854453
17 3.976495 2.450275 1.500000 0.540629 -1.214029 -2.208362
18 5.894066 0.000000 -0.000000 -1.897304 0.094251 -0.833138
19 11.240304 0.000000 0.000000 0.000000 0.000000 -1.035331
20 11.527781 -0.000008 -0.000031 0.787239 -0.164842 -0.290372
21 3.137455 -0.206963 -1.415376 -0.088198 0.209777 -0.255519
22 1.448772 0.000000 0.000000 0.025047 0.044445 -0.513416
23 0.782462 0.000000 -0.000000 -0.073609 -0.179997 -0.390727
24 3.470780 0.123874 -0.568986 0.020618 0.121032 -0.357152
25 1.738282 0.000000 -0.000000 -0.053314 -0.093444 -0.519518
26 0.995115 0.000000 0.000000 0.002342 0.011387 -0.202829
27 3.670963 0.088833 0.454203 -0.013754 0.104731 -0.264443
28 2.115631 0.000000 0.000000 -0.011441 -0.015010 -0.651339
29 1.143825 0.000000 0.000000 0.015877 0.073805 -0.212095
30 3.732462 -0.072466 1.412468 0.050943 0.003917 -0.270822
31 1.797999 -0.000000 0.000000 0.047520 0.072543 -0.580672
32 1.040624 0.000000 0.000000 0.011386 0.059319 -0.189759
33 1.076414 -1.012966 1.199772 1.833238 -0.398573 -0.228535
34 1.974704 0.000000 0.000000 0.000000 -0.133399 -0.304192
35 1.349828 0.000000 0.000000 0.000000 0.000781 0.263659
36 3.976495 2.450275 -1.500000 -0.574141 1.285253 -2.169204
37 5.894066 0.000000 0.000000 2.133688 0.012477 -0.931948
38 11.240304 0.000000 0.000000 0.000000 0.000000 -0.832625
39 11.527762 -0.000005 0.000017 -0.943101 -0.046226 -0.309065
40 3.137474 -0.211137 1.414760 0.091148 -0.209777 -0.255515
41 1.448772 0.000000 0.000000 -0.025047 -0.044445 -0.513416
42 0.782462 0.000000 -0.000000 0.073609 0.179997 -0.390727
43 3.470798 0.122196 0.569349 -0.017668 -0.121033 -0.357148
44 1.738282 0.000000 0.000000 0.053314 0.093444 -0.519518
45 0.995115 0.000000 -0.000000 -0.002342 -0.011387 -0.202829
46 3.670982 0.090173 -0.453939 0.016704 -0.104732 -0.264439
47 2.115631 0.000000 0.000000 0.011441 0.015010 -0.651339
48 1.143825 0.000000 0.000000 -0.015877 -0.073805 -0.212095
49 3.732481 -0.068299 -1.412675 -0.047994 -0.003918 -0.270818
50 1.797999 0.000000 0.000000 -0.047520 -0.072543 -0.580672
51 1.040624 0.000000 0.000000 -0.011386 -0.059319 -0.189759
52 1.076437 -1.009433 -1.202756 -1.830121 0.399239 -0.227320
53 1.974704 0.000000 0.000000 -0.000000 0.133399 -0.304192
54 1.349828 0.000000 -0.000000 0.000000 -0.000781 0.263659
time 43
0 0.000000 0.000000 0.000000 1.570796 0.000000 0.000000
1 1.028539 -0.014389 30.467478 1.806997 -0.062056 -0.358887
2 0.000000 0.000000 0.000000 0.000000 0.000000 0.000000
3 3.625659 0.000000 -0.000000 -2.077259 -1.056620 -1.116648
4 17.934229 0.000000 0.000000 -0.000000 0.000000 1.086878
5 16.552128 -0.000000 0.000000 -0.094176 0.416653 -1.339373
6 5.708388 0.000000 0.000000 -0.050374 0.037013 -0.414650
7 -3.625659 0.000000 0.000000 -0.922011 -0.498423 -2.110420
8 17.934229 -0.000000 -0.000000 0.000000 0.000000 1.338587
9 16.552128 0.000000 0.000000 0.451952 0.027146 -1.841900
10 5.708388 0.000000 0.000000 -0.040250 -0.041620 -0.517463
11 0.000000 3.859307 0.127612 1.586122 -0.154885 1.521686
12 4.399114 0.000000 0.000000 -0.008597 -0.005320 -0.021163
13 3.741468 -0.000000 0.000000 -0.003334 -0.023824 0.162466
14 5.668190 -0.000000 -0.000000 -0.027117 0.006811 0.371803
15 5.245047 0.000000 -0.000000 -2.988578 -0.126583 0.136565
16 3.843639 0.000000 0.000000 0.168530 -0.002412 0.863047
17 3.976495 2.450275 1.500000 0.539295 -1.213694 -2.202380
18 5.894066 0.000000 -0.000000 -1.905058 0.088115 -0.836539
19 11.240304 0.000000 0.000000 -0.000000 0.000000 -1.031174
20 11.527781 -0.000008 -0.000031 0.788032 -0.165353 -0.294493
21 3.137455 -0.206963 -1.415376 -0.088198 0.209777 -0.255519
22 1.448772 -0.000000 0.000000 0.025047 0.044445 -0.513416
23 0.782462 0.000000 0.000000 -0.073609 -0.179997 -0.390727
24 3.470780 0.123874 -0.568986 0.020618 0.121032 -0.357152
25 1.738282 0.000000 -0.000000 -0.053314 -0.093444 -0.519518
26 0.995115 0.000000 0.000000 0.002342 0.011387 -0.202829
27 3.670963 0.088833 0.454203 -0.013754 0.104731 -0.264443
28 2.115631 0.000000 0.000000 -0.011441 -0.015010 -0.651339
29 1.143825 0.000000 0.000000 0.015877 0.073805 -0.212095
30 3.732462 -0.072466 1.412468 0.050943 0.003917 -0.270822
31 1.797999 0.000000 0.000000 0.047520 0.072543 -0.580672
32 1.040624 0.000000 -0.000000 0.011386 0.059319 -0.189759
33 1.076414 -1.012966 1.199772 1.833238 -0.398573 -0.228535
34 1.974704 -0.000000 0.000000 -0.000000 -0.133399 -0.304192
35 1.349828 -0.000000 0.000000 0.000000 0.000781 0.263659
36 3.976495 2.450275 -1.500000 -0.592472 1.283902 -2.182417
37 5.894066 0.000000 0.000000 2.138902 0.018428 -0.927491
38 11.240304 -0.000000 0.000000 -0.000000 0.000000 -0.833591
39 11.527762 -0.000005 0.000017 -0.942190 -0.053481 -0.312864
40 3.137474 -0.211137 1.414760 0.091148 -0.209777 -0.255515
41 1.448772 0.000000 -0.000000 -0.025047 -0.044445 -0.513416
42 0.782462 0.000000 -0.000000 0.073609 0.179997 -0.390727
43 3.470798 0.122196 0.569349 -0.017668 -0.121033 -0.357148
44 1.738282 0.000000 0.000000 0.053314 0.093444 -0.519518
45 0.995115 0.000000 -0.000000 -0.002342 -0.011387 -0.202829
46 3.670982 0.090173 -0.453939 0.016704 -0.104732 -0.264439
47 2.115631 0.000000 0.000000 0.011441 0.015010 -0.651339
48 1.143825 0.000000 0.000000 -0.015877 -0.073805 -0.212095
49 3.732481 -0.068299 -1.412675 -0.047994 -0.003918 -0.270818
50 1.797999 0.000000 0.000000 -0.047520 -0.072543 -0.580672
51 1.040624 0.000000 0.000000 -0.011386 -0.059319 -0.189759
52 1.076437 -1.009433 -1.202756 -1.830121 0.399239 -0.227320
53 1.974704 0.000000 0.000000 -0.000000 0.133399 -0.304192
54 1.349828 0.000000 0.000000 0.000000 -0.000781 0.263659
time 44
0 0.000000 0.000000 0.000000 1.570796 0.000000 0.000000
1 1.053437 -0.018861 30.087751 1.805192 -0.063507 -0.360821
2 0.000000 0.000000 0.000000 0.000000 0.000000 0.000000
3 3.625659 0.000000 0.000000 -2.101118 -1.073116 -1.092245
4 17.934229 -0.000000 0.000000 -0.000000 -0.000000 1.125153
5 16.552128 0.000000 0.000000 -0.094756 0.418120 -1.355177
6 5.708388 0.000000 -0.000000 -0.050374 0.037013 -0.414898
7 -3.625659 0.000000 0.000000 -0.926853 -0.509035 -2.119884
8 17.934229 -0.000000 0.000000 -0.000000 0.000000 1.371864
9 16.552128 0.000000 0.000000 0.456433 0.032856 -1.862553
10 5.708388 -0.000000 0.000000 -0.040250 -0.041620 -0.515872
11 0.000000 3.859307 0.127612 1.586130 -0.156653 1.521070
12 4.399114 0.000000 0.000000 -0.008267 -0.006042 -0.016874
13 3.741468 0.000000 -0.000000 -0.002815 -0.025818 0.162895
14 5.668190 -0.000000 0.000000 -0.026792 0.008824 0.370512
15 5.245047 -0.000000 -0.000000 -2.985686 -0.126736 0.127325
16 3.843639 0.000000 0.000000 0.170353 -0.002859 0.869107
17 3.976495 2.450275 1.500000 0.549952 -1.214016 -2.207675
18 5.894066 0.000000 0.000000 -1.910778 0.081293 -0.836940
19 11.240304 0.000000 0.000000 -0.000000 0.000000 -1.026131
20 11.527781 -0.000008 -0.000031 0.787834 -0.170010 -0.292257
21 3.137455 -0.206963 -1.415376 -0.088198 0.209777 -0.255519
22 1.448772 0.000000 0.000000 0.025047 0.044445 -0.513416
23 0.782462 0.000000 0.000000 -0.073609 -0.179997 -0.390727
24 3.470780 0.123874 -0.568986 0.020618 0.121032 -0.357152
25 1.738282 -0.000000 -0.000000 -0.053314 -0.093444 -0.519518
26 0.995115 0.000000 0.000000 0.002342 0.011387 -0.202829
27 3.670963 0.088833 0.454203 -0.013754 0.104731 -0.264443
28 2.115631 -0.000000 0.000000 -0.011441 -0.015010 -0.651339
29 1.143825 0.000000 0.000000 0.015877 0.073805 -0.212095
30 3.732462 -0.072466 1.412468 0.050943 0.003917 -0.270822
31 1.797999 0.000000 0.000000 0.047520 0.072543 -0.580672
32 1.040624 0.000000 -0.000000 0.011386 0.059319 -0.189759
33 1.076414 -1.012966 1.199772 1.833238 -0.398573 -0.228535
34 1.974704 -0.000000 0.000000 0.000000 -0.133399 -0.304192
35 1.349828 -0.000000 0.000000 0.000000 0.000781 0.263659
36 3.976495 2.450275 -1.500000 -0.614383 1.280697 -2.201967
37 5.894066 -0.000000 0.000000 2.138199 0.024194 -0.922023
38 11.240304 0.000000 0.000000 0.000000 -0.000000 -0.831201
39 11.527762 -0.000005 0.000017 -0.940270 -0.051779 -0.312526
40 3.137474 -0.211137 1.414760 0.091148 -0.209777 -0.255515
41 1.448772 0.000000 0.000000 -0.025047 -0.044445 -0.513416
42 0.782462 -0.000000 0.000000 0.073609 0.179997 -0.390727
43 3.470798 0.122196 0.569349 -0.017668 -0.121033 -0.357148
44 1.738282 0.000000 0.000000 0.053314 0.093444 -0.519518
45 0.995115 0.000000 0.000000 -0.002342 -0.011387 -0.202829
46 3.670982 0.090173 -0.453939 0.016704 -0.104732 -0.264439
47 2.115631 0.000000 0.000000 0.011441 0.015010 -0.651339
48 1.143825 -0.000000 0.000000 -0.015877 -0.073805 -0.212095
49 3.732481 -0.068299 -1.412675 -0.047994 -0.003918 -0.270818
50 1.797999 0.000000 0.000000 -0.047520 -0.072543 -0.580672
51 1.040624 0.000000 0.000000 -0.011386 -0.059319 -0.189759
52 1.076437 -1.009433 -1.202756 -1.830121 0.399239 -0.227320
53 1.974704 0.000000 0.000000 -0.000000 0.133399 -0.304192
54 1.349828 -0.000000 0.000000 -0.000000 -0.000781 0.263659
time 45
0 0.000000 0.000000 0.000000 1.570796 0.000000 0.000000
1 1.071534 -0.024854 29.684978 1.802712 -0.065003 -0.361962
2 0.000000 0.000000 0.000000 0.000000 0.000000 0.000000
3 3.625659 -0.000000 0.000000 -2.125850 -1.089616 -1.066320
4 17.934229 -0.000000 0.000000 0.000000 0.000000 1.164353
5 16.552128 0.000000 -0.000000 -0.095622 0.419943 -1.371157
6 5.708388 0.000000 0.000000 -0.050374 0.037013 -0.415307
7 -3.625659 0.000000 -0.000000 -0.930110 -0.518749 -2.130749
8 17.934229 0.000000 0.000000 -0.000000 -0.000000 1.407452
9 16.552128 -0.000000 0.000000 0.460818 0.036062 -1.882517
10 5.708388 -0.000000 0.000000 -0.040250 -0.041620 -0.516777
11 0.000000 3.859307 0.127612 1.586111 -0.157974 1.520634
12 4.399114 0.000000 0.000000 -0.008005 -0.006877 -0.012474
13 3.741468 0.000000 -0.000000 -0.002313 -0.027813 0.164202
14 5.668190 0.000000 -0.000000 -0.026507 0.010738 0.370004
15 5.245047 0.000000 0.000000 -2.983029 -0.126192 0.118285
16 3.843639 0.000000 0.000000 0.171720 -0.003461 0.875727
17 3.976495 2.450275 1.500000 0.557050 -1.214319 -2.211195
18 5.894066 0.000000 -0.000000 -1.916736 0.073459 -0.840202
19 11.240304 -0.000000 0.000000 -0.000000 0.000000 -1.022352
20 11.527781 -0.000008 -0.000031 0.790281 -0.171965 -0.289495
21 3.137455 -0.206963 -1.415376 -0.088198 0.209777 -0.255519
22 1.448772 -0.000000 0.000000 0.025047 0.044445 -0.513416
23 0.782462 -0.000000 -0.000000 -0.073609 -0.179997 -0.390727
24 3.470780 0.123874 -0.568986 0.020618 0.121032 -0.357152
25 1.738282 -0.000000 0.000000 -0.053314 -0.093444 -0.519518
26 0.995115 0.000000 0.000000 0.002342 0.011387 -0.202829
27 3.670963 0.088833 0.454203 -0.013754 0.104731 -0.264443
28 2.115631 0.000000 0.000000 -0.011441 -0.015010 -0.651339
29 1.143825 0.000000 -0.000000 0.015877 0.073805 -0.212095
30 3.732462 -0.072466 1.412468 0.050943 0.003917 -0.270822
31 1.797999 0.000000 -0.000000 0.047520 0.072543 -0.580672
32 1.040624 0.000000 0.000000 0.011386 0.059319 -0.189759
33 1.076414 -1.012966 1.199772 1.833238 -0.398573 -0.228535
34 1.974704 -0.000000 0.000000 -0.000000 -0.133399 -0.304192
35 1.349828 -0.000000 0.000000 0.000000 0.000781 0.263659
36 3.976495 2.450275 -1.500000 -0.633578 1.276966 -2.218242
37 5.894066 0.000000 -0.000000 2.141234 0.031511 -0.920389
38 11.240304 -0.000000 0.000000 0.000000 -0.000000 -0.829950
39 11.527762 -0.000005 0.000017 -0.941485 -0.049940 -0.310112
40 3.137474 -0.211137 1.414760 0.091148 -0.209777 -0.255515
41 1.448772 -0.000000 -0.000000 -0.025047 -0.044445 -0.513416
42 0.782462 0.000000 0.000000 0.073609 0.179997 -0.390727
43 3.470798 0.122196 0.569349 -0.017668 -0.121033 -0.357148
44 1.738282 0.000000 0.000000 0.053314 0.093444 -0.519518
45 0.995115 0.000000 -0.000000 -0.002342 -0.011387 -0.202829
46 3.670982 0.090173 -0.453939 0.016704 -0.104732 -0.264439
47 2.115631 0.000000 0.000000 0.011441 0.015010 -0.651339
48 1.143825 0.000000 -0.000000 -0.015877 -0.073805 -0.212095
49 3.732481 -0.068299 -1.412675 -0.047994 -0.003918 -0.270818
50 1.797999 0.000000 -0.000000 -0.047520 -0.072543 -0.580672
51 1.040624 0.000000 0.000000 -0.011386 -0.059319 -0.189759
52 1.076437 -1.009433 -1.202756 -1.830121 0.399239 -0.227320
53 1.974704 -0.000000 0.000000 0.000000 0.133399 -0.304192
54 1.349828 0.000000 -0.000000 -0.000000 -0.000781 0.263659
time 46
0 0.000000 0.000000 0.000000 1.570796 0.000000 0.000000
1 1.083396 -0.033810 29.294502 1.799096 -0.066572 -0.362693
2 0.000000 0.000000 0.000000 0.000000 0.000000 0.000000
3 3.625659 0.000000 0.000000 -2.149482 -1.103972 -1.041425
4 17.934229 -0.000000 0.000000 0.000000 0.000000 1.201310
5 16.552128 0.000000 -0.000000 -0.096293 0.421844 -1.385849
6 5.708388 0.000000 0.000000 -0.050374 0.037013 -0.415951
7 -3.625659 0.000000 0.000000 -0.931628 -0.525968 -2.142140
8 17.934229 0.000000 0.000000 0.000000 0.000000 1.441716
9 16.552128 -0.000000 0.000000 0.464122 0.036914 -1.900756
10 5.708388 0.000000 0.000000 -0.040250 -0.041620 -0.518986
11 0.000000 3.859307 0.127612 1.586268 -0.158922 1.520138
12 4.399114 0.000000 0.000000 -0.007726 -0.007685 -0.008285
13 3.741468 -0.000000 0.000000 -0.001790 -0.029689 0.166494
14 5.668190 0.000000 -0.000000 -0.026244 0.012579 0.370535
15 5.245047 -0.000000 0.000000 -2.981218 -0.125366 0.111523
16 3.843639 0.000000 0.000000 0.172225 -0.003464 0.880684
17 3.976495 2.450275 1.500000 0.574093 -1.215765 -2.225184
18 5.894066 0.000000 0.000000 -1.921491 0.068048 -0.840483
19 11.240304 -0.000000 0.000000 0.000000 0.000000 -1.022366
20 11.527781 -0.000008 -0.000031 0.790448 -0.171072 -0.289755
21 3.137455 -0.206963 -1.415376 -0.088198 0.209777 -0.255519
22 1.448772 0.000000 0.000000 0.025047 0.044445 -0.513416
23 0.782462 0.000000 0.000000 -0.073609 -0.179997 -0.390727
24 3.470780 0.123874 -0.568986 0.020618 0.121032 -0.357152
25 1.738282 0.000000 -0.000000 -0.053314 -0.093444 -0.519518
26 0.995115 0.000000 0.000000 0.002342 0.011387 -0.202829
27 3.670963 0.088833 0.454203 -0.013754 0.104731 -0.264443
28 2.115631 0.000000 0.000000 -0.011441 -0.015010 -0.651339
29 1.143825 -0.000000 0.000000 0.015877 0.073805 -0.212095
30 3.732462 -0.072466 1.412468 0.050943 0.003917 -0.270822
31 1.797999 0.000000 0.000000 0.047520 0.072543 -0.580672
32 1.040624 -0.000000 0.000000 0.011386 0.059319 -0.189759
33 1.076414 -1.012966 1.199772 1.833238 -0.398573 -0.228535
34 1.974704 0.000000 0.000000 -0.000000 -0.133399 -0.304192
35 1.349828 -0.000000 0.000000 0.000000 0.000781 0.263659
36 3.976495 2.450275 -1.500000 -0.664399 1.273970 -2.244814
37 5.894066 -0.000000 -0.000000 2.146941 0.039336 -0.917112
38 11.240304 0.000000 0.000000 0.000000 0.000000 -0.828835
39 11.527762 -0.000005 0.000017 -0.942662 -0.043149 -0.307252
40 3.137474 -0.211137 1.414760 0.091148 -0.209777 -0.255515
41 1.448772 0.000000 0.000000 -0.025047 -0.044445 -0.513416
42 0.782462 0.000000 0.000000 0.073609 0.179997 -0.390727
43 3.470798 0.122196 0.569349 -0.017668 -0.121033 -0.357148
44 1.738282 0.000000 0.000000 0.053314 0.093444 -0.519518
45 0.995115 0.000000 0.000000 -0.002342 -0.011387 -0.202829
46 3.670982 0.090173 -0.453939 0.016704 -0.104732 -0.264439
47 2.115631 0.000000 0.000000 0.011441 0.015010 -0.651339
48 1.143825 -0.000000 0.000000 -0.015877 -0.073805 -0.212095
49 3.732481 -0.068299 -1.412675 -0.047994 -0.003918 -0.270818
50 1.797999 0.000000 0.000000 -0.047520 -0.072543 -0.580672
51 1.040624 -0.000000 -0.000000 -0.011386 -0.059319 -0.189759
52 1.076437 -1.009433 -1.202756 -1.830121 0.399239 -0.227320
53 1.974704 -0.000000 0.000000 0.000000 0.133399 -0.304192
54 1.349828 0.000000 0.000000 0.000000 -0.000781 0.263659
time 47
0 0.000000 0.000000 0.000000 1.570796 0.000000 0.000000
1 1.085079 -0.050739 28.953051 1.793689 -0.068110 -0.362844
2 0.000000 0.000000 0.000000 0.000000 0.000000 0.000000
3 3.625659 0.000000 0.000000 -2.167816 -1.114084 -1.021681
4 17.934229 -0.000000 0.000000 -0.000000 0.000000 1.233020
5 16.552128 0.000000 0.000000 -0.096784 0.423680 -1.398330
6 5.708388 0.000000 0.000000 -0.050374 0.037013 -0.416834
7 -3.625659 -0.000000 0.000000 -0.933797 -0.529758 -2.151626
8 17.934229 -0.000000 0.000000 0.000000 0.000000 1.471527
9 16.552128 0.000000 -0.000000 0.466629 0.037216 -1.915543
10 5.708388 0.000000 -0.000000 -0.040250 -0.041620 -0.522424
11 -0.000000 3.859307 0.127612 1.586399 -0.160154 1.519665
12 4.399114 -0.000000 0.000000 -0.007480 -0.008496 -0.002631
13 3.741468 0.000000 0.000000 -0.001217 -0.031960 0.169004
14 5.668190 0.000000 0.000000 -0.025931 0.014951 0.370537
15 5.245047 0.000000 -0.000000 -2.980087 -0.124228 0.105271
16 3.843639 0.000000 0.000000 0.171947 -0.003127 0.885626
17 3.976495 2.450275 1.500000 0.589366 -1.216769 -2.238955
18 5.894066 -0.000000 -0.000000 -1.923911 0.063256 -0.841074
19 11.240304 0.000000 0.000000 -0.000000 -0.000000 -1.023740
20 11.527781 -0.000008 -0.000031 0.789622 -0.170998 -0.289652
21 3.137455 -0.206963 -1.415376 -0.088198 0.209777 -0.255519
22 1.448772 0.000000 0.000000 0.025047 0.044445 -0.513416
23 0.782462 0.000000 -0.000000 -0.073609 -0.179997 -0.390727
24 3.470780 0.123874 -0.568986 0.020618 0.121032 -0.357152
25 1.738282 0.000000 -0.000000 -0.053314 -0.093444 -0.519518
26 0.995115 0.000000 0.000000 0.002342 0.011387 -0.202829
27 3.670963 0.088833 0.454203 -0.013754 0.104731 -0.264443
28 2.115631 -0.000000 0.000000 -0.011441 -0.015010 -0.651339
29 1.143825 0.000000 0.000000 0.015877 0.073805 -0.212095
30 3.732462 -0.072466 1.412468 0.050943 0.003917 -0.270822
31 1.797999 -0.000000 0.000000 0.047520 0.072543 -0.580672
32 1.040624 0.000000 0.000000 0.011386 0.059319 -0.189759
33 1.076414 -1.012966 1.199772 1.833238 -0.398573 -0.228535
34 1.974704 0.000000 0.000000 0.000000 -0.133399 -0.304192
35 1.349828 -0.000000 0.000000 0.000000 0.000781 0.263659
36 3.976495 2.450275 -1.500000 -0.687808 1.271088 -2.262497
37 5.894066 -0.000000 -0.000000 2.153094 0.049182 -0.916090
38 11.240304 0.000000 0.000000 0.000000 -0.000000 -0.827315
39 11.527762 -0.000005 0.000017 -0.943957 -0.040060 -0.305378
40 3.137474 -0.211137 1.414760 0.091148 -0.209777 -0.255515
41 1.448772 0.000000 0.000000 -0.025047 -0.044445 -0.513416
42 0.782462 0.000000 -0.000000 0.073609 0.179997 -0.390727
43 3.470798 0.122196 0.569349 -0.017668 -0.121033 -0.357148
44 1.738282 0.000000 0.000000 0.053314 0.093444 -0.519518
45 0.995115 0.000000 0.000000 -0.002342 -0.011387 -0.202829
46 3.670982 0.090173 -0.453939 0.016704 -0.104732 -0.264439
47 2.115631 0.000000 -0.000000 0.011441 0.015010 -0.651339
48 1.143825 0.000000 -0.000000 -0.015877 -0.073805 -0.212095
49 3.732481 -0.068299 -1.412675 -0.047994 -0.003918 -0.270818
50 1.797999 0.000000 -0.000000 -0.047520 -0.072543 -0.580672
51 1.040624 0.000000 0.000000 -0.011386 -0.059319 -0.189759
52 1.076437 -1.009433 -1.202756 -1.830121 0.399239 -0.227320
53 1.974704 0.000000 0.000000 -0.000000 0.133399 -0.304192
54 1.349828 -0.000000 0.000000 0.000000 -0.000781 0.263659
time 48
0 0.000000 0.000000 0.000000 1.570796 0.000000 0.000000
1 1.077685 -0.071959 28.640869 1.787488 -0.069629 -0.362364
2 0.000000 0.000000 0.000000 0.000000 0.000000 0.000000
3 3.625659 -0.000000 0.000000 -2.183423 -1.121968 -1.004699
4 17.934229 0.000000 -0.000000 0.000000 0.000000 1.261511
5 16.552128 0.000000 -0.000000 -0.096933 0.425919 -1.409328
6 5.708388 0.000000 0.000000 -0.050374 0.037013 -0.417777
7 -3.625659 0.000000 0.000000 -0.936522 -0.531487 -2.159703
8 17.934229 0.000000 0.000000 -0.000000 -0.000000 1.498543
9 16.552128 0.000000 -0.000000 0.469051 0.037356 -1.928642
10 5.708388 0.000000 0.000000 -0.040250 -0.041620 -0.526262
11 0.000000 3.859307 0.127612 1.586360 -0.161159 1.518998
12 4.399114 -0.000000 -0.000000 -0.007400 -0.009119 0.002648
13 3.741468 0.000000 0.000000 -0.000680 -0.034227 0.171638
14 5.668190 0.000000 0.000000 -0.025682 0.017639 0.370811
15 5.245047 0.000000 -0.000000 -2.979445 -0.122507 0.101095
16 3.843639 0.000000 0.000000 0.171004 -0.002228 0.889269
17 3.976495 2.450275 1.500000 0.612012 -1.217828 -2.260737
18 5.894066 0.000000 -0.000000 -1.926954 0.059984 -0.839282
19 11.240304 -0.000000 -0.000000 -0.000000 0.000000 -1.024724
20 11.527781 -0.000008 -0.000031 0.787444 -0.171500 -0.290051
21 3.137455 -0.206963 -1.415376 -0.088198 0.209777 -0.255519
22 1.448772 0.000000 0.000000 0.025047 0.044445 -0.513416
23 0.782462 -0.000000 -0.000000 -0.073609 -0.179997 -0.390727
24 3.470780 0.123874 -0.568986 0.020618 0.121032 -0.357152
25 1.738282 0.000000 -0.000000 -0.053314 -0.093444 -0.519518
26 0.995115 0.000000 0.000000 0.002342 0.011387 -0.202829
27 3.670963 0.088833 0.454203 -0.013754 0.104731 -0.264443
28 2.115631 0.000000 -0.000000 -0.011441 -0.015010 -0.651339
29 1.143825 0.000000 0.000000 0.015877 0.073805 -0.212095
30 3.732462 -0.072466 1.412468 0.050943 0.003917 -0.270822
31 1.797999 0.000000 0.000000 0.047520 0.072543 -0.580672
32 1.040624 0.000000 0.000000 0.011386 0.059319 -0.189759
33 1.076414 -1.012966 1.199772 1.833238 -0.398573 -0.228535
34 1.974704 0.000000 0.000000 0.000000 -0.133399 -0.304192
35 1.349828 0.000000 0.000000 0.000000 0.000781 0.263659
36 3.976495 2.450275 -1.500000 -0.705798 1.269172 -2.274227
37 5.894066 0.000000 0.000000 2.155262 0.058693 -0.914695
38 11.240304 0.000000 0.000000 0.000000 -0.000000 -0.825457
39 11.527762 -0.000005 0.000017 -0.942463 -0.040081 -0.305701
40 3.137474 -0.211137 1.414760 0.091148 -0.209777 -0.255515
41 1.448772 -0.000000 0.000000 -0.025047 -0.044445 -0.513416
42 0.782462 0.000000 0.000000 0.073609 0.179997 -0.390727
43 3.470798 0.122196 0.569349 -0.017668 -0.121033 -0.357148
44 1.738282 0.000000 0.000000 0.053314 0.093444 -0.519518
45 0.995115 0.000000 -0.000000 -0.002342 -0.011387 -0.202829
46 3.670982 0.090173 -0.453939 0.016704 -0.104732 -0.264439
47 2.115631 0.000000 -0.000000 0.011441 0.015010 -0.651339
48 1.143825 0.000000 -0.000000 -0.015877 -0.073805 -0.212095
49 3.732481 -0.068299 -1.412675 -0.047994 -0.003918 -0.270818
50 1.797999 -0.000000 0.000000 -0.047520 -0.072543 -0.580672
51 1.040624 0.000000 0.000000 -0.011386 -0.059319 -0.189759
52 1.076437 -1.009433 -1.202756 -1.830121 0.399239 -0.227320
53 1.974704 0.000000 -0.000000 0.000000 0.133399 -0.304192
54 1.349828 0.000000 0.000000 0.000000 -0.000781 0.263659
time 49
0 0.000000 0.000000 0.000000 1.570796 0.000000 0.000000
1 1.067164 -0.090479 28.351694 1.782324 -0.071153 -0.361579
2 0.000000 0.000000 0.000000 0.000000 0.000000 0.000000
3 3.625659 0.000000 0.000000 -2.198519 -1.129543 -0.988357
4 17.934229 0.000000 0.000000 -0.000000 -0.000000 1.287210
5 16.552128 -0.000000 -0.000000 -0.097466 0.428308 -1.419259
6 5.708388 -0.000000 0.000000 -0.050374 0.037013 -0.418187
7 -3.625659 -0.000000 0.000000 -0.937684 -0.533377 -2.168061
8 17.934229 0.000000 0.000000 -0.000000 0.000000 1.523899
9 16.552128 -0.000000 -0.000000 0.470848 0.036695 -1.939568
10 5.708388 0.000000 0.000000 -0.040250 -0.041620 -0.531139
11 -0.000000 3.859307 0.127612 1.586180 -0.161540 1.518388
12 4.399114 0.000000 -0.000000 -0.007458 -0.009763 0.005917
13 3.741468 0.000000 0.000000 -0.000375 -0.035740 0.173863
14 5.668190 -0.000000 -0.000000 -0.025590 0.019761 0.371474
15 5.245047 0.000000 -0.000000 -2.979487 -0.121216 0.100335
16 3.843639 0.000000 0.000000 0.169870 -0.000977 0.890335
17 3.976495 2.450275 1.500000 0.635675 -1.218229 -2.279568
18 5.894066 0.000000 -0.000000 -1.931248 0.054705 -0.837548
19 11.240304 -0.000000 0.000000 0.000000 0.000000 -1.025872
20 11.527781 -0.000008 -0.000031 0.785928 -0.166130 -0.292115
21 3.137455 -0.206963 -1.415376 -0.088198 0.209777 -0.255519
22 1.448772 0.000000 0.000000 0.025047 0.044445 -0.513416
23 0.782462 0.000000 0.000000 -0.073609 -0.179997 -0.390727
24 3.470780 0.123874 -0.568986 0.020618 0.121032 -0.357152
25 1.738282 0.000000 -0.000000 -0.053314 -0.093444 -0.519518
26 0.995115 0.000000 -0.000000 0.002342 0.011387 -0.202829
27 3.670963 0.088833 0.454203 -0.013754 0.104731 -0.264443
28 2.115631 0.000000 0.000000 -0.011441 -0.015010 -0.651339
29 1.143825 -0.000000 0.000000 0.015877 0.073805 -0.212095
30 3.732462 -0.072466 1.412468 0.050943 0.003917 -0.270822
31 1.797999 0.000000 0.000000 0.047520 0.072543 -0.580672
32 1.040624 -0.000000 -0.000000 0.011386 0.059319 -0.189759
33 1.076414 -1.012966 1.199772 1.833238 -0.398573 -0.228535
34 1.974704 0.000000 0.000000 0.000000 -0.133399 -0.304192
35 1.349828 -0.000000 0.000000 0.000000 0.000781 0.263659
36 3.976495 2.450275 -1.500000 -0.712860 1.267944 -2.278428
37 5.894066 0.000000 0.000000 2.153859 0.066467 -0.914417
38 11.240304 0.000000 0.000000 -0.000000 -0.000000 -0.822493
39 11.527762 -0.000005 0.000017 -0.941025 -0.045303 -0.306918
40 3.137474 -0.211137 1.414760 0.091148 -0.209777 -0.255515
41 1.448772 0.000000 0.000000 -0.025047 -0.044445 -0.513416
42 0.782462 0.000000 -0.000000 0.073609 0.179997 -0.390727
43 3.470798 0.122196 0.569349 -0.017668 -0.121033 -0.357148
44 1.738282 0.000000 0.000000 0.053314 0.093444 -0.519518
45 0.995115 0.000000 0.000000 -0.002342 -0.011387 -0.202829
46 3.670982 0.090173 -0.453939 0.016704 -0.104732 -0.264439
47 2.115631 0.000000 0.000000 0.011441 0.015010 -0.651339
48 1.143825 0.000000 0.000000 -0.015877 -0.073805 -0.212095
49 3.732481 -0.068299 -1.412675 -0.047994 -0.003918 -0.270818
50 1.797999 0.000000 0.000000 -0.047520 -0.072543 -0.580672
51 1.040624 0.000000 0.000000 -0.011386 -0.059319 -0.189759
52 1.076437 -1.009433 -1.202756 -1.830121 0.399239 -0.227320
53 1.974704 0.000000 0.000000 -0.000000 0.133399 -0.304192
54 1.349828 0.000000 0.000000 0.000000 -0.000781 0.263659
time 50
0 0.000000 0.000000 0.000000 1.570796 0.000000 0.000000
1 1.054410 -0.104949 28.089304 1.778162 -0.072666 -0.360491
2 0.000000 0.000000 0.000000 0.000000 0.000000 0.000000
3 3.625659 0.000000 0.000000 -2.212884 -1.136727 -0.972979
4 17.934229 0.000000 0.000000 0.000000 0.000000 1.309885
5 16.552128 -0.000000 0.000000 -0.098123 0.430669 -1.427972
6 5.708388 0.000000 0.000000 -0.050374 0.037013 -0.418135
7 -3.625659 0.000000 0.000000 -0.937459 -0.535448 -2.176481
8 17.934229 -0.000000 0.000000 0.000000 0.000000 1.547323
9 16.552128 -0.000000 0.000000 0.471818 0.035580 -1.948212
10 5.708388 0.000000 0.000000 -0.040250 -0.041620 -0.536927
11 0.000000 3.859307 0.127612 1.585684 -0.161572 1.518148
12 4.399114 0.000000 0.000000 -0.007713 -0.010378 0.008295
13 3.741468 0.000000 0.000000 -0.000212 -0.037058 0.175500
14 5.668190 0.000000 -0.000000 -0.025584 0.021381 0.371954
15 5.245047 0.000000 0.000000 -2.979225 -0.120484 0.098651
16 3.843639 0.000000 -0.000000 0.169474 -0.000893 0.892338
17 3.976495 2.450275 1.500000 0.654027 -1.217806 -2.295723
18 5.894066 0.000000 -0.000000 -1.930476 0.052323 -0.834141
19 11.240304 0.000000 -0.000000 -0.000000 0.000000 -1.026867
20 11.527781 -0.000008 -0.000031 0.784710 -0.161489 -0.294760
21 3.137455 -0.206963 -1.415376 -0.088198 0.209777 -0.255519
22 1.448772 0.000000 0.000000 0.025047 0.044445 -0.513416
23 0.782462 0.000000 -0.000000 -0.073609 -0.179997 -0.390727
24 3.470780 0.123874 -0.568986 0.020618 0.121032 -0.357152
25 1.738282 0.000000 -0.000000 -0.053314 -0.093444 -0.519518
26 0.995115 0.000000 0.000000 0.002342 0.011387 -0.202829
27 3.670963 0.088833 0.454203 -0.013754 0.104731 -0.264443
28 2.115631 0.000000 0.000000 -0.011441 -0.015010 -0.651339
29 1.143825 0.000000 0.000000 0.015877 0.073805 -0.212095
30 3.732462 -0.072466 1.412468 0.050943 0.003917 -0.270822
31 1.797999 0.000000 -0.000000 0.047520 0.072543 -0.580672
32 1.040624 0.000000 0.000000 0.011386 0.059319 -0.189759
33 1.076414 -1.012966 1.199772 1.833238 -0.398573 -0.228535
34 1.974704 0.000000 0.000000 -0.000000 -0.133399 -0.304192
35 1.349828 0.000000 0.000000 0.000000 0.000781 0.263659
36 3.976495 2.450275 -1.500000 -0.706479 1.267095 -2.271196
37 5.894066 0.000000 -0.000000 2.148339 0.072991 -0.917088
38 11.240304 0.000000 0.000000 0.000000 -0.000000 -0.820019
39 11.527762 -0.000005 0.000017 -0.941241 -0.047274 -0.309383
40 3.137474 -0.211137 1.414760 0.091148 -0.209777 -0.255515
41 1.448772 0.000000 0.000000 -0.025047 -0.044445 -0.513416
42 0.782462 -0.000000 0.000000 0.073609 0.179997 -0.390727
43 3.470798 0.122196 0.569349 -0.017668 -0.121033 -0.357148
44 1.738282 0.000000 -0.000000 0.053314 0.093444 -0.519518
45 0.995115 0.000000 0.000000 -0.002342 -0.011387 -0.202829
46 3.670982 0.090173 -0.453939 0.016704 -0.104732 -0.264439
47 2.115631 0.000000 0.000000 0.011441 0.015010 -0.651339
48 1.143825 0.000000 0.000000 -0.015877 -0.073805 -0.212095
49 3.732481 -0.068299 -1.412675 -0.047994 -0.003918 -0.270818
50 1.797999 0.000000 0.000000 -0.047520 -0.072543 -0.580672
51 1.040624 0.000000 -0.000000 -0.011386 -0.059319 -0.189759
52 1.076437 -1.009433 -1.202756 -1.830121 0.399239 -0.227320
53 1.974704 0.000000 0.000000 0.000000 0.133399 -0.304192
54 1.349828 -0.000000 0.000000 0.000000 -0.000781 0.263659
time 51
0 0.000000 0.000000 0.000000 1.570796 0.000000 0.000000
1 1.037171 -0.120278 27.852985 1.773780 -0.074152 -0.359087
2 0.000000 0.000000 0.000000 0.000000 0.000000 0.000000
3 3.625659 -0.000000 -0.000000 -2.225602 -1.142371 -0.959570
4 17.934229 0.000000 0.000000 0.000000 -0.000000 1.329922
5 16.552128 -0.000000 -0.000000 -0.098460 0.433342 -1.435618
6 5.708388 -0.000000 0.000000 -0.050374 0.037013 -0.417777
7 -3.625659 0.000000 0.000000 -0.937531 -0.536490 -2.183881
8 17.934229 0.000000 -0.000000 -0.000000 0.000000 1.568522
9 16.552128 -0.000000 0.000000 0.472502 0.034542 -1.955338
10 5.708388 -0.000000 0.000000 -0.040250 -0.041620 -0.542539
11 -0.000000 3.859307 0.127612 1.584950 -0.161323 1.518015
12 4.399114 0.000000 0.000000 -0.008167 -0.010864 0.010315
13 3.741468 -0.000000 0.000000 -0.000090 -0.038386 0.177346
14 5.668190 0.000000 0.000000 -0.025655 0.022791 0.372708
15 5.245047 0.000000 -0.000000 -2.979104 -0.119966 0.099176
16 3.843639 0.000000 -0.000000 0.169526 -0.001078 0.893561
17 3.976495 2.450275 1.500000 0.661505 -1.216601 -2.304863
18 5.894066 -0.000000 -0.000000 -1.926117 0.051622 -0.831718
19 11.240304 0.000000 0.000000 -0.000000 0.000000 -1.026739
20 11.527781 -0.000008 -0.000031 0.785509 -0.163516 -0.295845
21 3.137455 -0.206963 -1.415376 -0.088198 0.209777 -0.255519
22 1.448772 -0.000000 0.000000 0.025047 0.044445 -0.513416
23 0.782462 0.000000 -0.000000 -0.073609 -0.179997 -0.390727
24 3.470780 0.123874 -0.568986 0.020618 0.121032 -0.357152
25 1.738282 0.000000 0.000000 -0.053314 -0.093444 -0.519518
26 0.995115 0.000000 -0.000000 0.002342 0.011387 -0.202829
27 3.670963 0.088833 0.454203 -0.013754 0.104731 -0.264443
28 2.115631 -0.000000 -0.000000 -0.011441 -0.015010 -0.651339
29 1.143825 0.000000 0.000000 0.015877 0.073805 -0.212095
30 3.732462 -0.072466 1.412468 0.050943 0.003917 -0.270822
31 1.797999 0.000000 0.000000 0.047520 0.072543 -0.580672
32 1.040624 0.000000 -0.000000 0.011386 0.059319 -0.189759
33 1.076414 -1.012966 1.199772 1.833238 -0.398573 -0.228535
34 1.974704 0.000000 -0.000000 -0.000000 -0.133399 -0.304192
35 1.349828 -0.000000 0.000000 0.000000 0.000781 0.263659
36 3.976495 2.450275 -1.500000 -0.707296 1.266969 -2.271462
37 5.894066 0.000000 0.000000 2.144968 0.077025 -0.918517
38 11.240304 0.000000 0.000000 -0.000000 0.000000 -0.820620
39 11.527762 -0.000005 0.000017 -0.941954 -0.047342 -0.311144
40 3.137474 -0.211137 1.414760 0.091148 -0.209777 -0.255515
41 1.448772 0.000000 -0.000000 -0.025047 -0.044445 -0.513416
42 0.782462 -0.000000 0.000000 0.073609 0.179997 -0.390727
43 3.470798 0.122196 0.569349 -0.017668 -0.121033 -0.357148
44 1.738282 0.000000 0.000000 0.053314 0.093444 -0.519518
45 0.995115 -0.000000 0.000000 -0.002342 -0.011387 -0.202829
46 3.670982 0.090173 -0.453939 0.016704 -0.104732 -0.264439
47 2.115631 0.000000 0.000000 0.011441 0.015010 -0.651339
48 1.143825 0.000000 0.000000 -0.015877 -0.073805 -0.212095
49 3.732481 -0.068299 -1.412675 -0.047994 -0.003918 -0.270818
50 1.797999 0.000000 0.000000 -0.047520 -0.072543 -0.580672
51 1.040624 0.000000 -0.000000 -0.011386 -0.059319 -0.189759
52 1.076437 -1.009433 -1.202756 -1.830121 0.399239 -0.227320
53 1.974704 -0.000000 0.000000 -0.000000 0.133399 -0.304192
54 1.349828 0.000000 0.000000 -0.000000 -0.000781 0.263659
time 52
0 0.000000 0.000000 0.000000 1.570796 0.000000 0.000000
1 1.015244 -0.139803 27.648199 1.768919 -0.075610 -0.357576
2 0.000000 0.000000 0.000000 0.000000 0.000000 0.000000
3 3.625659 0.000000 0.000000 -2.235269 -1.146162 -0.949309
4 17.934229 0.000000 0.000000 -0.000000 0.000000 1.347206
5 16.552128 -0.000000 0.000000 -0.098626 0.435972 -1.442307
6 5.708388 0.000000 0.000000 -0.050374 0.037013 -0.417480
7 -3.625659 -0.000000 0.000000 -0.938438 -0.536230 -2.189956
8 17.934229 -0.000000 0.000000 0.000000 0.000000 1.587108
9 16.552128 -0.000000 0.000000 0.473069 0.033498 -1.960792
10 5.708388 -0.000000 0.000000 -0.040250 -0.041620 -0.548881
11 0.000000 3.859307 0.127612 1.584436 -0.160830 1.517857
12 4.399114 0.000000 0.000000 -0.008480 -0.011314 0.012047
13 3.741468 0.000000 0.000000 0.000024 -0.039396 0.179465
14 5.668190 0.000000 0.000000 -0.025693 0.024222 0.373747
15 5.245047 -0.000000 -0.000000 -2.979260 -0.119337 0.101838
16 3.843639 0.000000 0.000000 0.169347 -0.000980 0.892680
17 3.976495 2.450275 1.500000 0.663578 -1.215244 -2.309238
18 5.894066 -0.000000 0.000000 -1.922671 0.050908 -0.830766
19 11.240304 -0.000000 0.000000 0.000000 0.000000 -1.026697
20 11.527781 -0.000008 -0.000031 0.785632 -0.170849 -0.292963
21 3.137455 -0.206963 -1.415376 -0.088198 0.209777 -0.255519
22 1.448772 0.000000 0.000000 0.025047 0.044445 -0.513416
23 0.782462 0.000000 0.000000 -0.073609 -0.179997 -0.390727
24 3.470780 0.123874 -0.568986 0.020618 0.121032 -0.357152
25 1.738282 0.000000 0.000000 -0.053314 -0.093444 -0.519518
26 0.995115 0.000000 -0.000000 0.002342 0.011387 -0.202829
27 3.670963 0.088833 0.454203 -0.013754 0.104731 -0.264443
28 2.115631 0.000000 0.000000 -0.011441 -0.015010 -0.651339
29 1.143825 0.000000 0.000000 0.015877 0.073805 -0.212095
30 3.732462 -0.072466 1.412468 0.050943 0.003917 -0.270822
31 1.797999 0.000000 0.000000 0.047520 0.072543 -0.580672
32 1.040624 0.000000 0.000000 0.011386 0.059319 -0.189759
33 1.076414 -1.012966 1.199772 1.833238 -0.398573 -0.228535
34 1.974704 0.000000 0.000000 0.000000 -0.133399 -0.304192
35 1.349828 -0.000000 0.000000 0.000000 0.000781 0.263659
36 3.976495 2.450275 -1.500000 -0.703216 1.265730 -2.270037
37 5.894066 0.000000 -0.000000 2.141077 0.079260 -0.920151
38 11.240304 0.000000 -0.000000 0.000000 -0.000000 -0.821202
39 11.527762 -0.000005 0.000017 -0.942891 -0.045236 -0.310845
40 3.137474 -0.211137 1.414760 0.091148 -0.209777 -0.255515
41 1.448772 0.000000 0.000000 -0.025047 -0.044445 -0.513416
42 0.782462 0.000000 0.000000 0.073609 0.179997 -0.390727
43 3.470798 0.122196 0.569349 -0.017668 -0.121033 -0.357148
44 1.738282 0.000000 -0.000000 0.053314 0.093444 -0.519518
45 0.995115 0.000000 -0.000000 -0.002342 -0.011387 -0.202829
46 3.670982 0.090173 -0.453939 0.016704 -0.104732 -0.264439
47 2.115631 0.000000 0.000000 0.011441 0.015010 -0.651339
48 1.143825 0.000000 0.000000 -0.015877 -0.073805 -0.212095
49 3.732481 -0.068299 -1.412675 -0.047994 -0.003918 -0.270818
50 1.797999 0.000000 0.000000 -0.047520 -0.072543 -0.580672
51 1.040624 0.000000 0.000000 -0.011386 -0.059319 -0.189759
52 1.076437 -1.009433 -1.202756 -1.830121 0.399239 -0.227320
53 1.974704 -0.000000 -0.000000 -0.000000 0.133399 -0.304192
54 1.349828 -0.000000 0.000000 -0.000000 -0.000781 0.263659
time 53
0 0.000000 0.000000 0.000000 1.570796 0.000000 0.000000
1 0.988779 -0.163667 27.481146 1.763777 -0.077024 -0.355998
2 0.000000 0.000000 0.000000 0.000000 0.000000 0.000000
3 3.625659 0.000000 0.000000 -2.241404 -1.148101 -0.942697
4 17.934229 -0.000000 0.000000 -0.000000 0.000000 1.361353
5 16.552128 0.000000 0.000000 -0.098594 0.438453 -1.447947
6 5.708388 -0.000000 0.000000 -0.050374 0.037013 -0.417295
7 -3.625659 0.000000 0.000000 -0.940684 -0.534769 -2.194179
8 17.934229 0.000000 0.000000 0.000000 0.000000 1.602369
9 16.552128 -0.000000 0.000000 0.473634 0.032921 -1.964844
10 5.708388 0.000000 0.000000 -0.040250 -0.041620 -0.555181
11 -0.000000 3.859307 0.127612 1.584151 -0.159949 1.517617
12 4.399114 0.000000 -0.000000 -0.008693 -0.011641 0.013577
13 3.741468 0.000000 0.000000 -0.000028 -0.039881 0.181404
14 5.668190 0.000000 0.000000 -0.025698 0.025375 0.375287
15 5.245047 -0.000000 0.000000 -2.979569 -0.118501 0.106224
16 3.843639 0.000000 -0.000000 0.169003 -0.000622 0.890162
17 3.976495 2.450275 1.500000 0.664630 -1.213434 -2.310419
18 5.894066 0.000000 -0.000000 -1.923209 0.047920 -0.830870
19 11.240304 0.000000 0.000000 -0.000000 -0.000000 -1.026036
20 11.527781 -0.000008 -0.000031 0.785411 -0.170943 -0.289787
21 3.137455 -0.206963 -1.415376 -0.088198 0.209777 -0.255519
22 1.448772 0.000000 -0.000000 0.025047 0.044445 -0.513416
23 0.782462 0.000000 0.000000 -0.073609 -0.179997 -0.390727
24 3.470780 0.123874 -0.568986 0.020618 0.121032 -0.357152
25 1.738282 0.000000 0.000000 -0.053314 -0.093444 -0.519518
26 0.995115 0.000000 0.000000 0.002342 0.011387 -0.202829
27 3.670963 0.088833 0.454203 -0.013754 0.104731 -0.264443
28 2.115631 0.000000 -0.000000 -0.011441 -0.015010 -0.651339
29 1.143825 0.000000 0.000000 0.015877 0.073805 -0.212095
30 3.732462 -0.072466 1.412468 0.050943 0.003917 -0.270822
31 1.797999 0.000000 0.000000 0.047520 0.072543 -0.580672
32 1.040624 -0.000000 0.000000 0.011386 0.059319 -0.189759
33 1.076414 -1.012966 1.199772 1.833238 -0.398573 -0.228535
34 1.974704 0.000000 0.000000 0.000000 -0.133399 -0.304192
35 1.349828 0.000000 0.000000 0.000000 0.000781 0.263659
36 3.976495 2.450275 -1.500000 -0.706772 1.264616 -2.275181
37 5.894066 0.000000 -0.000000 2.138710 0.080973 -0.919474
38 11.240304 -0.000000 0.000000 -0.000000 -0.000000 -0.821536
39 11.527762 -0.000005 0.000017 -0.942233 -0.040920 -0.307807
40 3.137474 -0.211137 1.414760 0.091148 -0.209777 -0.255515
41 1.448772 0.000000 0.000000 -0.025047 -0.044445 -0.513416
42 0.782462 0.000000 0.000000 0.073609 0.179997 -0.390727
43 3.470798 0.122196 0.569349 -0.017668 -0.121033 -0.357148
44 1.738282 0.000000 0.000000 0.053314 0.093444 -0.519518
45 0.995115 0.000000 0.000000 -0.002342 -0.011387 -0.202829
46 3.670982 0.090173 -0.453939 0.016704 -0.104732 -0.264439
47 2.115631 -0.000000 0.000000 0.011441 0.015010 -0.651339
48 1.143825 0.000000 0.000000 -0.015877 -0.073805 -0.212095
49 3.732481 -0.068299 -1.412675 -0.047994 -0.003918 -0.270818
50 1.797999 0.000000 0.000000 -0.047520 -0.072543 -0.580672
51 1.040624 -0.000000 0.000000 -0.011386 -0.059319 -0.189759
52 1.076437 -1.009433 -1.202756 -1.830121 0.399239 -0.227320
53 1.974704 0.000000 0.000000 0.000000 0.133399 -0.304192
54 1.349828 0.000000 0.000000 -0.000000 -0.000781 0.263659
time 54
0 0.000000 0.000000 0.000000 1.570796 0.000000 0.000000
1 0.955128 -0.192405 27.357466 1.758690 -0.078403 -0.354434
2 0.000000 0.000000 0.000000 0.000000 0.000000 0.000000
3 3.625659 0.000000 0.000000 -2.244237 -1.148131 -0.939640
4 17.934229 -0.000000 0.000000 -0.000000 -0.000000 1.371967
5 16.552128 -0.000000 0.000000 -0.098248 0.440838 -1.452365
6 5.708388 0.000000 -0.000000 -0.050374 0.037013 -0.417358
7 -3.625659 -0.000000 0.000000 -0.944206 -0.532339 -2.196246
8 17.934229 0.000000 0.000000 -0.000000 0.000000 1.613786
9 16.552128 -0.000000 0.000000 0.474239 0.032994 -1.967586
10 5.708388 0.000000 0.000000 -0.040250 -0.041620 -0.560803
11 0.000000 3.859307 0.127612 1.583641 -0.158941 1.517460
12 4.399114 0.000000 0.000000 -0.009005 -0.012211 0.014040
13 3.741468 -0.000000 0.000000 0.000080 -0.040464 0.184103
14 5.668190 0.000000 -0.000000 -0.025818 0.026824 0.376511
15 5.245047 -0.000000 0.000000 -2.979798 -0.117767 0.111672
16 3.843639 0.000000 0.000000 0.168914 -0.000275 0.886759
17 3.976495 2.450275 1.500000 0.666447 -1.210704 -2.310959
18 5.894066 -0.000000 -0.000000 -1.926249 0.042791 -0.830224
19 11.240304 0.000000 0.000000 0.000000 0.000000 -1.022508
20 11.527781 -0.000008 -0.000031 0.783716 -0.164703 -0.291014
21 3.137455 -0.206963 -1.415376 -0.088198 0.209777 -0.255519
22 1.448772 0.000000 0.000000 0.025047 0.044445 -0.513416
23 0.782462 0.000000 0.000000 -0.073609 -0.179997 -0.390727
24 3.470780 0.123874 -0.568986 0.020618 0.121032 -0.357152
25 1.738282 -0.000000 0.000000 -0.053314 -0.093444 -0.519518
26 0.995115 0.000000 0.000000 0.002342 0.011387 -0.202829
27 3.670963 0.088833 0.454203 -0.013754 0.104731 -0.264443
28 2.115631 -0.000000 0.000000 -0.011441 -0.015010 -0.651339
29 1.143825 0.000000 0.000000 0.015877 0.073805 -0.212095
30 3.732462 -0.072466 1.412468 0.050943 0.003917 -0.270822
31 1.797999 0.000000 -0.000000 0.047520 0.072543 -0.580672
32 1.040624 0.000000 0.000000 0.011386 0.059319 -0.189759
33 1.076414 -1.012966 1.199772 1.833238 -0.398573 -0.228535
34 1.974704 0.000000 -0.000000 0.000000 -0.133399 -0.304192
35 1.349828 0.000000 0.000000 -0.000000 0.000781 0.263659
36 3.976495 2.450275 -1.500000 -0.716501 1.264262 -2.284204
37 5.894066 0.000000 -0.000000 2.138465 0.083056 -0.917885
38 11.240304 0.000000 0.000000 -0.000000 0.000000 -0.821596
39 11.527762 -0.000005 0.000017 -0.939683 -0.039182 -0.305203
40 3.137474 -0.211137 1.414760 0.091148 -0.209777 -0.255515
41 1.448772 -0.000000 -0.000000 -0.025047 -0.044445 -0.513416
42 0.782462 -0.000000 0.000000 0.073609 0.179997 -0.390727
43 3.470798 0.122196 0.569349 -0.017668 -0.121033 -0.357148
44 1.738282 0.000000 0.000000 0.053314 0.093444 -0.519518
45 0.995115 0.000000 -0.000000 -0.002342 -0.011387 -0.202829
46 3.670982 0.090173 -0.453939 0.016704 -0.104732 -0.264439
47 2.115631 0.000000 -0.000000 0.011441 0.015010 -0.651339
48 1.143825 -0.000000 0.000000 -0.015877 -0.073805 -0.212095
49 3.732481 -0.068299 -1.412675 -0.047994 -0.003918 -0.270818
50 1.797999 -0.000000 0.000000 -0.047520 -0.072543 -0.580672
51 1.040624 -0.000000 0.000000 -0.011386 -0.059319 -0.189759
52 1.076437 -1.009433 -1.202756 -1.830121 0.399239 -0.227320
53 1.974704 0.000000 0.000000 -0.000000 0.133399 -0.304192
54 1.349828 0.000000 0.000000 0.000000 -0.000781 0.263659
time 55
0 0.000000 0.000000 0.000000 1.570796 0.000000 0.000000
1 0.909888 -0.235983 27.278748 1.754601 -0.079627 -0.352807
2 0.000000 0.000000 0.000000 0.000000 0.000000 0.000000
3 3.625659 0.000000 0.000000 -2.244720 -1.146807 -0.939106
4 17.934229 -0.000000 0.000000 -0.000000 0.000000 1.379369
5 16.552128 0.000000 0.000000 -0.097680 0.443217 -1.456195
6 5.708388 0.000000 0.000000 -0.050374 0.037013 -0.417494
7 -3.625659 0.000000 0.000000 -0.947745 -0.528780 -2.196544
8 17.934229 -0.000000 -0.000000 0.000000 0.000000 1.620868
9 16.552128 -0.000000 0.000000 0.474800 0.033180 -1.969520
10 5.708388 0.000000 0.000000 -0.040250 -0.041620 -0.565748
11 0.000000 3.859307 0.127612 1.582881 -0.156572 1.517373
12 4.399114 0.000000 0.000000 -0.009542 -0.012673 0.014466
13 3.741468 -0.000000 -0.000000 -0.000076 -0.040986 0.186247
14 5.668190 -0.000000 0.000000 -0.026047 0.027935 0.377878
15 5.245047 0.000000 0.000000 -2.979620 -0.116991 0.117258
16 3.843639 0.000000 0.000000 0.169290 -0.000283 0.883507
17 3.976495 2.450275 1.500000 0.667942 -1.207004 -2.310126
18 5.894066 -0.000000 0.000000 -1.928405 0.037702 -0.828021
19 11.240304 -0.000000 0.000000 -0.000000 -0.000000 -1.018949
20 11.527781 -0.000008 -0.000031 0.779610 -0.161547 -0.291198
21 3.137455 -0.206963 -1.415376 -0.088198 0.209777 -0.255519
22 1.448772 0.000000 0.000000 0.025047 0.044445 -0.513416
23 0.782462 0.000000 0.000000 -0.073609 -0.179997 -0.390727
24 3.470780 0.123874 -0.568986 0.020618 0.121032 -0.357152
25 1.738282 -0.000000 0.000000 -0.053314 -0.093444 -0.519518
26 0.995115 0.000000 -0.000000 0.002342 0.011387 -0.202829
27 3.670963 0.088833 0.454203 -0.013754 0.104731 -0.264443
28 2.115631 -0.000000 0.000000 -0.011441 -0.015010 -0.651339
29 1.143825 0.000000 0.000000 0.015877 0.073805 -0.212095
30 3.732462 -0.072466 1.412468 0.050943 0.003917 -0.270822
31 1.797999 0.000000 -0.000000 0.047520 0.072543 -0.580672
32 1.040624 0.000000 0.000000 0.011386 0.059319 -0.189759
33 1.076414 -1.012966 1.199772 1.833238 -0.398573 -0.228535
34 1.974704 0.000000 0.000000 0.000000 -0.133399 -0.304192
35 1.349828 0.000000 -0.000000 0.000000 0.000781 0.263659
36 3.976495 2.450275 -1.500000 -0.726583 1.264512 -2.291339
37 5.894066 -0.000000 -0.000000 2.140370 0.086384 -0.917459
38 11.240304 0.000000 -0.000000 -0.000000 0.000000 -0.820723
39 11.527762 -0.000005 0.000017 -0.936180 -0.040699 -0.305828
40 3.137474 -0.211137 1.414760 0.091148 -0.209777 -0.255515
41 1.448772 0.000000 0.000000 -0.025047 -0.044445 -0.513416
42 0.782462 0.000000 0.000000 0.073609 0.179997 -0.390727
43 3.470798 0.122196 0.569349 -0.017668 -0.121033 -0.357148
44 1.738282 -0.000000 0.000000 0.053314 0.093444 -0.519518
45 0.995115 0.000000 0.000000 -0.002342 -0.011387 -0.202829
46 3.670982 0.090173 -0.453939 0.016704 -0.104732 -0.264439
47 2.115631 -0.000000 0.000000 0.011441 0.015010 -0.651339
48 1.143825 0.000000 0.000000 -0.015877 -0.073805 -0.212095
49 3.732481 -0.068299 -1.412675 -0.047994 -0.003918 -0.270818
50 1.797999 0.000000 0.000000 -0.047520 -0.072543 -0.580672
51 1.040624 0.000000 0.000000 -0.011386 -0.059319 -0.189759
52 1.076437 -1.009433 -1.202756 -1.830121 0.399239 -0.227320
53 1.974704 -0.000000 0.000000 -0.000000 0.133399 -0.304192
54 1.349828 0.000000 0.000000 0.000000 -0.000781 0.263659
time 56
0 0.000000 0.000000 0.000000 1.570796 0.000000 0.000000
1 0.857981 -0.283750 27.242159 1.751195 -0.080744 -0.351288
2 0.000000 0.000000 0.000000 0.000000 0.000000 0.000000
3 3.625659 0.000000 0.000000 -2.242990 -1.144166 -0.941050
4 17.934229 0.000000 -0.000000 -0.000000 -0.000000 1.383489
5 16.552128 -0.000000 0.000000 -0.096581 0.445321 -1.458863
6 5.708388 0.000000 0.000000 -0.050374 0.037013 -0.417878
7 -3.625659 0.000000 0.000000 -0.951119 -0.524328 -2.195394
8 17.934229 -0.000000 0.000000 0.000000 0.000000 1.623984
9 16.552128 -0.000000 0.000000 0.475223 0.033524 -1.970940
10 5.708388 0.000000 0.000000 -0.040250 -0.041620 -0.569102
11 0.000000 3.859307 0.127612 1.582237 -0.153955 1.517222
12 4.399114 0.000000 0.000000 -0.009958 -0.013157 0.013746
13 3.741468 -0.000000 -0.000000 0.000008 -0.041697 0.188573
14 5.668190 -0.000000 -0.000000 -0.026227 0.029391 0.378835
15 5.245047 0.000000 -0.000000 -2.979057 -0.115525 0.121776
16 3.843639 0.000000 -0.000000 0.169802 -0.000900 0.881658
17 3.976495 2.450275 1.500000 0.669031 -1.203191 -2.309387
18 5.894066 -0.000000 0.000000 -1.930133 0.034096 -0.825970
19 11.240304 0.000000 0.000000 0.000000 0.000000 -1.016928
20 11.527781 -0.000008 -0.000031 0.775782 -0.161437 -0.290471
21 3.137455 -0.206963 -1.415376 -0.088198 0.209777 -0.255519
22 1.448772 0.000000 0.000000 0.025047 0.044445 -0.513416
23 0.782462 0.000000 0.000000 -0.073609 -0.179997 -0.390727
24 3.470780 0.123874 -0.568986 0.020618 0.121032 -0.357152
25 1.738282 -0.000000 0.000000 -0.053314 -0.093444 -0.519518
26 0.995115 0.000000 0.000000 0.002342 0.011387 -0.202829
27 3.670963 0.088833 0.454203 -0.013754 0.104731 -0.264443
28 2.115631 0.000000 -0.000000 -0.011441 -0.015010 -0.651339
29 1.143825 0.000000 0.000000 0.015877 0.073805 -0.212095
30 3.732462 -0.072466 1.412468 0.050943 0.003917 -0.270822
31 1.797999 0.000000 0.000000 0.047520 0.072543 -0.580672
32 1.040624 -0.000000 0.000000 0.011386 0.059319 -0.189759
33 1.076414 -1.012966 1.199772 1.833238 -0.398573 -0.228535
34 1.974704 0.000000 0.000000 0.000000 -0.133399 -0.304192
35 1.349828 0.000000 -0.000000 0.000000 0.000781 0.263659
36 3.976495 2.450275 -1.500000 -0.736722 1.264176 -2.297634
37 5.894066 0.000000 0.000000 2.143273 0.090038 -0.916933
38 11.240304 0.000000 0.000000 0.000000 -0.000000 -0.818913
39 11.527762 -0.000005 0.000017 -0.933148 -0.042201 -0.306957
40 3.137474 -0.211137 1.414760 0.091148 -0.209777 -0.255515
41 1.448772 0.000000 0.000000 -0.025047 -0.044445 -0.513416
42 0.782462 -0.000000 -0.000000 0.073609 0.179997 -0.390727
43 3.470798 0.122196 0.569349 -0.017668 -0.121033 -0.357148
44 1.738282 0.000000 0.000000 0.053314 0.093444 -0.519518
45 0.995115 -0.000000 0.000000 -0.002342 -0.011387 -0.202829
46 3.670982 0.090173 -0.453939 0.016704 -0.104732 -0.264439
47 2.115631 0.000000 0.000000 0.011441 0.015010 -0.651339
48 1.143825 0.000000 -0.000000 -0.015877 -0.073805 -0.212095
49 3.732481 -0.068299 -1.412675 -0.047994 -0.003918 -0.270818
50 1.797999 0.000000 -0.000000 -0.047520 -0.072543 -0.580672
51 1.040624 0.000000 0.000000 -0.011386 -0.059319 -0.189759
52 1.076437 -1.009433 -1.202756 -1.830121 0.399239 -0.227320
53 1.974704 0.000000 0.000000 -0.000000 0.133399 -0.304192
54 1.349828 0.000000 0.000000 -0.000000 -0.000781 0.263659
time 57
0 0.000000 0.000000 0.000000 1.570796 0.000000 0.000000
1 0.804296 -0.327071 27.245913 1.748570 -0.081654 -0.349955
2 0.000000 0.000000 0.000000 0.000000 0.000000 0.000000
3 3.625659 0.000000 0.000000 -2.239431 -1.140608 -0.944985
4 17.934229 0.000000 0.000000 0.000000 0.000000 1.384221
5 16.552128 0.000000 -0.000000 -0.095081 0.446963 -1.459967
6 5.708388 0.000000 0.000000 -0.050374 0.037013 -0.418314
7 -3.625659 0.000000 0.000000 -0.954544 -0.519459 -2.192571
8 17.934229 0.000000 0.000000 -0.000000 0.000000 1.623131
9 16.552128 0.000000 -0.000000 0.475497 0.034587 -1.971903
10 5.708388 -0.000000 -0.000000 -0.040250 -0.041620 -0.570631
11 0.000000 3.859307 0.127612 1.581900 -0.150919 1.517044
12 4.399114 0.000000 0.000000 -0.010305 -0.013381 0.012316
13 3.741468 0.000000 -0.000000 -0.000059 -0.041868 0.190219
14 5.668190 -0.000000 0.000000 -0.026416 0.030421 0.379813
15 5.245047 0.000000 -0.000000 -2.978564 -0.113967 0.126316
16 3.843639 0.000000 0.000000 0.170308 -0.001885 0.880886
17 3.976495 2.450275 1.500000 0.664356 -1.199927 -2.306784
18 5.894066 0.000000 -0.000000 -1.931500 0.032971 -0.825356
19 11.240304 0.000000 0.000000 -0.000000 -0.000000 -1.016033
20 11.527781 -0.000008 -0.000031 0.773940 -0.160005 -0.287261
21 3.137455 -0.206963 -1.415376 -0.088198 0.209777 -0.255519
22 1.448772 0.000000 0.000000 0.025047 0.044445 -0.513416
23 0.782462 0.000000 0.000000 -0.073609 -0.179997 -0.390727
24 3.470780 0.123874 -0.568986 0.020618 0.121032 -0.357152
25 1.738282 0.000000 -0.000000 -0.053314 -0.093444 -0.519518
26 0.995115 0.000000 -0.000000 0.002342 0.011387 -0.202829
27 3.670963 0.088833 0.454203 -0.013754 0.104731 -0.264443
28 2.115631 0.000000 0.000000 -0.011441 -0.015010 -0.651339
29 1.143825 0.000000 0.000000 0.015877 0.073805 -0.212095
30 3.732462 -0.072466 1.412468 0.050943 0.003917 -0.270822
31 1.797999 0.000000 0.000000 0.047520 0.072543 -0.580672
32 1.040624 0.000000 0.000000 0.011386 0.059319 -0.189759
33 1.076414 -1.012966 1.199772 1.833238 -0.398573 -0.228535
34 1.974704 -0.000000 0.000000 0.000000 -0.133399 -0.304192
35 1.349828 0.000000 0.000000 0.000000 0.000781 0.263659
36 3.976495 2.450275 -1.500000 -0.745087 1.264413 -2.302504
37 5.894066 0.000000 0.000000 2.146932 0.092734 -0.917214
38 11.240304 -0.000000 0.000000 -0.000000 -0.000000 -0.817241
39 11.527762 -0.000005 0.000017 -0.931240 -0.041649 -0.308059
40 3.137474 -0.211137 1.414760 0.091148 -0.209777 -0.255515
41 1.448772 0.000000 -0.000000 -0.025047 -0.044445 -0.513416
42 0.782462 0.000000 -0.000000 0.073609 0.179997 -0.390727
43 3.470798 0.122196 0.569349 -0.017668 -0.121033 -0.357148
44 1.738282 -0.000000 0.000000 0.053314 0.093444 -0.519518
45 0.995115 0.000000 0.000000 -0.002342 -0.011387 -0.202829
46 3.670982 0.090173 -0.453939 0.016704 -0.104732 -0.264439
47 2.115631 0.000000 0.000000 0.011441 0.015010 -0.651339
48 1.143825 0.000000 0.000000 -0.015877 -0.073805 -0.212095
49 3.732481 -0.068299 -1.412675 -0.047994 -0.003918 -0.270818
50 1.797999 -0.000000 0.000000 -0.047520 -0.072543 -0.580672
51 1.040624 -0.000000 0.000000 -0.011386 -0.059319 -0.189759
52 1.076437 -1.009433 -1.202756 -1.830121 0.399239 -0.227320
53 1.974704 -0.000000 0.000000 -0.000000 0.133399 -0.304192
54 1.349828 -0.000000 0.000000 -0.000000 -0.000781 0.263659
time 58
0 0.000000 0.000000 0.000000 1.570796 0.000000 0.000000
1 0.755397 -0.369710 27.285261 1.746255 -0.082406 -0.348750
2 0.000000 0.000000 0.000000 0.000000 0.000000 0.000000
3 3.625659 0.000000 0.000000 -2.232973 -1.136165 -0.951952
4 17.934229 0.000000 0.000000 0.000000 -0.000000 1.382152
5 16.552128 -0.000000 0.000000 -0.092794 0.447605 -1.459871
6 5.708388 0.000000 0.000000 -0.050374 0.037013 -0.418903
7 -3.625659 0.000000 0.000000 -0.957061 -0.513870 -2.189316
8 17.934229 0.000000 0.000000 -0.000000 -0.000000 1.619070
9 16.552128 0.000000 0.000000 0.475353 0.035453 -1.972326
10 5.708388 0.000000 0.000000 -0.040250 -0.041620 -0.570602
11 -0.000000 3.859307 0.127612 1.581539 -0.147681 1.517152
12 4.399114 0.000000 0.000000 -0.010673 -0.013205 0.009863
13 3.741468 0.000000 -0.000000 -0.000229 -0.041482 0.191495
14 5.668190 0.000000 0.000000 -0.026634 0.030656 0.380892
15 5.245047 0.000000 0.000000 -2.978883 -0.112877 0.133067
16 3.843639 0.000000 0.000000 0.170573 -0.002670 0.879420
17 3.976495 2.450275 1.500000 0.657508 -1.198364 -2.303978
18 5.894066 0.000000 0.000000 -1.929893 0.034007 -0.824887
19 11.240304 0.000000 0.000000 0.000000 -0.000000 -1.014270
20 11.527781 -0.000008 -0.000031 0.769610 -0.161725 -0.287057
21 3.137455 -0.206963 -1.415376 -0.088198 0.209777 -0.255519
22 1.448772 0.000000 0.000000 0.025047 0.044445 -0.513416
23 0.782462 -0.000000 0.000000 -0.073609 -0.179997 -0.390727
24 3.470780 0.123874 -0.568986 0.020618 0.121032 -0.357152
25 1.738282 0.000000 0.000000 -0.053314 -0.093444 -0.519518
26 0.995115 0.000000 0.000000 0.002342 0.011387 -0.202829
27 3.670963 0.088833 0.454203 -0.013754 0.104731 -0.264443
28 2.115631 0.000000 0.000000 -0.011441 -0.015010 -0.651339
29 1.143825 0.000000 0.000000 0.015877 0.073805 -0.212095
30 3.732462 -0.072466 1.412468 0.050943 0.003917 -0.270822
31 1.797999 0.000000 0.000000 0.047520 0.072543 -0.580672
32 1.040624 0.000000 0.000000 0.011386 0.059319 -0.189759
33 1.076414 -1.012966 1.199772 1.833238 -0.398573 -0.228535
34 1.974704 0.000000 -0.000000 -0.000000 -0.133399 -0.304192
35 1.349828 0.000000 0.000000 0.000000 0.000781 0.263659
36 3.976495 2.450275 -1.500000 -0.747914 1.265695 -2.303710
37 5.894066 -0.000000 -0.000000 2.151375 0.094201 -0.918795
38 11.240304 0.000000 -0.000000 -0.000000 0.000000 -0.814045
39 11.527762 -0.000005 0.000017 -0.932025 -0.039597 -0.307454
40 3.137474 -0.211137 1.414760 0.091148 -0.209777 -0.255515
41 1.448772 0.000000 0.000000 -0.025047 -0.044445 -0.513416
42 0.782462 0.000000 0.000000 0.073609 0.179997 -0.390727
43 3.470798 0.122196 0.569349 -0.017668 -0.121033 -0.357148
44 1.738282 0.000000 0.000000 0.053314 0.093444 -0.519518
45 0.995115 -0.000000 0.000000 -0.002342 -0.011387 -0.202829
46 3.670982 0.090173 -0.453939 0.016704 -0.104732 -0.264439
47 2.115631 0.000000 0.000000 0.011441 0.015010 -0.651339
48 1.143825 -0.000000 0.000000 -0.015877 -0.073805 -0.212095
49 3.732481 -0.068299 -1.412675 -0.047994 -0.003918 -0.270818
50 1.797999 0.000000 0.000000 -0.047520 -0.072543 -0.580672
51 1.040624 -0.000000 0.000000 -0.011386 -0.059319 -0.189759
52 1.076437 -1.009433 -1.202756 -1.830121 0.399239 -0.227320
53 1.974704 0.000000 -0.000000 0.000000 0.133399 -0.304192
54 1.349828 0.000000 0.000000 0.000000 -0.000781 0.263659
time 59
0 0.000000 0.000000 0.000000 1.570796 0.000000 0.000000
1 0.711139 -0.409141 27.358738 1.745136 -0.082869 -0.347701
2 0.000000 0.000000 0.000000 0.000000 0.000000 0.000000
3 3.625659 0.000000 0.000000 -2.225108 -1.131627 -0.960331
4 17.934229 0.000000 0.000000 -0.000000 -0.000000 1.377305
5 16.552128 -0.000000 0.000000 -0.090472 0.447480 -1.458703
6 5.708388 0.000000 0.000000 -0.050374 0.037013 -0.419021
7 -3.625659 0.000000 0.000000 -0.958299 -0.508569 -2.185647
8 17.934229 0.000000 0.000000 0.000000 -0.000000 1.612035
9 16.552128 -0.000000 -0.000000 0.474756 0.036222 -1.971525
10 5.708388 0.000000 0.000000 -0.040250 -0.041620 -0.569510
11 0.000000 3.859307 0.127612 1.581068 -0.144400 1.517789
12 4.399114 0.000000 0.000000 -0.011291 -0.012334 0.005268
13 3.741468 0.000000 0.000000 -0.000638 -0.040137 0.191892
14 5.668190 0.000000 0.000000 -0.027096 0.028690 0.382268
15 5.245047 0.000000 -0.000000 -2.980365 -0.112923 0.143849
16 3.843639 0.000000 0.000000 0.170360 -0.002855 0.874714
17 3.976495 2.450275 1.500000 0.657104 -1.198152 -2.305456
18 5.894066 -0.000000 -0.000000 -1.927554 0.034980 -0.821481
19 11.240304 -0.000000 -0.000000 0.000000 -0.000000 -1.010937
20 11.527781 -0.000008 -0.000031 0.765050 -0.162041 -0.287580
21 3.137455 -0.206963 -1.415376 -0.088198 0.209777 -0.255519
22 1.448772 -0.000000 0.000000 0.025047 0.044445 -0.513416
23 0.782462 0.000000 0.000000 -0.073609 -0.179997 -0.390727
24 3.470780 0.123874 -0.568986 0.020618 0.121032 -0.357152
25 1.738282 0.000000 -0.000000 -0.053314 -0.093444 -0.519518
26 0.995115 -0.000000 -0.000000 0.002342 0.011387 -0.202829
27 3.670963 0.088833 0.454203 -0.013754 0.104731 -0.264443
28 2.115631 0.000000 -0.000000 -0.011441 -0.015010 -0.651339
29 1.143825 -0.000000 0.000000 0.015877 0.073805 -0.212095
30 3.732462 -0.072466 1.412468 0.050943 0.003917 -0.270822
31 1.797999 0.000000 0.000000 0.047520 0.072543 -0.580672
32 1.040624 0.000000 -0.000000 0.011386 0.059319 -0.189759
33 1.076414 -1.012966 1.199772 1.833238 -0.398573 -0.228535
34 1.974704 0.000000 0.000000 0.000000 -0.133399 -0.304192
35 1.349828 0.000000 0.000000 0.000000 0.000781 0.263659
36 3.976495 2.450275 -1.500000 -0.760984 1.266568 -2.316480
37 5.894066 0.000000 0.000000 2.157045 0.093494 -0.917578
38 11.240304 0.000000 0.000000 0.000000 0.000000 -0.811235
39 11.527762 -0.000005 0.000017 -0.935904 -0.038817 -0.303428
40 3.137474 -0.211137 1.414760 0.091148 -0.209777 -0.255515
41 1.448772 -0.000000 0.000000 -0.025047 -0.044445 -0.513416
42 0.782462 0.000000 0.000000 0.073609 0.179997 -0.390727
43 3.470798 0.122196 0.569349 -0.017668 -0.121033 -0.357148
44 1.738282 -0.000000 0.000000 0.053314 0.093444 -0.519518
45 0.995115 -0.000000 0.000000 -0.002342 -0.011387 -0.202829
46 3.670982 0.090173 -0.453939 0.016704 -0.104732 -0.264439
47 2.115631 0.000000 0.000000 0.011441 0.015010 -0.651339
48 1.143825 0.000000 0.000000 -0.015877 -0.073805 -0.212095
49 3.732481 -0.068299 -1.412675 -0.047994 -0.003918 -0.270818
50 1.797999 0.000000 0.000000 -0.047520 -0.072543 -0.580672
51 1.040624 0.000000 0.000000 -0.011386 -0.059319 -0.189759
52 1.076437 -1.009433 -1.202756 -1.830121 0.399239 -0.227320
53 1.974704 0.000000 0.000000 -0.000000 0.133399 -0.304192
54 1.349828 -0.000000 0.000000 0.000000 -0.000781 0.263659
time 60
0 0.000000 0.000000 0.000000 1.570796 0.000000 0.000000
1 0.665712 -0.448327 27.483406 1.744698 -0.083048 -0.346879
2 0.000000 0.000000 0.000000 0.000000 0.000000 0.000000
3 3.625659 0.000000 0.000000 -2.214527 -1.125602 -0.971570
4 17.934229 0.000000 0.000000 -0.000000 -0.000000 1.368381
5 16.552128 0.000000 0.000000 -0.087944 0.446705 -1.455997
6 5.708388 0.000000 0.000000 -0.050374 0.037013 -0.418710
7 -3.625659 0.000000 0.000000 -0.959417 -0.502903 -2.180592
8 17.934229 0.000000 0.000000 -0.000000 -0.000000 1.600940
9 16.552128 -0.000000 0.000000 0.473839 0.037221 -1.968364
10 5.708388 -0.000000 0.000000 -0.040250 -0.041620 -0.568060
11 0.000000 3.859307 0.127612 1.580886 -0.141033 1.517979
12 4.399114 -0.000000 -0.000000 -0.011494 -0.011881 -0.000311
13 3.741468 -0.000000 0.000000 -0.001235 -0.037664 0.191542
14 5.668190 -0.000000 0.000000 -0.027461 0.026609 0.383529
15 5.245047 0.000000 0.000000 -2.981673 -0.111609 0.158151
16 3.843639 0.000000 0.000000 0.169881 -0.002730 0.867285
17 3.976495 2.450275 1.500000 0.665396 -1.199828 -2.314091
18 5.894066 -0.000000 0.000000 -1.928252 0.037877 -0.817412
19 11.240304 -0.000000 0.000000 -0.000000 -0.000000 -1.009562
20 11.527781 -0.000008 -0.000031 0.763352 -0.155198 -0.286650
21 3.137455 -0.206963 -1.415376 -0.088198 0.209777 -0.255519
22 1.448772 0.000000 0.000000 0.025047 0.044445 -0.513416
23 0.782462 0.000000 -0.000000 -0.073609 -0.179997 -0.390727
24 3.470780 0.123874 -0.568986 0.020618 0.121032 -0.357152
25 1.738282 -0.000000 0.000000 -0.053314 -0.093444 -0.519518
26 0.995115 0.000000 0.000000 0.002342 0.011387 -0.202829
27 3.670963 0.088833 0.454203 -0.013754 0.104731 -0.264443
28 2.115631 0.000000 0.000000 -0.011441 -0.015010 -0.651339
29 1.143825 -0.000000 0.000000 0.015877 0.073805 -0.212095
30 3.732462 -0.072466 1.412468 0.050943 0.003917 -0.270822
31 1.797999 0.000000 0.000000 0.047520 0.072543 -0.580672
32 1.040624 -0.000000 0.000000 0.011386 0.059319 -0.189759
33 1.076414 -1.012966 1.199772 1.833238 -0.398573 -0.228535
34 1.974704 0.000000 0.000000 -0.000000 -0.133399 -0.304192
35 1.349828 0.000000 0.000000 0.000000 0.000781 0.263659
36 3.976495 2.450275 -1.500000 -0.779246 1.266848 -2.338007
37 5.894066 0.000000 0.000000 2.159388 0.089226 -0.911800
38 11.240304 0.000000 0.000000 0.000000 0.000000 -0.806969
39 11.527762 -0.000005 0.000017 -0.936585 -0.042737 -0.302600
40 3.137474 -0.211137 1.414760 0.091148 -0.209777 -0.255515
41 1.448772 0.000000 0.000000 -0.025047 -0.044445 -0.513416
42 0.782462 0.000000 0.000000 0.073609 0.179997 -0.390727
43 3.470798 0.122196 0.569349 -0.017668 -0.121033 -0.357148
44 1.738282 0.000000 -0.000000 0.053314 0.093444 -0.519518
45 0.995115 -0.000000 0.000000 -0.002342 -0.011387 -0.202829
46 3.670982 0.090173 -0.453939 0.016704 -0.104732 -0.264439
47 2.115631 0.000000 0.000000 0.011441 0.015010 -0.651339
48 1.143825 -0.000000 -0.000000 -0.015877 -0.073805 -0.212095
49 3.732481 -0.068299 -1.412675 -0.047994 -0.003918 -0.270818
50 1.797999 0.000000 0.000000 -0.047520 -0.072543 -0.580672
51 1.040624 0.000000 0.000000 -0.011386 -0.059319 -0.189759
52 1.076437 -1.009433 -1.202756 -1.830121 0.399239 -0.227320
53 1.974704 -0.000000 0.000000 -0.000000 0.133399 -0.304192
54 1.349828 0.000000 0.000000 0.000000 -0.000781 0.263659
time 61
0 0.000000 0.000000 0.000000 1.570796 0.000000 0.000000
1 0.618893 -0.491337 27.661739 1.744198 -0.082918 -0.346335
2 0.000000 0.000000 0.000000 0.000000 0.000000 0.000000
3 3.625659 0.000000 0.000000 -2.200525 -1.117224 -0.986359
4 17.934229 -0.000000 0.000000 -0.000000 -0.000000 1.355283
5 16.552128 0.000000 0.000000 -0.085318 0.445376 -1.451667
6 5.708388 0.000000 0.000000 -0.050374 0.037013 -0.417914
7 -3.625659 0.000000 0.000000 -0.960664 -0.496124 -2.174092
8 17.934229 0.000000 0.000000 0.000000 0.000000 1.585671
9 16.552128 0.000000 0.000000 0.472489 0.037857 -1.962390
10 5.708388 0.000000 -0.000000 -0.040250 -0.041620 -0.566655
11 0.000000 3.859307 0.127612 1.580892 -0.138185 1.517988
12 4.399114 0.000000 0.000000 -0.011511 -0.011445 -0.005742
13 3.741468 0.000000 0.000000 -0.001812 -0.035148 0.190274
14 5.668190 -0.000000 0.000000 -0.027744 0.024888 0.384083
15 5.245047 -0.000000 -0.000000 -2.982944 -0.109853 0.173940
16 3.843639 0.000000 0.000000 0.169333 -0.002607 0.858351
17 3.976495 2.450275 1.500000 0.678574 -1.201839 -2.327192
18 5.894066 0.000000 0.000000 -1.927765 0.041547 -0.812260
19 11.240304 0.000000 0.000000 -0.000000 0.000000 -1.008786
20 11.527781 -0.000008 -0.000031 0.762451 -0.154440 -0.284148
21 3.137455 -0.206963 -1.415376 -0.088198 0.209777 -0.255519
22 1.448772 -0.000000 -0.000000 0.025047 0.044445 -0.513416
23 0.782462 -0.000000 0.000000 -0.073609 -0.179997 -0.390727
24 3.470780 0.123874 -0.568986 0.020618 0.121032 -0.357152
25 1.738282 -0.000000 -0.000000 -0.053314 -0.093444 -0.519518
26 0.995115 0.000000 0.000000 0.002342 0.011387 -0.202829
27 3.670963 0.088833 0.454203 -0.013754 0.104731 -0.264443
28 2.115631 0.000000 0.000000 -0.011441 -0.015010 -0.651339
29 1.143825 0.000000 0.000000 0.015877 0.073805 -0.212095
30 3.732462 -0.072466 1.412468 0.050943 0.003917 -0.270822
31 1.797999 0.000000 0.000000 0.047520 0.072543 -0.580672
32 1.040624 0.000000 0.000000 0.011386 0.059319 -0.189759
33 1.076414 -1.012966 1.199772 1.833238 -0.398573 -0.228535
34 1.974704 0.000000 0.000000 0.000000 -0.133399 -0.304192
35 1.349828 0.000000 -0.000000 0.000000 0.000781 0.263659
36 3.976495 2.450275 -1.500000 -0.764915 1.267509 -2.323135
37 5.894066 0.000000 0.000000 2.155406 0.092031 -0.913297
38 11.240304 0.000000 -0.000000 -0.000000 0.000000 -0.798262
39 11.527762 -0.000005 0.000017 -0.936654 -0.045803 -0.301698
40 3.137474 -0.211137 1.414760 0.091148 -0.209777 -0.255515
41 1.448772 0.000000 0.000000 -0.025047 -0.044445 -0.513416
42 0.782462 0.000000 0.000000 0.073609 0.179997 -0.390727
43 3.470798 0.122196 0.569349 -0.017668 -0.121033 -0.357148
44 1.738282 0.000000 0.000000 0.053314 0.093444 -0.519518
45 0.995115 -0.000000 0.000000 -0.002342 -0.011387 -0.202829
46 3.670982 0.090173 -0.453939 0.016704 -0.104732 -0.264439
47 2.115631 0.000000 0.000000 0.011441 0.015010 -0.651339
48 1.143825 0.000000 0.000000 -0.015877 -0.073805 -0.212095
49 3.732481 -0.068299 -1.412675 -0.047994 -0.003918 -0.270818
50 1.797999 0.000000 0.000000 -0.047520 -0.072543 -0.580672
51 1.040624 -0.000000 0.000000 -0.011386 -0.059319 -0.189759
52 1.076437 -1.009433 -1.202756 -1.830121 0.399239 -0.227320
53 1.974704 0.000000 0.000000 -0.000000 0.133399 -0.304192
54 1.349828 0.000000 0.000000 0.000000 -0.000781 0.263659
time 62
0 0.000000 0.000000 0.000000 1.570796 0.000000 0.000000
1 0.573464 -0.538076 27.869707 1.743685 -0.082480 -0.346220
2 0.000000 0.000000 0.000000 0.000000 0.000000 0.000000
3 3.625659 0.000000 0.000000 -2.185476 -1.107406 -1.002225
4 17.934229 0.000000 0.000000 0.000000 -0.000000 1.339976
5 16.552128 0.000000 0.000000 -0.082704 0.443634 -1.446387
6 5.708388 -0.000000 0.000000 -0.050374 0.037013 -0.416368
7 -3.625659 0.000000 0.000000 -0.962205 -0.488847 -2.166831
8 17.934229 0.000000 0.000000 0.000000 0.000000 1.568094
9 16.552128 -0.000000 -0.000000 0.471026 0.037861 -1.954413
10 5.708388 0.000000 0.000000 -0.040250 -0.041620 -0.565687
11 0.000000 3.859307 0.127612 1.581079 -0.135733 1.517913
12 4.399114 0.000000 0.000000 -0.011433 -0.010908 -0.011162
13 3.741468 0.000000 0.000000 -0.002306 -0.032828 0.188313
14 5.668190 0.000000 0.000000 -0.027938 0.023528 0.384176
15 5.245047 0.000000 0.000000 -2.984157 -0.107975 0.190351
16 3.843639 0.000000 0.000000 0.168814 -0.002662 0.848632
17 3.976495 2.450275 1.500000 0.688736 -1.203835 -2.337641
18 5.894066 0.000000 -0.000000 -1.925907 0.044500 -0.807509
19 11.240304 0.000000 0.000000 -0.000000 0.000000 -1.005275
20 11.527781 -0.000008 -0.000031 0.761391 -0.155134 -0.283133
21 3.137455 -0.206963 -1.415376 -0.088198 0.209777 -0.255519
22 1.448772 -0.000000 0.000000 0.025047 0.044445 -0.513416
23 0.782462 -0.000000 0.000000 -0.073609 -0.179997 -0.390727
24 3.470780 0.123874 -0.568986 0.020618 0.121032 -0.357152
25 1.738282 0.000000 0.000000 -0.053314 -0.093444 -0.519518
26 0.995115 0.000000 0.000000 0.002342 0.011387 -0.202829
27 3.670963 0.088833 0.454203 -0.013754 0.104731 -0.264443
28 2.115631 0.000000 -0.000000 -0.011441 -0.015010 -0.651339
29 1.143825 0.000000 0.000000 0.015877 0.073805 -0.212095
30 3.732462 -0.072466 1.412468 0.050943 0.003917 -0.270822
31 1.797999 0.000000 0.000000 0.047520 0.072543 -0.580672
32 1.040624 0.000000 0.000000 0.011386 0.059319 -0.189759
33 1.076414 -1.012966 1.199772 1.833238 -0.398573 -0.228535
34 1.974704 0.000000 0.000000 0.000000 -0.133399 -0.304192
35 1.349828 0.000000 0.000000 -0.000000 0.000781 0.263659
36 3.976495 2.450275 -1.500000 -0.741835 1.267186 -2.304843
37 5.894066 0.000000 -0.000000 2.147953 0.091373 -0.914365
38 11.240304 -0.000000 0.000000 -0.000000 0.000000 -0.788777
39 11.527762 -0.000005 0.000017 -0.938288 -0.047241 -0.301863
40 3.137474 -0.211137 1.414760 0.091148 -0.209777 -0.255515
41 1.448772 0.000000 -0.000000 -0.025047 -0.044445 -0.513416
42 0.782462 0.000000 0.000000 0.073609 0.179997 -0.390727
43 3.470798 0.122196 0.569349 -0.017668 -0.121033 -0.357148
44 1.738282 0.000000 0.000000 0.053314 0.093444 -0.519518
45 0.995115 -0.000000 0.000000 -0.002342 -0.011387 -0.202829
46 3.670982 0.090173 -0.453939 0.016704 -0.104732 -0.264439
47 2.115631 0.000000 -0.000000 0.011441 0.015010 -0.651339
48 1.143825 0.000000 0.000000 -0.015877 -0.073805 -0.212095
49 3.732481 -0.068299 -1.412675 -0.047994 -0.003918 -0.270818
50 1.797999 0.000000 -0.000000 -0.047520 -0.072543 -0.580672
51 1.040624 0.000000 0.000000 -0.011386 -0.059319 -0.189759
52 1.076437 -1.009433 -1.202756 -1.830121 0.399239 -0.227320
53 1.974704 0.000000 0.000000 -0.000000 0.133399 -0.304192
54 1.349828 0.000000 0.000000 0.000000 -0.000781 0.263659
time 63
0 0.000000 0.000000 0.000000 1.570796 0.000000 0.000000
1 0.533991 -0.586589 28.085402 1.743671 -0.081826 -0.346814
2 0.000000 0.000000 0.000000 0.000000 0.000000 0.000000
3 3.625659 0.000000 0.000000 -2.171730 -1.097407 -1.016860
4 17.934229 0.000000 0.000000 0.000000 -0.000000 1.324191
5 16.552128 0.000000 0.000000 -0.080313 0.441482 -1.440867
6 5.708388 0.000000 0.000000 -0.050374 0.037013 -0.414189
7 -3.625659 0.000000 0.000000 -0.963794 -0.481869 -2.159575
8 17.934229 0.000000 -0.000000 -0.000000 0.000000 1.549546
9 16.552128 -0.000000 0.000000 0.469763 0.037044 -1.946087
10 5.708388 0.000000 -0.000000 -0.040250 -0.041620 -0.564377
11 0.000000 3.859307 0.127612 1.581393 -0.133325 1.517912
12 4.399114 0.000000 0.000000 -0.011315 -0.010257 -0.017005
13 3.741468 0.000000 -0.000000 -0.002686 -0.030853 0.185454
14 5.668190 -0.000000 0.000000 -0.028033 0.022724 0.383689
15 5.245047 -0.000000 -0.000000 -2.985904 -0.106917 0.208062
16 3.843639 0.000000 -0.000000 0.168343 -0.003046 0.838293
17 3.976495 2.450275 1.500000 0.677393 -1.205569 -2.326438
18 5.894066 0.000000 -0.000000 -1.919252 0.043694 -0.808999
19 11.240304 -0.000000 0.000000 0.000000 0.000000 -0.996486
20 11.527781 -0.000008 -0.000031 0.760960 -0.151096 -0.282472
21 3.137455 -0.206963 -1.415376 -0.088198 0.209777 -0.255519
22 1.448772 0.000000 0.000000 0.025047 0.044445 -0.513416
23 0.782462 0.000000 0.000000 -0.073609 -0.179997 -0.390727
24 3.470780 0.123874 -0.568986 0.020618 0.121032 -0.357152
25 1.738282 0.000000 -0.000000 -0.053314 -0.093444 -0.519518
26 0.995115 -0.000000 0.000000 0.002342 0.011387 -0.202829
27 3.670963 0.088833 0.454203 -0.013754 0.104731 -0.264443
28 2.115631 0.000000 0.000000 -0.011441 -0.015010 -0.651339
29 1.143825 0.000000 0.000000 0.015877 0.073805 -0.212095
30 3.732462 -0.072466 1.412468 0.050943 0.003917 -0.270822
31 1.797999 -0.000000 0.000000 0.047520 0.072543 -0.580672
32 1.040624 -0.000000 0.000000 0.011386 0.059319 -0.189759
33 1.076414 -1.012966 1.199772 1.833238 -0.398573 -0.228535
34 1.974704 0.000000 0.000000 -0.000000 -0.133399 -0.304192
35 1.349828 0.000000 0.000000 0.000000 0.000781 0.263659
36 3.976495 2.450275 -1.500000 -0.704394 1.267533 -2.274029
37 5.894066 0.000000 0.000000 2.138110 0.087831 -0.918232
38 11.240304 0.000000 0.000000 -0.000000 0.000000 -0.782160
39 11.527762 -0.000005 0.000017 -0.940654 -0.049797 -0.301918
40 3.137474 -0.211137 1.414760 0.091148 -0.209777 -0.255515
41 1.448772 0.000000 0.000000 -0.025047 -0.044445 -0.513416
42 0.782462 0.000000 0.000000 0.073609 0.179997 -0.390727
43 3.470798 0.122196 0.569349 -0.017668 -0.121033 -0.357148
44 1.738282 0.000000 0.000000 0.053314 0.093444 -0.519518
45 0.995115 0.000000 0.000000 -0.002342 -0.011387 -0.202829
46 3.670982 0.090173 -0.453939 0.016704 -0.104732 -0.264439
47 2.115631 0.000000 0.000000 0.011441 0.015010 -0.651339
48 1.143825 0.000000 0.000000 -0.015877 -0.073805 -0.212095
49 3.732481 -0.068299 -1.412675 -0.047994 -0.003918 -0.270818
50 1.797999 0.000000 0.000000 -0.047520 -0.072543 -0.580672
51 1.040624 0.000000 0.000000 -0.011386 -0.059319 -0.189759
52 1.076437 -1.009433 -1.202756 -1.830121 0.399239 -0.227320
53 1.974704 0.000000 0.000000 -0.000000 0.133399 -0.304192
54 1.349828 -0.000000 0.000000 0.000000 -0.000781 0.263659
time 64
0 0.000000 0.000000 0.000000 1.570796 0.000000 0.000000
1 0.513001 -0.620369 28.241949 1.744881 -0.081441 -0.348583
2 0.000000 0.000000 0.000000 0.000000 0.000000 0.000000
3 3.625659 0.000000 0.000000 -2.165138 -1.090735 -1.024813
4 17.934229 0.000000 0.000000 0.000000 0.000000 1.313023
5 16.552128 0.000000 -0.000000 -0.078832 0.439423 -1.436471
6 5.708388 0.000000 0.000000 -0.050374 0.037013 -0.412406
7 -3.625659 0.000000 -0.000000 -0.964909 -0.478295 -2.155051
8 17.934229 0.000000 0.000000 0.000000 0.000000 1.535954
9 16.552128 0.000000 0.000000 0.468934 0.035633 -1.940294
10 5.708388 -0.000000 0.000000 -0.040250 -0.041620 -0.562833
11 0.000000 3.859307 0.127612 1.581864 -0.130952 1.517411
12 4.399114 0.000000 -0.000000 -0.011121 -0.009390 -0.026509
13 3.741468 0.000000 -0.000000 -0.003305 -0.027297 0.182191
14 5.668190 0.000000 0.000000 -0.028416 0.019880 0.385102
15 5.245047 0.000000 -0.000000 -2.989007 -0.106545 0.228819
16 3.843639 0.000000 0.000000 0.167324 -0.003611 0.826102
17 3.976495 2.450275 1.500000 0.655124 -1.206575 -2.308483
18 5.894066 0.000000 -0.000000 -1.907512 0.043742 -0.812175
19 11.240304 -0.000000 0.000000 -0.000000 -0.000000 -0.984199
20 11.527781 -0.000008 -0.000031 0.759981 -0.146671 -0.283859
21 3.137455 -0.206963 -1.415376 -0.088198 0.209777 -0.255519
22 1.448772 0.000000 0.000000 0.025047 0.044445 -0.513416
23 0.782462 0.000000 -0.000000 -0.073609 -0.179997 -0.390727
24 3.470780 0.123874 -0.568986 0.020618 0.121032 -0.357152
25 1.738282 -0.000000 0.000000 -0.053314 -0.093444 -0.519518
26 0.995115 -0.000000 0.000000 0.002342 0.011387 -0.202829
27 3.670963 0.088833 0.454203 -0.013754 0.104731 -0.264443
28 2.115631 0.000000 0.000000 -0.011441 -0.015010 -0.651339
29 1.143825 -0.000000 0.000000 0.015877 0.073805 -0.212095
30 3.732462 -0.072466 1.412468 0.050943 0.003917 -0.270822
31 1.797999 0.000000 0.000000 0.047520 0.072543 -0.580672
32 1.040624 -0.000000 0.000000 0.011386 0.059319 -0.189759
33 1.076414 -1.012966 1.199772 1.833238 -0.398573 -0.228535
34 1.974704 -0.000000 0.000000 0.000000 -0.133399 -0.304192
35 1.349828 -0.000000 -0.000000 0.000000 0.000781 0.263659
36 3.976495 2.450275 -1.500000 -0.678207 1.269358 -2.252448
37 5.894066 -0.000000 -0.000000 2.132657 0.083301 -0.919882
38 11.240304 0.000000 0.000000 0.000000 -0.000000 -0.776040
39 11.527762 -0.000005 0.000017 -0.943674 -0.055903 -0.303030
40 3.137474 -0.211137 1.414760 0.091148 -0.209777 -0.255515
41 1.448772 0.000000 0.000000 -0.025047 -0.044445 -0.513416
42 0.782462 0.000000 0.000000 0.073609 0.179997 -0.390727
43 3.470798 0.122196 0.569349 -0.017668 -0.121033 -0.357148
44 1.738282 0.000000 0.000000 0.053314 0.093444 -0.519518
45 0.995115 -0.000000 0.000000 -0.002342 -0.011387 -0.202829
46 3.670982 0.090173 -0.453939 0.016704 -0.104732 -0.264439
47 2.115631 0.000000 0.000000 0.011441 0.015010 -0.651339
48 1.143825 0.000000 0.000000 -0.015877 -0.073805 -0.212095
49 3.732481 -0.068299 -1.412675 -0.047994 -0.003918 -0.270818
50 1.797999 0.000000 0.000000 -0.047520 -0.072543 -0.580672
51 1.040624 0.000000 0.000000 -0.011386 -0.059319 -0.189759
52 1.076437 -1.009433 -1.202756 -1.830121 0.399239 -0.227320
53 1.974704 0.000000 0.000000 -0.000000 0.133399 -0.304192
54 1.349828 0.000000 0.000000 -0.000000 -0.000781 0.263659
time 65
0 0.000000 0.000000 0.000000 1.570796 0.000000 0.000000
1 0.490346 -0.679521 28.514936 1.747578 -0.080051 -0.351067
2 0.000000 0.000000 0.000000 0.000000 0.000000 0.000000
3 3.625659 0.000000 0.000000 -2.151793 -1.079923 -1.039278
4 17.934229 -0.000000 0.000000 0.000000 -0.000000 1.292745
5 16.552128 0.000000 -0.000000 -0.077407 0.435482 -1.430547
6 5.708388 0.000000 0.000000 -0.050374 0.037013 -0.407974
7 -3.625659 0.000000 0.000000 -0.965113 -0.472416 -2.147609
8 17.934229 -0.000000 0.000000 -0.000000 -0.000000 1.511910
9 16.552128 0.000000 0.000000 0.467300 0.032490 -1.928615
10 5.708388 0.000000 0.000000 -0.040250 -0.041620 -0.561035
11 0.000000 3.859307 0.127612 1.582546 -0.127950 1.518171
12 4.399114 0.000000 0.000000 -0.010521 -0.008896 -0.032062
13 3.741468 0.000000 0.000000 -0.003491 -0.025775 0.177377
14 5.668190 0.000000 0.000000 -0.028174 0.019451 0.382671
15 5.245047 0.000000 -0.000000 -2.992841 -0.107008 0.249567
16 3.843639 0.000000 0.000000 0.166151 -0.004314 0.815081
17 3.976495 2.450275 1.500000 0.632241 -1.206903 -2.292112
18 5.894066 0.000000 -0.000000 -1.897764 0.045894 -0.815847
19 11.240304 0.000000 0.000000 0.000000 -0.000000 -0.972836
20 11.527781 -0.000008 -0.000031 0.761858 -0.141241 -0.283622
21 3.137455 -0.206963 -1.415376 -0.088198 0.209777 -0.255519
22 1.448772 -0.000000 0.000000 0.025047 0.044445 -0.513416
23 0.782462 0.000000 -0.000000 -0.073609 -0.179997 -0.390727
24 3.470780 0.123874 -0.568986 0.020618 0.121032 -0.357152
25 1.738282 0.000000 0.000000 -0.053314 -0.093444 -0.519518
26 0.995115 -0.000000 0.000000 0.002342 0.011387 -0.202829
27 3.670963 0.088833 0.454203 -0.013754 0.104731 -0.264443
28 2.115631 -0.000000 -0.000000 -0.011441 -0.015010 -0.651339
29 1.143825 0.000000 -0.000000 0.015877 0.073805 -0.212095
30 3.732462 -0.072466 1.412468 0.050943 0.003917 -0.270822
31 1.797999 0.000000 0.000000 0.047520 0.072543 -0.580672
32 1.040624 0.000000 0.000000 0.011386 0.059319 -0.189759
33 1.076414 -1.012966 1.199772 1.833238 -0.398573 -0.228535
34 1.974704 0.000000 0.000000 -0.000000 -0.133399 -0.304192
35 1.349828 0.000000 -0.000000 0.000000 0.000781 0.263659
36 3.976495 2.450275 -1.500000 -0.655579 1.270836 -2.231017
37 5.894066 0.000000 0.000000 2.129408 0.079611 -0.920047
38 11.240304 0.000000 0.000000 -0.000000 0.000000 -0.770174
39 11.527762 -0.000005 0.000017 -0.947834 -0.055766 -0.298809
40 3.137474 -0.211137 1.414760 0.091148 -0.209777 -0.255515
41 1.448772 0.000000 -0.000000 -0.025047 -0.044445 -0.513416
42 0.782462 -0.000000 0.000000 0.073609 0.179997 -0.390727
43 3.470798 0.122196 0.569349 -0.017668 -0.121033 -0.357148
44 1.738282 -0.000000 -0.000000 0.053314 0.093444 -0.519518
45 0.995115 0.000000 -0.000000 -0.002342 -0.011387 -0.202829
46 3.670982 0.090173 -0.453939 0.016704 -0.104732 -0.264439
47 2.115631 -0.000000 0.000000 0.011441 0.015010 -0.651339
48 1.143825 0.000000 0.000000 -0.015877 -0.073805 -0.212095
49 3.732481 -0.068299 -1.412675 -0.047994 -0.003918 -0.270818
50 1.797999 0.000000 0.000000 -0.047520 -0.072543 -0.580672
51 1.040624 0.000000 0.000000 -0.011386 -0.059319 -0.189759
52 1.076437 -1.009433 -1.202756 -1.830121 0.399239 -0.227320
53 1.974704 0.000000 0.000000 -0.000000 0.133399 -0.304192
54 1.349828 0.000000 0.000000 -0.000000 -0.000781 0.263659
time 66
0 0.000000 0.000000 0.000000 1.570796 0.000000 0.000000
1 0.479388 -0.728712 28.753967 1.749385 -0.078891 -0.353668
2 0.000000 0.000000 0.000000 0.000000 0.000000 0.000000
3 3.625659 0.000000 -0.000000 -2.139792 -1.069791 -1.052379
4 17.934229 0.000000 0.000000 -0.000000 -0.000000 1.274535
5 16.552128 -0.000000 0.000000 -0.077015 0.431823 -1.425442
6 5.708388 -0.000000 -0.000000 -0.050374 0.037013 -0.404200
7 -3.625659 0.000000 0.000000 -0.966163 -0.467246 -2.141112
8 17.934229 0.000000 0.000000 0.000000 -0.000000 1.490780
9 16.552128 0.000000 -0.000000 0.465703 0.029963 -1.917924
10 5.708388 0.000000 -0.000000 -0.040250 -0.041620 -0.559694
11 0.000000 3.859307 0.127612 1.583255 -0.126919 1.518392
12 4.399114 0.000000 0.000000 -0.009762 -0.008082 -0.039434
13 3.741468 0.000000 -0.000000 -0.003554 -0.023641 0.171296
14 5.668190 0.000000 -0.000000 -0.028057 0.018399 0.380191
15 5.245047 0.000000 0.000000 -2.996531 -0.107292 0.272483
16 3.843639 0.000000 0.000000 0.165022 -0.004479 0.803016
17 3.976495 2.450275 1.500000 0.637080 -1.206922 -2.297825
18 5.894066 0.000000 -0.000000 -1.892398 0.048054 -0.812350
19 11.240304 0.000000 0.000000 -0.000000 -0.000000 -0.959708
20 11.527781 -0.000008 -0.000031 0.762568 -0.148568 -0.280615
21 3.137455 -0.206963 -1.415376 -0.088198 0.209777 -0.255519
22 1.448772 0.000000 0.000000 0.025047 0.044445 -0.513416
23 0.782462 0.000000 0.000000 -0.073609 -0.179997 -0.390727
24 3.470780 0.123874 -0.568986 0.020618 0.121032 -0.357152
25 1.738282 0.000000 0.000000 -0.053314 -0.093444 -0.519518
26 0.995115 -0.000000 0.000000 0.002342 0.011387 -0.202829
27 3.670963 0.088833 0.454203 -0.013754 0.104731 -0.264443
28 2.115631 -0.000000 0.000000 -0.011441 -0.015010 -0.651339
29 1.143825 0.000000 0.000000 0.015877 0.073805 -0.212095
30 3.732462 -0.072466 1.412468 0.050943 0.003917 -0.270822
31 1.797999 -0.000000 0.000000 0.047520 0.072543 -0.580672
32 1.040624 0.000000 -0.000000 0.011386 0.059319 -0.189759
33 1.076414 -1.012966 1.199772 1.833238 -0.398573 -0.228535
34 1.974704 0.000000 0.000000 -0.000000 -0.133399 -0.304192
35 1.349828 0.000000 -0.000000 0.000000 0.000781 0.263659
36 3.976495 2.450275 -1.500000 -0.648516 1.270340 -2.223026
37 5.894066 0.000000 0.000000 2.129462 0.077185 -0.914773
38 11.240304 0.000000 -0.000000 -0.000000 -0.000000 -0.759130
39 11.527762 -0.000005 0.000017 -0.955394 -0.047048 -0.286573
40 3.137474 -0.211137 1.414760 0.091148 -0.209777 -0.255515
41 1.448772 0.000000 -0.000000 -0.025047 -0.044445 -0.513416
42 0.782462 0.000000 -0.000000 0.073609 0.179997 -0.390727
43 3.470798 0.122196 0.569349 -0.017668 -0.121033 -0.357148
44 1.738282 0.000000 0.000000 0.053314 0.093444 -0.519518
45 0.995115 0.000000 0.000000 -0.002342 -0.011387 -0.202829
46 3.670982 0.090173 -0.453939 0.016704 -0.104732 -0.264439
47 2.115631 0.000000 -0.000000 0.011441 0.015010 -0.651339
48 1.143825 0.000000 0.000000 -0.015877 -0.073805 -0.212095
49 3.732481 -0.068299 -1.412675 -0.047994 -0.003918 -0.270818
50 1.797999 0.000000 0.000000 -0.047520 -0.072543 -0.580672
51 1.040624 -0.000000 0.000000 -0.011386 -0.059319 -0.189759
52 1.076437 -1.009433 -1.202756 -1.830121 0.399239 -0.227320
53 1.974704 0.000000 0.000000 -0.000000 0.133399 -0.304192
54 1.349828 0.000000 0.000000 -0.000000 -0.000781 0.263659
time 67
0 0.000000 0.000000 0.000000 1.570796 0.000000 0.000000
1 0.474094 -0.776445 28.994804 1.751285 -0.077674 -0.356081
2 0.000000 0.000000 0.000000 0.000000 0.000000 0.000000
3 3.625659 0.000000 0.000000 -2.127188 -1.059781 -1.065863
4 17.934229 0.000000 0.000000 0.000000 0.000000 1.255694
5 16.552128 0.000000 0.000000 -0.077109 0.427963 -1.420282
6 5.708388 0.000000 0.000000 -0.050374 0.037013 -0.400640
7 -3.625659 0.000000 -0.000000 -0.967106 -0.461934 -2.134495
8 17.934229 0.000000 -0.000000 -0.000000 -0.000000 1.469055
9 16.552128 -0.000000 0.000000 0.464342 0.027750 -1.907162
10 5.708388 0.000000 0.000000 -0.040250 -0.041620 -0.558066
11 0.000000 3.859307 0.127612 1.583932 -0.126526 1.518723
12 4.399114 0.000000 -0.000000 -0.009405 -0.007186 -0.045920
13 3.741468 -0.000000 -0.000000 -0.004339 -0.020587 0.164212
14 5.668190 0.000000 0.000000 -0.028006 0.015459 0.377435
15 5.245047 -0.000000 0.000000 -3.000319 -0.107447 0.294867
16 3.843639 0.000000 0.000000 0.163566 -0.004202 0.791188
17 3.976495 2.450275 1.500000 0.648007 -1.205869 -2.304437
18 5.894066 -0.000000 0.000000 -1.890903 0.047126 -0.807870
19 11.240304 0.000000 0.000000 0.000000 -0.000000 -0.946965
20 11.527781 -0.000008 -0.000031 0.762007 -0.153291 -0.277057
21 3.137455 -0.206963 -1.415376 -0.088198 0.209777 -0.255519
22 1.448772 0.000000 0.000000 0.025047 0.044445 -0.513416
23 0.782462 -0.000000 -0.000000 -0.073609 -0.179997 -0.390727
24 3.470780 0.123874 -0.568986 0.020618 0.121032 -0.357152
25 1.738282 0.000000 0.000000 -0.053314 -0.093444 -0.519518
26 0.995115 0.000000 0.000000 0.002342 0.011387 -0.202829
27 3.670963 0.088833 0.454203 -0.013754 0.104731 -0.264443
28 2.115631 0.000000 0.000000 -0.011441 -0.015010 -0.651339
29 1.143825 -0.000000 0.000000 0.015877 0.073805 -0.212095
30 3.732462 -0.072466 1.412468 0.050943 0.003917 -0.270822
31 1.797999 0.000000 0.000000 0.047520 0.072543 -0.580672
32 1.040624 0.000000 0.000000 0.011386 0.059319 -0.189759
33 1.076414 -1.012966 1.199772 1.833238 -0.398573 -0.228535
34 1.974704 -0.000000 -0.000000 0.000000 -0.133399 -0.304192
35 1.349828 0.000000 0.000000 0.000000 0.000781 0.263659
36 3.976495 2.450275 -1.500000 -0.648357 1.268503 -2.222939
37 5.894066 -0.000000 -0.000000 2.130670 0.073703 -0.907698
38 11.240304 0.000000 0.000000 0.000000 0.000000 -0.746498
39 11.527762 -0.000005 0.000017 -0.961252 -0.046252 -0.276879
40 3.137474 -0.211137 1.414760 0.091148 -0.209777 -0.255515
41 1.448772 0.000000 -0.000000 -0.025047 -0.044445 -0.513416
42 0.782462 0.000000 0.000000 0.073609 0.179997 -0.390727
43 3.470798 0.122196 0.569349 -0.017668 -0.121033 -0.357148
44 1.738282 0.000000 0.000000 0.053314 0.093444 -0.519518
45 0.995115 -0.000000 0.000000 -0.002342 -0.011387 -0.202829
46 3.670982 0.090173 -0.453939 0.016704 -0.104732 -0.264439
47 2.115631 0.000000 0.000000 0.011441 0.015010 -0.651339
48 1.143825 -0.000000 0.000000 -0.015877 -0.073805 -0.212095
49 3.732481 -0.068299 -1.412675 -0.047994 -0.003918 -0.270818
50 1.797999 0.000000 -0.000000 -0.047520 -0.072543 -0.580672
51 1.040624 0.000000 0.000000 -0.011386 -0.059319 -0.189759
52 1.076437 -1.009433 -1.202756 -1.830121 0.399239 -0.227320
53 1.974704 0.000000 0.000000 -0.000000 0.133399 -0.304192
54 1.349828 0.000000 0.000000 -0.000000 -0.000781 0.263659
time 68
0 0.000000 0.000000 0.000000 1.570796 0.000000 0.000000
1 0.471824 -0.819106 29.219290 1.753266 -0.076518 -0.357883
2 0.000000 0.000000 0.000000 0.000000 0.000000 0.000000
3 3.625659 -0.000000 0.000000 -2.114707 -1.050849 -1.078820
4 17.934229 -0.000000 0.000000 0.000000 0.000000 1.237625
5 16.552128 0.000000 0.000000 -0.077586 0.424224 -1.415338
6 5.708388 0.000000 0.000000 -0.050374 0.037013 -0.397656
7 -3.625659 -0.000000 0.000000 -0.967666 -0.456791 -2.128110
8 17.934229 0.000000 -0.000000 0.000000 0.000000 1.448261
9 16.552128 -0.000000 0.000000 0.463116 0.026314 -1.897514
10 5.708388 0.000000 0.000000 -0.040250 -0.041620 -0.555787
11 0.000000 3.859307 0.127612 1.584716 -0.126364 1.519030
12 4.399114 0.000000 0.000000 -0.008887 -0.006167 -0.051288
13 3.741468 0.000000 0.000000 -0.004585 -0.018685 0.158433
14 5.668190 -0.000000 0.000000 -0.027832 0.013355 0.374805
15 5.245047 0.000000 -0.000000 -3.003944 -0.106286 0.315091
16 3.843639 0.000000 0.000000 0.161333 -0.003846 0.779687
17 3.976495 2.450275 1.500000 0.654514 -1.205650 -2.308755
18 5.894066 -0.000000 -0.000000 -1.889297 0.047171 -0.805390
19 11.240304 -0.000000 -0.000000 -0.000000 -0.000000 -0.936425
20 11.527781 -0.000008 -0.000031 0.761746 -0.149073 -0.275363
21 3.137455 -0.206963 -1.415376 -0.088198 0.209777 -0.255519
22 1.448772 0.000000 0.000000 0.025047 0.044445 -0.513416
23 0.782462 0.000000 0.000000 -0.073609 -0.179997 -0.390727
24 3.470780 0.123874 -0.568986 0.020618 0.121032 -0.357152
25 1.738282 0.000000 0.000000 -0.053314 -0.093444 -0.519518
26 0.995115 0.000000 0.000000 0.002342 0.011387 -0.202829
27 3.670963 0.088833 0.454203 -0.013754 0.104731 -0.264443
28 2.115631 -0.000000 0.000000 -0.011441 -0.015010 -0.651339
29 1.143825 0.000000 0.000000 0.015877 0.073805 -0.212095
30 3.732462 -0.072466 1.412468 0.050943 0.003917 -0.270822
31 1.797999 0.000000 0.000000 0.047520 0.072543 -0.580672
32 1.040624 -0.000000 -0.000000 0.011386 0.059319 -0.189759
33 1.076414 -1.012966 1.199772 1.833238 -0.398573 -0.228535
34 1.974704 -0.000000 0.000000 -0.000000 -0.133399 -0.304192
35 1.349828 0.000000 0.000000 0.000000 0.000781 0.263659
36 3.976495 2.450275 -1.500000 -0.646005 1.264170 -2.223086
37 5.894066 -0.000000 0.000000 2.130539 0.069346 -0.901491
38 11.240304 0.000000 0.000000 -0.000000 0.000000 -0.734747
39 11.527762 -0.000005 0.000017 -0.964950 -0.050008 -0.275033
40 3.137474 -0.211137 1.414760 0.091148 -0.209777 -0.255515
41 1.448772 -0.000000 0.000000 -0.025047 -0.044445 -0.513416
42 0.782462 -0.000000 -0.000000 0.073609 0.179997 -0.390727
43 3.470798 0.122196 0.569349 -0.017668 -0.121033 -0.357148
44 1.738282 0.000000 0.000000 0.053314 0.093444 -0.519518
45 0.995115 0.000000 -0.000000 -0.002342 -0.011387 -0.202829
46 3.670982 0.090173 -0.453939 0.016704 -0.104732 -0.264439
47 2.115631 0.000000 0.000000 0.011441 0.015010 -0.651339
48 1.143825 -0.000000 0.000000 -0.015877 -0.073805 -0.212095
49 3.732481 -0.068299 -1.412675 -0.047994 -0.003918 -0.270818
50 1.797999 -0.000000 0.000000 -0.047520 -0.072543 -0.580672
51 1.040624 -0.000000 0.000000 -0.011386 -0.059319 -0.189759
52 1.076437 -1.009433 -1.202756 -1.830121 0.399239 -0.227320
53 1.974704 0.000000 0.000000 -0.000000 0.133399 -0.304192
54 1.349828 -0.000000 0.000000 -0.000000 -0.000781 0.263659
time 69
0 0.000000 0.000000 0.000000 1.570796 0.000000 0.000000
1 0.474378 -0.854200 29.411037 1.755650 -0.075481 -0.359297
2 0.000000 0.000000 0.000000 0.000000 0.000000 0.000000
3 3.625659 0.000000 0.000000 -2.103968 -1.043976 -1.089710
4 17.934229 0.000000 0.000000 -0.000000 -0.000000 1.221861
5 16.552128 0.000000 0.000000 -0.078263 0.420780 -1.411053
6 5.708388 0.000000 0.000000 -0.050374 0.037013 -0.395582
7 -3.625659 0.000000 0.000000 -0.967474 -0.452716 -2.122756
8 17.934229 0.000000 0.000000 0.000000 -0.000000 1.429970
9 16.552128 -0.000000 0.000000 0.461949 0.025357 -1.889554
10 5.708388 -0.000000 0.000000 -0.040250 -0.041620 -0.553051
11 0.000000 3.859307 0.127612 1.584995 -0.126061 1.519511
12 4.399114 -0.000000 0.000000 -0.008588 -0.005317 -0.055387
13 3.741468 0.000000 -0.000000 -0.004579 -0.017555 0.154054
14 5.668190 0.000000 -0.000000 -0.027812 0.011413 0.372428
15 5.245047 0.000000 0.000000 -3.006895 -0.104914 0.332198
16 3.843639 0.000000 0.000000 0.159389 -0.003858 0.769232
17 3.976495 2.450275 1.500000 0.655300 -1.206000 -2.310477
18 5.894066 0.000000 -0.000000 -1.887475 0.049986 -0.804382
19 11.240304 0.000000 0.000000 0.000000 0.000000 -0.929186
20 11.527781 -0.000008 -0.000031 0.763287 -0.144718 -0.268640
21 3.137455 -0.206963 -1.415376 -0.088198 0.209777 -0.255519
22 1.448772 0.000000 -0.000000 0.025047 0.044445 -0.513416
23 0.782462 0.000000 0.000000 -0.073609 -0.179997 -0.390727
24 3.470780 0.123874 -0.568986 0.020618 0.121032 -0.357152
25 1.738282 -0.000000 0.000000 -0.053314 -0.093444 -0.519518
26 0.995115 0.000000 0.000000 0.002342 0.011387 -0.202829
27 3.670963 0.088833 0.454203 -0.013754 0.104731 -0.264443
28 2.115631 0.000000 0.000000 -0.011441 -0.015010 -0.651339
29 1.143825 -0.000000 0.000000 0.015877 0.073805 -0.212095
30 3.732462 -0.072466 1.412468 0.050943 0.003917 -0.270822
31 1.797999 0.000000 0.000000 0.047520 0.072543 -0.580672
32 1.040624 0.000000 0.000000 0.011386 0.059319 -0.189759
33 1.076414 -1.012966 1.199772 1.833238 -0.398573 -0.228535
34 1.974704 0.000000 0.000000 0.000000 -0.133399 -0.304192
35 1.349828 0.000000 -0.000000 0.000000 0.000781 0.263659
36 3.976495 2.450275 -1.500000 -0.638014 1.259932 -2.218892
37 5.894066 -0.000000 -0.000000 2.124525 0.064995 -0.898220
38 11.240304 0.000000 0.000000 0.000000 -0.000000 -0.724508
39 11.527762 -0.000005 0.000017 -0.967253 -0.046096 -0.272753
40 3.137474 -0.211137 1.414760 0.091148 -0.209777 -0.255515
41 1.448772 0.000000 0.000000 -0.025047 -0.044445 -0.513416
42 0.782462 0.000000 0.000000 0.073609 0.179997 -0.390727
43 3.470798 0.122196 0.569349 -0.017668 -0.121033 -0.357148
44 1.738282 0.000000 0.000000 0.053314 0.093444 -0.519518
45 0.995115 0.000000 0.000000 -0.002342 -0.011387 -0.202829
46 3.670982 0.090173 -0.453939 0.016704 -0.104732 -0.264439
47 2.115631 0.000000 0.000000 0.011441 0.015010 -0.651339
48 1.143825 0.000000 0.000000 -0.015877 -0.073805 -0.212095
49 3.732481 -0.068299 -1.412675 -0.047994 -0.003918 -0.270818
50 1.797999 0.000000 0.000000 -0.047520 -0.072543 -0.580672
51 1.040624 0.000000 0.000000 -0.011386 -0.059319 -0.189759
52 1.076437 -1.009433 -1.202756 -1.830121 0.399239 -0.227320
53 1.974704 0.000000 0.000000 0.000000 0.133399 -0.304192
54 1.349828 0.000000 0.000000 0.000000 -0.000781 0.263659
time 70
0 0.000000 0.000000 0.000000 1.570796 0.000000 0.000000
1 0.484035 -0.881049 29.553364 1.758757 -0.074645 -0.360736
2 0.000000 0.000000 0.000000 0.000000 0.000000 0.000000
3 3.625659 0.000000 0.000000 -2.096559 -1.040039 -1.097034
4 17.934229 0.000000 0.000000 0.000000 0.000000 1.210030
5 16.552128 0.000000 0.000000 -0.079025 0.417977 -1.408162
6 5.708388 0.000000 0.000000 -0.050374 0.037013 -0.394912
7 -3.625659 0.000000 0.000000 -0.966455 -0.450680 -2.119174
8 17.934229 0.000000 -0.000000 -0.000000 -0.000000 1.415821
9 16.552128 0.000000 0.000000 0.461058 0.024695 -1.884150
10 5.708388 0.000000 -0.000000 -0.040250 -0.041620 -0.549900
11 0.000000 3.859307 0.127612 1.585036 -0.125153 1.520073
12 4.399114 0.000000 0.000000 -0.008701 -0.004674 -0.057813
13 3.741468 0.000000 0.000000 -0.004976 -0.016612 0.151058
14 5.668190 0.000000 0.000000 -0.027884 0.008693 0.370866
15 5.245047 -0.000000 -0.000000 -3.008155 -0.103283 0.341734
16 3.843639 0.000000 0.000000 0.158507 -0.005016 0.764007
17 3.976495 2.450275 1.500000 0.645575 -1.206957 -2.303944
18 5.894066 0.000000 0.000000 -1.880011 0.052096 -0.805218
19 11.240304 -0.000000 -0.000000 0.000000 0.000000 -0.921061
20 11.527781 -0.000008 -0.000031 0.762207 -0.152389 -0.264265
21 3.137455 -0.206963 -1.415376 -0.088198 0.209777 -0.255519
22 1.448772 -0.000000 0.000000 0.025047 0.044445 -0.513416
23 0.782462 0.000000 0.000000 -0.073609 -0.179997 -0.390727
24 3.470780 0.123874 -0.568986 0.020618 0.121032 -0.357152
25 1.738282 0.000000 0.000000 -0.053314 -0.093444 -0.519518
26 0.995115 0.000000 0.000000 0.002342 0.011387 -0.202829
27 3.670963 0.088833 0.454203 -0.013754 0.104731 -0.264443
28 2.115631 0.000000 0.000000 -0.011441 -0.015010 -0.651339
29 1.143825 0.000000 0.000000 0.015877 0.073805 -0.212095
30 3.732462 -0.072466 1.412468 0.050943 0.003917 -0.270822
31 1.797999 -0.000000 0.000000 0.047520 0.072543 -0.580672
32 1.040624 0.000000 0.000000 0.011386 0.059319 -0.189759
33 1.076414 -1.012966 1.199772 1.833238 -0.398573 -0.228535
34 1.974704 0.000000 0.000000 0.000000 -0.133399 -0.304192
35 1.349828 0.000000 0.000000 0.000000 0.000781 0.263659
36 3.976495 2.450275 -1.500000 -0.614471 1.258087 -2.201709
37 5.894066 0.000000 0.000000 2.118409 0.060859 -0.902783
38 11.240304 -0.000000 0.000000 -0.000000 -0.000000 -0.715606
39 11.527762 -0.000005 0.000017 -0.971075 -0.047088 -0.271743
40 3.137474 -0.211137 1.414760 0.091148 -0.209777 -0.255515
41 1.448772 0.000000 0.000000 -0.025047 -0.044445 -0.513416
42 0.782462 0.000000 0.000000 0.073609 0.179997 -0.390727
43 3.470798 0.122196 0.569349 -0.017668 -0.121033 -0.357148
44 1.738282 -0.000000 0.000000 0.053314 0.093444 -0.519518
45 0.995115 0.000000 0.000000 -0.002342 -0.011387 -0.202829
46 3.670982 0.090173 -0.453939 0.016704 -0.104732 -0.264439
47 2.115631 0.000000 0.000000 0.011441 0.015010 -0.651339
48 1.143825 0.000000 -0.000000 -0.015877 -0.073805 -0.212095
49 3.732481 -0.068299 -1.412675 -0.047994 -0.003918 -0.270818
50 1.797999 0.000000 0.000000 -0.047520 -0.072543 -0.580672
51 1.040624 0.000000 0.000000 -0.011386 -0.059319 -0.189759
52 1.076437 -1.009433 -1.202756 -1.830121 0.399239 -0.227320
53 1.974704 0.000000 0.000000 -0.000000 0.133399 -0.304192
54 1.349828 0.000000 0.000000 0.000000 -0.000781 0.263659
time 71
0 0.000000 0.000000 0.000000 1.570796 0.000000 0.000000
1 0.500528 -0.898099 29.633869 1.762500 -0.074080 -0.362156
2 0.000000 0.000000 0.000000 0.000000 0.000000 0.000000
3 3.625659 0.000000 0.000000 -2.093327 -1.039630 -1.100200
4 17.934229 -0.000000 0.000000 -0.000000 0.000000 1.203423
5 16.552128 0.000000 0.000000 -0.079885 0.415559 -1.407074
6 5.708388 0.000000 0.000000 -0.050374 0.037013 -0.395209
7 -3.625659 0.000000 0.000000 -0.964623 -0.450872 -2.117736
8 17.934229 0.000000 0.000000 -0.000000 0.000000 1.406860
9 16.552128 0.000000 0.000000 0.460638 0.024149 -1.882241
10 5.708388 0.000000 -0.000000 -0.040250 -0.041620 -0.546060
11 -0.000000 3.859307 0.127612 1.584703 -0.124260 1.520620
12 4.399114 0.000000 0.000000 -0.008933 -0.004326 -0.059711
13 3.741468 0.000000 0.000000 -0.005166 -0.016220 0.149143
14 5.668190 0.000000 0.000000 -0.028060 0.006506 0.369753
15 5.245047 -0.000000 0.000000 -3.008520 -0.101903 0.345899
16 3.843639 0.000000 0.000000 0.158174 -0.006510 0.762165
17 3.976495 2.450275 1.500000 0.626792 -1.207872 -2.289017
18 5.894066 -0.000000 0.000000 -1.872854 0.054018 -0.809384
19 11.240304 0.000000 0.000000 -0.000000 -0.000000 -0.916206
20 11.527781 -0.000008 -0.000031 0.764460 -0.148630 -0.266697
21 3.137455 -0.206963 -1.415376 -0.088198 0.209777 -0.255519
22 1.448772 -0.000000 0.000000 0.025047 0.044445 -0.513416
23 0.782462 0.000000 0.000000 -0.073609 -0.179997 -0.390727
24 3.470780 0.123874 -0.568986 0.020618 0.121032 -0.357152
25 1.738282 0.000000 0.000000 -0.053314 -0.093444 -0.519518
26 0.995115 0.000000 0.000000 0.002342 0.011387 -0.202829
27 3.670963 0.088833 0.454203 -0.013754 0.104731 -0.264443
28 2.115631 0.000000 0.000000 -0.011441 -0.015010 -0.651339
29 1.143825 0.000000 0.000000 0.015877 0.073805 -0.212095
30 3.732462 -0.072466 1.412468 0.050943 0.003917 -0.270822
31 1.797999 0.000000 0.000000 0.047520 0.072543 -0.580672
32 1.040624 0.000000 0.000000 0.011386 0.059319 -0.189759
33 1.076414 -1.012966 1.199772 1.833238 -0.398573 -0.228535
34 1.974704 0.000000 0.000000 -0.000000 -0.133399 -0.304192
35 1.349828 0.000000 -0.000000 0.000000 0.000781 0.263659
36 3.976495 2.450275 -1.500000 -0.594162 1.257835 -2.191752
37 5.894066 0.000000 0.000000 2.114902 0.053435 -0.908049
38 11.240304 0.000000 0.000000 0.000000 -0.000000 -0.711235
39 11.527762 -0.000005 0.000017 -0.978922 -0.048935 -0.269674
40 3.137474 -0.211137 1.414760 0.091148 -0.209777 -0.255515
41 1.448772 0.000000 0.000000 -0.025047 -0.044445 -0.513416
42 0.782462 0.000000 0.000000 0.073609 0.179997 -0.390727
43 3.470798 0.122196 0.569349 -0.017668 -0.121033 -0.357148
44 1.738282 0.000000 0.000000 0.053314 0.093444 -0.519518
45 0.995115 0.000000 -0.000000 -0.002342 -0.011387 -0.202829
46 3.670982 0.090173 -0.453939 0.016704 -0.104732 -0.264439
47 2.115631 -0.000000 0.000000 0.011441 0.015010 -0.651339
48 1.143825 0.000000 0.000000 -0.015877 -0.073805 -0.212095
49 3.732481 -0.068299 -1.412675 -0.047994 -0.003918 -0.270818
50 1.797999 0.000000 -0.000000 -0.047520 -0.072543 -0.580672
51 1.040624 0.000000 0.000000 -0.011386 -0.059319 -0.189759
52 1.076437 -1.009433 -1.202756 -1.830121 0.399239 -0.227320
53 1.974704 0.000000 -0.000000 -0.000000 0.133399 -0.304192
54 1.349828 0.000000 0.000000 0.000000 -0.000781 0.263659
time 72
0 0.000000 0.000000 0.000000 1.570796 0.000000 0.000000
1 0.521668 -0.903986 29.660084 1.766040 -0.073841 -0.363547
2 0.000000 0.000000 0.000000 0.000000 0.000000 0.000000
3 3.625659 0.000000 0.000000 -2.093350 -1.041534 -1.100311
4 17.934229 -0.000000 0.000000 -0.000000 -0.000000 1.201200
5 16.552128 0.000000 0.000000 -0.080966 0.413434 -1.407619
6 5.708388 -0.000000 0.000000 -0.050374 0.037013 -0.395425
7 -3.625659 0.000000 0.000000 -0.962716 -0.452510 -2.117819
8 17.934229 0.000000 0.000000 -0.000000 0.000000 1.402454
9 16.552128 0.000000 0.000000 0.460493 0.024154 -1.883739
10 5.708388 0.000000 0.000000 -0.040250 -0.041620 -0.541287
11 0.000000 3.859307 0.127612 1.584280 -0.124037 1.520968
12 4.399114 0.000000 -0.000000 -0.009234 -0.004299 -0.060734
13 3.741468 -0.000000 0.000000 -0.005343 -0.016118 0.147846
14 5.668190 0.000000 0.000000 -0.028268 0.004731 0.368977
15 5.245047 0.000000 0.000000 -3.008430 -0.100749 0.346357
16 3.843639 0.000000 0.000000 0.158087 -0.007947 0.762207
17 3.976495 2.450275 1.500000 0.606148 -1.208980 -2.272938
18 5.894066 0.000000 0.000000 -1.869624 0.055783 -0.815342
19 11.240304 0.000000 0.000000 -0.000000 0.000000 -0.915064
20 11.527781 -0.000008 -0.000031 0.766608 -0.142077 -0.267550
21 3.137455 -0.206963 -1.415376 -0.088198 0.209777 -0.255519
22 1.448772 0.000000 0.000000 0.025047 0.044445 -0.513416
23 0.782462 0.000000 -0.000000 -0.073609 -0.179997 -0.390727
24 3.470780 0.123874 -0.568986 0.020618 0.121032 -0.357152
25 1.738282 0.000000 0.000000 -0.053314 -0.093444 -0.519518
26 0.995115 -0.000000 0.000000 0.002342 0.011387 -0.202829
27 3.670963 0.088833 0.454203 -0.013754 0.104731 -0.264443
28 2.115631 0.000000 -0.000000 -0.011441 -0.015010 -0.651339
29 1.143825 0.000000 0.000000 0.015877 0.073805 -0.212095
30 3.732462 -0.072466 1.412468 0.050943 0.003917 -0.270822
31 1.797999 0.000000 0.000000 0.047520 0.072543 -0.580672
32 1.040624 -0.000000 -0.000000 0.011386 0.059319 -0.189759
33 1.076414 -1.012966 1.199772 1.833238 -0.398573 -0.228535
34 1.974704 0.000000 0.000000 -0.000000 -0.133399 -0.304192
35 1.349828 -0.000000 0.000000 0.000000 0.000781 0.263659
36 3.976495 2.450275 -1.500000 -0.587421 1.260598 -2.192112
37 5.894066 -0.000000 0.000000 2.114321 0.045236 -0.911906
38 11.240304 0.000000 0.000000 -0.000000 -0.000000 -0.711966
39 11.527762 -0.000005 0.000017 -0.985075 -0.050651 -0.264814
40 3.137474 -0.211137 1.414760 0.091148 -0.209777 -0.255515
41 1.448772 0.000000 0.000000 -0.025047 -0.044445 -0.513416
42 0.782462 0.000000 0.000000 0.073609 0.179997 -0.390727
43 3.470798 0.122196 0.569349 -0.017668 -0.121033 -0.357148
44 1.738282 0.000000 0.000000 0.053314 0.093444 -0.519518
45 0.995115 0.000000 0.000000 -0.002342 -0.011387 -0.202829
46 3.670982 0.090173 -0.453939 0.016704 -0.104732 -0.264439
47 2.115631 0.000000 0.000000 0.011441 0.015010 -0.651339
48 1.143825 -0.000000 0.000000 -0.015877 -0.073805 -0.212095
49 3.732481 -0.068299 -1.412675 -0.047994 -0.003918 -0.270818
50 1.797999 0.000000 0.000000 -0.047520 -0.072543 -0.580672
51 1.040624 0.000000 0.000000 -0.011386 -0.059319 -0.189759
52 1.076437 -1.009433 -1.202756 -1.830121 0.399239 -0.227320
53 1.974704 0.000000 0.000000 -0.000000 0.133399 -0.304192
54 1.349828 0.000000 -0.000000 0.000000 -0.000781 0.263659
time 73
0 0.000000 0.000000 0.000000 1.570796 0.000000 0.000000
1 0.545425 -0.887699 29.639050 1.768490 -0.073902 -0.365069
2 0.000000 0.000000 0.000000 0.000000 0.000000 0.000000
3 3.625659 0.000000 0.000000 -2.096560 -1.044894 -1.097358
4 17.934229 0.000000 0.000000 0.000000 0.000000 1.202805
5 16.552128 0.000000 0.000000 -0.081677 0.411951 -1.408067
6 5.708388 0.000000 0.000000 -0.050374 0.037013 -0.395544
7 -3.625659 0.000000 -0.000000 -0.961656 -0.455595 -2.118916
8 17.934229 0.000000 0.000000 -0.000000 -0.000000 1.402791
9 16.552128 -0.000000 -0.000000 0.460421 0.024966 -1.887551
10 5.708388 -0.000000 0.000000 -0.040250 -0.041620 -0.536453
11 0.000000 3.859307 0.127612 1.584071 -0.125494 1.520917
12 4.399114 -0.000000 0.000000 -0.009488 -0.004759 -0.060545
13 3.741468 0.000000 0.000000 -0.005491 -0.016314 0.146766
14 5.668190 0.000000 0.000000 -0.028436 0.003788 0.368307
15 5.245047 0.000000 0.000000 -3.008265 -0.099976 0.344582
16 3.843639 0.000000 -0.000000 0.158020 -0.008805 0.762815
17 3.976495 2.450275 1.500000 0.596017 -1.210396 -2.266301
18 5.894066 0.000000 0.000000 -1.869505 0.056953 -0.818384
19 11.240304 0.000000 0.000000 0.000000 -0.000000 -0.916524
20 11.527781 -0.000008 -0.000031 0.769670 -0.143678 -0.267888
21 3.137455 -0.206963 -1.415376 -0.088198 0.209777 -0.255519
22 1.448772 0.000000 0.000000 0.025047 0.044445 -0.513416
23 0.782462 -0.000000 0.000000 -0.073609 -0.179997 -0.390727
24 3.470780 0.123874 -0.568986 0.020618 0.121032 -0.357152
25 1.738282 0.000000 0.000000 -0.053314 -0.093444 -0.519518
26 0.995115 0.000000 -0.000000 0.002342 0.011387 -0.202829
27 3.670963 0.088833 0.454203 -0.013754 0.104731 -0.264443
28 2.115631 -0.000000 0.000000 -0.011441 -0.015010 -0.651339
29 1.143825 0.000000 0.000000 0.015877 0.073805 -0.212095
30 3.732462 -0.072466 1.412468 0.050943 0.003917 -0.270822
31 1.797999 0.000000 0.000000 0.047520 0.072543 -0.580672
32 1.040624 -0.000000 0.000000 0.011386 0.059319 -0.189759
33 1.076414 -1.012966 1.199772 1.833238 -0.398573 -0.228535
34 1.974704 0.000000 0.000000 0.000000 -0.133399 -0.304192
35 1.349828 -0.000000 0.000000 0.000000 0.000781 0.263659
36 3.976495 2.450275 -1.500000 -0.594997 1.264658 -2.196934
37 5.894066 -0.000000 -0.000000 2.116552 0.044284 -0.914119
38 11.240304 -0.000000 -0.000000 0.000000 0.000000 -0.714175
39 11.527762 -0.000005 0.000017 -0.986168 -0.049151 -0.263105
40 3.137474 -0.211137 1.414760 0.091148 -0.209777 -0.255515
41 1.448772 0.000000 0.000000 -0.025047 -0.044445 -0.513416
42 0.782462 0.000000 -0.000000 0.073609 0.179997 -0.390727
43 3.470798 0.122196 0.569349 -0.017668 -0.121033 -0.357148
44 1.738282 0.000000 0.000000 0.053314 0.093444 -0.519518
45 0.995115 -0.000000 0.000000 -0.002342 -0.011387 -0.202829
46 3.670982 0.090173 -0.453939 0.016704 -0.104732 -0.264439
47 2.115631 0.000000 0.000000 0.011441 0.015010 -0.651339
48 1.143825 0.000000 -0.000000 -0.015877 -0.073805 -0.212095
49 3.732481 -0.068299 -1.412675 -0.047994 -0.003918 -0.270818
50 1.797999 0.000000 0.000000 -0.047520 -0.072543 -0.580672
51 1.040624 0.000000 0.000000 -0.011386 -0.059319 -0.189759
52 1.076437 -1.009433 -1.202756 -1.830121 0.399239 -0.227320
53 1.974704 0.000000 0.000000 -0.000000 0.133399 -0.304192
54 1.349828 0.000000 0.000000 -0.000000 -0.000781 0.263659
time 74
0 0.000000 0.000000 0.000000 1.570796 0.000000 0.000000
1 0.569471 -0.865813 29.581917 1.770529 -0.074127 -0.366549
2 0.000000 0.000000 0.000000 0.000000 0.000000 0.000000
3 3.625659 0.000000 0.000000 -2.102415 -1.049628 -1.091887
4 17.934229 0.000000 0.000000 0.000000 0.000000 1.207737
5 16.552128 -0.000000 0.000000 -0.081854 0.410858 -1.409047
6 5.708388 0.000000 0.000000 -0.050374 0.037013 -0.395353
7 -3.625659 0.000000 0.000000 -0.961917 -0.460132 -2.120568
8 17.934229 0.000000 0.000000 -0.000000 -0.000000 1.406924
9 16.552128 0.000000 0.000000 0.460939 0.026710 -1.892433
10 5.708388 0.000000 0.000000 -0.040250 -0.041620 -0.532593
11 -0.000000 3.859307 0.127612 1.583982 -0.128029 1.520553
12 4.399114 -0.000000 -0.000000 -0.009710 -0.005539 -0.059200
13 3.741468 0.000000 -0.000000 -0.005582 -0.016858 0.145956
14 5.668190 0.000000 -0.000000 -0.028582 0.003811 0.367488
15 5.245047 -0.000000 -0.000000 -3.007983 -0.099747 0.339748
16 3.843639 0.000000 0.000000 0.157858 -0.009050 0.764251
17 3.976495 2.450275 1.500000 0.613938 -1.211400 -2.284067
18 5.894066 0.000000 -0.000000 -1.870202 0.057578 -0.811471
19 11.240304 0.000000 0.000000 0.000000 -0.000000 -0.922035
20 11.527781 -0.000008 -0.000031 0.767821 -0.148714 -0.267339
21 3.137455 -0.206963 -1.415376 -0.088198 0.209777 -0.255519
22 1.448772 0.000000 0.000000 0.025047 0.044445 -0.513416
23 0.782462 -0.000000 0.000000 -0.073609 -0.179997 -0.390727
24 3.470780 0.123874 -0.568986 0.020618 0.121032 -0.357152
25 1.738282 0.000000 0.000000 -0.053314 -0.093444 -0.519518
26 0.995115 0.000000 0.000000 0.002342 0.011387 -0.202829
27 3.670963 0.088833 0.454203 -0.013754 0.104731 -0.264443
28 2.115631 0.000000 0.000000 -0.011441 -0.015010 -0.651339
29 1.143825 0.000000 0.000000 0.015877 0.073805 -0.212095
30 3.732462 -0.072466 1.412468 0.050943 0.003917 -0.270822
31 1.797999 0.000000 0.000000 0.047520 0.072543 -0.580672
32 1.040624 0.000000 0.000000 0.011386 0.059319 -0.189759
33 1.076414 -1.012966 1.199772 1.833238 -0.398573 -0.228535
34 1.974704 0.000000 0.000000 0.000000 -0.133399 -0.304192
35 1.349828 0.000000 -0.000000 0.000000 0.000781 0.263659
36 3.976495 2.450275 -1.500000 -0.615890 1.268130 -2.209882
37 5.894066 0.000000 0.000000 2.121206 0.047849 -0.912836
38 11.240304 0.000000 0.000000 0.000000 -0.000000 -0.716753
39 11.527762 -0.000005 0.000017 -0.983772 -0.049212 -0.266756
40 3.137474 -0.211137 1.414760 0.091148 -0.209777 -0.255515
41 1.448772 0.000000 -0.000000 -0.025047 -0.044445 -0.513416
42 0.782462 0.000000 0.000000 0.073609 0.179997 -0.390727
43 3.470798 0.122196 0.569349 -0.017668 -0.121033 -0.357148
44 1.738282 0.000000 0.000000 0.053314 0.093444 -0.519518
45 0.995115 0.000000 0.000000 -0.002342 -0.011387 -0.202829
46 3.670982 0.090173 -0.453939 0.016704 -0.104732 -0.264439
47 2.115631 0.000000 0.000000 0.011441 0.015010 -0.651339
48 1.143825 0.000000 0.000000 -0.015877 -0.073805 -0.212095
49 3.732481 -0.068299 -1.412675 -0.047994 -0.003918 -0.270818
50 1.797999 0.000000 0.000000 -0.047520 -0.072543 -0.580672
51 1.040624 0.000000 -0.000000 -0.011386 -0.059319 -0.189759
52 1.076437 -1.009433 -1.202756 -1.830121 0.399239 -0.227320
53 1.974704 -0.000000 0.000000 -0.000000 0.133399 -0.304192
54 1.349828 -0.000000 -0.000000 0.000000 -0.000781 0.263659
time 75
0 0.000000 0.000000 0.000000 1.570796 0.000000 0.000000
1 0.592192 -0.856174 29.498240 1.772603 -0.074450 -0.367687
2 0.000000 0.000000 0.000000 0.000000 0.000000 0.000000
3 3.625659 0.000000 0.000000 -2.109832 -1.055562 -1.084872
4 17.934229 0.000000 0.000000 0.000000 -0.000000 1.215582
5 16.552128 0.000000 0.000000 -0.081770 0.410078 -1.411312
6 5.708388 -0.000000 0.000000 -0.050374 0.037013 -0.395040
7 -3.625659 0.000000 0.000000 -0.963503 -0.465592 -2.122597
8 17.934229 0.000000 0.000000 0.000000 0.000000 1.413830
9 16.552128 0.000000 0.000000 0.462490 0.029056 -1.897385
10 5.708388 0.000000 0.000000 -0.040250 -0.041620 -0.530808
11 0.000000 3.859307 0.127612 1.583845 -0.132142 1.519826
12 4.399114 0.000000 0.000000 -0.009893 -0.006647 -0.055883
13 3.741468 -0.000000 0.000000 -0.005527 -0.018222 0.144697
14 5.668190 0.000000 -0.000000 -0.028519 0.005647 0.365322
15 5.245047 -0.000000 0.000000 -3.006332 -0.099309 0.326006
16 3.843639 -0.000000 -0.000000 0.158121 -0.009166 0.770186
17 3.976495 2.450275 1.500000 0.640088 -1.207979 -2.302882
18 5.894066 0.000000 0.000000 -1.868693 0.053963 -0.799447
19 11.240304 -0.000000 0.000000 0.000000 0.000000 -0.934054
20 11.527781 -0.000008 -0.000031 0.759407 -0.152821 -0.266864
21 3.137455 -0.206963 -1.415376 -0.088198 0.209777 -0.255519
22 1.448772 0.000000 -0.000000 0.025047 0.044445 -0.513416
23 0.782462 -0.000000 -0.000000 -0.073609 -0.179997 -0.390727
24 3.470780 0.123874 -0.568986 0.020618 0.121032 -0.357152
25 1.738282 0.000000 -0.000000 -0.053314 -0.093444 -0.519518
26 0.995115 -0.000000 0.000000 0.002342 0.011387 -0.202829
27 3.670963 0.088833 0.454203 -0.013754 0.104731 -0.264443
28 2.115631 0.000000 0.000000 -0.011441 -0.015010 -0.651339
29 1.143825 0.000000 -0.000000 0.015877 0.073805 -0.212095
30 3.732462 -0.072466 1.412468 0.050943 0.003917 -0.270822
31 1.797999 0.000000 -0.000000 0.047520 0.072543 -0.580672
32 1.040624 -0.000000 -0.000000 0.011386 0.059319 -0.189759
33 1.076414 -1.012966 1.199772 1.833238 -0.398573 -0.228535
34 1.974704 0.000000 0.000000 -0.000000 -0.133399 -0.304192
35 1.349828 0.000000 0.000000 0.000000 0.000781 0.263659
36 3.976495 2.450275 -1.500000 -0.628444 1.266255 -2.213866
37 5.894066 0.000000 0.000000 2.120513 0.056386 -0.909263
38 11.240304 0.000000 0.000000 0.000000 0.000000 -0.715800
39 11.527762 -0.000005 0.000017 -0.980475 -0.047798 -0.270425
40 3.137474 -0.211137 1.414760 0.091148 -0.209777 -0.255515
41 1.448772 0.000000 0.000000 -0.025047 -0.044445 -0.513416
42 0.782462 -0.000000 -0.000000 0.073609 0.179997 -0.390727
43 3.470798 0.122196 0.569349 -0.017668 -0.121033 -0.357148
44 1.738282 0.000000 0.000000 0.053314 0.093444 -0.519518
45 0.995115 0.000000 0.000000 -0.002342 -0.011387 -0.202829
46 3.670982 0.090173 -0.453939 0.016704 -0.104732 -0.264439
47 2.115631 0.000000 -0.000000 0.011441 0.015010 -0.651339
48 1.143825 0.000000 -0.000000 -0.015877 -0.073805 -0.212095
49 3.732481 -0.068299 -1.412675 -0.047994 -0.003918 -0.270818
50 1.797999 0.000000 0.000000 -0.047520 -0.072543 -0.580672
51 1.040624 0.000000 0.000000 -0.011386 -0.059319 -0.189759
52 1.076437 -1.009433 -1.202756 -1.830121 0.399239 -0.227320
53 1.974704 0.000000 0.000000 -0.000000 0.133399 -0.304192
54 1.349828 0.000000 0.000000 0.000000 -0.000781 0.263659
time 76
0 0.000000 0.000000 0.000000 1.570796 0.000000 0.000000
1 0.610929 -0.855811 29.392132 1.774114 -0.074866 -0.368316
2 0.000000 0.000000 0.000000 0.000000 0.000000 0.000000
3 3.625659 0.000000 0.000000 -2.117903 -1.062001 -1.077052
4 17.934229 0.000000 0.000000 0.000000 -0.000000 1.225764
5 16.552128 0.000000 0.000000 -0.081527 0.409655 -1.414638
6 5.708388 -0.000000 -0.000000 -0.050374 0.037013 -0.394675
7 -3.625659 0.000000 0.000000 -0.965046 -0.470719 -2.125489
8 17.934229 0.000000 0.000000 0.000000 0.000000 1.423023
9 16.552128 -0.000000 0.000000 0.464594 0.030682 -1.902459
10 5.708388 0.000000 0.000000 -0.040250 -0.041620 -0.530419
11 0.000000 3.859307 0.127612 1.583475 -0.136279 1.519117
12 4.399114 0.000000 0.000000 -0.010104 -0.007766 -0.050615
13 3.741468 -0.000000 -0.000000 -0.005301 -0.020383 0.144162
14 5.668190 -0.000000 -0.000000 -0.028386 0.008561 0.362692
15 5.245047 -0.000000 -0.000000 -3.003879 -0.099157 0.306338
16 3.843639 0.000000 0.000000 0.159029 -0.010005 0.781228
17 3.976495 2.450275 1.500000 0.652991 -1.206030 -2.306873
18 5.894066 0.000000 -0.000000 -1.874203 0.047882 -0.796306
19 11.240304 0.000000 0.000000 0.000000 0.000000 -0.947927
20 11.527781 -0.000008 -0.000031 0.753572 -0.158860 -0.266652
21 3.137455 -0.206963 -1.415376 -0.088198 0.209777 -0.255519
22 1.448772 0.000000 0.000000 0.025047 0.044445 -0.513416
23 0.782462 0.000000 0.000000 -0.073609 -0.179997 -0.390727
24 3.470780 0.123874 -0.568986 0.020618 0.121032 -0.357152
25 1.738282 0.000000 0.000000 -0.053314 -0.093444 -0.519518
26 0.995115 0.000000 0.000000 0.002342 0.011387 -0.202829
27 3.670963 0.088833 0.454203 -0.013754 0.104731 -0.264443
28 2.115631 0.000000 0.000000 -0.011441 -0.015010 -0.651339
29 1.143825 0.000000 0.000000 0.015877 0.073805 -0.212095
30 3.732462 -0.072466 1.412468 0.050943 0.003917 -0.270822
31 1.797999 -0.000000 -0.000000 0.047520 0.072543 -0.580672
32 1.040624 0.000000 0.000000 0.011386 0.059319 -0.189759
33 1.076414 -1.012966 1.199772 1.833238 -0.398573 -0.228535
34 1.974704 -0.000000 0.000000 -0.000000 -0.133399 -0.304192
35 1.349828 -0.000000 0.000000 0.000000 0.000781 0.263659
36 3.976495 2.450275 -1.500000 -0.625774 1.263881 -2.204719
37 5.894066 0.000000 0.000000 2.116331 0.065775 -0.908248
38 11.240304 0.000000 0.000000 0.000000 -0.000000 -0.713098
39 11.527762 -0.000005 0.000017 -0.979615 -0.047204 -0.270225
40 3.137474 -0.211137 1.414760 0.091148 -0.209777 -0.255515
41 1.448772 0.000000 0.000000 -0.025047 -0.044445 -0.513416
42 0.782462 -0.000000 0.000000 0.073609 0.179997 -0.390727
43 3.470798 0.122196 0.569349 -0.017668 -0.121033 -0.357148
44 1.738282 0.000000 0.000000 0.053314 0.093444 -0.519518
45 0.995115 -0.000000 0.000000 -0.002342 -0.011387 -0.202829
46 3.670982 0.090173 -0.453939 0.016704 -0.104732 -0.264439
47 2.115631 -0.000000 -0.000000 0.011441 0.015010 -0.651339
48 1.143825 0.000000 0.000000 -0.015877 -0.073805 -0.212095
49 3.732481 -0.068299 -1.412675 -0.047994 -0.003918 -0.270818
50 1.797999 0.000000 0.000000 -0.047520 -0.072543 -0.580672
51 1.040624 -0.000000 0.000000 -0.011386 -0.059319 -0.189759
52 1.076437 -1.009433 -1.202756 -1.830121 0.399239 -0.227320
53 1.974704 -0.000000 0.000000 0.000000 0.133399 -0.304192
54 1.349828 0.000000 0.000000 0.000000 -0.000781 0.263659
time 77
0 0.000000 0.000000 0.000000 1.570796 0.000000 0.000000
1 0.631045 -0.854095 29.242990 1.775670 -0.075385 -0.368482
2 0.000000 0.000000 0.000000 0.000000 0.000000 0.000000
3 3.625659 0.000000 0.000000 -2.128258 -1.070547 -1.066650
4 17.934229 0.000000 0.000000 0.000000 0.000000 1.239644
5 16.552128 0.000000 0.000000 -0.081157 0.409446 -1.419379
6 5.708388 -0.000000 0.000000 -0.050374 0.037013 -0.393974
7 -3.625659 -0.000000 0.000000 -0.965801 -0.476772 -2.130048
8 17.934229 0.000000 0.000000 -0.000000 0.000000 1.436198
9 16.552128 0.000000 0.000000 0.467084 0.031691 -1.909009
10 5.708388 0.000000 0.000000 -0.040250 -0.041620 -0.531202
11 0.000000 3.859307 0.127612 1.582945 -0.138830 1.518636
12 4.399114 0.000000 0.000000 -0.010328 -0.008555 -0.044968
13 3.741468 -0.000000 0.000000 -0.004981 -0.022552 0.145990
14 5.668190 -0.000000 -0.000000 -0.028309 0.010397 0.362035
15 5.245047 -0.000000 0.000000 -3.000127 -0.097880 0.281406
16 3.843639 -0.000000 0.000000 0.160184 -0.011406 0.795192
17 3.976495 2.450275 1.500000 0.655548 -1.208014 -2.309115
18 5.894066 0.000000 -0.000000 -1.881751 0.046647 -0.799078
19 11.240304 0.000000 -0.000000 -0.000000 -0.000000 -0.960952
20 11.527781 -0.000008 -0.000031 0.749547 -0.157279 -0.268458
21 3.137455 -0.206963 -1.415376 -0.088198 0.209777 -0.255519
22 1.448772 0.000000 0.000000 0.025047 0.044445 -0.513416
23 0.782462 0.000000 0.000000 -0.073609 -0.179997 -0.390727
24 3.470780 0.123874 -0.568986 0.020618 0.121032 -0.357152
25 1.738282 -0.000000 0.000000 -0.053314 -0.093444 -0.519518
26 0.995115 -0.000000 0.000000 0.002342 0.011387 -0.202829
27 3.670963 0.088833 0.454203 -0.013754 0.104731 -0.264443
28 2.115631 0.000000 0.000000 -0.011441 -0.015010 -0.651339
29 1.143825 0.000000 0.000000 0.015877 0.073805 -0.212095
30 3.732462 -0.072466 1.412468 0.050943 0.003917 -0.270822
31 1.797999 0.000000 0.000000 0.047520 0.072543 -0.580672
32 1.040624 0.000000 0.000000 0.011386 0.059319 -0.189759
33 1.076414 -1.012966 1.199772 1.833238 -0.398573 -0.228535
34 1.974704 -0.000000 0.000000 0.000000 -0.133399 -0.304192
35 1.349828 -0.000000 0.000000 0.000000 0.000781 0.263659
36 3.976495 2.450275 -1.500000 -0.652736 1.264072 -2.227067
37 5.894066 -0.000000 -0.000000 2.117941 0.068481 -0.902867
38 11.240304 0.000000 0.000000 -0.000000 -0.000000 -0.715666
39 11.527762 -0.000005 0.000017 -0.975973 -0.044357 -0.272695
40 3.137474 -0.211137 1.414760 0.091148 -0.209777 -0.255515
41 1.448772 0.000000 -0.000000 -0.025047 -0.044445 -0.513416
42 0.782462 0.000000 0.000000 0.073609 0.179997 -0.390727
43 3.470798 0.122196 0.569349 -0.017668 -0.121033 -0.357148
44 1.738282 0.000000 0.000000 0.053314 0.093444 -0.519518
45 0.995115 0.000000 0.000000 -0.002342 -0.011387 -0.202829
46 3.670982 0.090173 -0.453939 0.016704 -0.104732 -0.264439
47 2.115631 0.000000 0.000000 0.011441 0.015010 -0.651339
48 1.143825 -0.000000 0.000000 -0.015877 -0.073805 -0.212095
49 3.732481 -0.068299 -1.412675 -0.047994 -0.003918 -0.270818
50 1.797999 0.000000 0.000000 -0.047520 -0.072543 -0.580672
51 1.040624 -0.000000 0.000000 -0.011386 -0.059319 -0.189759
52 1.076437 -1.009433 -1.202756 -1.830121 0.399239 -0.227320
53 1.974704 -0.000000 -0.000000 -0.000000 0.133399 -0.304192
54 1.349828 0.000000 0.000000 0.000000 -0.000781 0.263659
time 78
0 0.000000 0.000000 0.000000 1.570796 0.000000 0.000000
1 0.656297 -0.850739 29.054941 1.777407 -0.076035 -0.368323
2 0.000000 0.000000 0.000000 0.000000 0.000000 0.000000
3 3.625659 -0.000000 0.000000 -2.141060 -1.081173 -1.053658
4 17.934229 0.000000 -0.000000 -0.000000 -0.000000 1.256840
5 16.552128 -0.000000 0.000000 -0.080706 0.409358 -1.425179
6 5.708388 0.000000 0.000000 -0.050374 0.037013 -0.393189
7 -3.625659 0.000000 0.000000 -0.966366 -0.483941 -2.135904
8 17.934229 -0.000000 -0.000000 -0.000000 0.000000 1.452738
9 16.552128 0.000000 0.000000 0.470171 0.032675 -1.917015
10 5.708388 0.000000 0.000000 -0.040250 -0.041620 -0.532594
11 0.000000 3.859307 0.127612 1.581899 -0.139415 1.518331
12 4.399114 0.000000 0.000000 -0.011020 -0.009196 -0.039775
13 3.741468 0.000000 0.000000 -0.005041 -0.023919 0.150593
14 5.668190 -0.000000 0.000000 -0.028530 0.010542 0.364922
15 5.245047 0.000000 0.000000 -2.995550 -0.096681 0.255139
16 3.843639 0.000000 0.000000 0.161858 -0.011862 0.808220
17 3.976495 2.450275 1.500000 0.661930 -1.210639 -2.317546
18 5.894066 -0.000000 0.000000 -1.892802 0.044237 -0.802953
19 11.240304 -0.000000 -0.000000 0.000000 -0.000000 -0.970498
20 11.527781 -0.000008 -0.000031 0.746523 -0.153597 -0.269762
21 3.137455 -0.206963 -1.415376 -0.088198 0.209777 -0.255519
22 1.448772 0.000000 0.000000 0.025047 0.044445 -0.513416
23 0.782462 -0.000000 0.000000 -0.073609 -0.179997 -0.390727
24 3.470780 0.123874 -0.568986 0.020618 0.121032 -0.357152
25 1.738282 -0.000000 0.000000 -0.053314 -0.093444 -0.519518
26 0.995115 0.000000 0.000000 0.002342 0.011387 -0.202829
27 3.670963 0.088833 0.454203 -0.013754 0.104731 -0.264443
28 2.115631 -0.000000 0.000000 -0.011441 -0.015010 -0.651339
29 1.143825 0.000000 0.000000 0.015877 0.073805 -0.212095
30 3.732462 -0.072466 1.412468 0.050943 0.003917 -0.270822
31 1.797999 0.000000 0.000000 0.047520 0.072543 -0.580672
32 1.040624 -0.000000 0.000000 0.011386 0.059319 -0.189759
33 1.076414 -1.012966 1.199772 1.833238 -0.398573 -0.228535
34 1.974704 0.000000 0.000000 0.000000 -0.133399 -0.304192
35 1.349828 0.000000 0.000000 0.000000 0.000781 0.263659
36 3.976495 2.450275 -1.500000 -0.678495 1.266978 -2.251432
37 5.894066 0.000000 -0.000000 2.122614 0.071274 -0.902934
38 11.240304 -0.000000 -0.000000 0.000000 0.000000 -0.718155
39 11.527762 -0.000005 0.000017 -0.973306 -0.042322 -0.275380
40 3.137474 -0.211137 1.414760 0.091148 -0.209777 -0.255515
41 1.448772 0.000000 0.000000 -0.025047 -0.044445 -0.513416
42 0.782462 0.000000 0.000000 0.073609 0.179997 -0.390727
43 3.470798 0.122196 0.569349 -0.017668 -0.121033 -0.357148
44 1.738282 -0.000000 0.000000 0.053314 0.093444 -0.519518
45 0.995115 0.000000 0.000000 -0.002342 -0.011387 -0.202829
46 3.670982 0.090173 -0.453939 0.016704 -0.104732 -0.264439
47 2.115631 0.000000 0.000000 0.011441 0.015010 -0.651339
48 1.143825 0.000000 0.000000 -0.015877 -0.073805 -0.212095
49 3.732481 -0.068299 -1.412675 -0.047994 -0.003918 -0.270818
50 1.797999 0.000000 0.000000 -0.047520 -0.072543 -0.580672
51 1.040624 -0.000000 0.000000 -0.011386 -0.059319 -0.189759
52 1.076437 -1.009433 -1.202756 -1.830121 0.399239 -0.227320
53 1.974704 0.000000 0.000000 -0.000000 0.133399 -0.304192
54 1.349828 0.000000 0.000000 0.000000 -0.000781 0.263659
time 79
0 0.000000 0.000000 0.000000 1.570796 0.000000 0.000000
1 0.682483 -0.849837 28.844227 1.778494 -0.076829 -0.367904
2 0.000000 0.000000 0.000000 0.000000 0.000000 0.000000
3 3.625659 0.000000 0.000000 -2.155159 -1.092232 -1.039366
4 17.934229 0.000000 0.000000 0.000000 0.000000 1.275991
5 16.552128 0.000000 0.000000 -0.079934 0.409516 -1.431347
6 5.708388 -0.000000 0.000000 -0.050374 0.037013 -0.392709
7 -3.625659 0.000000 0.000000 -0.966845 -0.490827 -2.142548
8 17.934229 0.000000 -0.000000 0.000000 -0.000000 1.471148
9 16.552128 -0.000000 0.000000 0.473213 0.033438 -1.925592
10 5.708388 0.000000 0.000000 -0.040250 -0.041620 -0.534698
11 -0.000000 3.859307 0.127612 1.581648 -0.140786 1.517693
12 4.399114 0.000000 0.000000 -0.011027 -0.009835 -0.035830
13 3.741468 0.000000 0.000000 -0.004624 -0.025217 0.154970
14 5.668190 0.000000 0.000000 -0.028483 0.012696 0.366858
15 5.245047 -0.000000 -0.000000 -2.991704 -0.095749 0.231076
16 3.843639 -0.000000 -0.000000 0.162754 -0.011943 0.820177
17 3.976495 2.450275 1.500000 0.674298 -1.212033 -2.325067
18 5.894066 -0.000000 -0.000000 -1.905391 0.035852 -0.808667
19 11.240304 -0.000000 -0.000000 0.000000 -0.000000 -0.977374
20 11.527781 -0.000008 -0.000031 0.745227 -0.155212 -0.273066
21 3.137455 -0.206963 -1.415376 -0.088198 0.209777 -0.255519
22 1.448772 -0.000000 0.000000 0.025047 0.044445 -0.513416
23 0.782462 0.000000 0.000000 -0.073609 -0.179997 -0.390727
24 3.470780 0.123874 -0.568986 0.020618 0.121032 -0.357152
25 1.738282 -0.000000 0.000000 -0.053314 -0.093444 -0.519518
26 0.995115 0.000000 0.000000 0.002342 0.011387 -0.202829
27 3.670963 0.088833 0.454203 -0.013754 0.104731 -0.264443
28 2.115631 0.000000 0.000000 -0.011441 -0.015010 -0.651339
29 1.143825 0.000000 0.000000 0.015877 0.073805 -0.212095
30 3.732462 -0.072466 1.412468 0.050943 0.003917 -0.270822
31 1.797999 0.000000 0.000000 0.047520 0.072543 -0.580672
32 1.040624 -0.000000 0.000000 0.011386 0.059319 -0.189759
33 1.076414 -1.012966 1.199772 1.833238 -0.398573 -0.228535
34 1.974704 0.000000 0.000000 -0.000000 -0.133399 -0.304192
35 1.349828 0.000000 0.000000 0.000000 0.000781 0.263659
36 3.976495 2.450275 -1.500000 -0.696540 1.267867 -2.266633
37 5.894066 0.000000 0.000000 2.125774 0.073781 -0.903108
38 11.240304 0.000000 0.000000 -0.000000 0.000000 -0.720238
39 11.527762 -0.000005 0.000017 -0.969367 -0.044291 -0.278488
40 3.137474 -0.211137 1.414760 0.091148 -0.209777 -0.255515
41 1.448772 0.000000 -0.000000 -0.025047 -0.044445 -0.513416
42 0.782462 -0.000000 0.000000 0.073609 0.179997 -0.390727
43 3.470798 0.122196 0.569349 -0.017668 -0.121033 -0.357148
44 1.738282 0.000000 0.000000 0.053314 0.093444 -0.519518
45 0.995115 -0.000000 0.000000 -0.002342 -0.011387 -0.202829
46 3.670982 0.090173 -0.453939 0.016704 -0.104732 -0.264439
47 2.115631 0.000000 -0.000000 0.011441 0.015010 -0.651339
48 1.143825 0.000000 0.000000 -0.015877 -0.073805 -0.212095
49 3.732481 -0.068299 -1.412675 -0.047994 -0.003918 -0.270818
50 1.797999 0.000000 0.000000 -0.047520 -0.072543 -0.580672
51 1.040624 -0.000000 0.000000 -0.011386 -0.059319 -0.189759
52 1.076437 -1.009433 -1.202756 -1.830121 0.399239 -0.227320
53 1.974704 0.000000 0.000000 -0.000000 0.133399 -0.304192
54 1.349828 0.000000 0.000000 0.000000 -0.000781 0.263659
time 80
0 0.000000 0.000000 0.000000 1.570796 0.000000 0.000000
1 0.706192 -0.849272 28.629650 1.778969 -0.077740 -0.366999
2 0.000000 0.000000 0.000000 0.000000 0.000000 0.000000
3 3.625659 -0.000000 0.000000 -2.168904 -1.102960 -1.025315
4 17.934229 0.000000 0.000000 0.000000 0.000000 1.295132
5 16.552128 -0.000000 0.000000 -0.079182 0.409970 -1.437264
6 5.708388 0.000000 -0.000000 -0.050374 0.037013 -0.392261
7 -3.625659 0.000000 0.000000 -0.967176 -0.497056 -2.149347
8 17.934229 0.000000 0.000000 0.000000 0.000000 1.489965
9 16.552128 -0.000000 0.000000 0.475939 0.034174 -1.933682
10 5.708388 -0.000000 0.000000 -0.040250 -0.041620 -0.537815
11 0.000000 3.859307 0.127612 1.581839 -0.142022 1.517130
12 4.399114 -0.000000 0.000000 -0.010748 -0.010363 -0.031128
13 3.741468 0.000000 0.000000 -0.004160 -0.026622 0.158663
14 5.668190 -0.000000 -0.000000 -0.028181 0.015792 0.368349
15 5.245047 0.000000 -0.000000 -2.987989 -0.094795 0.206180
16 3.843639 0.000000 0.000000 0.163673 -0.012177 0.834436
17 3.976495 2.450275 1.500000 0.684483 -1.213725 -2.330539
18 5.894066 0.000000 -0.000000 -1.909975 0.029700 -0.813102
19 11.240304 0.000000 0.000000 -0.000000 0.000000 -0.984316
20 11.527781 -0.000008 -0.000031 0.741653 -0.156685 -0.275963
21 3.137455 -0.206963 -1.415376 -0.088198 0.209777 -0.255519
22 1.448772 0.000000 0.000000 0.025047 0.044445 -0.513416
23 0.782462 0.000000 0.000000 -0.073609 -0.179997 -0.390727
24 3.470780 0.123874 -0.568986 0.020618 0.121032 -0.357152
25 1.738282 -0.000000 0.000000 -0.053314 -0.093444 -0.519518
26 0.995115 -0.000000 0.000000 0.002342 0.011387 -0.202829
27 3.670963 0.088833 0.454203 -0.013754 0.104731 -0.264443
28 2.115631 0.000000 -0.000000 -0.011441 -0.015010 -0.651339
29 1.143825 0.000000 0.000000 0.015877 0.073805 -0.212095
30 3.732462 -0.072466 1.412468 0.050943 0.003917 -0.270822
31 1.797999 0.000000 -0.000000 0.047520 0.072543 -0.580672
32 1.040624 -0.000000 0.000000 0.011386 0.059319 -0.189759
33 1.076414 -1.012966 1.199772 1.833238 -0.398573 -0.228535
34 1.974704 -0.000000 0.000000 0.000000 -0.133399 -0.304192
35 1.349828 -0.000000 -0.000000 0.000000 0.000781 0.263659
36 3.976495 2.450275 -1.500000 -0.694723 1.268903 -2.262193
37 5.894066 0.000000 -0.000000 2.127576 0.076209 -0.908588
38 11.240304 0.000000 0.000000 -0.000000 0.000000 -0.722345
39 11.527762 -0.000005 0.000017 -0.967953 -0.044384 -0.278605
40 3.137474 -0.211137 1.414760 0.091148 -0.209777 -0.255515
41 1.448772 0.000000 -0.000000 -0.025047 -0.044445 -0.513416
42 0.782462 0.000000 0.000000 0.073609 0.179997 -0.390727
43 3.470798 0.122196 0.569349 -0.017668 -0.121033 -0.357148
44 1.738282 -0.000000 0.000000 0.053314 0.093444 -0.519518
45 0.995115 -0.000000 0.000000 -0.002342 -0.011387 -0.202829
46 3.670982 0.090173 -0.453939 0.016704 -0.104732 -0.264439
47 2.115631 0.000000 -0.000000 0.011441 0.015010 -0.651339
48 1.143825 -0.000000 0.000000 -0.015877 -0.073805 -0.212095
49 3.732481 -0.068299 -1.412675 -0.047994 -0.003918 -0.270818
50 1.797999 0.000000 0.000000 -0.047520 -0.072543 -0.580672
51 1.040624 0.000000 0.000000 -0.011386 -0.059319 -0.189759
52 1.076437 -1.009433 -1.202756 -1.830121 0.399239 -0.227320
53 1.974704 -0.000000 0.000000 0.000000 0.133399 -0.304192
54 1.349828 0.000000 0.000000 0.000000 -0.000781 0.263659
time 81
0 0.000000 0.000000 0.000000 1.570796 0.000000 0.000000
1 0.724574 -0.847283 28.430147 1.779012 -0.078742 -0.365527
2 0.000000 0.000000 0.000000 0.000000 0.000000 0.000000
3 3.625659 0.000000 0.000000 -2.180917 -1.112725 -1.012923
4 17.934229 0.000000 -0.000000 -0.000000 -0.000000 1.312518
5 16.552128 0.000000 0.000000 -0.078443 0.410556 -1.442413
6 5.708388 -0.000000 0.000000 -0.050374 0.037013 -0.391271
7 -3.625659 0.000000 0.000000 -0.967407 -0.502463 -2.155706
8 17.934229 0.000000 -0.000000 -0.000000 -0.000000 1.507832
9 16.552128 -0.000000 0.000000 0.478220 0.035089 -1.940382
10 5.708388 -0.000000 0.000000 -0.040250 -0.041620 -0.541754
11 0.000000 3.859307 0.127612 1.581734 -0.142708 1.516853
12 4.399114 0.000000 0.000000 -0.010590 -0.010834 -0.025754
13 3.741468 0.000000 0.000000 -0.003675 -0.028371 0.162571
14 5.668190 0.000000 -0.000000 -0.027892 0.019184 0.369446
15 5.245047 0.000000 -0.000000 -2.984695 -0.094530 0.183163
16 3.843639 -0.000000 0.000000 0.164728 -0.012433 0.848770
17 3.976495 2.450275 1.500000 0.686858 -1.216636 -2.329719
18 5.894066 0.000000 0.000000 -1.911589 0.026102 -0.819825
19 11.240304 0.000000 0.000000 -0.000000 0.000000 -0.990830
20 11.527781 -0.000008 -0.000031 0.738845 -0.158086 -0.275432
21 3.137455 -0.206963 -1.415376 -0.088198 0.209777 -0.255519
22 1.448772 0.000000 0.000000 0.025047 0.044445 -0.513416
23 0.782462 -0.000000 0.000000 -0.073609 -0.179997 -0.390727
24 3.470780 0.123874 -0.568986 0.020618 0.121032 -0.357152
25 1.738282 0.000000 0.000000 -0.053314 -0.093444 -0.519518
26 0.995115 0.000000 0.000000 0.002342 0.011387 -0.202829
27 3.670963 0.088833 0.454203 -0.013754 0.104731 -0.264443
28 2.115631 0.000000 0.000000 -0.011441 -0.015010 -0.651339
29 1.143825 -0.000000 0.000000 0.015877 0.073805 -0.212095
30 3.732462 -0.072466 1.412468 0.050943 0.003917 -0.270822
31 1.797999 0.000000 0.000000 0.047520 0.072543 -0.580672
32 1.040624 0.000000 0.000000 0.011386 0.059319 -0.189759
33 1.076414 -1.012966 1.199772 1.833238 -0.398573 -0.228535
34 1.974704 -0.000000 0.000000 0.000000 -0.133399 -0.304192
35 1.349828 0.000000 0.000000 0.000000 0.000781 0.263659
36 3.976495 2.450275 -1.500000 -0.678838 1.271790 -2.244496
37 5.894066 0.000000 0.000000 2.127514 0.077854 -0.918981
38 11.240304 0.000000 0.000000 0.000000 -0.000000 -0.725380
39 11.527762 -0.000005 0.000017 -0.966931 -0.042086 -0.276907
40 3.137474 -0.211137 1.414760 0.091148 -0.209777 -0.255515
41 1.448772 0.000000 0.000000 -0.025047 -0.044445 -0.513416
42 0.782462 0.000000 0.000000 0.073609 0.179997 -0.390727
43 3.470798 0.122196 0.569349 -0.017668 -0.121033 -0.357148
44 1.738282 0.000000 0.000000 0.053314 0.093444 -0.519518
45 0.995115 0.000000 0.000000 -0.002342 -0.011387 -0.202829
46 3.670982 0.090173 -0.453939 0.016704 -0.104732 -0.264439
47 2.115631 0.000000 0.000000 0.011441 0.015010 -0.651339
48 1.143825 0.000000 0.000000 -0.015877 -0.073805 -0.212095
49 3.732481 -0.068299 -1.412675 -0.047994 -0.003918 -0.270818
50 1.797999 0.000000 0.000000 -0.047520 -0.072543 -0.580672
51 1.040624 0.000000 0.000000 -0.011386 -0.059319 -0.189759
52 1.076437 -1.009433 -1.202756 -1.830121 0.399239 -0.227320
53 1.974704 0.000000 -0.000000 -0.000000 0.133399 -0.304192
54 1.349828 0.000000 -0.000000 -0.000000 -0.000781 0.263659
time 82
0 0.000000 0.000000 0.000000 1.570796 0.000000 0.000000
1 0.734830 -0.848496 28.261978 1.777960 -0.079994 -0.363768
2 0.000000 0.000000 0.000000 0.000000 0.000000 0.000000
3 3.625659 -0.000000 0.000000 -2.189875 -1.120107 -1.003914
4 17.934229 0.000000 0.000000 0.000000 -0.000000 1.327065
5 16.552128 0.000000 0.000000 -0.077547 0.411318 -1.446101
6 5.708388 0.000000 -0.000000 -0.050374 0.037013 -0.390423
7 -3.625659 0.000000 0.000000 -0.968134 -0.506070 -2.161082
8 17.934229 0.000000 0.000000 -0.000000 -0.000000 1.523346
9 16.552128 -0.000000 0.000000 0.479760 0.036191 -1.945148
10 5.708388 0.000000 0.000000 -0.040250 -0.041620 -0.546062
11 0.000000 3.859307 0.127612 1.581337 -0.143530 1.516652
12 4.399114 0.000000 0.000000 -0.010735 -0.011421 -0.019462
13 3.741468 -0.000000 -0.000000 -0.003143 -0.030945 0.166386
14 5.668190 0.000000 -0.000000 -0.027653 0.023068 0.369969
15 5.245047 0.000000 -0.000000 -2.981608 -0.094769 0.161991
16 3.843639 -0.000000 -0.000000 0.165961 -0.012627 0.862225
17 3.976495 2.450275 1.500000 0.685207 -1.218629 -2.326430
18 5.894066 0.000000 0.000000 -1.911126 0.024282 -0.826280
19 11.240304 -0.000000 -0.000000 0.000000 -0.000000 -0.996407
20 11.527781 -0.000008 -0.000031 0.736419 -0.158464 -0.278638
21 3.137455 -0.206963 -1.415376 -0.088198 0.209777 -0.255519
22 1.448772 -0.000000 0.000000 0.025047 0.044445 -0.513416
23 0.782462 -0.000000 0.000000 -0.073609 -0.179997 -0.390727
24 3.470780 0.123874 -0.568986 0.020618 0.121032 -0.357152
25 1.738282 0.000000 0.000000 -0.053314 -0.093444 -0.519518
26 0.995115 0.000000 -0.000000 0.002342 0.011387 -0.202829
27 3.670963 0.088833 0.454203 -0.013754 0.104731 -0.264443
28 2.115631 -0.000000 0.000000 -0.011441 -0.015010 -0.651339
29 1.143825 -0.000000 0.000000 0.015877 0.073805 -0.212095
30 3.732462 -0.072466 1.412468 0.050943 0.003917 -0.270822
31 1.797999 0.000000 0.000000 0.047520 0.072543 -0.580672
32 1.040624 0.000000 0.000000 0.011386 0.059319 -0.189759
33 1.076414 -1.012966 1.199772 1.833238 -0.398573 -0.228535
34 1.974704 0.000000 0.000000 -0.000000 -0.133399 -0.304192
35 1.349828 0.000000 0.000000 0.000000 0.000781 0.263659
36 3.976495 2.450275 -1.500000 -0.657592 1.274811 -2.222333
37 5.894066 0.000000 -0.000000 2.125373 0.079235 -0.930835
38 11.240304 0.000000 0.000000 0.000000 0.000000 -0.729224
39 11.527762 -0.000005 0.000017 -0.963694 -0.043952 -0.278075
40 3.137474 -0.211137 1.414760 0.091148 -0.209777 -0.255515
41 1.448772 0.000000 0.000000 -0.025047 -0.044445 -0.513416
42 0.782462 0.000000 0.000000 0.073609 0.179997 -0.390727
43 3.470798 0.122196 0.569349 -0.017668 -0.121033 -0.357148
44 1.738282 0.000000 0.000000 0.053314 0.093444 -0.519518
45 0.995115 0.000000 0.000000 -0.002342 -0.011387 -0.202829
46 3.670982 0.090173 -0.453939 0.016704 -0.104732 -0.264439
47 2.115631 0.000000 -0.000000 0.011441 0.015010 -0.651339
48 1.143825 0.000000 0.000000 -0.015877 -0.073805 -0.212095
49 3.732481 -0.068299 -1.412675 -0.047994 -0.003918 -0.270818
50 1.797999 -0.000000 0.000000 -0.047520 -0.072543 -0.580672
51 1.040624 0.000000 -0.000000 -0.011386 -0.059319 -0.189759
52 1.076437 -1.009433 -1.202756 -1.830121 0.399239 -0.227320
53 1.974704 0.000000 0.000000 -0.000000 0.133399 -0.304192
54 1.349828 0.000000 0.000000 0.000000 -0.000781 0.263659
time 83
0 0.000000 0.000000 0.000000 1.570796 0.000000 0.000000
1 0.742451 -0.850196 28.099825 1.775858 -0.081522 -0.361992
2 0.000000 0.000000 0.000000 0.000000 0.000000 0.000000
3 3.625659 -0.000000 0.000000 -2.197338 -1.126092 -0.996646
4 17.934229 -0.000000 0.000000 -0.000000 -0.000000 1.340795
5 16.552128 0.000000 -0.000000 -0.076728 0.412312 -1.449585
6 5.708388 -0.000000 -0.000000 -0.050374 0.037013 -0.389875
7 -3.625659 -0.000000 0.000000 -0.969184 -0.508607 -2.166541
8 17.934229 0.000000 0.000000 -0.000000 -0.000000 1.538610
9 16.552128 -0.000000 0.000000 0.481342 0.037129 -1.949079
10 5.708388 -0.000000 0.000000 -0.040250 -0.041620 -0.550945
11 0.000000 3.859307 0.127612 1.581111 -0.144514 1.516379
12 4.399114 0.000000 0.000000 -0.010700 -0.012184 -0.013601
13 3.741468 0.000000 0.000000 -0.002768 -0.033082 0.170153
14 5.668190 0.000000 0.000000 -0.027420 0.026674 0.370987
15 5.245047 0.000000 0.000000 -2.979233 -0.095475 0.142944
16 3.843639 0.000000 -0.000000 0.166887 -0.012640 0.874442
17 3.976495 2.450275 1.500000 0.687363 -1.220396 -2.327177
18 5.894066 0.000000 0.000000 -1.910377 0.022794 -0.830599
19 11.240304 0.000000 -0.000000 0.000000 0.000000 -0.999140
20 11.527781 -0.000008 -0.000031 0.734293 -0.155711 -0.282750
21 3.137455 -0.206963 -1.415376 -0.088198 0.209777 -0.255519
22 1.448772 -0.000000 0.000000 0.025047 0.044445 -0.513416
23 0.782462 0.000000 -0.000000 -0.073609 -0.179997 -0.390727
24 3.470780 0.123874 -0.568986 0.020618 0.121032 -0.357152
25 1.738282 0.000000 -0.000000 -0.053314 -0.093444 -0.519518
26 0.995115 -0.000000 0.000000 0.002342 0.011387 -0.202829
27 3.670963 0.088833 0.454203 -0.013754 0.104731 -0.264443
28 2.115631 -0.000000 0.000000 -0.011441 -0.015010 -0.651339
29 1.143825 -0.000000 -0.000000 0.015877 0.073805 -0.212095
30 3.732462 -0.072466 1.412468 0.050943 0.003917 -0.270822
31 1.797999 0.000000 0.000000 0.047520 0.072543 -0.580672
32 1.040624 0.000000 0.000000 0.011386 0.059319 -0.189759
33 1.076414 -1.012966 1.199772 1.833238 -0.398573 -0.228535
34 1.974704 0.000000 0.000000 0.000000 -0.133399 -0.304192
35 1.349828 0.000000 0.000000 0.000000 0.000781 0.263659
36 3.976495 2.450275 -1.500000 -0.632391 1.275971 -2.197730
37 5.894066 0.000000 -0.000000 2.118923 0.080578 -0.941228
38 11.240304 0.000000 0.000000 0.000000 0.000000 -0.732908
39 11.527762 -0.000005 0.000017 -0.959963 -0.043102 -0.279550
40 3.137474 -0.211137 1.414760 0.091148 -0.209777 -0.255515
41 1.448772 0.000000 0.000000 -0.025047 -0.044445 -0.513416
42 0.782462 0.000000 -0.000000 0.073609 0.179997 -0.390727
43 3.470798 0.122196 0.569349 -0.017668 -0.121033 -0.357148
44 1.738282 0.000000 0.000000 0.053314 0.093444 -0.519518
45 0.995115 -0.000000 0.000000 -0.002342 -0.011387 -0.202829
46 3.670982 0.090173 -0.453939 0.016704 -0.104732 -0.264439
47 2.115631 0.000000 0.000000 0.011441 0.015010 -0.651339
48 1.143825 0.000000 0.000000 -0.015877 -0.073805 -0.212095
49 3.732481 -0.068299 -1.412675 -0.047994 -0.003918 -0.270818
50 1.797999 0.000000 0.000000 -0.047520 -0.072543 -0.580672
51 1.040624 0.000000 0.000000 -0.011386 -0.059319 -0.189759
52 1.076437 -1.009433 -1.202756 -1.830121 0.399239 -0.227320
53 1.974704 0.000000 0.000000 -0.000000 0.133399 -0.304192
54 1.349828 0.000000 0.000000 -0.000000 -0.000781 0.263659
time 84
0 0.000000 0.000000 0.000000 1.570796 0.000000 0.000000
1 0.748410 -0.851978 27.938639 1.772759 -0.083251 -0.360088
2 0.000000 0.000000 0.000000 0.000000 0.000000 0.000000
3 3.625659 0.000000 0.000000 -2.203240 -1.130990 -0.990971
4 17.934229 -0.000000 0.000000 0.000000 -0.000000 1.353971
5 16.552128 -0.000000 0.000000 -0.076020 0.413625 -1.453366
6 5.708388 0.000000 0.000000 -0.050374 0.037013 -0.389565
7 -3.625659 -0.000000 0.000000 -0.970756 -0.510080 -2.171725
8 17.934229 0.000000 0.000000 0.000000 0.000000 1.553636
9 16.552128 -0.000000 0.000000 0.482681 0.038100 -1.953157
10 5.708388 0.000000 0.000000 -0.040250 -0.041620 -0.555504
11 0.000000 3.859307 0.127612 1.581110 -0.145615 1.515963
12 4.399114 0.000000 0.000000 -0.010786 -0.012862 -0.009120
13 3.741468 0.000000 0.000000 -0.002251 -0.034821 0.174156
14 5.668190 -0.000000 0.000000 -0.027253 0.029908 0.372941
15 5.245047 -0.000000 -0.000000 -2.977494 -0.096676 0.125216
16 3.843639 0.000000 -0.000000 0.167552 -0.012523 0.885088
17 3.976495 2.450275 1.500000 0.689496 -1.220961 -2.330831
18 5.894066 0.000000 0.000000 -1.907870 0.021905 -0.833295
19 11.240304 -0.000000 0.000000 -0.000000 0.000000 -0.999710
20 11.527781 -0.000008 -0.000031 0.734693 -0.154769 -0.280159
21 3.137455 -0.206963 -1.415376 -0.088198 0.209777 -0.255519
22 1.448772 0.000000 0.000000 0.025047 0.044445 -0.513416
23 0.782462 -0.000000 0.000000 -0.073609 -0.179997 -0.390727
24 3.470780 0.123874 -0.568986 0.020618 0.121032 -0.357152
25 1.738282 0.000000 0.000000 -0.053314 -0.093444 -0.519518
26 0.995115 0.000000 0.000000 0.002342 0.011387 -0.202829
27 3.670963 0.088833 0.454203 -0.013754 0.104731 -0.264443
28 2.115631 0.000000 0.000000 -0.011441 -0.015010 -0.651339
29 1.143825 0.000000 0.000000 0.015877 0.073805 -0.212095
30 3.732462 -0.072466 1.412468 0.050943 0.003917 -0.270822
31 1.797999 0.000000 0.000000 0.047520 0.072543 -0.580672
32 1.040624 0.000000 0.000000 0.011386 0.059319 -0.189759
33 1.076414 -1.012966 1.199772 1.833238 -0.398573 -0.228535
34 1.974704 0.000000 0.000000 0.000000 -0.133399 -0.304192
35 1.349828 0.000000 0.000000 0.000000 0.000781 0.263659
36 3.976495 2.450275 -1.500000 -0.626034 1.276371 -2.189188
37 5.894066 0.000000 -0.000000 2.114931 0.083202 -0.945636
38 11.240304 -0.000000 0.000000 -0.000000 0.000000 -0.737702
39 11.527762 -0.000005 0.000017 -0.956681 -0.038995 -0.279513
40 3.137474 -0.211137 1.414760 0.091148 -0.209777 -0.255515
41 1.448772 0.000000 0.000000 -0.025047 -0.044445 -0.513416
42 0.782462 0.000000 0.000000 0.073609 0.179997 -0.390727
43 3.470798 0.122196 0.569349 -0.017668 -0.121033 -0.357148
44 1.738282 0.000000 0.000000 0.053314 0.093444 -0.519518
45 0.995115 0.000000 0.000000 -0.002342 -0.011387 -0.202829
46 3.670982 0.090173 -0.453939 0.016704 -0.104732 -0.264439
47 2.115631 0.000000 0.000000 0.011441 0.015010 -0.651339
48 1.143825 0.000000 0.000000 -0.015877 -0.073805 -0.212095
49 3.732481 -0.068299 -1.412675 -0.047994 -0.003918 -0.270818
50 1.797999 -0.000000 0.000000 -0.047520 -0.072543 -0.580672
51 1.040624 0.000000 0.000000 -0.011386 -0.059319 -0.189759
52 1.076437 -1.009433 -1.202756 -1.830121 0.399239 -0.227320
53 1.974704 0.000000 0.000000 0.000000 0.133399 -0.304192
54 1.349828 0.000000 0.000000 -0.000000 -0.000781 0.263659
time 85
0 0.000000 0.000000 0.000000 1.570796 0.000000 0.000000
1 0.751561 -0.858568 27.796577 1.769597 -0.085005 -0.358040
2 0.000000 0.000000 0.000000 0.000000 0.000000 0.000000
3 3.625659 0.000000 0.000000 -2.207404 -1.134905 -0.987120
4 17.934229 -0.000000 0.000000 0.000000 0.000000 1.365460
5 16.552128 0.000000 0.000000 -0.075175 0.415183 -1.456930
6 5.708388 0.000000 0.000000 -0.050374 0.037013 -0.389945
7 -3.625659 0.000000 0.000000 -0.972594 -0.510811 -2.176288
8 17.934229 0.000000 0.000000 0.000000 0.000000 1.567085
9 16.552128 -0.000000 -0.000000 0.484011 0.039012 -1.956257
10 5.708388 0.000000 0.000000 -0.040250 -0.041620 -0.560060
11 -0.000000 3.859307 0.127612 1.581189 -0.146128 1.515450
12 4.399114 -0.000000 0.000000 -0.010783 -0.013268 -0.005721
13 3.741468 0.000000 0.000000 -0.002035 -0.035703 0.177977
14 5.668190 0.000000 0.000000 -0.027092 0.031880 0.375726
15 5.245047 0.000000 -0.000000 -2.976615 -0.097770 0.109090
16 3.843639 0.000000 0.000000 0.167552 -0.012713 0.893999
17 3.976495 2.450275 1.500000 0.695371 -1.221434 -2.339251
18 5.894066 0.000000 0.000000 -1.905397 0.020975 -0.834176
19 11.240304 0.000000 0.000000 -0.000000 -0.000000 -0.997755
20 11.527781 -0.000008 -0.000031 0.735993 -0.154554 -0.277793
21 3.137455 -0.206963 -1.415376 -0.088198 0.209777 -0.255519
22 1.448772 0.000000 0.000000 0.025047 0.044445 -0.513416
23 0.782462 0.000000 0.000000 -0.073609 -0.179997 -0.390727
24 3.470780 0.123874 -0.568986 0.020618 0.121032 -0.357152
25 1.738282 0.000000 -0.000000 -0.053314 -0.093444 -0.519518
26 0.995115 0.000000 0.000000 0.002342 0.011387 -0.202829
27 3.670963 0.088833 0.454203 -0.013754 0.104731 -0.264443
28 2.115631 0.000000 0.000000 -0.011441 -0.015010 -0.651339
29 1.143825 -0.000000 0.000000 0.015877 0.073805 -0.212095
30 3.732462 -0.072466 1.412468 0.050943 0.003917 -0.270822
31 1.797999 0.000000 0.000000 0.047520 0.072543 -0.580672
32 1.040624 -0.000000 0.000000 0.011386 0.059319 -0.189759
33 1.076414 -1.012966 1.199772 1.833238 -0.398573 -0.228535
34 1.974704 0.000000 0.000000 0.000000 -0.133399 -0.304192
35 1.349828 0.000000 -0.000000 0.000000 0.000781 0.263659
36 3.976495 2.450275 -1.500000 -0.640084 1.276598 -2.199405
37 5.894066 -0.000000 0.000000 2.114989 0.085885 -0.944319
38 11.240304 -0.000000 0.000000 -0.000000 -0.000000 -0.743831
39 11.527762 -0.000005 0.000017 -0.952836 -0.039140 -0.281453
40 3.137474 -0.211137 1.414760 0.091148 -0.209777 -0.255515
41 1.448772 0.000000 -0.000000 -0.025047 -0.044445 -0.513416
42 0.782462 0.000000 0.000000 0.073609 0.179997 -0.390727
43 3.470798 0.122196 0.569349 -0.017668 -0.121033 -0.357148
44 1.738282 0.000000 0.000000 0.053314 0.093444 -0.519518
45 0.995115 0.000000 -0.000000 -0.002342 -0.011387 -0.202829
46 3.670982 0.090173 -0.453939 0.016704 -0.104732 -0.264439
47 2.115631 -0.000000 0.000000 0.011441 0.015010 -0.651339
48 1.143825 -0.000000 0.000000 -0.015877 -0.073805 -0.212095
49 3.732481 -0.068299 -1.412675 -0.047994 -0.003918 -0.270818
50 1.797999 0.000000 0.000000 -0.047520 -0.072543 -0.580672
51 1.040624 0.000000 0.000000 -0.011386 -0.059319 -0.189759
52 1.076437 -1.009433 -1.202756 -1.830121 0.399239 -0.227320
53 1.974704 0.000000 0.000000 -0.000000 0.133399 -0.304192
54 1.349828 0.000000 0.000000 0.000000 -0.000781 0.263659
time 86
0 0.000000 0.000000 0.000000 1.570796 0.000000 0.000000
1 0.751269 -0.871022 27.691042 1.766996 -0.086654 -0.355906
2 0.000000 0.000000 0.000000 0.000000 0.000000 0.000000
3 3.625659 0.000000 0.000000 -2.209524 -1.137618 -0.985565
4 17.934229 0.000000 0.000000 0.000000 0.000000 1.373922
5 16.552128 0.000000 0.000000 -0.074225 0.416851 -1.459771
6 5.708388 0.000000 -0.000000 -0.050374 0.037013 -0.390796
7 -3.625659 0.000000 0.000000 -0.974250 -0.510813 -2.179639
8 17.934229 -0.000000 0.000000 0.000000 0.000000 1.577093
9 16.552128 0.000000 0.000000 0.484745 0.040403 -1.958439
10 5.708388 -0.000000 0.000000 -0.040250 -0.041620 -0.563469
11 0.000000 3.859307 0.127612 1.581143 -0.146078 1.515099
12 4.399114 0.000000 0.000000 -0.010719 -0.013662 -0.003224
13 3.741468 0.000000 0.000000 -0.001698 -0.036413 0.182207
14 5.668190 0.000000 0.000000 -0.027039 0.033589 0.378000
15 5.245047 0.000000 0.000000 -2.976277 -0.098377 0.094944
16 3.843639 -0.000000 0.000000 0.166977 -0.013004 0.901328
17 3.976495 2.450275 1.500000 0.701998 -1.221356 -2.347724
18 5.894066 0.000000 0.000000 -1.902383 0.019288 -0.833896
19 11.240304 0.000000 -0.000000 0.000000 0.000000 -0.994882
20 11.527781 -0.000008 -0.000031 0.734923 -0.155342 -0.278204
21 3.137455 -0.206963 -1.415376 -0.088198 0.209777 -0.255519
22 1.448772 0.000000 0.000000 0.025047 0.044445 -0.513416
23 0.782462 0.000000 0.000000 -0.073609 -0.179997 -0.390727
24 3.470780 0.123874 -0.568986 0.020618 0.121032 -0.357152
25 1.738282 0.000000 0.000000 -0.053314 -0.093444 -0.519518
26 0.995115 -0.000000 0.000000 0.002342 0.011387 -0.202829
27 3.670963 0.088833 0.454203 -0.013754 0.104731 -0.264443
28 2.115631 -0.000000 0.000000 -0.011441 -0.015010 -0.651339
29 1.143825 0.000000 -0.000000 0.015877 0.073805 -0.212095
30 3.732462 -0.072466 1.412468 0.050943 0.003917 -0.270822
31 1.797999 0.000000 0.000000 0.047520 0.072543 -0.580672
32 1.040624 0.000000 0.000000 0.011386 0.059319 -0.189759
33 1.076414 -1.012966 1.199772 1.833238 -0.398573 -0.228535
34 1.974704 0.000000 0.000000 -0.000000 -0.133399 -0.304192
35 1.349828 0.000000 0.000000 0.000000 0.000781 0.263659
36 3.976495 2.450275 -1.500000 -0.658441 1.276657 -2.213700
37 5.894066 0.000000 0.000000 2.118112 0.089347 -0.940877
38 11.240304 0.000000 0.000000 0.000000 0.000000 -0.749524
39 11.527762 -0.000005 0.000017 -0.950169 -0.044894 -0.282015
40 3.137474 -0.211137 1.414760 0.091148 -0.209777 -0.255515
41 1.448772 -0.000000 0.000000 -0.025047 -0.044445 -0.513416
42 0.782462 0.000000 0.000000 0.073609 0.179997 -0.390727
43 3.470798 0.122196 0.569349 -0.017668 -0.121033 -0.357148
44 1.738282 -0.000000 0.000000 0.053314 0.093444 -0.519518
45 0.995115 -0.000000 -0.000000 -0.002342 -0.011387 -0.202829
46 3.670982 0.090173 -0.453939 0.016704 -0.104732 -0.264439
47 2.115631 0.000000 0.000000 0.011441 0.015010 -0.651339
48 1.143825 -0.000000 0.000000 -0.015877 -0.073805 -0.212095
49 3.732481 -0.068299 -1.412675 -0.047994 -0.003918 -0.270818
50 1.797999 0.000000 0.000000 -0.047520 -0.072543 -0.580672
51 1.040624 0.000000 0.000000 -0.011386 -0.059319 -0.189759
52 1.076437 -1.009433 -1.202756 -1.830121 0.399239 -0.227320
53 1.974704 0.000000 -0.000000 -0.000000 0.133399 -0.304192
54 1.349828 0.000000 -0.000000 -0.000000 -0.000781 0.263659
time 87
0 0.000000 0.000000 0.000000 1.570796 0.000000 0.000000
1 0.747681 -0.874062 27.633066 1.764151 -0.088128 -0.353906
2 0.000000 0.000000 0.000000 0.000000 0.000000 0.000000
3 3.625659 0.000000 0.000000 -2.208424 -1.138093 -0.987408
4 17.934229 0.000000 0.000000 -0.000000 -0.000000 1.378039
5 16.552128 0.000000 0.000000 -0.073288 0.418530 -1.460883
6 5.708388 0.000000 0.000000 -0.050374 0.037013 -0.392039
7 -3.625659 0.000000 0.000000 -0.976950 -0.509717 -2.180593
8 17.934229 0.000000 0.000000 0.000000 -0.000000 1.582798
9 16.552128 -0.000000 0.000000 0.485526 0.043135 -1.960411
10 5.708388 -0.000000 0.000000 -0.040250 -0.041620 -0.565156
11 0.000000 3.859307 0.127612 1.581335 -0.146369 1.514656
12 4.399114 0.000000 -0.000000 -0.010640 -0.013948 -0.000577
13 3.741468 0.000000 -0.000000 -0.001433 -0.037098 0.185521
14 5.668190 0.000000 0.000000 -0.026895 0.035532 0.380002
15 5.245047 0.000000 -0.000000 -2.976100 -0.098797 0.083273
16 3.843639 0.000000 -0.000000 0.166521 -0.012689 0.906725
17 3.976495 2.450275 1.500000 0.709535 -1.219480 -2.356306
18 5.894066 -0.000000 0.000000 -1.899529 0.017034 -0.831940
19 11.240304 -0.000000 0.000000 -0.000000 -0.000000 -0.993279
20 11.527781 -0.000008 -0.000031 0.741460 -0.159467 -0.282635
21 3.137455 -0.206963 -1.415376 -0.088198 0.209777 -0.255519
22 1.448772 0.000000 -0.000000 0.025047 0.044445 -0.513416
23 0.782462 0.000000 -0.000000 -0.073609 -0.179997 -0.390727
24 3.470780 0.123874 -0.568986 0.020618 0.121032 -0.357152
25 1.738282 -0.000000 -0.000000 -0.053314 -0.093444 -0.519518
26 0.995115 -0.000000 0.000000 0.002342 0.011387 -0.202829
27 3.670963 0.088833 0.454203 -0.013754 0.104731 -0.264443
28 2.115631 -0.000000 0.000000 -0.011441 -0.015010 -0.651339
29 1.143825 0.000000 0.000000 0.015877 0.073805 -0.212095
30 3.732462 -0.072466 1.412468 0.050943 0.003917 -0.270822
31 1.797999 0.000000 0.000000 0.047520 0.072543 -0.580672
32 1.040624 0.000000 -0.000000 0.011386 0.059319 -0.189759
33 1.076414 -1.012966 1.199772 1.833238 -0.398573 -0.228535
34 1.974704 0.000000 -0.000000 -0.000000 -0.133399 -0.304192
35 1.349828 0.000000 0.000000 -0.000000 0.000781 0.263659
36 3.976495 2.450275 -1.500000 -0.675802 1.276893 -2.228048
37 5.894066 0.000000 0.000000 2.122447 0.093649 -0.936743
38 11.240304 -0.000000 -0.000000 0.000000 -0.000000 -0.752586
39 11.527762 -0.000005 0.000017 -0.950042 -0.046893 -0.279953
40 3.137474 -0.211137 1.414760 0.091148 -0.209777 -0.255515
41 1.448772 0.000000 0.000000 -0.025047 -0.044445 -0.513416
42 0.782462 0.000000 0.000000 0.073609 0.179997 -0.390727
43 3.470798 0.122196 0.569349 -0.017668 -0.121033 -0.357148
44 1.738282 0.000000 0.000000 0.053314 0.093444 -0.519518
45 0.995115 -0.000000 0.000000 -0.002342 -0.011387 -0.202829
46 3.670982 0.090173 -0.453939 0.016704 -0.104732 -0.264439
47 2.115631 0.000000 0.000000 0.011441 0.015010 -0.651339
48 1.143825 0.000000 0.000000 -0.015877 -0.073805 -0.212095
49 3.732481 -0.068299 -1.412675 -0.047994 -0.003918 -0.270818
50 1.797999 -0.000000 0.000000 -0.047520 -0.072543 -0.580672
51 1.040624 0.000000 0.000000 -0.011386 -0.059319 -0.189759
52 1.076437 -1.009433 -1.202756 -1.830121 0.399239 -0.227320
53 1.974704 0.000000 0.000000 0.000000 0.133399 -0.304192
54 1.349828 -0.000000 0.000000 -0.000000 -0.000781 0.263659
time 88
0 0.000000 0.000000 0.000000 1.570796 0.000000 0.000000
1 0.741680 -0.874262 27.632332 1.761539 -0.089281 -0.352043
2 0.000000 0.000000 0.000000 0.000000 0.000000 0.000000
3 3.625659 -0.000000 0.000000 -2.203699 -1.136335 -0.993045
4 17.934229 -0.000000 -0.000000 0.000000 -0.000000 1.377270
5 16.552128 0.000000 0.000000 -0.072335 0.420072 -1.460345
6 5.708388 0.000000 0.000000 -0.050374 0.037013 -0.393459
7 -3.625659 0.000000 0.000000 -0.979073 -0.507267 -2.179518
8 17.934229 -0.000000 0.000000 -0.000000 0.000000 1.582588
9 16.552128 0.000000 -0.000000 0.485638 0.046025 -1.960959
10 5.708388 -0.000000 0.000000 -0.040250 -0.041620 -0.564911
11 0.000000 3.859307 0.127612 1.581509 -0.146600 1.514376
12 4.399114 -0.000000 -0.000000 -0.010534 -0.014059 0.001933
13 3.741468 0.000000 0.000000 -0.001321 -0.037403 0.188159
14 5.668190 0.000000 0.000000 -0.026853 0.036191 0.381408
15 5.245047 0.000000 -0.000000 -2.975909 -0.099481 0.075503
16 3.843639 0.000000 0.000000 0.165815 -0.012488 0.910286
17 3.976495 2.450275 1.500000 0.715606 -1.216782 -2.362417
18 5.894066 0.000000 0.000000 -1.897795 0.014346 -0.828900
19 11.240304 0.000000 0.000000 -0.000000 -0.000000 -0.993230
20 11.527781 -0.000008 -0.000031 0.748981 -0.159697 -0.286935
21 3.137455 -0.206963 -1.415376 -0.088198 0.209777 -0.255519
22 1.448772 0.000000 0.000000 0.025047 0.044445 -0.513416
23 0.782462 -0.000000 0.000000 -0.073609 -0.179997 -0.390727
24 3.470780 0.123874 -0.568986 0.020618 0.121032 -0.357152
25 1.738282 0.000000 0.000000 -0.053314 -0.093444 -0.519518
26 0.995115 0.000000 -0.000000 0.002342 0.011387 -0.202829
27 3.670963 0.088833 0.454203 -0.013754 0.104731 -0.264443
28 2.115631 0.000000 0.000000 -0.011441 -0.015010 -0.651339
29 1.143825 0.000000 0.000000 0.015877 0.073805 -0.212095
30 3.732462 -0.072466 1.412468 0.050943 0.003917 -0.270822
31 1.797999 0.000000 -0.000000 0.047520 0.072543 -0.580672
32 1.040624 0.000000 -0.000000 0.011386 0.059319 -0.189759
33 1.076414 -1.012966 1.199772 1.833238 -0.398573 -0.228535
34 1.974704 0.000000 0.000000 -0.000000 -0.133399 -0.304192
35 1.349828 0.000000 -0.000000 0.000000 0.000781 0.263659
36 3.976495 2.450275 -1.500000 -0.692125 1.277112 -2.243393
37 5.894066 0.000000 0.000000 2.127184 0.097392 -0.933051
38 11.240304 -0.000000 0.000000 -0.000000 0.000000 -0.753450
39 11.527762 -0.000005 0.000017 -0.950444 -0.045593 -0.279988
40 3.137474 -0.211137 1.414760 0.091148 -0.209777 -0.255515
41 1.448772 0.000000 0.000000 -0.025047 -0.044445 -0.513416
42 0.782462 -0.000000 0.000000 0.073609 0.179997 -0.390727
43 3.470798 0.122196 0.569349 -0.017668 -0.121033 -0.357148
44 1.738282 0.000000 0.000000 0.053314 0.093444 -0.519518
45 0.995115 0.000000 -0.000000 -0.002342 -0.011387 -0.202829
46 3.670982 0.090173 -0.453939 0.016704 -0.104732 -0.264439
47 2.115631 -0.000000 0.000000 0.011441 0.015010 -0.651339
48 1.143825 0.000000 0.000000 -0.015877 -0.073805 -0.212095
49 3.732481 -0.068299 -1.412675 -0.047994 -0.003918 -0.270818
50 1.797999 0.000000 0.000000 -0.047520 -0.072543 -0.580672
51 1.040624 -0.000000 0.000000 -0.011386 -0.059319 -0.189759
52 1.076437 -1.009433 -1.202756 -1.830121 0.399239 -0.227320
53 1.974704 0.000000 -0.000000 0.000000 0.133399 -0.304192
54 1.349828 -0.000000 0.000000 0.000000 -0.000781 0.263659
time 89
0 0.000000 0.000000 0.000000 1.570796 0.000000 0.000000
1 0.736704 -0.870427 27.686180 1.760087 -0.090082 -0.350521
2 0.000000 0.000000 0.000000 0.000000 0.000000 0.000000
3 3.625659 0.000000 0.000000 -2.196669 -1.133229 -1.001191
4 17.934229 -0.000000 0.000000 0.000000 0.000000 1.371841
5 16.552128 0.000000 0.000000 -0.071684 0.421197 -1.458365
6 5.708388 0.000000 0.000000 -0.050374 0.037013 -0.394884
7 -3.625659 0.000000 0.000000 -0.979845 -0.503706 -2.177452
8 17.934229 0.000000 0.000000 0.000000 0.000000 1.577190
9 16.552128 -0.000000 0.000000 0.485531 0.047845 -1.961115
10 5.708388 0.000000 -0.000000 -0.040250 -0.041620 -0.562117
11 0.000000 3.859307 0.127612 1.581933 -0.146074 1.514386
12 4.399114 0.000000 -0.000000 -0.010290 -0.013906 0.003411
13 3.741468 0.000000 -0.000000 -0.000985 -0.037859 0.190648
14 5.668190 0.000000 -0.000000 -0.026687 0.037175 0.382563
15 5.245047 0.000000 0.000000 -2.976621 -0.100908 0.072447
16 3.843639 -0.000000 0.000000 0.165059 -0.011311 0.911101
17 3.976495 2.450275 1.500000 0.721871 -1.215360 -2.367844
18 5.894066 0.000000 0.000000 -1.897310 0.011056 -0.826869
19 11.240304 0.000000 -0.000000 -0.000000 -0.000000 -0.993221
20 11.527781 -0.000008 -0.000031 0.751538 -0.156295 -0.286507
21 3.137455 -0.206963 -1.415376 -0.088198 0.209777 -0.255519
22 1.448772 -0.000000 0.000000 0.025047 0.044445 -0.513416
23 0.782462 -0.000000 0.000000 -0.073609 -0.179997 -0.390727
24 3.470780 0.123874 -0.568986 0.020618 0.121032 -0.357152
25 1.738282 0.000000 0.000000 -0.053314 -0.093444 -0.519518
26 0.995115 0.000000 0.000000 0.002342 0.011387 -0.202829
27 3.670963 0.088833 0.454203 -0.013754 0.104731 -0.264443
28 2.115631 0.000000 -0.000000 -0.011441 -0.015010 -0.651339
29 1.143825 0.000000 -0.000000 0.015877 0.073805 -0.212095
30 3.732462 -0.072466 1.412468 0.050943 0.003917 -0.270822
31 1.797999 0.000000 0.000000 0.047520 0.072543 -0.580672
32 1.040624 0.000000 0.000000 0.011386 0.059319 -0.189759
33 1.076414 -1.012966 1.199772 1.833238 -0.398573 -0.228535
34 1.974704 0.000000 0.000000 0.000000 -0.133399 -0.304192
35 1.349828 -0.000000 -0.000000 0.000000 0.000781 0.263659
36 3.976495 2.450275 -1.500000 -0.692051 1.277327 -2.246328
37 5.894066 0.000000 0.000000 2.129051 0.100048 -0.932295
38 11.240304 -0.000000 0.000000 0.000000 -0.000000 -0.751532
39 11.527762 -0.000005 0.000017 -0.951181 -0.042726 -0.282203
40 3.137474 -0.211137 1.414760 0.091148 -0.209777 -0.255515
41 1.448772 0.000000 0.000000 -0.025047 -0.044445 -0.513416
42 0.782462 0.000000 0.000000 0.073609 0.179997 -0.390727
43 3.470798 0.122196 0.569349 -0.017668 -0.121033 -0.357148
44 1.738282 0.000000 0.000000 0.053314 0.093444 -0.519518
45 0.995115 -0.000000 0.000000 -0.002342 -0.011387 -0.202829
46 3.670982 0.090173 -0.453939 0.016704 -0.104732 -0.264439
47 2.115631 0.000000 0.000000 0.011441 0.015010 -0.651339
48 1.143825 -0.000000 0.000000 -0.015877 -0.073805 -0.212095
49 3.732481 -0.068299 -1.412675 -0.047994 -0.003918 -0.270818
50 1.797999 -0.000000 0.000000 -0.047520 -0.072543 -0.580672
51 1.040624 0.000000 -0.000000 -0.011386 -0.059319 -0.189759
52 1.076437 -1.009433 -1.202756 -1.830121 0.399239 -0.227320
53 1.974704 0.000000 0.000000 -0.000000 0.133399 -0.304192
54 1.349828 0.000000 0.000000 0.000000 -0.000781 0.263659
time 90
0 0.000000 0.000000 0.000000 1.570796 0.000000 0.000000
1 0.734377 -0.863328 27.758095 1.760047 -0.090383 -0.349569
2 0.000000 0.000000 0.000000 0.000000 0.000000 0.000000
3 3.625659 0.000000 0.000000 -2.190406 -1.130503 -1.008287
4 17.934229 0.000000 0.000000 0.000000 0.000000 1.365024
5 16.552128 -0.000000 0.000000 -0.071487 0.421636 -1.456105
6 5.708388 0.000000 0.000000 -0.050374 0.037013 -0.395841
7 -3.625659 -0.000000 0.000000 -0.979615 -0.501341 -2.175308
8 17.934229 0.000000 -0.000000 -0.000000 0.000000 1.570574
9 16.552128 -0.000000 0.000000 0.485115 0.049055 -1.960310
10 5.708388 0.000000 0.000000 -0.040250 -0.041620 -0.559216
11 0.000000 3.859307 0.127612 1.582874 -0.144393 1.514436
12 4.399114 0.000000 -0.000000 -0.009927 -0.013173 0.002420
13 3.741468 -0.000000 0.000000 -0.000834 -0.037225 0.192167
14 5.668190 0.000000 0.000000 -0.026565 0.037217 0.384237
15 5.245047 0.000000 0.000000 -2.978112 -0.103074 0.075051
16 3.843639 0.000000 -0.000000 0.164207 -0.009383 0.908283
17 3.976495 2.450275 1.500000 0.731273 -1.214950 -2.374497
18 5.894066 -0.000000 0.000000 -1.898765 0.007175 -0.825623
19 11.240304 -0.000000 0.000000 0.000000 -0.000000 -0.991936
20 11.527781 -0.000008 -0.000031 0.751039 -0.161081 -0.284022
21 3.137455 -0.206963 -1.415376 -0.088198 0.209777 -0.255519
22 1.448772 -0.000000 0.000000 0.025047 0.044445 -0.513416
23 0.782462 -0.000000 0.000000 -0.073609 -0.179997 -0.390727
24 3.470780 0.123874 -0.568986 0.020618 0.121032 -0.357152
25 1.738282 -0.000000 0.000000 -0.053314 -0.093444 -0.519518
26 0.995115 0.000000 -0.000000 0.002342 0.011387 -0.202829
27 3.670963 0.088833 0.454203 -0.013754 0.104731 -0.264443
28 2.115631 -0.000000 -0.000000 -0.011441 -0.015010 -0.651339
29 1.143825 -0.000000 -0.000000 0.015877 0.073805 -0.212095
30 3.732462 -0.072466 1.412468 0.050943 0.003917 -0.270822
31 1.797999 0.000000 0.000000 0.047520 0.072543 -0.580672
32 1.040624 0.000000 0.000000 0.011386 0.059319 -0.189759
33 1.076414 -1.012966 1.199772 1.833238 -0.398573 -0.228535
34 1.974704 0.000000 0.000000 0.000000 -0.133399 -0.304192
35 1.349828 0.000000 -0.000000 0.000000 0.000781 0.263659
36 3.976495 2.450275 -1.500000 -0.681421 1.277021 -2.240391
37 5.894066 0.000000 -0.000000 2.128475 0.102027 -0.932499
38 11.240304 0.000000 0.000000 -0.000000 0.000000 -0.745772
39 11.527762 -0.000005 0.000017 -0.952806 -0.040273 -0.281125
40 3.137474 -0.211137 1.414760 0.091148 -0.209777 -0.255515
41 1.448772 0.000000 0.000000 -0.025047 -0.044445 -0.513416
42 0.782462 0.000000 0.000000 0.073609 0.179997 -0.390727
43 3.470798 0.122196 0.569349 -0.017668 -0.121033 -0.357148
44 1.738282 0.000000 0.000000 0.053314 0.093444 -0.519518
45 0.995115 0.000000 0.000000 -0.002342 -0.011387 -0.202829
46 3.670982 0.090173 -0.453939 0.016704 -0.104732 -0.264439
47 2.115631 0.000000 -0.000000 0.011441 0.015010 -0.651339
48 1.143825 0.000000 -0.000000 -0.015877 -0.073805 -0.212095
49 3.732481 -0.068299 -1.412675 -0.047994 -0.003918 -0.270818
50 1.797999 0.000000 0.000000 -0.047520 -0.072543 -0.580672
51 1.040624 0.000000 0.000000 -0.011386 -0.059319 -0.189759
52 1.076437 -1.009433 -1.202756 -1.830121 0.399239 -0.227320
53 1.974704 -0.000000 0.000000 -0.000000 0.133399 -0.304192
54 1.349828 0.000000 0.000000 0.000000 -0.000781 0.263659
time 91
0 0.000000 0.000000 0.000000 1.570796 0.000000 0.000000
1 0.732814 -0.844411 27.928263 1.762003 -0.090258 -0.348297
2 0.000000 0.000000 0.000000 0.000000 0.000000 0.000000
3 3.625659 0.000000 -0.000000 -2.178686 -1.125356 -1.021326
4 17.934229 0.000000 0.000000 0.000000 0.000000 1.348854
5 16.552128 0.000000 0.000000 -0.072054 0.421876 -1.451739
6 5.708388 0.000000 0.000000 -0.050374 0.037013 -0.396355
7 -3.625659 0.000000 0.000000 -0.975512 -0.497595 -2.171920
8 17.934229 -0.000000 0.000000 0.000000 0.000000 1.555296
9 16.552128 -0.000000 0.000000 0.482311 0.049193 -1.956604
10 5.708388 0.000000 0.000000 -0.040250 -0.041620 -0.553908
11 0.000000 3.859307 0.127612 1.583043 -0.144102 1.514911
12 4.399114 -0.000000 0.000000 -0.009571 -0.012559 -0.000039
13 3.741468 0.000000 0.000000 -0.000807 -0.036337 0.190957
14 5.668190 0.000000 0.000000 -0.026368 0.036679 0.383928
15 5.245047 0.000000 0.000000 -2.979273 -0.105015 0.079784
16 3.843639 -0.000000 0.000000 0.163884 -0.007970 0.904803
17 3.976495 2.450275 1.500000 0.738970 -1.215133 -2.378733
18 5.894066 0.000000 -0.000000 -1.900264 0.003070 -0.824864
19 11.240304 0.000000 0.000000 -0.000000 -0.000000 -0.987656
20 11.527781 -0.000008 -0.000031 0.748943 -0.167429 -0.283801
21 3.137455 -0.206963 -1.415376 -0.088198 0.209777 -0.255519
22 1.448772 0.000000 -0.000000 0.025047 0.044445 -0.513416
23 0.782462 -0.000000 0.000000 -0.073609 -0.179997 -0.390727
24 3.470780 0.123874 -0.568986 0.020618 0.121032 -0.357152
25 1.738282 0.000000 -0.000000 -0.053314 -0.093444 -0.519518
26 0.995115 0.000000 0.000000 0.002342 0.011387 -0.202829
27 3.670963 0.088833 0.454203 -0.013754 0.104731 -0.264443
28 2.115631 0.000000 0.000000 -0.011441 -0.015010 -0.651339
29 1.143825 0.000000 0.000000 0.015877 0.073805 -0.212095
30 3.732462 -0.072466 1.412468 0.050943 0.003917 -0.270822
31 1.797999 0.000000 -0.000000 0.047520 0.072543 -0.580672
32 1.040624 0.000000 -0.000000 0.011386 0.059319 -0.189759
33 1.076414 -1.012966 1.199772 1.833238 -0.398573 -0.228535
34 1.974704 0.000000 0.000000 0.000000 -0.133399 -0.304192
35 1.349828 0.000000 0.000000 0.000000 0.000781 0.263659
36 3.976495 2.450275 -1.500000 -0.677397 1.276658 -2.238227
37 5.894066 0.000000 -0.000000 2.130338 0.103934 -0.931359
38 11.240304 0.000000 -0.000000 -0.000000 -0.000000 -0.738966
39 11.527762 -0.000005 0.000017 -0.955655 -0.040462 -0.279755
40 3.137474 -0.211137 1.414760 0.091148 -0.209777 -0.255515
41 1.448772 0.000000 0.000000 -0.025047 -0.044445 -0.513416
42 0.782462 -0.000000 -0.000000 0.073609 0.179997 -0.390727
43 3.470798 0.122196 0.569349 -0.017668 -0.121033 -0.357148
44 1.738282 0.000000 0.000000 0.053314 0.093444 -0.519518
45 0.995115 0.000000 0.000000 -0.002342 -0.011387 -0.202829
46 3.670982 0.090173 -0.453939 0.016704 -0.104732 -0.264439
47 2.115631 0.000000 0.000000 0.011441 0.015010 -0.651339
48 1.143825 0.000000 0.000000 -0.015877 -0.073805 -0.212095
49 3.732481 -0.068299 -1.412675 -0.047994 -0.003918 -0.270818
50 1.797999 -0.000000 0.000000 -0.047520 -0.072543 -0.580672
51 1.040624 0.000000 0.000000 -0.011386 -0.059319 -0.189759
52 1.076437 -1.009433 -1.202756 -1.830121 0.399239 -0.227320
53 1.974704 -0.000000 0.000000 -0.000000 0.133399 -0.304192
54 1.349828 0.000000 0.000000 0.000000 -0.000781 0.263659
time 92
0 0.000000 0.000000 0.000000 1.570796 0.000000 0.000000
1 0.732743 -0.826326 28.099670 1.764802 -0.089634 -0.347687
2 0.000000 0.000000 0.000000 0.000000 0.000000 0.000000
3 3.625659 0.000000 0.000000 -2.168693 -1.120522 -1.032217
4 17.934229 0.000000 -0.000000 -0.000000 0.000000 1.332735
5 16.552128 0.000000 0.000000 -0.073104 0.421782 -1.447642
6 5.708388 0.000000 0.000000 -0.050374 0.037013 -0.396231
7 -3.625659 0.000000 0.000000 -0.971645 -0.495148 -2.168302
8 17.934229 0.000000 0.000000 0.000000 -0.000000 1.540177
9 16.552128 0.000000 0.000000 0.479677 0.048914 -1.951624
10 5.708388 0.000000 0.000000 -0.040250 -0.041620 -0.549645
11 0.000000 3.859307 0.127612 1.583399 -0.142779 1.515280
12 4.399114 0.000000 0.000000 -0.009393 -0.011460 -0.004446
13 3.741468 0.000000 -0.000000 -0.000972 -0.034657 0.189621
14 5.668190 0.000000 -0.000000 -0.026425 0.034870 0.384572
15 5.245047 -0.000000 0.000000 -2.979741 -0.106696 0.084880
16 3.843639 -0.000000 -0.000000 0.164346 -0.007087 0.901668
17 3.976495 2.450275 1.500000 0.745176 -1.215867 -2.380983
18 5.894066 0.000000 -0.000000 -1.901849 0.001681 -0.823618
19 11.240304 0.000000 0.000000 0.000000 0.000000 -0.984062
20 11.527781 -0.000008 -0.000031 0.745743 -0.163115 -0.283833
21 3.137455 -0.206963 -1.415376 -0.088198 0.209777 -0.255519
22 1.448772 0.000000 0.000000 0.025047 0.044445 -0.513416
23 0.782462 -0.000000 0.000000 -0.073609 -0.179997 -0.390727
24 3.470780 0.123874 -0.568986 0.020618 0.121032 -0.357152
25 1.738282 -0.000000 -0.000000 -0.053314 -0.093444 -0.519518
26 0.995115 0.000000 0.000000 0.002342 0.011387 -0.202829
27 3.670963 0.088833 0.454203 -0.013754 0.104731 -0.264443
28 2.115631 0.000000 0.000000 -0.011441 -0.015010 -0.651339
29 1.143825 -0.000000 -0.000000 0.015877 0.073805 -0.212095
30 3.732462 -0.072466 1.412468 0.050943 0.003917 -0.270822
31 1.797999 0.000000 0.000000 0.047520 0.072543 -0.580672
32 1.040624 -0.000000 0.000000 0.011386 0.059319 -0.189759
33 1.076414 -1.012966 1.199772 1.833238 -0.398573 -0.228535
34 1.974704 0.000000 0.000000 0.000000 -0.133399 -0.304192
35 1.349828 0.000000 0.000000 0.000000 0.000781 0.263659
36 3.976495 2.450275 -1.500000 -0.677580 1.277151 -2.238459
37 5.894066 0.000000 0.000000 2.133017 0.104515 -0.929372
38 11.240304 0.000000 0.000000 -0.000000 -0.000000 -0.732764
39 11.527762 -0.000005 0.000017 -0.958454 -0.042411 -0.278801
40 3.137474 -0.211137 1.414760 0.091148 -0.209777 -0.255515
41 1.448772 0.000000 0.000000 -0.025047 -0.044445 -0.513416
42 0.782462 -0.000000 0.000000 0.073609 0.179997 -0.390727
43 3.470798 0.122196 0.569349 -0.017668 -0.121033 -0.357148
44 1.738282 0.000000 0.000000 0.053314 0.093444 -0.519518
45 0.995115 -0.000000 0.000000 -0.002342 -0.011387 -0.202829
46 3.670982 0.090173 -0.453939 0.016704 -0.104732 -0.264439
47 2.115631 0.000000 0.000000 0.011441 0.015010 -0.651339
48 1.143825 0.000000 0.000000 -0.015877 -0.073805 -0.212095
49 3.732481 -0.068299 -1.412675 -0.047994 -0.003918 -0.270818
50 1.797999 0.000000 0.000000 -0.047520 -0.072543 -0.580672
51 1.040624 0.000000 0.000000 -0.011386 -0.059319 -0.189759
52 1.076437 -1.009433 -1.202756 -1.830121 0.399239 -0.227320
53 1.974704 0.000000 0.000000 0.000000 0.133399 -0.304192
54 1.349828 0.000000 0.000000 -0.000000 -0.000781 0.263659
time 93
0 0.000000 0.000000 0.000000 1.570796 0.000000 0.000000
1 0.732085 -0.811227 28.312130 1.767617 -0.088655 -0.347433
2 0.000000 0.000000 0.000000 0.000000 0.000000 0.000000
3 3.625659 0.000000 0.000000 -2.156835 -1.113904 -1.044944
4 17.934229 0.000000 0.000000 0.000000 -0.000000 1.313482
5 16.552128 -0.000000 0.000000 -0.074053 0.421401 -1.441668
6 5.708388 0.000000 0.000000 -0.050374 0.037013 -0.396396
7 -3.625659 0.000000 0.000000 -0.968737 -0.492068 -2.163074
8 17.934229 0.000000 0.000000 -0.000000 -0.000000 1.521696
9 16.552128 0.000000 0.000000 0.477312 0.048424 -1.944278
10 5.708388 0.000000 0.000000 -0.040250 -0.041620 -0.545810
11 0.000000 3.859307 0.127612 1.583563 -0.141837 1.515768
12 4.399114 0.000000 0.000000 -0.009170 -0.010612 -0.008933
13 3.741468 -0.000000 0.000000 -0.001495 -0.031939 0.187417
14 5.668190 0.000000 -0.000000 -0.026537 0.031761 0.384648
15 5.245047 0.000000 0.000000 -2.979551 -0.107755 0.090903
16 3.843639 0.000000 0.000000 0.165339 -0.006521 0.897759
17 3.976495 2.450275 1.500000 0.752352 -1.215827 -2.383559
18 5.894066 0.000000 -0.000000 -1.903691 0.002333 -0.820076
19 11.240304 -0.000000 0.000000 -0.000000 0.000000 -0.982451
20 11.527781 -0.000008 -0.000031 0.744841 -0.160569 -0.279048
21 3.137455 -0.206963 -1.415376 -0.088198 0.209777 -0.255519
22 1.448772 0.000000 0.000000 0.025047 0.044445 -0.513416
23 0.782462 0.000000 0.000000 -0.073609 -0.179997 -0.390727
24 3.470780 0.123874 -0.568986 0.020618 0.121032 -0.357152
25 1.738282 0.000000 0.000000 -0.053314 -0.093444 -0.519518
26 0.995115 0.000000 -0.000000 0.002342 0.011387 -0.202829
27 3.670963 0.088833 0.454203 -0.013754 0.104731 -0.264443
28 2.115631 0.000000 0.000000 -0.011441 -0.015010 -0.651339
29 1.143825 0.000000 0.000000 0.015877 0.073805 -0.212095
30 3.732462 -0.072466 1.412468 0.050943 0.003917 -0.270822
31 1.797999 0.000000 0.000000 0.047520 0.072543 -0.580672
32 1.040624 0.000000 0.000000 0.011386 0.059319 -0.189759
33 1.076414 -1.012966 1.199772 1.833238 -0.398573 -0.228535
34 1.974704 0.000000 0.000000 0.000000 -0.133399 -0.304192
35 1.349828 0.000000 0.000000 0.000000 0.000781 0.263659
36 3.976495 2.450275 -1.500000 -0.683135 1.277551 -2.242691
37 5.894066 0.000000 0.000000 2.134831 0.103247 -0.926022
38 11.240304 -0.000000 -0.000000 0.000000 -0.000000 -0.727645
39 11.527762 -0.000005 0.000017 -0.958972 -0.041982 -0.276054
40 3.137474 -0.211137 1.414760 0.091148 -0.209777 -0.255515
41 1.448772 0.000000 0.000000 -0.025047 -0.044445 -0.513416
42 0.782462 0.000000 -0.000000 0.073609 0.179997 -0.390727
43 3.470798 0.122196 0.569349 -0.017668 -0.121033 -0.357148
44 1.738282 0.000000 0.000000 0.053314 0.093444 -0.519518
45 0.995115 -0.000000 -0.000000 -0.002342 -0.011387 -0.202829
46 3.670982 0.090173 -0.453939 0.016704 -0.104732 -0.264439
47 2.115631 0.000000 0.000000 0.011441 0.015010 -0.651339
48 1.143825 0.000000 -0.000000 -0.015877 -0.073805 -0.212095
49 3.732481 -0.068299 -1.412675 -0.047994 -0.003918 -0.270818
50 1.797999 0.000000 0.000000 -0.047520 -0.072543 -0.580672
51 1.040624 -0.000000 0.000000 -0.011386 -0.059319 -0.189759
52 1.076437 -1.009433 -1.202756 -1.830121 0.399239 -0.227320
53 1.974704 0.000000 0.000000 0.000000 0.133399 -0.304192
54 1.349828 0.000000 0.000000 0.000000 -0.000781 0.263659
time 94
0 0.000000 0.000000 0.000000 1.570796 0.000000 0.000000
1 0.728242 -0.805629 28.582703 1.769222 -0.087343 -0.347531
2 0.000000 0.000000 0.000000 0.000000 0.000000 0.000000
3 3.625659 0.000000 0.000000 -2.141062 -1.103504 -1.061719
4 17.934229 0.000000 0.000000 0.000000 0.000000 1.289737
5 16.552128 0.000000 0.000000 -0.074197 0.420525 -1.433175
6 5.708388 -0.000000 0.000000 -0.050374 0.037013 -0.397366
7 -3.625659 0.000000 0.000000 -0.968065 -0.486787 -2.155122
8 17.934229 0.000000 -0.000000 -0.000000 0.000000 1.498243
9 16.552128 0.000000 0.000000 0.475021 0.048110 -1.933597
10 5.708388 0.000000 0.000000 -0.040250 -0.041620 -0.542412
11 -0.000000 3.859307 0.127612 1.583694 -0.141805 1.516335
12 4.399114 -0.000000 0.000000 -0.009116 -0.009587 -0.011821
13 3.741468 -0.000000 0.000000 -0.001841 -0.030316 0.184417
14 5.668190 -0.000000 0.000000 -0.026651 0.029136 0.383261
15 5.245047 -0.000000 -0.000000 -2.977919 -0.106763 0.097564
16 3.843639 0.000000 0.000000 0.167002 -0.006451 0.893487
17 3.976495 2.450275 1.500000 0.749459 -1.214373 -2.379332
18 5.894066 -0.000000 0.000000 -1.900461 0.005860 -0.815925
19 11.240304 -0.000000 0.000000 0.000000 0.000000 -0.982056
20 11.527781 -0.000008 -0.000031 0.747576 -0.161644 -0.275274
21 3.137455 -0.206963 -1.415376 -0.088198 0.209777 -0.255519
22 1.448772 -0.000000 -0.000000 0.025047 0.044445 -0.513416
23 0.782462 0.000000 -0.000000 -0.073609 -0.179997 -0.390727
24 3.470780 0.123874 -0.568986 0.020618 0.121032 -0.357152
25 1.738282 -0.000000 -0.000000 -0.053314 -0.093444 -0.519518
26 0.995115 -0.000000 0.000000 0.002342 0.011387 -0.202829
27 3.670963 0.088833 0.454203 -0.013754 0.104731 -0.264443
28 2.115631 0.000000 0.000000 -0.011441 -0.015010 -0.651339
29 1.143825 0.000000 -0.000000 0.015877 0.073805 -0.212095
30 3.732462 -0.072466 1.412468 0.050943 0.003917 -0.270822
31 1.797999 -0.000000 0.000000 0.047520 0.072543 -0.580672
32 1.040624 0.000000 0.000000 0.011386 0.059319 -0.189759
33 1.076414 -1.012966 1.199772 1.833238 -0.398573 -0.228535
34 1.974704 0.000000 0.000000 0.000000 -0.133399 -0.304192
35 1.349828 0.000000 0.000000 0.000000 0.000781 0.263659
36 3.976495 2.450275 -1.500000 -0.693153 1.277624 -2.250869
37 5.894066 0.000000 0.000000 2.135376 0.099794 -0.921005
38 11.240304 0.000000 0.000000 -0.000000 -0.000000 -0.724061
39 11.527762 -0.000005 0.000017 -0.956083 -0.040938 -0.274751
40 3.137474 -0.211137 1.414760 0.091148 -0.209777 -0.255515
41 1.448772 0.000000 0.000000 -0.025047 -0.044445 -0.513416
42 0.782462 0.000000 0.000000 0.073609 0.179997 -0.390727
43 3.470798 0.122196 0.569349 -0.017668 -0.121033 -0.357148
44 1.738282 0.000000 0.000000 0.053314 0.093444 -0.519518
45 0.995115 0.000000 0.000000 -0.002342 -0.011387 -0.202829
46 3.670982 0.090173 -0.453939 0.016704 -0.104732 -0.264439
47 2.115631 0.000000 0.000000 0.011441 0.015010 -0.651339
48 1.143825 0.000000 0.000000 -0.015877 -0.073805 -0.212095
49 3.732481 -0.068299 -1.412675 -0.047994 -0.003918 -0.270818
50 1.797999 0.000000 -0.000000 -0.047520 -0.072543 -0.580672
51 1.040624 0.000000 -0.000000 -0.011386 -0.059319 -0.189759
52 1.076437 -1.009433 -1.202756 -1.830121 0.399239 -0.227320
53 1.974704 0.000000 0.000000 -0.000000 0.133399 -0.304192
54 1.349828 0.000000 0.000000 -0.000000 -0.000781 0.263659
time 95
0 0.000000 0.000000 0.000000 1.570796 0.000000 0.000000
1 0.727637 -0.801747 28.867374 1.771105 -0.085888 -0.348194
2 0.000000 0.000000 0.000000 0.000000 0.000000 0.000000
3 3.625659 0.000000 0.000000 -2.126046 -1.092434 -1.077964
4 17.934229 -0.000000 -0.000000 0.000000 0.000000 1.264733
5 16.552128 0.000000 0.000000 -0.073773 0.419067 -1.423602
6 5.708388 -0.000000 0.000000 -0.050374 0.037013 -0.398597
7 -3.625659 0.000000 0.000000 -0.967514 -0.481725 -2.147072
8 17.934229 -0.000000 0.000000 0.000000 0.000000 1.473701
9 16.552128 -0.000000 0.000000 0.472632 0.047236 -1.921170
10 5.708388 0.000000 0.000000 -0.040250 -0.041620 -0.539986
11 0.000000 3.859307 0.127612 1.583785 -0.141731 1.517139
12 4.399114 0.000000 -0.000000 -0.009183 -0.008652 -0.014656
13 3.741468 0.000000 0.000000 -0.002141 -0.029174 0.180930
14 5.668190 0.000000 0.000000 -0.026739 0.026485 0.381340
15 5.245047 0.000000 -0.000000 -2.975789 -0.105356 0.104496
16 3.843639 0.000000 0.000000 0.169097 -0.006856 0.889427
17 3.976495 2.450275 1.500000 0.724274 -1.213308 -2.352647
18 5.894066 0.000000 0.000000 -1.893444 0.007230 -0.817854
19 11.240304 0.000000 0.000000 0.000000 0.000000 -0.980670
20 11.527781 -0.000008 -0.000031 0.751040 -0.159915 -0.276986
21 3.137455 -0.206963 -1.415376 -0.088198 0.209777 -0.255519
22 1.448772 0.000000 0.000000 0.025047 0.044445 -0.513416
23 0.782462 -0.000000 0.000000 -0.073609 -0.179997 -0.390727
24 3.470780 0.123874 -0.568986 0.020618 0.121032 -0.357152
25 1.738282 0.000000 0.000000 -0.053314 -0.093444 -0.519518
26 0.995115 0.000000 0.000000 0.002342 0.011387 -0.202829
27 3.670963 0.088833 0.454203 -0.013754 0.104731 -0.264443
28 2.115631 -0.000000 -0.000000 -0.011441 -0.015010 -0.651339
29 1.143825 0.000000 0.000000 0.015877 0.073805 -0.212095
30 3.732462 -0.072466 1.412468 0.050943 0.003917 -0.270822
31 1.797999 0.000000 0.000000 0.047520 0.072543 -0.580672
32 1.040624 0.000000 0.000000 0.011386 0.059319 -0.189759
33 1.076414 -1.012966 1.199772 1.833238 -0.398573 -0.228535
34 1.974704 0.000000 0.000000 0.000000 -0.133399 -0.304192
35 1.349828 -0.000000 0.000000 0.000000 0.000781 0.263659
36 3.976495 2.450275 -1.500000 -0.697897 1.277815 -2.253705
37 5.894066 0.000000 0.000000 2.134223 0.094688 -0.917400
38 11.240304 -0.000000 -0.000000 0.000000 -0.000000 -0.723023
39 11.527762 -0.000005 0.000017 -0.950708 -0.036744 -0.276068
40 3.137474 -0.211137 1.414760 0.091148 -0.209777 -0.255515
41 1.448772 0.000000 0.000000 -0.025047 -0.044445 -0.513416
42 0.782462 -0.000000 0.000000 0.073609 0.179997 -0.390727
43 3.470798 0.122196 0.569349 -0.017668 -0.121033 -0.357148
44 1.738282 0.000000 -0.000000 0.053314 0.093444 -0.519518
45 0.995115 0.000000 -0.000000 -0.002342 -0.011387 -0.202829
46 3.670982 0.090173 -0.453939 0.016704 -0.104732 -0.264439
47 2.115631 0.000000 0.000000 0.011441 0.015010 -0.651339
48 1.143825 0.000000 0.000000 -0.015877 -0.073805 -0.212095
49 3.732481 -0.068299 -1.412675 -0.047994 -0.003918 -0.270818
50 1.797999 0.000000 -0.000000 -0.047520 -0.072543 -0.580672
51 1.040624 0.000000 0.000000 -0.011386 -0.059319 -0.189759
52 1.076437 -1.009433 -1.202756 -1.830121 0.399239 -0.227320
53 1.974704 0.000000 0.000000 -0.000000 0.133399 -0.304192
54 1.349828 -0.000000 0.000000 -0.000000 -0.000781 0.263659
time 96
0 0.000000 0.000000 0.000000 1.570796 0.000000 0.000000
1 0.729827 -0.797049 29.165133 1.773465 -0.084253 -0.349137
2 0.000000 0.000000 0.000000 0.000000 0.000000 0.000000
3 3.625659 0.000000 0.000000 -2.111129 -1.081037 -1.094031
4 17.934229 0.000000 0.000000 -0.000000 -0.000000 1.238237
5 16.552128 0.000000 0.000000 -0.073273 0.417001 -1.413209
6 5.708388 -0.000000 0.000000 -0.050374 0.037013 -0.399629
7 -3.625659 0.000000 0.000000 -0.966959 -0.477048 -2.138797
8 17.934229 -0.000000 0.000000 -0.000000 -0.000000 1.448089
9 16.552128 0.000000 -0.000000 0.470285 0.046199 -1.907106
10 5.708388 -0.000000 0.000000 -0.040250 -0.041620 -0.538590
11 0.000000 3.859307 0.127612 1.583740 -0.141322 1.517984
12 4.399114 -0.000000 0.000000 -0.009361 -0.007670 -0.018290
13 3.741468 0.000000 -0.000000 -0.002516 -0.027828 0.177349
14 5.668190 -0.000000 -0.000000 -0.026917 0.023328 0.379660
15 5.245047 0.000000 0.000000 -2.973884 -0.105146 0.113100
16 3.843639 0.000000 0.000000 0.171729 -0.007921 0.883165
17 3.976495 2.450275 1.500000 0.693990 -1.213702 -2.321946
18 5.894066 0.000000 -0.000000 -1.886290 0.008746 -0.821807
19 11.240304 0.000000 0.000000 -0.000000 0.000000 -0.977845
20 11.527781 -0.000008 -0.000031 0.752452 -0.162275 -0.275446
21 3.137455 -0.206963 -1.415376 -0.088198 0.209777 -0.255519
22 1.448772 0.000000 0.000000 0.025047 0.044445 -0.513416
23 0.782462 -0.000000 -0.000000 -0.073609 -0.179997 -0.390727
24 3.470780 0.123874 -0.568986 0.020618 0.121032 -0.357152
25 1.738282 0.000000 -0.000000 -0.053314 -0.093444 -0.519518
26 0.995115 -0.000000 0.000000 0.002342 0.011387 -0.202829
27 3.670963 0.088833 0.454203 -0.013754 0.104731 -0.264443
28 2.115631 0.000000 0.000000 -0.011441 -0.015010 -0.651339
29 1.143825 -0.000000 0.000000 0.015877 0.073805 -0.212095
30 3.732462 -0.072466 1.412468 0.050943 0.003917 -0.270822
31 1.797999 0.000000 0.000000 0.047520 0.072543 -0.580672
32 1.040624 0.000000 0.000000 0.011386 0.059319 -0.189759
33 1.076414 -1.012966 1.199772 1.833238 -0.398573 -0.228535
34 1.974704 0.000000 0.000000 -0.000000 -0.133399 -0.304192
35 1.349828 0.000000 0.000000 0.000000 0.000781 0.263659
36 3.976495 2.450275 -1.500000 -0.706618 1.277966 -2.259633
37 5.894066 0.000000 0.000000 2.137566 0.089017 -0.914224
38 11.240304 0.000000 0.000000 -0.000000 0.000000 -0.725006
39 11.527762 -0.000005 0.000017 -0.947012 -0.038476 -0.277739
40 3.137474 -0.211137 1.414760 0.091148 -0.209777 -0.255515
41 1.448772 0.000000 0.000000 -0.025047 -0.044445 -0.513416
42 0.782462 -0.000000 -0.000000 0.073609 0.179997 -0.390727
43 3.470798 0.122196 0.569349 -0.017668 -0.121033 -0.357148
44 1.738282 0.000000 -0.000000 0.053314 0.093444 -0.519518
45 0.995115 0.000000 0.000000 -0.002342 -0.011387 -0.202829
46 3.670982 0.090173 -0.453939 0.016704 -0.104732 -0.264439
47 2.115631 0.000000 0.000000 0.011441 0.015010 -0.651339
48 1.143825 0.000000 0.000000 -0.015877 -0.073805 -0.212095
49 3.732481 -0.068299 -1.412675 -0.047994 -0.003918 -0.270818
50 1.797999 0.000000 0.000000 -0.047520 -0.072543 -0.580672
51 1.040624 0.000000 0.000000 -0.011386 -0.059319 -0.189759
52 1.076437 -1.009433 -1.202756 -1.830121 0.399239 -0.227320
53 1.974704 0.000000 0.000000 0.000000 0.133399 -0.304192
54 1.349828 -0.000000 0.000000 0.000000 -0.000781 0.263659
time 97
0 0.000000 0.000000 0.000000 1.570796 0.000000 0.000000
1 0.733949 -0.798017 29.463221 1.775261 -0.082522 -0.350601
2 0.000000 0.000000 0.000000 0.000000 0.000000 0.000000
3 3.625659 0.000000 0.000000 -2.097049 -1.068714 -1.109329
4 17.934229 0.000000 -0.000000 -0.000000 -0.000000 1.211707
5 16.552128 0.000000 -0.000000 -0.072422 0.414718 -1.402361
6 5.708388 0.000000 0.000000 -0.050374 0.037013 -0.400548
7 -3.625659 -0.000000 0.000000 -0.966950 -0.471705 -2.130415
8 17.934229 0.000000 0.000000 0.000000 -0.000000 1.422027
9 16.552128 -0.000000 0.000000 0.467789 0.044530 -1.892534
10 5.708388 0.000000 0.000000 -0.040250 -0.041620 -0.537472
11 0.000000 3.859307 0.127612 1.583824 -0.140828 1.518861
12 4.399114 0.000000 0.000000 -0.009562 -0.006861 -0.022007
13 3.741468 0.000000 0.000000 -0.002966 -0.026298 0.174023
14 5.668190 -0.000000 -0.000000 -0.027161 0.019809 0.378249
15 5.245047 -0.000000 0.000000 -2.971727 -0.104853 0.123063
16 3.843639 0.000000 0.000000 0.174870 -0.008825 0.876080
17 3.976495 2.450275 1.500000 0.677720 -1.214671 -2.303128
18 5.894066 -0.000000 0.000000 -1.886605 0.008940 -0.823091
19 11.240304 0.000000 -0.000000 0.000000 0.000000 -0.975315
20 11.527781 -0.000008 -0.000031 0.753158 -0.166382 -0.270745
21 3.137455 -0.206963 -1.415376 -0.088198 0.209777 -0.255519
22 1.448772 -0.000000 0.000000 0.025047 0.044445 -0.513416
23 0.782462 -0.000000 -0.000000 -0.073609 -0.179997 -0.390727
24 3.470780 0.123874 -0.568986 0.020618 0.121032 -0.357152
25 1.738282 -0.000000 -0.000000 -0.053314 -0.093444 -0.519518
26 0.995115 0.000000 0.000000 0.002342 0.011387 -0.202829
27 3.670963 0.088833 0.454203 -0.013754 0.104731 -0.264443
28 2.115631 0.000000 0.000000 -0.011441 -0.015010 -0.651339
29 1.143825 -0.000000 0.000000 0.015877 0.073805 -0.212095
30 3.732462 -0.072466 1.412468 0.050943 0.003917 -0.270822
31 1.797999 0.000000 -0.000000 0.047520 0.072543 -0.580672
32 1.040624 0.000000 0.000000 0.011386 0.059319 -0.189759
33 1.076414 -1.012966 1.199772 1.833238 -0.398573 -0.228535
34 1.974704 -0.000000 0.000000 0.000000 -0.133399 -0.304192
35 1.349828 0.000000 0.000000 0.000000 0.000781 0.263659
36 3.976495 2.450275 -1.500000 -0.704731 1.277473 -2.259178
37 5.894066 0.000000 -0.000000 2.136865 0.084131 -0.913361
38 11.240304 -0.000000 0.000000 0.000000 -0.000000 -0.723550
39 11.527762 -0.000005 0.000017 -0.946569 -0.036061 -0.276370
40 3.137474 -0.211137 1.414760 0.091148 -0.209777 -0.255515
41 1.448772 0.000000 0.000000 -0.025047 -0.044445 -0.513416
42 0.782462 0.000000 0.000000 0.073609 0.179997 -0.390727
43 3.470798 0.122196 0.569349 -0.017668 -0.121033 -0.357148
44 1.738282 0.000000 0.000000 0.053314 0.093444 -0.519518
45 0.995115 -0.000000 0.000000 -0.002342 -0.011387 -0.202829
46 3.670982 0.090173 -0.453939 0.016704 -0.104732 -0.264439
47 2.115631 0.000000 0.000000 0.011441 0.015010 -0.651339
48 1.143825 0.000000 0.000000 -0.015877 -0.073805 -0.212095
49 3.732481 -0.068299 -1.412675 -0.047994 -0.003918 -0.270818
50 1.797999 0.000000 -0.000000 -0.047520 -0.072543 -0.580672
51 1.040624 -0.000000 0.000000 -0.011386 -0.059319 -0.189759
52 1.076437 -1.009433 -1.202756 -1.830121 0.399239 -0.227320
53 1.974704 0.000000 0.000000 -0.000000 0.133399 -0.304192
54 1.349828 0.000000 -0.000000 -0.000000 -0.000781 0.263659
time 98
0 0.000000 0.000000 0.000000 1.570796 0.000000 0.000000
1 0.745504 -0.795631 29.700684 1.778113 -0.080855 -0.352615
2 0.000000 0.000000 0.000000 0.000000 0.000000 0.000000
3 3.625659 0.000000 0.000000 -2.088551 -1.059899 -1.119020
4 17.934229 0.000000 0.000000 -0.000000 -0.000000 1.190454
5 16.552128 -0.000000 0.000000 -0.071413 0.412396 -1.393346
6 5.708388 0.000000 0.000000 -0.050374 0.037013 -0.400653
7 -3.625659 0.000000 0.000000 -0.964732 -0.468296 -2.124936
8 17.934229 -0.000000 0.000000 0.000000 0.000000 1.400716
9 16.552128 0.000000 -0.000000 0.465143 0.041190 -1.881013
10 5.708388 0.000000 -0.000000 -0.040250 -0.041620 -0.535847
11 0.000000 3.859307 0.127612 1.583993 -0.139573 1.519693
12 4.399114 0.000000 -0.000000 -0.009824 -0.006201 -0.027425
13 3.741468 0.000000 -0.000000 -0.003450 -0.024581 0.170943
14 5.668190 0.000000 0.000000 -0.027581 0.015895 0.377947
15 5.245047 0.000000 -0.000000 -2.970203 -0.104384 0.131645
16 3.843639 0.000000 0.000000 0.177024 -0.009632 0.870063
17 3.976495 2.450275 1.500000 0.671432 -1.215793 -2.297758
18 5.894066 -0.000000 -0.000000 -1.889914 0.012561 -0.821583
19 11.240304 0.000000 0.000000 0.000000 0.000000 -0.973619
20 11.527781 -0.000008 -0.000031 0.754450 -0.165027 -0.268065
21 3.137455 -0.206963 -1.415376 -0.088198 0.209777 -0.255519
22 1.448772 0.000000 0.000000 0.025047 0.044445 -0.513416
23 0.782462 -0.000000 0.000000 -0.073609 -0.179997 -0.390727
24 3.470780 0.123874 -0.568986 0.020618 0.121032 -0.357152
25 1.738282 0.000000 0.000000 -0.053314 -0.093444 -0.519518
26 0.995115 0.000000 0.000000 0.002342 0.011387 -0.202829
27 3.670963 0.088833 0.454203 -0.013754 0.104731 -0.264443
28 2.115631 -0.000000 -0.000000 -0.011441 -0.015010 -0.651339
29 1.143825 0.000000 0.000000 0.015877 0.073805 -0.212095
30 3.732462 -0.072466 1.412468 0.050943 0.003917 -0.270822
31 1.797999 0.000000 0.000000 0.047520 0.072543 -0.580672
32 1.040624 0.000000 0.000000 0.011386 0.059319 -0.189759
33 1.076414 -1.012966 1.199772 1.833238 -0.398573 -0.228535
34 1.974704 -0.000000 0.000000 -0.000000 -0.133399 -0.304192
35 1.349828 -0.000000 0.000000 0.000000 0.000781 0.263659
36 3.976495 2.450275 -1.500000 -0.681489 1.276425 -2.238790
37 5.894066 0.000000 0.000000 2.133729 0.082103 -0.918337
38 11.240304 -0.000000 0.000000 0.000000 -0.000000 -0.720828
39 11.527762 -0.000005 0.000017 -0.949426 -0.035544 -0.272428
40 3.137474 -0.211137 1.414760 0.091148 -0.209777 -0.255515
41 1.448772 0.000000 0.000000 -0.025047 -0.044445 -0.513416
42 0.782462 -0.000000 0.000000 0.073609 0.179997 -0.390727
43 3.470798 0.122196 0.569349 -0.017668 -0.121033 -0.357148
44 1.738282 0.000000 0.000000 0.053314 0.093444 -0.519518
45 0.995115 -0.000000 -0.000000 -0.002342 -0.011387 -0.202829
46 3.670982 0.090173 -0.453939 0.016704 -0.104732 -0.264439
47 2.115631 -0.000000 0.000000 0.011441 0.015010 -0.651339
48 1.143825 0.000000 0.000000 -0.015877 -0.073805 -0.212095
49 3.732481 -0.068299 -1.412675 -0.047994 -0.003918 -0.270818
50 1.797999 0.000000 0.000000 -0.047520 -0.072543 -0.580672
51 1.040624 0.000000 0.000000 -0.011386 -0.059319 -0.189759
52 1.076437 -1.009433 -1.202756 -1.830121 0.399239 -0.227320
53 1.974704 0.000000 0.000000 -0.000000 0.133399 -0.304192
54 1.349828 0.000000 0.000000 0.000000 -0.000781 0.263659
time 99
0 0.000000 0.000000 0.000000 1.570796 0.000000 0.000000
1 0.760955 -0.790020 29.900419 1.781584 -0.079164 -0.354691
2 0.000000 0.000000 0.000000 0.000000 0.000000 0.000000
3 3.625659 0.000000 0.000000 -2.082356 -1.053352 -1.125998
4 17.934229 -0.000000 0.000000 0.000000 0.000000 1.172234
5 16.552128 0.000000 0.000000 -0.071123 0.410062 -1.385659
6 5.708388 0.000000 0.000000 -0.050374 0.037013 -0.400665
7 -3.625659 0.000000 -0.000000 -0.961261 -0.466100 -2.120914
8 17.934229 0.000000 -0.000000 -0.000000 0.000000 1.382404
9 16.552128 -0.000000 -0.000000 0.462497 0.037352 -1.871443
10 5.708388 -0.000000 0.000000 -0.040250 -0.041620 -0.533799
11 0.000000 3.859307 0.127612 1.583968 -0.137784 1.520459
12 4.399114 0.000000 -0.000000 -0.010065 -0.005805 -0.033674
13 3.741468 0.000000 -0.000000 -0.004152 -0.022027 0.168127
14 5.668190 0.000000 0.000000 -0.028069 0.011488 0.378363
15 5.245047 0.000000 0.000000 -2.969471 -0.103915 0.139509
16 3.843639 0.000000 -0.000000 0.178174 -0.009880 0.864804
17 3.976495 2.450275 1.500000 0.668031 -1.217283 -2.297078
18 5.894066 -0.000000 0.000000 -1.891572 0.017055 -0.819532
19 11.240304 -0.000000 -0.000000 -0.000000 0.000000 -0.971861
20 11.527781 -0.000008 -0.000031 0.755369 -0.163149 -0.265257
21 3.137455 -0.206963 -1.415376 -0.088198 0.209777 -0.255519
22 1.448772 0.000000 -0.000000 0.025047 0.044445 -0.513416
23 0.782462 0.000000 0.000000 -0.073609 -0.179997 -0.390727
24 3.470780 0.123874 -0.568986 0.020618 0.121032 -0.357152
25 1.738282 0.000000 0.000000 -0.053314 -0.093444 -0.519518
26 0.995115 0.000000 0.000000 0.002342 0.011387 -0.202829
27 3.670963 0.088833 0.454203 -0.013754 0.104731 -0.264443
28 2.115631 0.000000 0.000000 -0.011441 -0.015010 -0.651339
29 1.143825 -0.000000 0.000000 0.015877 0.073805 -0.212095
30 3.732462 -0.072466 1.412468 0.050943 0.003917 -0.270822
31 1.797999 0.000000 0.000000 0.047520 0.072543 -0.580672
32 1.040624 0.000000 0.000000 0.011386 0.059319 -0.189759
33 1.076414 -1.012966 1.199772 1.833238 -0.398573 -0.228535
34 1.974704 0.000000 0.000000 0.000000 -0.133399 -0.304192
35 1.349828 0.000000 0.000000 0.000000 0.000781 0.263659
36 3.976495 2.450275 -1.500000 -0.699912 1.277747 -2.260312
37 5.894066 0.000000 0.000000 2.140541 0.074565 -0.914302
38 11.240304 0.000000 0.000000 0.000000 -0.000000 -0.722137
39 11.527762 -0.000005 0.000017 -0.952745 -0.037256 -0.269820
40 3.137474 -0.211137 1.414760 0.091148 -0.209777 -0.255515
41 1.448772 -0.000000 0.000000 -0.025047 -0.044445 -0.513416
42 0.782462 0.000000 0.000000 0.073609 0.179997 -0.390727
43 3.470798 0.122196 0.569349 -0.017668 -0.121033 -0.357148
44 1.738282 0.000000 0.000000 0.053314 0.093444 -0.519518
45 0.995115 0.000000 0.000000 -0.002342 -0.011387 -0.202829
46 3.670982 0.090173 -0.453939 0.016704 -0.104732 -0.264439
47 2.115631 0.000000 0.000000 0.011441 0.015010 -0.651339
48 1.143825 -0.000000 0.000000 -0.015877 -0.073805 -0.212095
49 3.732481 -0.068299 -1.412675 -0.047994 -0.003918 -0.270818
50 1.797999 0.000000 -0.000000 -0.047520 -0.072543 -0.580672
51 1.040624 -0.000000 0.000000 -0.011386 -0.059319 -0.189759
52 1.076437 -1.009433 -1.202756 -1.830121 0.399239 -0.227320
53 1.974704 0.000000 0.000000 -0.000000 0.133399 -0.304192
54 1.349828 -0.000000 0.000000 0.000000 -0.000781 0.263659
time 100
0 0.000000 0.000000 0.000000 1.570796 0.000000 0.000000
1 0.776940 -0.785923 30.077452 1.784632 -0.077457 -0.356660
2 0.000000 0.000000 0.000000 0.000000 0.000000 0.000000
3 3.625659 -0.000000 0.000000 -2.076556 -1.047416 -1.132148
4 17.934229 0.000000 -0.000000 0.000000 0.000000 1.155881
5 16.552128 0.000000 0.000000 -0.071313 0.407760 -1.379070
6 5.708388 0.000000 -0.000000 -0.050374 0.037013 -0.400487
7 -3.625659 -0.000000 0.000000 -0.958083 -0.463935 -2.117072
8 17.934229 0.000000 0.000000 0.000000 0.000000 1.365741
9 16.552128 -0.000000 -0.000000 0.459905 0.033978 -1.863067
10 5.708388 0.000000 0.000000 -0.040250 -0.041620 -0.531535
11 0.000000 3.859307 0.127612 1.583778 -0.136216 1.521104
12 4.399114 0.000000 -0.000000 -0.010371 -0.005348 -0.038865
13 3.741468 -0.000000 0.000000 -0.004724 -0.020151 0.165305
14 5.668190 0.000000 0.000000 -0.028380 0.008072 0.378255
15 5.245047 -0.000000 -0.000000 -2.969463 -0.103666 0.145120
16 3.843639 0.000000 0.000000 0.178629 -0.010263 0.861751
17 3.976495 2.450275 1.500000 0.657259 -1.218421 -2.291536
18 5.894066 -0.000000 0.000000 -1.889132 0.021721 -0.818987
19 11.240304 0.000000 0.000000 0.000000 -0.000000 -0.969666
20 11.527781 -0.000008 -0.000031 0.755438 -0.160509 -0.265960
21 3.137455 -0.206963 -1.415376 -0.088198 0.209777 -0.255519
22 1.448772 0.000000 0.000000 0.025047 0.044445 -0.513416
23 0.782462 0.000000 0.000000 -0.073609 -0.179997 -0.390727
24 3.470780 0.123874 -0.568986 0.020618 0.121032 -0.357152
25 1.738282 0.000000 -0.000000 -0.053314 -0.093444 -0.519518
26 0.995115 0.000000 -0.000000 0.002342 0.011387 -0.202829
27 3.670963 0.088833 0.454203 -0.013754 0.104731 -0.264443
28 2.115631 0.000000 0.000000 -0.011441 -0.015010 -0.651339
29 1.143825 0.000000 0.000000 0.015877 0.073805 -0.212095
30 3.732462 -0.072466 1.412468 0.050943 0.003917 -0.270822
31 1.797999 -0.000000 0.000000 0.047520 0.072543 -0.580672
32 1.040624 0.000000 -0.000000 0.011386 0.059319 -0.189759
33 1.076414 -1.012966 1.199772 1.833238 -0.398573 -0.228535
34 1.974704 0.000000 0.000000 0.000000 -0.133399 -0.304192
35 1.349828 0.000000 0.000000 0.000000 0.000781 0.263659
36 3.976495 2.450275 -1.500000 -0.710878 1.279267 -2.276827
37 5.894066 0.000000 0.000000 2.144061 0.065582 -0.911381
38 11.240304 0.000000 0.000000 -0.000000 0.000000 -0.723909
39 11.527762 -0.000005 0.000017 -0.954401 -0.040068 -0.268023
40 3.137474 -0.211137 1.414760 0.091148 -0.209777 -0.255515
41 1.448772 0.000000 0.000000 -0.025047 -0.044445 -0.513416
42 0.782462 0.000000 0.000000 0.073609 0.179997 -0.390727
43 3.470798 0.122196 0.569349 -0.017668 -0.121033 -0.357148
44 1.738282 0.000000 -0.000000 0.053314 0.093444 -0.519518
45 0.995115 0.000000 0.000000 -0.002342 -0.011387 -0.202829
46 3.670982 0.090173 -0.453939 0.016704 -0.104732 -0.264439
47 2.115631 0.000000 0.000000 0.011441 0.015010 -0.651339
48 1.143825 -0.000000 0.000000 -0.015877 -0.073805 -0.212095
49 3.732481 -0.068299 -1.412675 -0.047994 -0.003918 -0.270818
50 1.797999 -0.000000 0.000000 -0.047520 -0.072543 -0.580672
51 1.040624 0.000000 0.000000 -0.011386 -0.059319 -0.189759
52 1.076437 -1.009433 -1.202756 -1.830121 0.399239 -0.227320
53 1.974704 0.000000 -0.000000 0.000000 0.133399 -0.304192
54 1.349828 0.000000 0.000000 0.000000 -0.000781 0.263659
time 101
0 0.000000 0.000000 0.000000 1.570796 0.000000 0.000000
1 0.794604 -0.782619 30.223206 1.787357 -0.075803 -0.358530
2 0.000000 0.000000 0.000000 0.000000 0.000000 0.000000
3 3.625659 0.000000 0.000000 -2.071790 -1.042619 -1.136907
4 17.934229 0.000000 0.000000 -0.000000 -0.000000 1.142273
5 16.552128 0.000000 0.000000 -0.071950 0.405587 -1.373937
6 5.708388 0.000000 -0.000000 -0.050374 0.037013 -0.399871
7 -3.625659 0.000000 -0.000000 -0.955034 -0.462221 -2.113920
8 17.934229 0.000000 0.000000 -0.000000 -0.000000 1.351689
9 16.552128 0.000000 -0.000000 0.457582 0.030862 -1.856214
10 5.708388 0.000000 0.000000 -0.040250 -0.041620 -0.529071
11 0.000000 3.859307 0.127612 1.583626 -0.135474 1.521623
12 4.399114 -0.000000 0.000000 -0.010557 -0.004936 -0.042730
13 3.741468 0.000000 0.000000 -0.005104 -0.019016 0.161638
14 5.668190 -0.000000 0.000000 -0.028513 0.006005 0.376591
15 5.245047 -0.000000 -0.000000 -2.970630 -0.103288 0.151694
16 3.843639 -0.000000 0.000000 0.177998 -0.010230 0.857350
17 3.976495 2.450275 1.500000 0.633299 -1.218512 -2.275817
18 5.894066 0.000000 0.000000 -1.878869 0.026289 -0.820925
19 11.240304 0.000000 0.000000 -0.000000 -0.000000 -0.965900
20 11.527781 -0.000008 -0.000031 0.754834 -0.163939 -0.267521
21 3.137455 -0.206963 -1.415376 -0.088198 0.209777 -0.255519
22 1.448772 0.000000 0.000000 0.025047 0.044445 -0.513416
23 0.782462 0.000000 -0.000000 -0.073609 -0.179997 -0.390727
24 3.470780 0.123874 -0.568986 0.020618 0.121032 -0.357152
25 1.738282 0.000000 -0.000000 -0.053314 -0.093444 -0.519518
26 0.995115 0.000000 0.000000 0.002342 0.011387 -0.202829
27 3.670963 0.088833 0.454203 -0.013754 0.104731 -0.264443
28 2.115631 0.000000 0.000000 -0.011441 -0.015010 -0.651339
29 1.143825 0.000000 -0.000000 0.015877 0.073805 -0.212095
30 3.732462 -0.072466 1.412468 0.050943 0.003917 -0.270822
31 1.797999 0.000000 0.000000 0.047520 0.072543 -0.580672
32 1.040624 0.000000 0.000000 0.011386 0.059319 -0.189759
33 1.076414 -1.012966 1.199772 1.833238 -0.398573 -0.228535
34 1.974704 -0.000000 0.000000 -0.000000 -0.133399 -0.304192
35 1.349828 0.000000 0.000000 0.000000 0.000781 0.263659
36 3.976495 2.450275 -1.500000 -0.696449 1.280755 -2.269559
37 5.894066 0.000000 -0.000000 2.142489 0.056543 -0.913495
38 11.240304 0.000000 0.000000 0.000000 -0.000000 -0.725452
39 11.527762 -0.000005 0.000017 -0.953177 -0.041940 -0.268186
40 3.137474 -0.211137 1.414760 0.091148 -0.209777 -0.255515
41 1.448772 0.000000 0.000000 -0.025047 -0.044445 -0.513416
42 0.782462 0.000000 -0.000000 0.073609 0.179997 -0.390727
43 3.470798 0.122196 0.569349 -0.017668 -0.121033 -0.357148
44 1.738282 0.000000 0.000000 0.053314 0.093444 -0.519518
45 0.995115 0.000000 -0.000000 -0.002342 -0.011387 -0.202829
46 3.670982 0.090173 -0.453939 0.016704 -0.104732 -0.264439
47 2.115631 0.000000 0.000000 0.011441 0.015010 -0.651339
48 1.143825 -0.000000 -0.000000 -0.015877 -0.073805 -0.212095
49 3.732481 -0.068299 -1.412675 -0.047994 -0.003918 -0.270818
50 1.797999 0.000000 0.000000 -0.047520 -0.072543 -0.580672
51 1.040624 0.000000 -0.000000 -0.011386 -0.059319 -0.189759
52 1.076437 -1.009433 -1.202756 -1.830121 0.399239 -0.227320
53 1.974704 0.000000 0.000000 -0.000000 0.133399 -0.304192
54 1.349828 0.000000 0.000000 -0.000000 -0.000781 0.263659
time 102
0 0.000000 0.000000 0.000000 1.570796 0.000000 0.000000
1 0.816575 -0.780392 30.327408 1.789585 -0.074259 -0.360186
2 0.000000 0.000000 0.000000 0.000000 0.000000 0.000000
3 3.625659 0.000000 -0.000000 -2.068251 -1.039457 -1.140097
4 17.934229 0.000000 0.000000 0.000000 0.000000 1.132543
5 16.552128 0.000000 -0.000000 -0.072887 0.403539 -1.370703
6 5.708388 0.000000 -0.000000 -0.050374 0.037013 -0.398872
7 -3.625659 0.000000 -0.000000 -0.953933 -0.461972 -2.111068
8 17.934229 0.000000 0.000000 0.000000 0.000000 1.341610
9 16.552128 0.000000 0.000000 0.456086 0.029806 -1.850730
10 5.708388 0.000000 0.000000 -0.040250 -0.041620 -0.527521
11 0.000000 3.859307 0.127612 1.583402 -0.135288 1.522012
12 4.399114 0.000000 0.000000 -0.010702 -0.004467 -0.045810
13 3.741468 0.000000 -0.000000 -0.005380 -0.018247 0.157757
14 5.668190 -0.000000 -0.000000 -0.028612 0.004869 0.374338
15 5.245047 -0.000000 -0.000000 -2.972546 -0.103047 0.159178
16 3.843639 0.000000 0.000000 0.176581 -0.009568 0.851491
17 3.976495 2.450275 1.500000 0.606922 -1.218855 -2.261209
18 5.894066 0.000000 -0.000000 -1.869898 0.032205 -0.825584
19 11.240304 0.000000 0.000000 0.000000 0.000000 -0.960879
20 11.527781 -0.000008 -0.000031 0.758259 -0.168163 -0.268522
21 3.137455 -0.206963 -1.415376 -0.088198 0.209777 -0.255519
22 1.448772 0.000000 0.000000 0.025047 0.044445 -0.513416
23 0.782462 0.000000 -0.000000 -0.073609 -0.179997 -0.390727
24 3.470780 0.123874 -0.568986 0.020618 0.121032 -0.357152
25 1.738282 0.000000 0.000000 -0.053314 -0.093444 -0.519518
26 0.995115 -0.000000 0.000000 0.002342 0.011387 -0.202829
27 3.670963 0.088833 0.454203 -0.013754 0.104731 -0.264443
28 2.115631 0.000000 0.000000 -0.011441 -0.015010 -0.651339
29 1.143825 0.000000 -0.000000 0.015877 0.073805 -0.212095
30 3.732462 -0.072466 1.412468 0.050943 0.003917 -0.270822
31 1.797999 0.000000 0.000000 0.047520 0.072543 -0.580672
32 1.040624 0.000000 0.000000 0.011386 0.059319 -0.189759
33 1.076414 -1.012966 1.199772 1.833238 -0.398573 -0.228535
34 1.974704 0.000000 -0.000000 0.000000 -0.133399 -0.304192
35 1.349828 0.000000 0.000000 0.000000 0.000781 0.263659
36 3.976495 2.450275 -1.500000 -0.669000 1.280799 -2.247872
37 5.894066 -0.000000 0.000000 2.139916 0.051953 -0.918323
38 11.240304 -0.000000 0.000000 -0.000000 0.000000 -0.725672
39 11.527762 -0.000005 0.000017 -0.952909 -0.039168 -0.270638
40 3.137474 -0.211137 1.414760 0.091148 -0.209777 -0.255515
41 1.448772 0.000000 0.000000 -0.025047 -0.044445 -0.513416
42 0.782462 0.000000 0.000000 0.073609 0.179997 -0.390727
43 3.470798 0.122196 0.569349 -0.017668 -0.121033 -0.357148
44 1.738282 0.000000 0.000000 0.053314 0.093444 -0.519518
45 0.995115 0.000000 0.000000 -0.002342 -0.011387 -0.202829
46 3.670982 0.090173 -0.453939 0.016704 -0.104732 -0.264439
47 2.115631 -0.000000 0.000000 0.011441 0.015010 -0.651339
48 1.143825 0.000000 0.000000 -0.015877 -0.073805 -0.212095
49 3.732481 -0.068299 -1.412675 -0.047994 -0.003918 -0.270818
50 1.797999 0.000000 0.000000 -0.047520 -0.072543 -0.580672
51 1.040624 0.000000 -0.000000 -0.011386 -0.059319 -0.189759
52 1.076437 -1.009433 -1.202756 -1.830121 0.399239 -0.227320
53 1.974704 0.000000 0.000000 0.000000 0.133399 -0.304192
54 1.349828 0.000000 0.000000 0.000000 -0.000781 0.263659
time 103
0 0.000000 0.000000 0.000000 1.570796 0.000000 0.000000
1 0.844333 -0.778100 30.380459 1.791335 -0.072896 -0.361623
2 0.000000 0.000000 0.000000 0.000000 0.000000 0.000000
3 3.625659 0.000000 0.000000 -2.066509 -1.038521 -1.141177
4 17.934229 0.000000 0.000000 0.000000 -0.000000 1.127701
5 16.552128 0.000000 0.000000 -0.074007 0.401639 -1.369624
6 5.708388 0.000000 0.000000 -0.050374 0.037013 -0.397669
7 -3.625659 0.000000 0.000000 -0.953818 -0.462934 -2.109242
8 17.934229 0.000000 0.000000 0.000000 0.000000 1.336076
9 16.552128 -0.000000 0.000000 0.455463 0.029899 -1.847922
10 5.708388 0.000000 0.000000 -0.040250 -0.041620 -0.526025
11 -0.000000 3.859307 0.127612 1.583067 -0.135431 1.522186
12 4.399114 0.000000 -0.000000 -0.010829 -0.004023 -0.048360
13 3.741468 0.000000 -0.000000 -0.005614 -0.017615 0.154130
14 5.668190 0.000000 0.000000 -0.028663 0.004464 0.372089
15 5.245047 0.000000 0.000000 -2.974323 -0.102636 0.164626
16 3.843639 0.000000 0.000000 0.175044 -0.009034 0.847202
17 3.976495 2.450275 1.500000 0.600589 -1.220767 -2.258216
18 5.894066 -0.000000 0.000000 -1.868895 0.036188 -0.827799
19 11.240304 -0.000000 -0.000000 -0.000000 -0.000000 -0.960258
20 11.527781 -0.000008 -0.000031 0.761165 -0.169511 -0.268605
21 3.137455 -0.206963 -1.415376 -0.088198 0.209777 -0.255519
22 1.448772 0.000000 0.000000 0.025047 0.044445 -0.513416
23 0.782462 0.000000 -0.000000 -0.073609 -0.179997 -0.390727
24 3.470780 0.123874 -0.568986 0.020618 0.121032 -0.357152
25 1.738282 0.000000 -0.000000 -0.053314 -0.093444 -0.519518
26 0.995115 0.000000 0.000000 0.002342 0.011387 -0.202829
27 3.670963 0.088833 0.454203 -0.013754 0.104731 -0.264443
28 2.115631 -0.000000 0.000000 -0.011441 -0.015010 -0.651339
29 1.143825 -0.000000 0.000000 0.015877 0.073805 -0.212095
30 3.732462 -0.072466 1.412468 0.050943 0.003917 -0.270822
31 1.797999 0.000000 0.000000 0.047520 0.072543 -0.580672
32 1.040624 -0.000000 0.000000 0.011386 0.059319 -0.189759
33 1.076414 -1.012966 1.199772 1.833238 -0.398573 -0.228535
34 1.974704 0.000000 0.000000 0.000000 -0.133399 -0.304192
35 1.349828 0.000000 0.000000 0.000000 0.000781 0.263659
36 3.976495 2.450275 -1.500000 -0.637758 1.278641 -2.220155
37 5.894066 0.000000 -0.000000 2.135767 0.052624 -0.923114
38 11.240304 -0.000000 0.000000 0.000000 -0.000000 -0.725013
39 11.527762 -0.000005 0.000017 -0.954705 -0.032779 -0.272272
40 3.137474 -0.211137 1.414760 0.091148 -0.209777 -0.255515
41 1.448772 0.000000 0.000000 -0.025047 -0.044445 -0.513416
42 0.782462 -0.000000 0.000000 0.073609 0.179997 -0.390727
43 3.470798 0.122196 0.569349 -0.017668 -0.121033 -0.357148
44 1.738282 0.000000 0.000000 0.053314 0.093444 -0.519518
45 0.995115 0.000000 0.000000 -0.002342 -0.011387 -0.202829
46 3.670982 0.090173 -0.453939 0.016704 -0.104732 -0.264439
47 2.115631 0.000000 0.000000 0.011441 0.015010 -0.651339
48 1.143825 -0.000000 0.000000 -0.015877 -0.073805 -0.212095
49 3.732481 -0.068299 -1.412675 -0.047994 -0.003918 -0.270818
50 1.797999 0.000000 0.000000 -0.047520 -0.072543 -0.580672
51 1.040624 0.000000 -0.000000 -0.011386 -0.059319 -0.189759
52 1.076437 -1.009433 -1.202756 -1.830121 0.399239 -0.227320
53 1.974704 0.000000 0.000000 -0.000000 0.133399 -0.304192
54 1.349828 0.000000 0.000000 0.000000 -0.000781 0.263659
end
