version 1
nodes
0 "Smoker" -1
1 "ValveBiped.Bip01" -1
2 "ValveBiped.Bip01_Pelvis" 1
3 "ValveBiped.Bip01_L_Thigh" 2
4 "ValveBiped.Bip01_L_Calf" 3
5 "ValveBiped.Bip01_L_Foot" 4
6 "ValveBiped.Bip01_L_Toe0" 5
7 "ValveBiped.Bip01_R_Thigh" 2
8 "ValveBiped.Bip01_R_Calf" 7
9 "ValveBiped.Bip01_R_Foot" 8
10 "ValveBiped.Bip01_R_Toe0" 9
11 "ValveBiped.Bip01_Spine" 1
12 "ValveBiped.Bip01_Spine1" 11
13 "ValveBiped.Bip01_Spine2" 12
14 "ValveBiped.Bip01_Spine4" 13
15 "ValveBiped.Bip01_Neck1" 14
16 "ValveBiped.Bip01_Head1" 15
17 "ValveBiped.Bip01_L_Clavicle" 14
18 "ValveBiped.Bip01_L_UpperArm" 17
19 "ValveBiped.Bip01_L_Forearm" 18
20 "ValveBiped.Bip01_L_Hand" 19
21 "ValveBiped.Bip01_L_Finger4" 20
22 "ValveBiped.Bip01_L_Finger41" 21
23 "ValveBiped.Bip01_L_Finger42" 22
24 "ValveBiped.Bip01_L_Finger3" 20
25 "ValveBiped.Bip01_L_Finger31" 24
26 "ValveBiped.Bip01_L_Finger32" 25
27 "ValveBiped.Bip01_L_Finger2" 20
28 "ValveBiped.Bip01_L_Finger21" 27
29 "ValveBiped.Bip01_L_Finger22" 28
30 "ValveBiped.Bip01_L_Finger1" 20
31 "ValveBiped.Bip01_L_Finger11" 30
32 "ValveBiped.Bip01_L_Finger12" 31
33 "ValveBiped.Bip01_L_Finger0" 20
34 "ValveBiped.Bip01_L_Finger01" 33
35 "ValveBiped.Bip01_L_Finger02" 34
36 "ValveBiped.Bip01_R_Clavicle" 14
37 "ValveBiped.Bip01_R_UpperArm" 36
38 "ValveBiped.Bip01_R_Forearm" 37
39 "ValveBiped.Bip01_R_Hand" 38
40 "ValveBiped.Bip01_R_Finger4" 39
41 "ValveBiped.Bip01_R_Finger41" 40
42 "ValveBiped.Bip01_R_Finger42" 41
43 "ValveBiped.Bip01_R_Finger3" 39
44 "ValveBiped.Bip01_R_Finger31" 43
45 "ValveBiped.Bip01_R_Finger32" 44
46 "ValveBiped.Bip01_R_Finger2" 39
47 "ValveBiped.Bip01_R_Finger21" 46
48 "ValveBiped.Bip01_R_Finger22" 47
49 "ValveBiped.Bip01_R_Finger1" 39
50 "ValveBiped.Bip01_R_Finger11" 49
51 "ValveBiped.Bip01_R_Finger12" 50
52 "ValveBiped.Bip01_R_Finger0" 39
53 "ValveBiped.Bip01_R_Finger01" 52
54 "ValveBiped.Bip01_R_Finger02" 53
end
skeleton
time 0
0 0.000000 0.000000 0.000000 1.570796 0.000000 0.000000
1 -0.000000 -0.000002 38.195301 1.465125 -0.128074 0.154223
2 0.000000 0.000000 0.000000 0.000000 0.000000 0.000000
3 3.890447 0.000000 0.000000 -1.662513 -0.181751 -1.440121
4 20.402582 0.000000 0.000000 -0.000000 -0.000000 0.675869
5 17.754948 0.000000 0.000000 -0.255190 0.202299 -1.555929
6 5.733515 0.000000 0.000000 0.009676 -0.019067 -0.369134
7 -3.890447 0.000000 -0.000000 -1.306591 -0.065955 -2.051573
8 20.402582 -0.000000 -0.000000 0.000000 0.000000 0.720025
9 17.754948 0.000000 0.000000 0.348475 -0.118871 -1.641107
10 5.733515 -0.000000 0.000000 -0.098176 0.014456 -0.338933
11 0.000000 3.345132 -1.055022 1.539354 0.039572 1.719429
12 4.232848 0.000000 0.000000 -0.019052 0.125830 0.136569
13 4.327481 0.000000 0.000000 -0.005436 0.042701 0.188049
14 6.430522 0.000000 0.000000 0.121929 0.275218 0.487988
15 5.754028 -0.000000 0.000000 2.868355 -0.090886 0.427552
16 4.208960 0.000000 0.000000 -0.080032 0.162428 1.053319
17 4.203462 1.484258 1.588960 -0.275662 -1.108029 -1.456265
18 5.124548 0.000000 0.000000 -0.880921 -0.210917 -1.529367
19 11.580950 0.000000 0.000000 -0.000000 0.000000 -0.782534
20 11.182189 -0.000002 -0.000032 1.481834 0.020946 -0.326272
21 3.342010 -0.071954 -1.535773 0.070874 0.142154 -0.247798
22 1.760565 -0.000000 0.000000 0.003707 0.008347 -0.417902
23 0.946777 0.000000 0.000000 -0.059844 -0.161510 -0.356655
24 3.650005 0.195886 -0.591614 0.065848 0.111437 -0.286501
25 1.940476 0.000000 -0.000000 -0.063015 -0.157361 -0.382781
26 1.194153 0.000000 -0.000000 0.017478 0.067896 -0.252168
27 3.920878 0.176868 0.421353 0.034918 -0.002119 -0.237374
28 2.398545 0.000000 -0.000000 -0.016327 -0.028042 -0.527349
29 1.228913 0.000000 0.000000 0.006292 0.038933 -0.160270
30 3.969047 0.108842 1.535248 0.028607 -0.031328 -0.228206
31 1.959841 -0.000000 0.000000 0.054600 0.111020 -0.458274
32 1.099742 0.000000 0.000000 0.010217 0.062642 -0.161791
33 1.244744 -0.896944 1.073525 1.541960 -0.431286 -0.187296
34 1.976136 0.000000 0.000000 -0.000000 -0.068928 -0.257871
35 1.377138 0.000000 0.000000 0.000000 -0.022268 0.192117
36 4.203462 1.484258 -1.588960 -0.424971 1.200534 -2.087742
37 5.124548 -0.000000 0.000000 2.086537 0.547969 -0.775014
38 11.580950 -0.000000 -0.000000 0.000000 0.000000 -0.487879
39 11.182171 -0.000002 0.000017 -1.784945 0.056724 -0.342748
40 3.342029 -0.078177 1.535469 -0.066822 -0.142155 -0.247795
41 1.760565 0.000000 0.000000 -0.003707 -0.008347 -0.417902
42 0.946777 0.000000 0.000000 0.059844 0.161510 -0.356655
43 3.650023 0.193487 0.592403 -0.061796 -0.111438 -0.286498
44 1.940476 -0.000000 0.000000 0.063015 0.157361 -0.382781
45 1.194153 0.000000 -0.000000 -0.017478 -0.067896 -0.252168
46 3.920897 0.178574 -0.420632 -0.030866 0.002118 -0.237370
47 2.398545 -0.000000 0.000000 0.016327 0.028042 -0.527349
48 1.228913 0.000000 0.000000 -0.006292 -0.038933 -0.160270
49 3.969067 0.115063 -1.534794 -0.024555 0.031327 -0.228202
50 1.959841 0.000000 -0.000000 -0.054600 -0.111020 -0.458274
51 1.099742 0.000000 0.000000 -0.010217 -0.062642 -0.161791
52 1.244767 -0.892595 -1.077153 -1.537577 0.432036 -0.185459
53 1.976136 0.000000 0.000000 -0.000000 0.068928 -0.257871
54 1.377138 0.000000 0.000000 0.000000 0.022268 0.192117
time 1
0 0.000000 0.000000 0.000000 1.570796 0.000000 0.000000
1 -0.001914 -0.058575 38.204849 1.466019 -0.127502 0.154589
2 0.000000 0.000000 0.000000 0.000000 0.000000 0.000000
3 3.890447 0.000000 0.000000 -1.659927 -0.180756 -1.439732
4 20.402582 -0.000000 0.000000 -0.000000 0.000000 0.674179
5 17.754948 0.000000 0.000000 -0.256416 0.200736 -1.555681
6 5.733515 -0.000000 -0.000000 0.009675 -0.019077 -0.369769
7 -3.890447 0.000000 -0.000000 -1.306301 -0.063899 -2.050266
8 20.402582 0.000000 -0.000000 -0.000000 -0.000000 0.717485
9 17.754948 0.000000 -0.000000 0.348530 -0.118275 -1.641457
10 5.733515 0.000000 0.000000 -0.098177 0.014451 -0.338655
11 -0.000000 3.345132 -1.055022 1.539703 0.041914 1.720026
12 4.232848 -0.000000 0.000000 -0.018859 0.126334 0.135505
13 4.327481 0.000000 0.000000 -0.005165 0.042868 0.188351
14 6.430522 0.000000 -0.000000 0.119362 0.270296 0.487360
15 5.754028 0.000000 0.000000 2.871716 -0.094537 0.417031
16 4.208960 0.000000 0.000000 -0.078114 0.160456 1.056606
17 4.203462 1.484258 1.588960 -0.273716 -1.102908 -1.456653
18 5.124548 -0.000000 0.000000 -0.879638 -0.209129 -1.530469
19 11.580950 -0.000000 -0.000000 0.000000 0.000000 -0.779952
20 11.182189 -0.000002 -0.000032 1.480910 0.023134 -0.323751
21 3.342010 -0.071954 -1.535773 0.070874 0.142154 -0.247798
22 1.760565 0.000000 0.000000 0.003707 0.008347 -0.417902
23 0.946777 0.000000 -0.000000 -0.059844 -0.161510 -0.356655
24 3.650005 0.195886 -0.591614 0.065848 0.111437 -0.286501
25 1.940476 0.000000 -0.000000 -0.063015 -0.157361 -0.382781
26 1.194153 -0.000000 0.000000 0.017478 0.067896 -0.252168
27 3.920878 0.176868 0.421353 0.034918 -0.002119 -0.237374
28 2.398545 0.000000 0.000000 -0.016327 -0.028042 -0.527349
29 1.228913 0.000000 -0.000000 0.006292 0.038933 -0.160270
30 3.969047 0.108842 1.535248 0.028607 -0.031328 -0.228206
31 1.959841 0.000000 -0.000000 0.054600 0.111020 -0.458274
32 1.099742 0.000000 -0.000000 0.010217 0.062642 -0.161791
33 1.244744 -0.896944 1.073525 1.541960 -0.431286 -0.187296
34 1.976136 0.000000 -0.000000 -0.000000 -0.068928 -0.257871
35 1.377138 -0.000000 0.000000 0.000000 -0.022268 0.192117
36 4.203462 1.484258 -1.588960 -0.441346 1.197177 -2.103601
37 5.124548 0.000000 -0.000000 2.139581 0.531751 -0.781481
38 11.580950 0.000000 -0.000000 -0.000000 0.000000 -0.424270
39 11.182171 -0.000002 0.000017 -1.850803 0.057147 -0.326901
40 3.342029 -0.078177 1.535469 -0.066822 -0.142155 -0.247795
41 1.760565 0.000000 0.000000 -0.003707 -0.008347 -0.417902
42 0.946777 0.000000 0.000000 0.059844 0.161510 -0.356655
43 3.650023 0.193487 0.592403 -0.061796 -0.111438 -0.286498
44 1.940476 0.000000 0.000000 0.063015 0.157361 -0.382781
45 1.194153 0.000000 0.000000 -0.017478 -0.067896 -0.252168
46 3.920897 0.178574 -0.420632 -0.030866 0.002118 -0.237370
47 2.398545 -0.000000 0.000000 0.016327 0.028042 -0.527349
48 1.228913 -0.000000 0.000000 -0.006292 -0.038933 -0.160270
49 3.969067 0.115063 -1.534794 -0.024555 0.031327 -0.228202
50 1.959841 -0.000000 0.000000 -0.054600 -0.111020 -0.458274
51 1.099742 0.000000 0.000000 -0.010217 -0.062642 -0.161791
52 1.244767 -0.892595 -1.077153 -1.537577 0.432036 -0.185459
53 1.976136 0.000000 0.000000 0.000000 0.068928 -0.257871
54 1.377138 -0.000000 0.000000 -0.000000 0.022268 0.192117
time 2
0 0.000000 0.000000 0.000000 1.570796 0.000000 0.000000
1 0.003695 -0.100327 38.211155 1.466912 -0.126625 0.154260
2 0.000000 0.000000 0.000000 0.000000 0.000000 0.000000
3 3.890447 0.000000 0.000000 -1.657835 -0.180932 -1.439424
4 20.402582 0.000000 -0.000000 -0.000000 -0.000000 0.674941
5 17.754948 -0.000000 -0.000000 -0.257074 0.198782 -1.556024
6 5.733515 0.000000 0.000000 0.009674 -0.019084 -0.370161
7 -3.890447 0.000000 -0.000000 -1.306365 -0.062618 -2.048907
8 20.402582 -0.000000 0.000000 0.000000 0.000000 0.715096
9 17.754948 -0.000000 -0.000000 0.348595 -0.117926 -1.641435
10 5.733515 0.000000 0.000000 -0.098178 0.014444 -0.338204
11 0.000000 3.345132 -1.055022 1.539506 0.043368 1.720942
12 4.232848 0.000000 0.000000 -0.018952 0.126712 0.134426
13 4.327481 0.000000 0.000000 -0.005125 0.043055 0.187594
14 6.430522 0.000000 0.000000 0.116998 0.266043 0.486166
15 5.754028 -0.000000 0.000000 2.873630 -0.099502 0.407272
16 4.208960 0.000000 -0.000000 -0.075788 0.159234 1.059839
17 4.203462 1.484258 1.588960 -0.270941 -1.097442 -1.461556
18 5.124548 -0.000000 0.000000 -0.876931 -0.203338 -1.530676
19 11.580950 0.000000 0.000000 0.000000 0.000000 -0.775967
20 11.182189 -0.000002 -0.000032 1.483714 0.028591 -0.319323
21 3.342010 -0.071954 -1.535773 0.070874 0.142154 -0.247798
22 1.760565 0.000000 0.000000 0.003707 0.008347 -0.417902
23 0.946777 0.000000 -0.000000 -0.059844 -0.161510 -0.356655
24 3.650005 0.195886 -0.591614 0.065848 0.111437 -0.286501
25 1.940476 0.000000 -0.000000 -0.063015 -0.157361 -0.382781
26 1.194153 -0.000000 -0.000000 0.017478 0.067896 -0.252168
27 3.920878 0.176868 0.421353 0.034918 -0.002119 -0.237374
28 2.398545 0.000000 0.000000 -0.016327 -0.028042 -0.527349
29 1.228913 0.000000 0.000000 0.006292 0.038933 -0.160270
30 3.969047 0.108842 1.535248 0.028607 -0.031328 -0.228206
31 1.959841 -0.000000 0.000000 0.054600 0.111020 -0.458274
32 1.099742 0.000000 -0.000000 0.010217 0.062642 -0.161791
33 1.244744 -0.896944 1.073525 1.541960 -0.431286 -0.187296
34 1.976136 -0.000000 -0.000000 0.000000 -0.068928 -0.257871
35 1.377138 -0.000000 0.000000 0.000000 -0.022268 0.192117
36 4.203462 1.484258 -1.588960 -0.456574 1.195064 -2.119348
37 5.124548 0.000000 0.000000 2.204054 0.513816 -0.786937
38 11.580950 0.000000 0.000000 0.000000 -0.000000 -0.367543
39 11.182171 -0.000002 0.000017 -1.921173 0.061428 -0.310197
40 3.342029 -0.078177 1.535469 -0.066822 -0.142155 -0.247795
41 1.760565 0.000000 0.000000 -0.003707 -0.008347 -0.417902
42 0.946777 0.000000 0.000000 0.059844 0.161510 -0.356655
43 3.650023 0.193487 0.592403 -0.061796 -0.111438 -0.286498
44 1.940476 0.000000 0.000000 0.063015 0.157361 -0.382781
45 1.194153 -0.000000 -0.000000 -0.017478 -0.067896 -0.252168
46 3.920897 0.178574 -0.420632 -0.030866 0.002118 -0.237370
47 2.398545 0.000000 -0.000000 0.016327 0.028042 -0.527349
48 1.228913 0.000000 -0.000000 -0.006292 -0.038933 -0.160270
49 3.969067 0.115063 -1.534794 -0.024555 0.031327 -0.228202
50 1.959841 0.000000 0.000000 -0.054600 -0.111020 -0.458274
51 1.099742 -0.000000 0.000000 -0.010217 -0.062642 -0.161791
52 1.244767 -0.892595 -1.077153 -1.537577 0.432036 -0.185459
53 1.976136 0.000000 0.000000 0.000000 0.068928 -0.257871
54 1.377138 0.000000 0.000000 -0.000000 0.022268 0.192117
time 3
0 0.000000 0.000000 0.000000 1.570796 0.000000 0.000000
1 0.018973 -0.130563 38.214256 1.466848 -0.125998 0.153250
2 0.000000 0.000000 0.000000 0.000000 0.000000 0.000000
3 3.890447 0.000000 0.000000 -1.655939 -0.180693 -1.439558
4 20.402582 0.000000 0.000000 0.000000 0.000000 0.676746
5 17.754948 0.000000 0.000000 -0.257536 0.196351 -1.556443
6 5.733515 0.000000 -0.000000 0.009673 -0.019087 -0.370366
7 -3.890447 0.000000 -0.000000 -1.307076 -0.061091 -2.048145
8 20.402582 0.000000 0.000000 0.000000 -0.000000 0.712874
9 17.754948 0.000000 -0.000000 0.348764 -0.118106 -1.641367
10 5.733515 0.000000 0.000000 -0.098180 0.014432 -0.337496
11 0.000000 3.345132 -1.055022 1.538398 0.043274 1.721971
12 4.232848 0.000000 0.000000 -0.019341 0.126249 0.132754
13 4.327481 0.000000 -0.000000 -0.005385 0.043013 0.184210
14 6.430522 0.000000 0.000000 0.115452 0.263624 0.483652
15 5.754028 0.000000 0.000000 2.872505 -0.104234 0.405550
16 4.208960 0.000000 0.000000 -0.073585 0.158921 1.059782
17 4.203462 1.484258 1.588960 -0.264653 -1.097188 -1.465801
18 5.124548 0.000000 -0.000000 -0.876462 -0.198083 -1.528482
19 11.580950 0.000000 0.000000 0.000000 0.000000 -0.769966
20 11.182189 -0.000002 -0.000032 1.485444 0.032993 -0.317527
21 3.342010 -0.071954 -1.535773 0.070874 0.142154 -0.247798
22 1.760565 0.000000 0.000000 0.003707 0.008347 -0.417902
23 0.946777 0.000000 0.000000 -0.059844 -0.161510 -0.356655
24 3.650005 0.195886 -0.591614 0.065848 0.111437 -0.286501
25 1.940476 0.000000 0.000000 -0.063015 -0.157361 -0.382781
26 1.194153 0.000000 -0.000000 0.017478 0.067896 -0.252168
27 3.920878 0.176868 0.421353 0.034918 -0.002119 -0.237374
28 2.398545 0.000000 0.000000 -0.016327 -0.028042 -0.527349
29 1.228913 0.000000 0.000000 0.006292 0.038933 -0.160270
30 3.969047 0.108842 1.535248 0.028607 -0.031328 -0.228206
31 1.959841 0.000000 0.000000 0.054600 0.111020 -0.458274
32 1.099742 0.000000 0.000000 0.010217 0.062642 -0.161791
33 1.244744 -0.896944 1.073525 1.541960 -0.431286 -0.187296
34 1.976136 0.000000 0.000000 0.000000 -0.068928 -0.257871
35 1.377138 0.000000 0.000000 0.000000 -0.022268 0.192117
36 4.203462 1.484258 -1.588960 -0.473125 1.194696 -2.133718
37 5.124548 0.000000 0.000000 2.261470 0.490976 -0.786094
38 11.580950 -0.000000 0.000000 0.000000 0.000000 -0.321995
39 11.182171 -0.000002 0.000017 -1.975923 0.078480 -0.289172
40 3.342029 -0.078177 1.535469 -0.066822 -0.142155 -0.247795
41 1.760565 -0.000000 0.000000 -0.003707 -0.008347 -0.417902
42 0.946777 -0.000000 0.000000 0.059844 0.161510 -0.356655
43 3.650023 0.193487 0.592403 -0.061796 -0.111438 -0.286498
44 1.940476 0.000000 0.000000 0.063015 0.157361 -0.382781
45 1.194153 0.000000 0.000000 -0.017478 -0.067896 -0.252168
46 3.920897 0.178574 -0.420632 -0.030866 0.002118 -0.237370
47 2.398545 0.000000 0.000000 0.016327 0.028042 -0.527349
48 1.228913 0.000000 0.000000 -0.006292 -0.038933 -0.160270
49 3.969067 0.115063 -1.534794 -0.024555 0.031327 -0.228202
50 1.959841 0.000000 0.000000 -0.054600 -0.111020 -0.458274
51 1.099742 0.000000 0.000000 -0.010217 -0.062642 -0.161791
52 1.244767 -0.892595 -1.077153 -1.537577 0.432036 -0.185459
53 1.976136 -0.000000 0.000000 -0.000000 0.068928 -0.257871
54 1.377138 0.000000 -0.000000 0.000000 0.022268 0.192117
time 4
0 0.000000 0.000000 0.000000 1.570796 0.000000 0.000000
1 0.043476 -0.157632 38.216515 1.466300 -0.125939 0.151636
2 0.000000 0.000000 0.000000 0.000000 0.000000 0.000000
3 3.890447 0.000000 0.000000 -1.654498 -0.179884 -1.440383
4 20.402582 0.000000 -0.000000 -0.000000 0.000000 0.678705
5 17.754948 -0.000000 -0.000000 -0.257874 0.193700 -1.556860
6 5.733515 0.000000 0.000000 0.009673 -0.019086 -0.370316
7 -3.890447 0.000000 -0.000000 -1.308194 -0.059487 -2.048276
8 20.402582 0.000000 0.000000 -0.000000 -0.000000 0.710749
9 17.754948 0.000000 -0.000000 0.348975 -0.118821 -1.641223
10 5.733515 0.000000 -0.000000 -0.098182 0.014422 -0.336890
11 0.000000 3.345132 -1.055022 1.537915 0.042775 1.721553
12 4.232848 -0.000000 0.000000 -0.019486 0.125541 0.131774
13 4.327481 0.000000 0.000000 -0.005553 0.042716 0.181696
14 6.430522 0.000000 0.000000 0.116288 0.265317 0.481845
15 5.754028 0.000000 0.000000 2.869952 -0.108485 0.404320
16 4.208960 0.000000 0.000000 -0.072064 0.160279 1.061132
17 4.203462 1.484258 1.588960 -0.256190 -1.098099 -1.471341
18 5.124548 0.000000 -0.000000 -0.873542 -0.195371 -1.527740
19 11.580950 0.000000 0.000000 -0.000000 -0.000000 -0.763588
20 11.182189 -0.000002 -0.000032 1.483592 0.037753 -0.319484
21 3.342010 -0.071954 -1.535773 0.070874 0.142154 -0.247798
22 1.760565 0.000000 0.000000 0.003707 0.008347 -0.417902
23 0.946777 0.000000 -0.000000 -0.059844 -0.161510 -0.356655
24 3.650005 0.195886 -0.591614 0.065848 0.111437 -0.286501
25 1.940476 0.000000 -0.000000 -0.063015 -0.157361 -0.382781
26 1.194153 0.000000 0.000000 0.017478 0.067896 -0.252168
27 3.920878 0.176868 0.421353 0.034918 -0.002119 -0.237374
28 2.398545 -0.000000 -0.000000 -0.016327 -0.028042 -0.527349
29 1.228913 -0.000000 0.000000 0.006292 0.038933 -0.160270
30 3.969047 0.108842 1.535248 0.028607 -0.031328 -0.228206
31 1.959841 0.000000 0.000000 0.054600 0.111020 -0.458274
32 1.099742 0.000000 -0.000000 0.010217 0.062642 -0.161791
33 1.244744 -0.896944 1.073525 1.541960 -0.431286 -0.187296
34 1.976136 0.000000 0.000000 -0.000000 -0.068928 -0.257871
35 1.377138 0.000000 0.000000 -0.000000 -0.022268 0.192117
36 4.203462 1.484258 -1.588960 -0.463916 1.193045 -2.125538
37 5.124548 0.000000 -0.000000 2.302922 0.468546 -0.792340
38 11.580950 -0.000000 -0.000000 0.000000 -0.000000 -0.294649
39 11.182171 -0.000002 0.000017 -2.015703 0.099197 -0.259460
40 3.342029 -0.078177 1.535469 -0.066822 -0.142155 -0.247795
41 1.760565 0.000000 0.000000 -0.003707 -0.008347 -0.417902
42 0.946777 0.000000 -0.000000 0.059844 0.161510 -0.356655
43 3.650023 0.193487 0.592403 -0.061796 -0.111438 -0.286498
44 1.940476 0.000000 0.000000 0.063015 0.157361 -0.382781
45 1.194153 -0.000000 -0.000000 -0.017478 -0.067896 -0.252168
46 3.920897 0.178574 -0.420632 -0.030866 0.002118 -0.237370
47 2.398545 0.000000 0.000000 0.016327 0.028042 -0.527349
48 1.228913 0.000000 -0.000000 -0.006292 -0.038933 -0.160270
49 3.969067 0.115063 -1.534794 -0.024555 0.031327 -0.228202
50 1.959841 0.000000 0.000000 -0.054600 -0.111020 -0.458274
51 1.099742 0.000000 0.000000 -0.010217 -0.062642 -0.161791
52 1.244767 -0.892595 -1.077153 -1.537577 0.432036 -0.185459
53 1.976136 0.000000 0.000000 0.000000 0.068928 -0.257871
54 1.377138 0.000000 0.000000 -0.000000 0.022268 0.192117
time 5
0 0.000000 0.000000 0.000000 1.570796 0.000000 0.000000
1 0.074912 -0.179135 38.218220 1.465593 -0.126164 0.149383
2 0.000000 0.000000 0.000000 0.000000 0.000000 0.000000
3 3.890447 0.000000 0.000000 -1.653895 -0.178820 -1.441478
4 20.402582 0.000000 0.000000 0.000000 0.000000 0.680674
5 17.754948 0.000000 -0.000000 -0.257990 0.191122 -1.557212
6 5.733515 0.000000 -0.000000 0.009674 -0.019085 -0.370259
7 -3.890447 0.000000 -0.000000 -1.310065 -0.058234 -2.048799
8 20.402582 -0.000000 0.000000 0.000000 -0.000000 0.708731
9 17.754948 0.000000 0.000000 0.349286 -0.119547 -1.640911
10 5.733515 0.000000 0.000000 -0.098184 0.014411 -0.336177
11 0.000000 3.345132 -1.055022 1.537645 0.041703 1.720031
12 4.232848 -0.000000 -0.000000 -0.019513 0.124414 0.131207
13 4.327481 0.000000 -0.000000 -0.005737 0.042140 0.179260
14 6.430522 0.000000 0.000000 0.119145 0.270512 0.480509
15 5.754028 -0.000000 -0.000000 2.866658 -0.110427 0.407094
16 4.208960 0.000000 0.000000 -0.071536 0.162641 1.061491
17 4.203462 1.484258 1.588960 -0.249952 -1.100798 -1.473800
18 5.124548 -0.000000 0.000000 -0.870233 -0.193068 -1.529088
19 11.580950 -0.000000 -0.000000 0.000000 -0.000000 -0.757960
20 11.182189 -0.000002 -0.000032 1.481032 0.041385 -0.322418
21 3.342010 -0.071954 -1.535773 0.070874 0.142154 -0.247798
22 1.760565 0.000000 0.000000 0.003707 0.008347 -0.417902
23 0.946777 0.000000 -0.000000 -0.059844 -0.161510 -0.356655
24 3.650005 0.195886 -0.591614 0.065848 0.111437 -0.286501
25 1.940476 0.000000 0.000000 -0.063015 -0.157361 -0.382781
26 1.194153 0.000000 0.000000 0.017478 0.067896 -0.252168
27 3.920878 0.176868 0.421353 0.034918 -0.002119 -0.237374
28 2.398545 -0.000000 0.000000 -0.016327 -0.028042 -0.527349
29 1.228913 0.000000 -0.000000 0.006292 0.038933 -0.160270
30 3.969047 0.108842 1.535248 0.028607 -0.031328 -0.228206
31 1.959841 0.000000 0.000000 0.054600 0.111020 -0.458274
32 1.099742 0.000000 0.000000 0.010217 0.062642 -0.161791
33 1.244744 -0.896944 1.073525 1.541960 -0.431286 -0.187296
34 1.976136 -0.000000 0.000000 -0.000000 -0.068928 -0.257871
35 1.377138 0.000000 0.000000 -0.000000 -0.022268 0.192117
36 4.203462 1.484258 -1.588960 -0.435285 1.190729 -2.098643
37 5.124548 0.000000 -0.000000 2.343443 0.449864 -0.803485
38 11.580950 -0.000000 0.000000 -0.000000 -0.000000 -0.275395
39 11.182171 -0.000002 0.000017 -2.056868 0.108977 -0.245636
40 3.342029 -0.078177 1.535469 -0.066822 -0.142155 -0.247795
41 1.760565 0.000000 -0.000000 -0.003707 -0.008347 -0.417902
42 0.946777 -0.000000 -0.000000 0.059844 0.161510 -0.356655
43 3.650023 0.193487 0.592403 -0.061796 -0.111438 -0.286498
44 1.940476 0.000000 0.000000 0.063015 0.157361 -0.382781
45 1.194153 0.000000 0.000000 -0.017478 -0.067896 -0.252168
46 3.920897 0.178574 -0.420632 -0.030866 0.002118 -0.237370
47 2.398545 0.000000 0.000000 0.016327 0.028042 -0.527349
48 1.228913 0.000000 -0.000000 -0.006292 -0.038933 -0.160270
49 3.969067 0.115063 -1.534794 -0.024555 0.031327 -0.228202
50 1.959841 0.000000 0.000000 -0.054600 -0.111020 -0.458274
51 1.099742 0.000000 0.000000 -0.010217 -0.062642 -0.161791
52 1.244767 -0.892595 -1.077153 -1.537577 0.432036 -0.185459
53 1.976136 0.000000 0.000000 0.000000 0.068928 -0.257871
54 1.377138 0.000000 0.000000 -0.000000 0.022268 0.192117
time 6
0 0.000000 0.000000 0.000000 1.570796 0.000000 0.000000
1 0.118929 -0.197569 38.220802 1.464814 -0.126914 0.145795
2 0.000000 0.000000 0.000000 0.000000 0.000000 0.000000
3 3.890447 0.000000 0.000000 -1.654971 -0.176986 -1.442938
4 20.402582 -0.000000 0.000000 0.000000 0.000000 0.682217
5 17.754948 0.000000 -0.000000 -0.257826 0.188626 -1.557939
6 5.733515 0.000000 0.000000 0.009675 -0.019073 -0.369523
7 -3.890447 0.000000 -0.000000 -1.313402 -0.057624 -2.049966
8 20.402582 0.000000 0.000000 -0.000000 -0.000000 0.706723
9 17.754948 0.000000 0.000000 0.350098 -0.120383 -1.640240
10 5.733515 0.000000 -0.000000 -0.098185 0.014405 -0.335846
11 0.000000 3.345132 -1.055022 1.537529 0.040240 1.718215
12 4.232848 0.000000 0.000000 -0.019488 0.123086 0.131241
13 4.327481 -0.000000 0.000000 -0.005916 0.041518 0.177705
14 6.430522 0.000000 0.000000 0.122323 0.276292 0.480010
15 5.754028 -0.000000 0.000000 2.863708 -0.107379 0.416097
16 4.208960 0.000000 0.000000 -0.073471 0.166076 1.057029
17 4.203462 1.484258 1.588960 -0.249786 -1.105779 -1.470257
18 5.124548 0.000000 0.000000 -0.870793 -0.190769 -1.531453
19 11.580950 0.000000 0.000000 -0.000000 -0.000000 -0.754624
20 11.182189 -0.000002 -0.000032 1.480153 0.046580 -0.321730
21 3.342010 -0.071954 -1.535773 0.070874 0.142154 -0.247798
22 1.760565 0.000000 0.000000 0.003707 0.008347 -0.417902
23 0.946777 0.000000 -0.000000 -0.059844 -0.161510 -0.356655
24 3.650005 0.195886 -0.591614 0.065848 0.111437 -0.286501
25 1.940476 0.000000 0.000000 -0.063015 -0.157361 -0.382781
26 1.194153 0.000000 -0.000000 0.017478 0.067896 -0.252168
27 3.920878 0.176868 0.421353 0.034918 -0.002119 -0.237374
28 2.398545 0.000000 0.000000 -0.016327 -0.028042 -0.527349
29 1.228913 0.000000 0.000000 0.006292 0.038933 -0.160270
30 3.969047 0.108842 1.535248 0.028607 -0.031328 -0.228206
31 1.959841 0.000000 -0.000000 0.054600 0.111020 -0.458274
32 1.099742 0.000000 0.000000 0.010217 0.062642 -0.161791
33 1.244744 -0.896944 1.073525 1.541960 -0.431286 -0.187296
34 1.976136 0.000000 0.000000 0.000000 -0.068928 -0.257871
35 1.377138 0.000000 0.000000 0.000000 -0.022268 0.192117
36 4.203462 1.484258 -1.588960 -0.402537 1.187556 -2.067263
37 5.124548 -0.000000 -0.000000 2.371475 0.436460 -0.814370
38 11.580950 -0.000000 -0.000000 0.000000 -0.000000 -0.264052
39 11.182171 -0.000002 0.000017 -2.075676 0.111057 -0.245485
40 3.342029 -0.078177 1.535469 -0.066822 -0.142155 -0.247795
41 1.760565 0.000000 0.000000 -0.003707 -0.008347 -0.417902
42 0.946777 0.000000 0.000000 0.059844 0.161510 -0.356655
43 3.650023 0.193487 0.592403 -0.061796 -0.111438 -0.286498
44 1.940476 0.000000 0.000000 0.063015 0.157361 -0.382781
45 1.194153 0.000000 -0.000000 -0.017478 -0.067896 -0.252168
46 3.920897 0.178574 -0.420632 -0.030866 0.002118 -0.237370
47 2.398545 0.000000 0.000000 0.016327 0.028042 -0.527349
48 1.228913 0.000000 0.000000 -0.006292 -0.038933 -0.160270
49 3.969067 0.115063 -1.534794 -0.024555 0.031327 -0.228202
50 1.959841 0.000000 0.000000 -0.054600 -0.111020 -0.458274
51 1.099742 0.000000 -0.000000 -0.010217 -0.062642 -0.161791
52 1.244767 -0.892595 -1.077153 -1.537577 0.432036 -0.185459
53 1.976136 0.000000 0.000000 -0.000000 0.068928 -0.257871
54 1.377138 0.000000 0.000000 -0.000000 0.022268 0.192117
time 7
0 0.000000 0.000000 0.000000 1.570796 0.000000 0.000000
1 0.157920 -0.191674 38.224728 1.464891 -0.127663 0.144074
2 0.000000 0.000000 0.000000 0.000000 0.000000 0.000000
3 3.890447 0.000000 0.000000 -1.656138 -0.177035 -1.444485
4 20.402582 0.000000 0.000000 -0.000000 0.000000 0.683301
5 17.754948 0.000000 -0.000000 -0.256913 0.187639 -1.557660
6 5.733515 0.000000 0.000000 0.009678 -0.019055 -0.368413
7 -3.890447 -0.000000 -0.000000 -1.315323 -0.057884 -2.051201
8 20.402582 0.000000 0.000000 0.000000 -0.000000 0.705029
9 17.754948 0.000000 0.000000 0.350840 -0.120384 -1.639023
10 5.733515 0.000000 0.000000 -0.098185 0.014408 -0.336035
11 0.000000 3.345132 -1.055022 1.537510 0.038799 1.716015
12 4.232848 0.000000 -0.000000 -0.019469 0.121344 0.131338
13 4.327481 -0.000000 -0.000000 -0.006080 0.040773 0.176648
14 6.430522 0.000000 0.000000 0.125706 0.282457 0.480126
15 5.754028 0.000000 -0.000000 2.861041 -0.098583 0.430839
16 4.208960 -0.000000 0.000000 -0.078182 0.168805 1.049815
17 4.203462 1.484258 1.588960 -0.256083 -1.114151 -1.462080
18 5.124548 0.000000 0.000000 -0.873170 -0.189702 -1.533729
19 11.580950 0.000000 0.000000 0.000000 0.000000 -0.752040
20 11.182189 -0.000002 -0.000032 1.482480 0.045567 -0.320509
21 3.342010 -0.071954 -1.535773 0.070874 0.142154 -0.247798
22 1.760565 0.000000 0.000000 0.003707 0.008347 -0.417902
23 0.946777 -0.000000 -0.000000 -0.059844 -0.161510 -0.356655
24 3.650005 0.195886 -0.591614 0.065848 0.111437 -0.286501
25 1.940476 0.000000 0.000000 -0.063015 -0.157361 -0.382781
26 1.194153 0.000000 -0.000000 0.017478 0.067896 -0.252168
27 3.920878 0.176868 0.421353 0.034918 -0.002119 -0.237374
28 2.398545 0.000000 -0.000000 -0.016327 -0.028042 -0.527349
29 1.228913 0.000000 0.000000 0.006292 0.038933 -0.160270
30 3.969047 0.108842 1.535248 0.028607 -0.031328 -0.228206
31 1.959841 0.000000 -0.000000 0.054600 0.111020 -0.458274
32 1.099742 0.000000 0.000000 0.010217 0.062642 -0.161791
33 1.244744 -0.896944 1.073525 1.541960 -0.431286 -0.187296
34 1.976136 -0.000000 0.000000 0.000000 -0.068928 -0.257871
35 1.377138 -0.000000 0.000000 0.000000 -0.022268 0.192117
36 4.203462 1.484258 -1.588960 -0.375910 1.181196 -2.039291
37 5.124548 -0.000000 0.000000 2.377137 0.433904 -0.822473
38 11.580950 -0.000000 0.000000 0.000000 -0.000000 -0.261106
39 11.182171 -0.000002 0.000017 -2.082364 0.115532 -0.242814
40 3.342029 -0.078177 1.535469 -0.066822 -0.142155 -0.247795
41 1.760565 0.000000 -0.000000 -0.003707 -0.008347 -0.417902
42 0.946777 0.000000 0.000000 0.059844 0.161510 -0.356655
43 3.650023 0.193487 0.592403 -0.061796 -0.111438 -0.286498
44 1.940476 0.000000 -0.000000 0.063015 0.157361 -0.382781
45 1.194153 -0.000000 0.000000 -0.017478 -0.067896 -0.252168
46 3.920897 0.178574 -0.420632 -0.030866 0.002118 -0.237370
47 2.398545 0.000000 0.000000 0.016327 0.028042 -0.527349
48 1.228913 0.000000 0.000000 -0.006292 -0.038933 -0.160270
49 3.969067 0.115063 -1.534794 -0.024555 0.031327 -0.228202
50 1.959841 0.000000 -0.000000 -0.054600 -0.111020 -0.458274
51 1.099742 -0.000000 0.000000 -0.010217 -0.062642 -0.161791
52 1.244767 -0.892595 -1.077153 -1.537577 0.432036 -0.185459
53 1.976136 0.000000 0.000000 -0.000000 0.068928 -0.257871
54 1.377138 0.000000 0.000000 0.000000 0.022268 0.192117
time 8
0 0.000000 0.000000 0.000000 1.570796 0.000000 0.000000
1 0.200688 -0.165946 38.230865 1.465865 -0.128471 0.143174
2 0.000000 0.000000 0.000000 0.000000 0.000000 0.000000
3 3.890447 0.000000 0.000000 -1.657295 -0.178666 -1.446301
4 20.402582 0.000000 0.000000 -0.000000 0.000000 0.684076
5 17.754948 -0.000000 0.000000 -0.255621 0.187019 -1.556778
6 5.733515 0.000000 0.000000 0.009680 -0.019042 -0.367633
7 -3.890447 0.000000 -0.000000 -1.316381 -0.059317 -2.052720
8 20.402582 0.000000 0.000000 -0.000000 -0.000000 0.703668
9 17.754948 0.000000 0.000000 0.351581 -0.120118 -1.637172
10 5.733515 0.000000 0.000000 -0.098182 0.014422 -0.336861
11 0.000000 3.345132 -1.055022 1.537415 0.037326 1.713921
12 4.232848 0.000000 0.000000 -0.019688 0.119116 0.131710
13 4.327481 0.000000 -0.000000 -0.006457 0.040175 0.176483
14 6.430522 0.000000 -0.000000 0.129049 0.288602 0.481597
15 5.754028 0.000000 0.000000 2.860410 -0.087118 0.448114
16 4.208960 0.000000 0.000000 -0.083318 0.168387 1.040295
17 4.203462 1.484258 1.588960 -0.263664 -1.126005 -1.455265
18 5.124548 -0.000000 0.000000 -0.877980 -0.188971 -1.533131
19 11.580950 0.000000 0.000000 0.000000 -0.000000 -0.752539
20 11.182189 -0.000002 -0.000032 1.485157 0.044596 -0.320193
21 3.342010 -0.071954 -1.535773 0.070874 0.142154 -0.247798
22 1.760565 0.000000 0.000000 0.003707 0.008347 -0.417902
23 0.946777 0.000000 0.000000 -0.059844 -0.161510 -0.356655
24 3.650005 0.195886 -0.591614 0.065848 0.111437 -0.286501
25 1.940476 -0.000000 0.000000 -0.063015 -0.157361 -0.382781
26 1.194153 -0.000000 0.000000 0.017478 0.067896 -0.252168
27 3.920878 0.176868 0.421353 0.034918 -0.002119 -0.237374
28 2.398545 0.000000 0.000000 -0.016327 -0.028042 -0.527349
29 1.228913 0.000000 -0.000000 0.006292 0.038933 -0.160270
30 3.969047 0.108842 1.535248 0.028607 -0.031328 -0.228206
31 1.959841 0.000000 0.000000 0.054600 0.111020 -0.458274
32 1.099742 -0.000000 0.000000 0.010217 0.062642 -0.161791
33 1.244744 -0.896944 1.073525 1.541960 -0.431286 -0.187296
34 1.976136 0.000000 0.000000 -0.000000 -0.068928 -0.257871
35 1.377138 0.000000 -0.000000 -0.000000 -0.022268 0.192117
36 4.203462 1.484258 -1.588960 -0.363808 1.176248 -2.023279
37 5.124548 0.000000 0.000000 2.370479 0.440211 -0.823395
38 11.580950 0.000000 0.000000 0.000000 0.000000 -0.263001
39 11.182171 -0.000002 0.000017 -2.073200 0.115998 -0.241918
40 3.342029 -0.078177 1.535469 -0.066822 -0.142155 -0.247795
41 1.760565 0.000000 0.000000 -0.003707 -0.008347 -0.417902
42 0.946777 -0.000000 0.000000 0.059844 0.161510 -0.356655
43 3.650023 0.193487 0.592403 -0.061796 -0.111438 -0.286498
44 1.940476 0.000000 0.000000 0.063015 0.157361 -0.382781
45 1.194153 0.000000 0.000000 -0.017478 -0.067896 -0.252168
46 3.920897 0.178574 -0.420632 -0.030866 0.002118 -0.237370
47 2.398545 -0.000000 -0.000000 0.016327 0.028042 -0.527349
48 1.228913 0.000000 0.000000 -0.006292 -0.038933 -0.160270
49 3.969067 0.115063 -1.534794 -0.024555 0.031327 -0.228202
50 1.959841 0.000000 0.000000 -0.054600 -0.111020 -0.458274
51 1.099742 -0.000000 -0.000000 -0.010217 -0.062642 -0.161791
52 1.244767 -0.892595 -1.077153 -1.537577 0.432036 -0.185459
53 1.976136 0.000000 0.000000 -0.000000 0.068928 -0.257871
54 1.377138 0.000000 -0.000000 -0.000000 0.022268 0.192117
time 9
0 0.000000 0.000000 0.000000 1.570796 0.000000 0.000000
1 0.243396 -0.103414 38.236359 1.468751 -0.129505 0.143013
2 0.000000 0.000000 0.000000 0.000000 0.000000 0.000000
3 3.890447 0.000000 0.000000 -1.658518 -0.183501 -1.448489
4 20.402582 0.000000 0.000000 0.000000 -0.000000 0.685051
5 17.754948 0.000000 0.000000 -0.253888 0.186723 -1.554992
6 5.733515 -0.000000 0.000000 0.009682 -0.019031 -0.366977
7 -3.890447 0.000000 -0.000000 -1.316480 -0.063802 -2.054677
8 20.402582 -0.000000 0.000000 0.000000 0.000000 0.703587
9 17.754948 0.000000 0.000000 0.352176 -0.119116 -1.634644
10 5.733515 0.000000 0.000000 -0.098180 0.014436 -0.337710
11 0.000000 3.345132 -1.055022 1.536489 0.035126 1.713475
12 4.232848 -0.000000 0.000000 -0.020489 0.117999 0.132940
13 4.327481 0.000000 0.000000 -0.007092 0.039995 0.177182
14 6.430522 -0.000000 0.000000 0.130392 0.291913 0.483328
15 5.754028 -0.000000 -0.000000 2.859281 -0.080071 0.460231
16 4.208960 0.000000 0.000000 -0.087356 0.167082 1.030712
17 4.203462 1.484258 1.588960 -0.268489 -1.132195 -1.449942
18 5.124548 0.000000 0.000000 -0.877044 -0.194530 -1.530511
19 11.580950 0.000000 -0.000000 -0.000000 -0.000000 -0.757030
20 11.182189 -0.000002 -0.000032 1.487532 0.046549 -0.315943
21 3.342010 -0.071954 -1.535773 0.070874 0.142154 -0.247798
22 1.760565 0.000000 0.000000 0.003707 0.008347 -0.417902
23 0.946777 0.000000 0.000000 -0.059844 -0.161510 -0.356655
24 3.650005 0.195886 -0.591614 0.065848 0.111437 -0.286501
25 1.940476 -0.000000 -0.000000 -0.063015 -0.157361 -0.382781
26 1.194153 -0.000000 0.000000 0.017478 0.067896 -0.252168
27 3.920878 0.176868 0.421353 0.034918 -0.002119 -0.237374
28 2.398545 0.000000 0.000000 -0.016327 -0.028042 -0.527349
29 1.228913 0.000000 -0.000000 0.006292 0.038933 -0.160270
30 3.969047 0.108842 1.535248 0.028607 -0.031328 -0.228206
31 1.959841 0.000000 -0.000000 0.054600 0.111020 -0.458274
32 1.099742 -0.000000 -0.000000 0.010217 0.062642 -0.161791
33 1.244744 -0.896944 1.073525 1.541960 -0.431286 -0.187296
34 1.976136 -0.000000 0.000000 -0.000000 -0.068928 -0.257871
35 1.377138 0.000000 0.000000 0.000000 -0.022268 0.192117
36 4.203462 1.484258 -1.588960 -0.372837 1.172821 -2.027978
37 5.124548 -0.000000 0.000000 2.355257 0.451495 -0.815709
38 11.580950 -0.000000 0.000000 -0.000000 -0.000000 -0.270205
39 11.182171 -0.000002 0.000017 -2.050855 0.106799 -0.253218
40 3.342029 -0.078177 1.535469 -0.066822 -0.142155 -0.247795
41 1.760565 0.000000 0.000000 -0.003707 -0.008347 -0.417902
42 0.946777 -0.000000 0.000000 0.059844 0.161510 -0.356655
43 3.650023 0.193487 0.592403 -0.061796 -0.111438 -0.286498
44 1.940476 0.000000 -0.000000 0.063015 0.157361 -0.382781
45 1.194153 0.000000 -0.000000 -0.017478 -0.067896 -0.252168
46 3.920897 0.178574 -0.420632 -0.030866 0.002118 -0.237370
47 2.398545 0.000000 -0.000000 0.016327 0.028042 -0.527349
48 1.228913 0.000000 0.000000 -0.006292 -0.038933 -0.160270
49 3.969067 0.115063 -1.534794 -0.024555 0.031327 -0.228202
50 1.959841 0.000000 0.000000 -0.054600 -0.111020 -0.458274
51 1.099742 0.000000 0.000000 -0.010217 -0.062642 -0.161791
52 1.244767 -0.892595 -1.077153 -1.537577 0.432036 -0.185459
53 1.976136 0.000000 0.000000 0.000000 0.068928 -0.257871
54 1.377138 0.000000 0.000000 -0.000000 0.022268 0.192117
time 10
0 0.000000 0.000000 0.000000 1.570796 0.000000 0.000000
1 0.279295 0.005446 38.247627 1.474392 -0.130570 0.143605
2 0.000000 0.000000 0.000000 0.000000 0.000000 0.000000
3 3.890447 0.000000 0.000000 -1.659802 -0.192478 -1.450800
4 20.402582 -0.000000 -0.000000 0.000000 -0.000000 0.685627
5 17.754948 0.000000 -0.000000 -0.251658 0.186742 -1.551061
6 5.733515 -0.000000 0.000000 0.009683 -0.019025 -0.366629
7 -3.890447 0.000000 -0.000000 -1.315510 -0.072323 -2.056568
8 20.402582 0.000000 -0.000000 -0.000000 0.000000 0.704524
9 17.754948 0.000000 -0.000000 0.352384 -0.116875 -1.630692
10 5.733515 -0.000000 0.000000 -0.098176 0.014455 -0.338849
11 0.000000 3.345132 -1.055022 1.534463 0.033898 1.714329
12 4.232848 0.000000 -0.000000 -0.022352 0.118922 0.134882
13 4.327481 -0.000000 0.000000 -0.007612 0.040744 0.179872
14 6.430522 0.000000 0.000000 0.128525 0.290562 0.484835
15 5.754028 -0.000000 -0.000000 2.856618 -0.075487 0.473406
16 4.208960 0.000000 0.000000 -0.089340 0.164250 1.023892
17 4.203462 1.484258 1.588960 -0.277210 -1.128993 -1.442714
18 5.124548 0.000000 0.000000 -0.867385 -0.204823 -1.526472
19 11.580950 0.000000 0.000000 0.000000 -0.000000 -0.764410
20 11.182189 -0.000002 -0.000032 1.480654 0.046656 -0.317182
21 3.342010 -0.071954 -1.535773 0.070874 0.142154 -0.247798
22 1.760565 0.000000 -0.000000 0.003707 0.008347 -0.417902
23 0.946777 0.000000 -0.000000 -0.059844 -0.161510 -0.356655
24 3.650005 0.195886 -0.591614 0.065848 0.111437 -0.286501
25 1.940476 -0.000000 0.000000 -0.063015 -0.157361 -0.382781
26 1.194153 -0.000000 0.000000 0.017478 0.067896 -0.252168
27 3.920878 0.176868 0.421353 0.034918 -0.002119 -0.237374
28 2.398545 0.000000 0.000000 -0.016327 -0.028042 -0.527349
29 1.228913 0.000000 0.000000 0.006292 0.038933 -0.160270
30 3.969047 0.108842 1.535248 0.028607 -0.031328 -0.228206
31 1.959841 0.000000 0.000000 0.054600 0.111020 -0.458274
32 1.099742 0.000000 0.000000 0.010217 0.062642 -0.161791
33 1.244744 -0.896944 1.073525 1.541960 -0.431286 -0.187296
34 1.976136 0.000000 -0.000000 0.000000 -0.068928 -0.257871
35 1.377138 -0.000000 0.000000 -0.000000 -0.022268 0.192117
36 4.203462 1.484258 -1.588960 -0.386386 1.174747 -2.040385
37 5.124548 0.000000 0.000000 2.326984 0.464859 -0.808480
38 11.580950 0.000000 0.000000 0.000000 0.000000 -0.285105
39 11.182171 -0.000002 0.000017 -2.024916 0.097722 -0.266521
40 3.342029 -0.078177 1.535469 -0.066822 -0.142155 -0.247795
41 1.760565 0.000000 -0.000000 -0.003707 -0.008347 -0.417902
42 0.946777 -0.000000 0.000000 0.059844 0.161510 -0.356655
43 3.650023 0.193487 0.592403 -0.061796 -0.111438 -0.286498
44 1.940476 -0.000000 -0.000000 0.063015 0.157361 -0.382781
45 1.194153 -0.000000 0.000000 -0.017478 -0.067896 -0.252168
46 3.920897 0.178574 -0.420632 -0.030866 0.002118 -0.237370
47 2.398545 0.000000 0.000000 0.016327 0.028042 -0.527349
48 1.228913 0.000000 0.000000 -0.006292 -0.038933 -0.160270
49 3.969067 0.115063 -1.534794 -0.024555 0.031327 -0.228202
50 1.959841 0.000000 0.000000 -0.054600 -0.111020 -0.458274
51 1.099742 -0.000000 0.000000 -0.010217 -0.062642 -0.161791
52 1.244767 -0.892595 -1.077153 -1.537577 0.432036 -0.185459
53 1.976136 0.000000 -0.000000 -0.000000 0.068928 -0.257871
54 1.377138 -0.000000 0.000000 -0.000000 0.022268 0.192117
time 11
0 0.000000 0.000000 0.000000 1.570796 0.000000 0.000000
1 0.313168 0.098419 38.255451 1.476713 -0.131947 0.145324
2 0.000000 0.000000 0.000000 0.000000 0.000000 0.000000
3 3.890447 0.000000 0.000000 -1.660228 -0.198030 -1.453372
4 20.402582 0.000000 0.000000 -0.000000 -0.000000 0.686123
5 17.754948 -0.000000 0.000000 -0.249601 0.187525 -1.547830
6 5.733515 -0.000000 0.000000 0.009684 -0.019012 -0.365837
7 -3.890447 0.000000 0.000000 -1.314777 -0.076929 -2.058951
8 20.402582 0.000000 0.000000 -0.000000 -0.000000 0.705525
9 17.754948 0.000000 0.000000 0.352949 -0.115086 -1.627531
10 5.733515 0.000000 -0.000000 -0.098173 0.014471 -0.339848
11 0.000000 3.345132 -1.055022 1.532702 0.033099 1.714893
12 4.232848 0.000000 0.000000 -0.024478 0.120569 0.138029
13 4.327481 -0.000000 0.000000 -0.008424 0.041488 0.184837
14 6.430522 0.000000 -0.000000 0.126249 0.288465 0.487792
15 5.754028 0.000000 -0.000000 2.855723 -0.070452 0.486902
16 4.208960 0.000000 0.000000 -0.090067 0.160865 1.019206
17 4.203462 1.484258 1.588960 -0.289398 -1.126011 -1.439635
18 5.124548 0.000000 -0.000000 -0.857949 -0.211141 -1.518794
19 11.580950 0.000000 -0.000000 0.000000 0.000000 -0.775966
20 11.182189 -0.000002 -0.000032 1.471365 0.039880 -0.320435
21 3.342010 -0.071954 -1.535773 0.070874 0.142154 -0.247798
22 1.760565 0.000000 -0.000000 0.003707 0.008347 -0.417902
23 0.946777 -0.000000 0.000000 -0.059844 -0.161510 -0.356655
24 3.650005 0.195886 -0.591614 0.065848 0.111437 -0.286501
25 1.940476 0.000000 0.000000 -0.063015 -0.157361 -0.382781
26 1.194153 -0.000000 0.000000 0.017478 0.067896 -0.252168
27 3.920878 0.176868 0.421353 0.034918 -0.002119 -0.237374
28 2.398545 0.000000 -0.000000 -0.016327 -0.028042 -0.527349
29 1.228913 -0.000000 0.000000 0.006292 0.038933 -0.160270
30 3.969047 0.108842 1.535248 0.028607 -0.031328 -0.228206
31 1.959841 0.000000 0.000000 0.054600 0.111020 -0.458274
32 1.099742 0.000000 0.000000 0.010217 0.062642 -0.161791
33 1.244744 -0.896944 1.073525 1.541960 -0.431286 -0.187296
34 1.976136 0.000000 0.000000 -0.000000 -0.068928 -0.257871
35 1.377138 -0.000000 -0.000000 0.000000 -0.022268 0.192117
36 4.203462 1.484258 -1.588960 -0.387665 1.180301 -2.044190
37 5.124548 -0.000000 -0.000000 2.295745 0.478965 -0.807951
38 11.580950 0.000000 -0.000000 0.000000 -0.000000 -0.303264
39 11.182171 -0.000002 0.000017 -1.997556 0.091535 -0.276692
40 3.342029 -0.078177 1.535469 -0.066822 -0.142155 -0.247795
41 1.760565 0.000000 0.000000 -0.003707 -0.008347 -0.417902
42 0.946777 0.000000 -0.000000 0.059844 0.161510 -0.356655
43 3.650023 0.193487 0.592403 -0.061796 -0.111438 -0.286498
44 1.940476 0.000000 0.000000 0.063015 0.157361 -0.382781
45 1.194153 0.000000 0.000000 -0.017478 -0.067896 -0.252168
46 3.920897 0.178574 -0.420632 -0.030866 0.002118 -0.237370
47 2.398545 0.000000 0.000000 0.016327 0.028042 -0.527349
48 1.228913 0.000000 0.000000 -0.006292 -0.038933 -0.160270
49 3.969067 0.115063 -1.534794 -0.024555 0.031327 -0.228202
50 1.959841 0.000000 0.000000 -0.054600 -0.111020 -0.458274
51 1.099742 0.000000 0.000000 -0.010217 -0.062642 -0.161791
52 1.244767 -0.892595 -1.077153 -1.537577 0.432036 -0.185459
53 1.976136 0.000000 0.000000 -0.000000 0.068928 -0.257871
54 1.377138 -0.000000 0.000000 0.000000 0.022268 0.192117
time 12
0 0.000000 0.000000 0.000000 1.570796 0.000000 0.000000
1 0.340166 0.148953 38.264282 1.477388 -0.133489 0.147996
2 0.000000 0.000000 0.000000 0.000000 0.000000 0.000000
3 3.890447 0.000000 0.000000 -1.660880 -0.200336 -1.455715
4 20.402582 -0.000000 -0.000000 0.000000 0.000000 0.685116
5 17.754948 0.000000 0.000000 -0.247711 0.189856 -1.545255
6 5.733515 0.000000 0.000000 0.009688 -0.018990 -0.364493
7 -3.890447 0.000000 -0.000000 -1.313865 -0.078003 -2.061232
8 20.402582 0.000000 0.000000 0.000000 0.000000 0.705525
9 17.754948 0.000000 -0.000000 0.353783 -0.113471 -1.625492
10 5.733515 -0.000000 0.000000 -0.098172 0.014480 -0.340416
11 0.000000 3.345132 -1.055022 1.532393 0.033425 1.714737
12 4.232848 -0.000000 -0.000000 -0.025613 0.121901 0.140924
13 4.327481 0.000000 0.000000 -0.008738 0.041988 0.190789
14 6.430522 -0.000000 -0.000000 0.125235 0.287692 0.491737
15 5.754028 -0.000000 0.000000 2.856263 -0.063135 0.501193
16 4.208960 0.000000 -0.000000 -0.091424 0.157538 1.015320
17 4.203462 1.484258 1.588960 -0.306402 -1.128918 -1.430995
18 5.124548 0.000000 0.000000 -0.860993 -0.216655 -1.512207
19 11.580950 0.000000 0.000000 0.000000 0.000000 -0.789845
20 11.182189 -0.000002 -0.000032 1.468531 0.027961 -0.323448
21 3.342010 -0.071954 -1.535773 0.070874 0.142154 -0.247798
22 1.760565 0.000000 -0.000000 0.003707 0.008347 -0.417902
23 0.946777 0.000000 -0.000000 -0.059844 -0.161510 -0.356655
24 3.650005 0.195886 -0.591614 0.065848 0.111437 -0.286501
25 1.940476 0.000000 0.000000 -0.063015 -0.157361 -0.382781
26 1.194153 0.000000 0.000000 0.017478 0.067896 -0.252168
27 3.920878 0.176868 0.421353 0.034918 -0.002119 -0.237374
28 2.398545 0.000000 0.000000 -0.016327 -0.028042 -0.527349
29 1.228913 -0.000000 -0.000000 0.006292 0.038933 -0.160270
30 3.969047 0.108842 1.535248 0.028607 -0.031328 -0.228206
31 1.959841 0.000000 -0.000000 0.054600 0.111020 -0.458274
32 1.099742 -0.000000 -0.000000 0.010217 0.062642 -0.161791
33 1.244744 -0.896944 1.073525 1.541960 -0.431286 -0.187296
34 1.976136 0.000000 0.000000 -0.000000 -0.068928 -0.257871
35 1.377138 0.000000 -0.000000 0.000000 -0.022268 0.192117
36 4.203462 1.484258 -1.588960 -0.382554 1.184883 -2.043015
37 5.124548 0.000000 0.000000 2.268498 0.494818 -0.808746
38 11.580950 -0.000000 0.000000 0.000000 0.000000 -0.320415
39 11.182171 -0.000002 0.000017 -1.966617 0.088372 -0.285752
40 3.342029 -0.078177 1.535469 -0.066822 -0.142155 -0.247795
41 1.760565 0.000000 0.000000 -0.003707 -0.008347 -0.417902
42 0.946777 -0.000000 0.000000 0.059844 0.161510 -0.356655
43 3.650023 0.193487 0.592403 -0.061796 -0.111438 -0.286498
44 1.940476 0.000000 0.000000 0.063015 0.157361 -0.382781
45 1.194153 0.000000 0.000000 -0.017478 -0.067896 -0.252168
46 3.920897 0.178574 -0.420632 -0.030866 0.002118 -0.237370
47 2.398545 0.000000 -0.000000 0.016327 0.028042 -0.527349
48 1.228913 -0.000000 0.000000 -0.006292 -0.038933 -0.160270
49 3.969067 0.115063 -1.534794 -0.024555 0.031327 -0.228202
50 1.959841 -0.000000 0.000000 -0.054600 -0.111020 -0.458274
51 1.099742 -0.000000 0.000000 -0.010217 -0.062642 -0.161791
52 1.244767 -0.892595 -1.077153 -1.537577 0.432036 -0.185459
53 1.976136 0.000000 0.000000 -0.000000 0.068928 -0.257871
54 1.377138 0.000000 0.000000 -0.000000 0.022268 0.192117
time 13
0 0.000000 0.000000 0.000000 1.570796 0.000000 0.000000
1 0.366120 0.186868 38.271858 1.477206 -0.134987 0.151587
2 0.000000 0.000000 0.000000 0.000000 0.000000 0.000000
3 3.890447 0.000000 0.000000 -1.661370 -0.201633 -1.457964
4 20.402582 0.000000 0.000000 0.000000 0.000000 0.683911
5 17.754948 0.000000 -0.000000 -0.245703 0.193022 -1.542962
6 5.733515 -0.000000 0.000000 0.009692 -0.018966 -0.363021
7 -3.890447 0.000000 -0.000000 -1.312314 -0.077494 -2.063600
8 20.402582 0.000000 -0.000000 -0.000000 -0.000000 0.705414
9 17.754948 -0.000000 0.000000 0.354651 -0.112086 -1.623794
10 5.733515 0.000000 0.000000 -0.098170 0.014489 -0.340903
11 0.000000 3.345132 -1.055022 1.532409 0.033831 1.714625
12 4.232848 -0.000000 0.000000 -0.026403 0.123138 0.143526
13 4.327481 0.000000 0.000000 -0.008916 0.042441 0.196306
14 6.430522 -0.000000 0.000000 0.124978 0.287878 0.495550
15 5.754028 -0.000000 -0.000000 2.857426 -0.059406 0.508898
16 4.208960 0.000000 0.000000 -0.091901 0.154998 1.011137
17 4.203462 1.484258 1.588960 -0.321484 -1.128815 -1.426291
18 5.124548 0.000000 0.000000 -0.869137 -0.220912 -1.510037
19 11.580950 -0.000000 0.000000 0.000000 0.000000 -0.800670
20 11.182189 -0.000002 -0.000032 1.469724 0.018458 -0.322534
21 3.342010 -0.071954 -1.535773 0.070874 0.142154 -0.247798
22 1.760565 0.000000 -0.000000 0.003707 0.008347 -0.417902
23 0.946777 0.000000 0.000000 -0.059844 -0.161510 -0.356655
24 3.650005 0.195886 -0.591614 0.065848 0.111437 -0.286501
25 1.940476 0.000000 0.000000 -0.063015 -0.157361 -0.382781
26 1.194153 0.000000 -0.000000 0.017478 0.067896 -0.252168
27 3.920878 0.176868 0.421353 0.034918 -0.002119 -0.237374
28 2.398545 0.000000 -0.000000 -0.016327 -0.028042 -0.527349
29 1.228913 0.000000 0.000000 0.006292 0.038933 -0.160270
30 3.969047 0.108842 1.535248 0.028607 -0.031328 -0.228206
31 1.959841 0.000000 0.000000 0.054600 0.111020 -0.458274
32 1.099742 0.000000 0.000000 0.010217 0.062642 -0.161791
33 1.244744 -0.896944 1.073525 1.541960 -0.431286 -0.187296
34 1.976136 0.000000 0.000000 -0.000000 -0.068928 -0.257871
35 1.377138 0.000000 0.000000 0.000000 -0.022268 0.192117
36 4.203462 1.484258 -1.588960 -0.373562 1.189978 -2.039249
37 5.124548 0.000000 -0.000000 2.242362 0.510669 -0.808852
38 11.580950 0.000000 0.000000 0.000000 -0.000000 -0.336981
39 11.182171 -0.000002 0.000017 -1.936613 0.089261 -0.289762
40 3.342029 -0.078177 1.535469 -0.066822 -0.142155 -0.247795
41 1.760565 0.000000 0.000000 -0.003707 -0.008347 -0.417902
42 0.946777 -0.000000 0.000000 0.059844 0.161510 -0.356655
43 3.650023 0.193487 0.592403 -0.061796 -0.111438 -0.286498
44 1.940476 0.000000 0.000000 0.063015 0.157361 -0.382781
45 1.194153 0.000000 0.000000 -0.017478 -0.067896 -0.252168
46 3.920897 0.178574 -0.420632 -0.030866 0.002118 -0.237370
47 2.398545 0.000000 0.000000 0.016327 0.028042 -0.527349
48 1.228913 -0.000000 0.000000 -0.006292 -0.038933 -0.160270
49 3.969067 0.115063 -1.534794 -0.024555 0.031327 -0.228202
50 1.959841 0.000000 0.000000 -0.054600 -0.111020 -0.458274
51 1.099742 0.000000 0.000000 -0.010217 -0.062642 -0.161791
52 1.244767 -0.892595 -1.077153 -1.537577 0.432036 -0.185459
53 1.976136 0.000000 0.000000 0.000000 0.068928 -0.257871
54 1.377138 0.000000 0.000000 -0.000000 0.022268 0.192117
time 14
0 0.000000 0.000000 0.000000 1.570796 0.000000 0.000000
1 0.386964 0.212982 38.276783 1.476176 -0.136343 0.156070
2 0.000000 0.000000 0.000000 0.000000 0.000000 0.000000
3 3.890447 0.000000 0.000000 -1.661329 -0.202092 -1.459997
4 20.402582 0.000000 -0.000000 -0.000000 -0.000000 0.682783
5 17.754948 -0.000000 0.000000 -0.243725 0.196706 -1.541058
6 5.733515 0.000000 0.000000 0.009695 -0.018941 -0.361565
7 -3.890447 0.000000 -0.000000 -1.310349 -0.075592 -2.065801
8 20.402582 0.000000 0.000000 0.000000 0.000000 0.705481
9 17.754948 0.000000 0.000000 0.355436 -0.110654 -1.622604
10 5.733515 0.000000 0.000000 -0.098169 0.014495 -0.341320
11 0.000000 3.345132 -1.055022 1.532436 0.034058 1.714694
12 4.232848 0.000000 0.000000 -0.026975 0.124136 0.145448
13 4.327481 -0.000000 -0.000000 -0.009039 0.042806 0.200361
14 6.430522 0.000000 -0.000000 0.125177 0.288663 0.498402
15 5.754028 0.000000 0.000000 2.858364 -0.058851 0.512690
16 4.208960 0.000000 0.000000 -0.091300 0.153724 1.007617
17 4.203462 1.484258 1.588960 -0.320210 -1.123804 -1.434074
18 5.124548 0.000000 -0.000000 -0.880997 -0.228589 -1.511485
19 11.580950 0.000000 0.000000 -0.000000 0.000000 -0.808185
20 11.182189 -0.000002 -0.000032 1.472271 0.012765 -0.324070
21 3.342010 -0.071954 -1.535773 0.070874 0.142154 -0.247798
22 1.760565 -0.000000 0.000000 0.003707 0.008347 -0.417902
23 0.946777 0.000000 0.000000 -0.059844 -0.161510 -0.356655
24 3.650005 0.195886 -0.591614 0.065848 0.111437 -0.286501
25 1.940476 0.000000 -0.000000 -0.063015 -0.157361 -0.382781
26 1.194153 0.000000 0.000000 0.017478 0.067896 -0.252168
27 3.920878 0.176868 0.421353 0.034918 -0.002119 -0.237374
28 2.398545 0.000000 0.000000 -0.016327 -0.028042 -0.527349
29 1.228913 0.000000 -0.000000 0.006292 0.038933 -0.160270
30 3.969047 0.108842 1.535248 0.028607 -0.031328 -0.228206
31 1.959841 0.000000 -0.000000 0.054600 0.111020 -0.458274
32 1.099742 0.000000 0.000000 0.010217 0.062642 -0.161791
33 1.244744 -0.896944 1.073525 1.541960 -0.431286 -0.187296
34 1.976136 0.000000 0.000000 0.000000 -0.068928 -0.257871
35 1.377138 -0.000000 0.000000 0.000000 -0.022268 0.192117
36 4.203462 1.484258 -1.588960 -0.365512 1.195222 -2.034445
37 5.124548 0.000000 0.000000 2.220343 0.528245 -0.805808
38 11.580950 0.000000 0.000000 0.000000 0.000000 -0.349620
39 11.182171 -0.000002 0.000017 -1.910222 0.089108 -0.292516
40 3.342029 -0.078177 1.535469 -0.066822 -0.142155 -0.247795
41 1.760565 -0.000000 0.000000 -0.003707 -0.008347 -0.417902
42 0.946777 0.000000 0.000000 0.059844 0.161510 -0.356655
43 3.650023 0.193487 0.592403 -0.061796 -0.111438 -0.286498
44 1.940476 0.000000 0.000000 0.063015 0.157361 -0.382781
45 1.194153 -0.000000 0.000000 -0.017478 -0.067896 -0.252168
46 3.920897 0.178574 -0.420632 -0.030866 0.002118 -0.237370
47 2.398545 0.000000 0.000000 0.016327 0.028042 -0.527349
48 1.228913 0.000000 -0.000000 -0.006292 -0.038933 -0.160270
49 3.969067 0.115063 -1.534794 -0.024555 0.031327 -0.228202
50 1.959841 0.000000 -0.000000 -0.054600 -0.111020 -0.458274
51 1.099742 0.000000 0.000000 -0.010217 -0.062642 -0.161791
52 1.244767 -0.892595 -1.077153 -1.537577 0.432036 -0.185459
53 1.976136 0.000000 0.000000 0.000000 0.068928 -0.257871
54 1.377138 0.000000 -0.000000 -0.000000 0.022268 0.192117
time 15
0 0.000000 0.000000 0.000000 1.570796 0.000000 0.000000
1 0.396218 0.228124 38.278008 1.474295 -0.137461 0.161427
2 0.000000 0.000000 0.000000 0.000000 0.000000 0.000000
3 3.890447 0.000000 0.000000 -1.660877 -0.201849 -1.461534
4 20.402582 0.000000 0.000000 0.000000 0.000000 0.681869
5 17.754948 -0.000000 0.000000 -0.241749 0.201000 -1.539406
6 5.733515 0.000000 0.000000 0.009698 -0.018921 -0.360347
7 -3.890447 -0.000000 -0.000000 -1.308277 -0.072506 -2.067511
8 20.402582 0.000000 -0.000000 0.000000 0.000000 0.706091
9 17.754948 -0.000000 0.000000 0.356087 -0.108799 -1.622188
10 5.733515 -0.000000 0.000000 -0.098168 0.014499 -0.341561
11 0.000000 3.345132 -1.055022 1.533443 0.033563 1.714645
12 4.232848 0.000000 0.000000 -0.026190 0.124222 0.145934
13 4.327481 -0.000000 -0.000000 -0.008683 0.042814 0.201094
14 6.430522 -0.000000 0.000000 0.126767 0.290793 0.499416
15 5.754028 0.000000 0.000000 2.858668 -0.058503 0.515290
16 4.208960 0.000000 0.000000 -0.090706 0.154012 1.006449
17 4.203462 1.484258 1.588960 -0.312602 -1.119563 -1.441530
18 5.124548 -0.000000 0.000000 -0.894471 -0.236331 -1.513963
19 11.580950 -0.000000 0.000000 -0.000000 0.000000 -0.820110
20 11.182189 -0.000002 -0.000032 1.472693 0.008090 -0.329160
21 3.342010 -0.071954 -1.535773 0.070874 0.142154 -0.247798
22 1.760565 0.000000 0.000000 0.003707 0.008347 -0.417902
23 0.946777 0.000000 0.000000 -0.059844 -0.161510 -0.356655
24 3.650005 0.195886 -0.591614 0.065848 0.111437 -0.286501
25 1.940476 0.000000 -0.000000 -0.063015 -0.157361 -0.382781
26 1.194153 0.000000 0.000000 0.017478 0.067896 -0.252168
27 3.920878 0.176868 0.421353 0.034918 -0.002119 -0.237374
28 2.398545 0.000000 0.000000 -0.016327 -0.028042 -0.527349
29 1.228913 -0.000000 0.000000 0.006292 0.038933 -0.160270
30 3.969047 0.108842 1.535248 0.028607 -0.031328 -0.228206
31 1.959841 0.000000 0.000000 0.054600 0.111020 -0.458274
32 1.099742 0.000000 0.000000 0.010217 0.062642 -0.161791
33 1.244744 -0.896944 1.073525 1.541960 -0.431286 -0.187296
34 1.976136 -0.000000 0.000000 0.000000 -0.068928 -0.257871
35 1.377138 0.000000 0.000000 0.000000 -0.022268 0.192117
36 4.203462 1.484258 -1.588960 -0.359906 1.196429 -2.028291
37 5.124548 0.000000 -0.000000 2.206418 0.546641 -0.800151
38 11.580950 0.000000 0.000000 -0.000000 0.000000 -0.358221
39 11.182171 -0.000002 0.000017 -1.894510 0.085259 -0.299612
40 3.342029 -0.078177 1.535469 -0.066822 -0.142155 -0.247795
41 1.760565 0.000000 0.000000 -0.003707 -0.008347 -0.417902
42 0.946777 0.000000 -0.000000 0.059844 0.161510 -0.356655
43 3.650023 0.193487 0.592403 -0.061796 -0.111438 -0.286498
44 1.940476 0.000000 0.000000 0.063015 0.157361 -0.382781
45 1.194153 0.000000 0.000000 -0.017478 -0.067896 -0.252168
46 3.920897 0.178574 -0.420632 -0.030866 0.002118 -0.237370
47 2.398545 0.000000 -0.000000 0.016327 0.028042 -0.527349
48 1.228913 -0.000000 -0.000000 -0.006292 -0.038933 -0.160270
49 3.969067 0.115063 -1.534794 -0.024555 0.031327 -0.228202
50 1.959841 0.000000 0.000000 -0.054600 -0.111020 -0.458274
51 1.099742 -0.000000 -0.000000 -0.010217 -0.062642 -0.161791
52 1.244767 -0.892595 -1.077153 -1.537577 0.432036 -0.185459
53 1.976136 -0.000000 0.000000 -0.000000 0.068928 -0.257871
54 1.377138 -0.000000 0.000000 -0.000000 0.022268 0.192117
time 16
0 0.000000 0.000000 0.000000 1.570796 0.000000 0.000000
1 0.371225 0.245386 38.273655 1.471331 -0.138116 0.170410
2 0.000000 0.000000 0.000000 0.000000 0.000000 0.000000
3 3.890447 0.000000 0.000000 -1.658180 -0.202456 -1.462277
4 20.402582 0.000000 0.000000 -0.000000 0.000000 0.681781
5 17.754948 -0.000000 0.000000 -0.239612 0.207014 -1.536809
6 5.733515 0.000000 0.000000 0.009699 -0.018917 -0.360057
7 -3.890447 0.000000 -0.000000 -1.304675 -0.067599 -2.068127
8 20.402582 -0.000000 0.000000 0.000000 0.000000 0.708048
9 17.754948 0.000000 -0.000000 0.356532 -0.105167 -1.623282
10 5.733515 0.000000 -0.000000 -0.098169 0.014495 -0.341305
11 0.000000 3.345132 -1.055022 1.533260 0.033018 1.715057
12 4.232848 -0.000000 0.000000 -0.026075 0.123938 0.145198
13 4.327481 0.000000 -0.000000 -0.008706 0.042710 0.199102
14 6.430522 0.000000 0.000000 0.127731 0.292420 0.498259
15 5.754028 0.000000 0.000000 2.859421 -0.058964 0.519007
16 4.208960 0.000000 0.000000 -0.089082 0.154913 1.005390
17 4.203462 1.484258 1.588960 -0.300409 -1.116992 -1.448731
18 5.124548 0.000000 -0.000000 -0.905564 -0.250024 -1.517398
19 11.580950 0.000000 0.000000 -0.000000 -0.000000 -0.821591
20 11.182189 -0.000002 -0.000032 1.471737 -0.004934 -0.338541
21 3.342010 -0.071954 -1.535773 0.070874 0.142154 -0.247798
22 1.760565 0.000000 0.000000 0.003707 0.008347 -0.417902
23 0.946777 0.000000 0.000000 -0.059844 -0.161510 -0.356655
24 3.650005 0.195886 -0.591614 0.065848 0.111437 -0.286501
25 1.940476 0.000000 0.000000 -0.063015 -0.157361 -0.382781
26 1.194153 0.000000 0.000000 0.017478 0.067896 -0.252168
27 3.920878 0.176868 0.421353 0.034918 -0.002119 -0.237374
28 2.398545 0.000000 -0.000000 -0.016327 -0.028042 -0.527349
29 1.228913 0.000000 -0.000000 0.006292 0.038933 -0.160270
30 3.969047 0.108842 1.535248 0.028607 -0.031328 -0.228206
31 1.959841 -0.000000 0.000000 0.054600 0.111020 -0.458274
32 1.099742 -0.000000 -0.000000 0.010217 0.062642 -0.161791
33 1.244744 -0.896944 1.073525 1.541960 -0.431286 -0.187296
34 1.976136 -0.000000 0.000000 0.000000 -0.068928 -0.257871
35 1.377138 0.000000 0.000000 0.000000 -0.022268 0.192117
36 4.203462 1.484258 -1.588960 -0.367262 1.199047 -2.032665
37 5.124548 0.000000 0.000000 2.197040 0.561048 -0.789556
38 11.580950 0.000000 0.000000 0.000000 -0.000000 -0.367753
39 11.182171 -0.000002 0.000017 -1.884576 0.082925 -0.303258
40 3.342029 -0.078177 1.535469 -0.066822 -0.142155 -0.247795
41 1.760565 0.000000 0.000000 -0.003707 -0.008347 -0.417902
42 0.946777 0.000000 0.000000 0.059844 0.161510 -0.356655
43 3.650023 0.193487 0.592403 -0.061796 -0.111438 -0.286498
44 1.940476 0.000000 0.000000 0.063015 0.157361 -0.382781
45 1.194153 0.000000 0.000000 -0.017478 -0.067896 -0.252168
46 3.920897 0.178574 -0.420632 -0.030866 0.002118 -0.237370
47 2.398545 0.000000 -0.000000 0.016327 0.028042 -0.527349
48 1.228913 0.000000 0.000000 -0.006292 -0.038933 -0.160270
49 3.969067 0.115063 -1.534794 -0.024555 0.031327 -0.228202
50 1.959841 0.000000 0.000000 -0.054600 -0.111020 -0.458274
51 1.099742 -0.000000 0.000000 -0.010217 -0.062642 -0.161791
52 1.244767 -0.892595 -1.077153 -1.537577 0.432036 -0.185459
53 1.976136 -0.000000 -0.000000 -0.000000 0.068928 -0.257871
54 1.377138 0.000000 0.000000 -0.000000 0.022268 0.192117
time 17
0 0.000000 0.000000 0.000000 1.570796 0.000000 0.000000
1 0.324881 0.256939 38.264378 1.467618 -0.138298 0.180943
2 0.000000 0.000000 0.000000 0.000000 0.000000 0.000000
3 3.890447 0.000000 0.000000 -1.654258 -0.203251 -1.462261
4 20.402582 0.000000 -0.000000 -0.000000 -0.000000 0.682498
5 17.754948 0.000000 0.000000 -0.237725 0.213766 -1.534038
6 5.733515 -0.000000 0.000000 0.009698 -0.018926 -0.360648
7 -3.890447 0.000000 -0.000000 -1.300489 -0.061602 -2.067835
8 20.402582 0.000000 -0.000000 0.000000 -0.000000 0.710831
9 17.754948 0.000000 0.000000 0.356732 -0.100769 -1.625382
10 5.733515 -0.000000 0.000000 -0.098173 0.014475 -0.340067
11 0.000000 3.345132 -1.055022 1.533178 0.033355 1.715577
12 4.232848 0.000000 0.000000 -0.025808 0.123613 0.143582
13 4.327481 0.000000 0.000000 -0.008632 0.042560 0.196130
14 6.430522 -0.000000 0.000000 0.128540 0.293515 0.496202
15 5.754028 -0.000000 0.000000 2.860146 -0.060079 0.519969
16 4.208960 -0.000000 0.000000 -0.087229 0.156209 1.007212
17 4.203462 1.484258 1.588960 -0.294878 -1.118805 -1.449807
18 5.124548 0.000000 -0.000000 -0.917480 -0.256871 -1.518085
19 11.580950 0.000000 0.000000 -0.000000 -0.000000 -0.830654
20 11.182189 -0.000002 -0.000032 1.469169 -0.014177 -0.340750
21 3.342010 -0.071954 -1.535773 0.070874 0.142154 -0.247798
22 1.760565 0.000000 0.000000 0.003707 0.008347 -0.417902
23 0.946777 0.000000 0.000000 -0.059844 -0.161510 -0.356655
24 3.650005 0.195886 -0.591614 0.065848 0.111437 -0.286501
25 1.940476 0.000000 -0.000000 -0.063015 -0.157361 -0.382781
26 1.194153 0.000000 0.000000 0.017478 0.067896 -0.252168
27 3.920878 0.176868 0.421353 0.034918 -0.002119 -0.237374
28 2.398545 0.000000 -0.000000 -0.016327 -0.028042 -0.527349
29 1.228913 0.000000 0.000000 0.006292 0.038933 -0.160270
30 3.969047 0.108842 1.535248 0.028607 -0.031328 -0.228206
31 1.959841 0.000000 -0.000000 0.054600 0.111020 -0.458274
32 1.099742 0.000000 0.000000 0.010217 0.062642 -0.161791
33 1.244744 -0.896944 1.073525 1.541960 -0.431286 -0.187296
34 1.976136 -0.000000 0.000000 -0.000000 -0.068928 -0.257871
35 1.377138 0.000000 0.000000 0.000000 -0.022268 0.192117
36 4.203462 1.484258 -1.588960 -0.376845 1.202737 -2.040892
37 5.124548 0.000000 0.000000 2.192857 0.570860 -0.778481
38 11.580950 0.000000 0.000000 0.000000 0.000000 -0.374466
39 11.182171 -0.000002 0.000017 -1.879424 0.080437 -0.305647
40 3.342029 -0.078177 1.535469 -0.066822 -0.142155 -0.247795
41 1.760565 0.000000 0.000000 -0.003707 -0.008347 -0.417902
42 0.946777 0.000000 0.000000 0.059844 0.161510 -0.356655
43 3.650023 0.193487 0.592403 -0.061796 -0.111438 -0.286498
44 1.940476 0.000000 0.000000 0.063015 0.157361 -0.382781
45 1.194153 -0.000000 0.000000 -0.017478 -0.067896 -0.252168
46 3.920897 0.178574 -0.420632 -0.030866 0.002118 -0.237370
47 2.398545 0.000000 0.000000 0.016327 0.028042 -0.527349
48 1.228913 0.000000 -0.000000 -0.006292 -0.038933 -0.160270
49 3.969067 0.115063 -1.534794 -0.024555 0.031327 -0.228202
50 1.959841 -0.000000 0.000000 -0.054600 -0.111020 -0.458274
51 1.099742 0.000000 -0.000000 -0.010217 -0.062642 -0.161791
52 1.244767 -0.892595 -1.077153 -1.537577 0.432036 -0.185459
53 1.976136 0.000000 0.000000 -0.000000 0.068928 -0.257871
54 1.377138 0.000000 0.000000 -0.000000 0.022268 0.192117
time 18
0 0.000000 0.000000 0.000000 1.570796 0.000000 0.000000
1 0.302787 0.215269 38.256687 1.463985 -0.138749 0.186578
2 0.000000 0.000000 0.000000 0.000000 0.000000 0.000000
3 3.890447 0.000000 0.000000 -1.653927 -0.200388 -1.461839
4 20.402582 0.000000 -0.000000 -0.000000 0.000000 0.682327
5 17.754948 -0.000000 0.000000 -0.236650 0.219381 -1.533774
6 5.733515 0.000000 0.000000 0.009697 -0.018933 -0.361076
7 -3.890447 0.000000 -0.000000 -1.299423 -0.055683 -2.067875
8 20.402582 0.000000 0.000000 0.000000 -0.000000 0.712298
9 17.754948 0.000000 0.000000 0.357198 -0.098486 -1.627319
10 5.733515 0.000000 -0.000000 -0.098171 0.014486 -0.340770
11 0.000000 3.345132 -1.055022 1.534738 0.035314 1.715915
12 4.232848 0.000000 0.000000 -0.024189 0.123663 0.141470
13 4.327481 0.000000 0.000000 -0.007865 0.042491 0.194009
14 6.430522 0.000000 0.000000 0.129264 0.293173 0.494721
15 5.754028 0.000000 -0.000000 2.862116 -0.062011 0.515757
16 4.208960 -0.000000 0.000000 -0.085677 0.156974 1.009294
17 4.203462 1.484258 1.588960 -0.290861 -1.121875 -1.452971
18 5.124548 0.000000 0.000000 -0.926834 -0.256673 -1.517659
19 11.580950 -0.000000 0.000000 -0.000000 0.000000 -0.841551
20 11.182189 -0.000002 -0.000032 1.465079 -0.015313 -0.339417
21 3.342010 -0.071954 -1.535773 0.070874 0.142154 -0.247798
22 1.760565 0.000000 0.000000 0.003707 0.008347 -0.417902
23 0.946777 0.000000 0.000000 -0.059844 -0.161510 -0.356655
24 3.650005 0.195886 -0.591614 0.065848 0.111437 -0.286501
25 1.940476 0.000000 0.000000 -0.063015 -0.157361 -0.382781
26 1.194153 0.000000 0.000000 0.017478 0.067896 -0.252168
27 3.920878 0.176868 0.421353 0.034918 -0.002119 -0.237374
28 2.398545 0.000000 -0.000000 -0.016327 -0.028042 -0.527349
29 1.228913 0.000000 0.000000 0.006292 0.038933 -0.160270
30 3.969047 0.108842 1.535248 0.028607 -0.031328 -0.228206
31 1.959841 0.000000 0.000000 0.054600 0.111020 -0.458274
32 1.099742 0.000000 -0.000000 0.010217 0.062642 -0.161791
33 1.244744 -0.896944 1.073525 1.541960 -0.431286 -0.187296
34 1.976136 0.000000 0.000000 -0.000000 -0.068928 -0.257871
35 1.377138 0.000000 0.000000 -0.000000 -0.022268 0.192117
36 4.203462 1.484258 -1.588960 -0.375904 1.207064 -2.040696
37 5.124548 -0.000000 0.000000 2.191469 0.578413 -0.771520
38 11.580950 0.000000 0.000000 -0.000000 -0.000000 -0.377732
39 11.182171 -0.000002 0.000017 -1.878804 0.078855 -0.308569
40 3.342029 -0.078177 1.535469 -0.066822 -0.142155 -0.247795
41 1.760565 0.000000 0.000000 -0.003707 -0.008347 -0.417902
42 0.946777 0.000000 0.000000 0.059844 0.161510 -0.356655
43 3.650023 0.193487 0.592403 -0.061796 -0.111438 -0.286498
44 1.940476 -0.000000 0.000000 0.063015 0.157361 -0.382781
45 1.194153 -0.000000 -0.000000 -0.017478 -0.067896 -0.252168
46 3.920897 0.178574 -0.420632 -0.030866 0.002118 -0.237370
47 2.398545 0.000000 0.000000 0.016327 0.028042 -0.527349
48 1.228913 0.000000 -0.000000 -0.006292 -0.038933 -0.160270
49 3.969067 0.115063 -1.534794 -0.024555 0.031327 -0.228202
50 1.959841 0.000000 0.000000 -0.054600 -0.111020 -0.458274
51 1.099742 -0.000000 0.000000 -0.010217 -0.062642 -0.161791
52 1.244767 -0.892595 -1.077153 -1.537577 0.432036 -0.185459
53 1.976136 0.000000 0.000000 -0.000000 0.068928 -0.257871
54 1.377138 0.000000 0.000000 -0.000000 0.022268 0.192117
time 19
0 0.000000 0.000000 0.000000 1.570796 0.000000 0.000000
1 0.290120 0.164127 38.247379 1.459840 -0.139286 0.189865
2 0.000000 0.000000 0.000000 0.000000 0.000000 0.000000
3 3.890447 -0.000000 0.000000 -1.654910 -0.195580 -1.461425
4 20.402582 0.000000 -0.000000 0.000000 0.000000 0.681744
5 17.754948 0.000000 -0.000000 -0.235974 0.224040 -1.534489
6 5.733515 0.000000 0.000000 0.009695 -0.018942 -0.361617
7 -3.890447 0.000000 -0.000000 -1.300558 -0.050095 -2.067964
8 20.402582 0.000000 0.000000 0.000000 0.000000 0.713784
9 17.754948 0.000000 -0.000000 0.357836 -0.096799 -1.629079
10 5.733515 0.000000 0.000000 -0.098167 0.014510 -0.342204
11 -0.000000 3.345132 -1.055022 1.536735 0.037470 1.716295
12 4.232848 0.000000 0.000000 -0.022220 0.123831 0.139285
13 4.327481 -0.000000 0.000000 -0.006917 0.042443 0.192030
14 6.430522 0.000000 0.000000 0.129968 0.292425 0.493348
15 5.754028 0.000000 -0.000000 2.864434 -0.065267 0.508326
16 4.208960 0.000000 0.000000 -0.083909 0.157061 1.011590
17 4.203462 1.484258 1.588960 -0.288686 -1.121640 -1.455177
18 5.124548 -0.000000 0.000000 -0.928358 -0.254304 -1.521493
19 11.580950 0.000000 0.000000 0.000000 -0.000000 -0.846053
20 11.182189 -0.000002 -0.000032 1.458964 -0.011372 -0.340884
21 3.342010 -0.071954 -1.535773 0.070874 0.142154 -0.247798
22 1.760565 -0.000000 0.000000 0.003707 0.008347 -0.417902
23 0.946777 0.000000 0.000000 -0.059844 -0.161510 -0.356655
24 3.650005 0.195886 -0.591614 0.065848 0.111437 -0.286501
25 1.940476 0.000000 0.000000 -0.063015 -0.157361 -0.382781
26 1.194153 0.000000 0.000000 0.017478 0.067896 -0.252168
27 3.920878 0.176868 0.421353 0.034918 -0.002119 -0.237374
28 2.398545 0.000000 0.000000 -0.016327 -0.028042 -0.527349
29 1.228913 0.000000 -0.000000 0.006292 0.038933 -0.160270
30 3.969047 0.108842 1.535248 0.028607 -0.031328 -0.228206
31 1.959841 0.000000 0.000000 0.054600 0.111020 -0.458274
32 1.099742 -0.000000 0.000000 0.010217 0.062642 -0.161791
33 1.244744 -0.896944 1.073525 1.541960 -0.431286 -0.187296
34 1.976136 -0.000000 0.000000 -0.000000 -0.068928 -0.257871
35 1.377138 0.000000 0.000000 0.000000 -0.022268 0.192117
36 4.203462 1.484258 -1.588960 -0.371038 1.211322 -2.037259
37 5.124548 0.000000 -0.000000 2.193385 0.586054 -0.765880
38 11.580950 -0.000000 0.000000 0.000000 0.000000 -0.379691
39 11.182171 -0.000002 0.000017 -1.879561 0.078822 -0.308874
40 3.342029 -0.078177 1.535469 -0.066822 -0.142155 -0.247795
41 1.760565 0.000000 0.000000 -0.003707 -0.008347 -0.417902
42 0.946777 0.000000 0.000000 0.059844 0.161510 -0.356655
43 3.650023 0.193487 0.592403 -0.061796 -0.111438 -0.286498
44 1.940476 0.000000 0.000000 0.063015 0.157361 -0.382781
45 1.194153 0.000000 0.000000 -0.017478 -0.067896 -0.252168
46 3.920897 0.178574 -0.420632 -0.030866 0.002118 -0.237370
47 2.398545 0.000000 0.000000 0.016327 0.028042 -0.527349
48 1.228913 0.000000 0.000000 -0.006292 -0.038933 -0.160270
49 3.969067 0.115063 -1.534794 -0.024555 0.031327 -0.228202
50 1.959841 0.000000 0.000000 -0.054600 -0.111020 -0.458274
51 1.099742 -0.000000 0.000000 -0.010217 -0.062642 -0.161791
52 1.244767 -0.892595 -1.077153 -1.537577 0.432036 -0.185459
53 1.976136 -0.000000 0.000000 -0.000000 0.068928 -0.257871
54 1.377138 -0.000000 -0.000000 0.000000 0.022268 0.192117
time 20
0 0.000000 0.000000 0.000000 1.570796 0.000000 0.000000
1 0.282417 0.104914 38.231312 1.454225 -0.139891 0.192014
2 0.000000 0.000000 0.000000 0.000000 0.000000 0.000000
3 3.890447 0.000000 0.000000 -1.656182 -0.189380 -1.460692
4 20.402582 0.000000 -0.000000 -0.000000 0.000000 0.682485
5 17.754948 -0.000000 0.000000 -0.236114 0.228237 -1.536853
6 5.733515 0.000000 0.000000 0.009693 -0.018955 -0.362354
7 -3.890447 0.000000 -0.000000 -1.302784 -0.043485 -2.068341
8 20.402582 0.000000 0.000000 0.000000 -0.000000 0.715583
9 17.754948 0.000000 0.000000 0.358478 -0.096025 -1.631565
10 5.733515 0.000000 -0.000000 -0.098163 0.014533 -0.343571
11 0.000000 3.345132 -1.055022 1.538223 0.039320 1.716745
12 4.232848 0.000000 0.000000 -0.020696 0.123826 0.137391
13 4.327481 0.000000 -0.000000 -0.006200 0.042365 0.190442
14 6.430522 0.000000 0.000000 0.130663 0.292114 0.492448
15 5.754028 0.000000 -0.000000 2.865876 -0.069435 0.500542
16 4.208960 0.000000 0.000000 -0.081813 0.156926 1.014845
17 4.203462 1.484258 1.588960 -0.282847 -1.122062 -1.458087
18 5.124548 0.000000 -0.000000 -0.925721 -0.251273 -1.525412
19 11.580950 0.000000 0.000000 0.000000 0.000000 -0.846956
20 11.182189 -0.000002 -0.000032 1.455937 -0.011160 -0.344278
21 3.342010 -0.071954 -1.535773 0.070874 0.142154 -0.247798
22 1.760565 0.000000 0.000000 0.003707 0.008347 -0.417902
23 0.946777 0.000000 0.000000 -0.059844 -0.161510 -0.356655
24 3.650005 0.195886 -0.591614 0.065848 0.111437 -0.286501
25 1.940476 0.000000 0.000000 -0.063015 -0.157361 -0.382781
26 1.194153 0.000000 0.000000 0.017478 0.067896 -0.252168
27 3.920878 0.176868 0.421353 0.034918 -0.002119 -0.237374
28 2.398545 -0.000000 0.000000 -0.016327 -0.028042 -0.527349
29 1.228913 0.000000 -0.000000 0.006292 0.038933 -0.160270
30 3.969047 0.108842 1.535248 0.028607 -0.031328 -0.228206
31 1.959841 0.000000 -0.000000 0.054600 0.111020 -0.458274
32 1.099742 0.000000 -0.000000 0.010217 0.062642 -0.161791
33 1.244744 -0.896944 1.073525 1.541960 -0.431286 -0.187296
34 1.976136 0.000000 0.000000 -0.000000 -0.068928 -0.257871
35 1.377138 0.000000 0.000000 0.000000 -0.022268 0.192117
36 4.203462 1.484258 -1.588960 -0.363762 1.216204 -2.031592
37 5.124548 0.000000 0.000000 2.198265 0.593148 -0.761367
38 11.580950 0.000000 0.000000 -0.000000 0.000000 -0.382965
39 11.182171 -0.000002 0.000017 -1.878088 0.079416 -0.306818
40 3.342029 -0.078177 1.535469 -0.066822 -0.142155 -0.247795
41 1.760565 0.000000 -0.000000 -0.003707 -0.008347 -0.417902
42 0.946777 0.000000 0.000000 0.059844 0.161510 -0.356655
43 3.650023 0.193487 0.592403 -0.061796 -0.111438 -0.286498
44 1.940476 -0.000000 -0.000000 0.063015 0.157361 -0.382781
45 1.194153 -0.000000 0.000000 -0.017478 -0.067896 -0.252168
46 3.920897 0.178574 -0.420632 -0.030866 0.002118 -0.237370
47 2.398545 0.000000 0.000000 0.016327 0.028042 -0.527349
48 1.228913 0.000000 0.000000 -0.006292 -0.038933 -0.160270
49 3.969067 0.115063 -1.534794 -0.024555 0.031327 -0.228202
50 1.959841 0.000000 0.000000 -0.054600 -0.111020 -0.458274
51 1.099742 0.000000 0.000000 -0.010217 -0.062642 -0.161791
52 1.244767 -0.892595 -1.077153 -1.537577 0.432036 -0.185459
53 1.976136 0.000000 0.000000 -0.000000 0.068928 -0.257871
54 1.377138 -0.000000 0.000000 0.000000 0.022268 0.192117
time 21
0 0.000000 0.000000 0.000000 1.570796 0.000000 0.000000
1 0.278293 0.057311 38.218399 1.449889 -0.140297 0.192919
2 0.000000 0.000000 0.000000 0.000000 0.000000 0.000000
3 3.890447 0.000000 0.000000 -1.657215 -0.184011 -1.460186
4 20.402582 0.000000 0.000000 0.000000 0.000000 0.682611
5 17.754948 0.000000 0.000000 -0.236518 0.230773 -1.538962
6 5.733515 0.000000 0.000000 0.009691 -0.018971 -0.363370
7 -3.890447 0.000000 -0.000000 -1.305042 -0.038489 -2.068538
8 20.402582 -0.000000 0.000000 -0.000000 0.000000 0.716750
9 17.754948 0.000000 0.000000 0.358974 -0.095705 -1.633671
10 5.733515 -0.000000 0.000000 -0.098160 0.014547 -0.344446
11 0.000000 3.345132 -1.055022 1.538992 0.041409 1.718043
12 4.232848 -0.000000 -0.000000 -0.019946 0.123768 0.135023
13 4.327481 -0.000000 0.000000 -0.005814 0.042256 0.188730
14 6.430522 -0.000000 0.000000 0.130616 0.291276 0.491415
15 5.754028 -0.000000 0.000000 2.866495 -0.072980 0.495549
16 4.208960 0.000000 0.000000 -0.079513 0.156225 1.019058
17 4.203462 1.484258 1.588960 -0.276079 -1.122236 -1.461724
18 5.124548 0.000000 0.000000 -0.919709 -0.244986 -1.529145
19 11.580950 0.000000 0.000000 0.000000 0.000000 -0.844027
20 11.182189 -0.000002 -0.000032 1.455597 -0.007865 -0.348187
21 3.342010 -0.071954 -1.535773 0.070874 0.142154 -0.247798
22 1.760565 0.000000 0.000000 0.003707 0.008347 -0.417902
23 0.946777 0.000000 -0.000000 -0.059844 -0.161510 -0.356655
24 3.650005 0.195886 -0.591614 0.065848 0.111437 -0.286501
25 1.940476 0.000000 -0.000000 -0.063015 -0.157361 -0.382781
26 1.194153 0.000000 -0.000000 0.017478 0.067896 -0.252168
27 3.920878 0.176868 0.421353 0.034918 -0.002119 -0.237374
28 2.398545 0.000000 0.000000 -0.016327 -0.028042 -0.527349
29 1.228913 0.000000 -0.000000 0.006292 0.038933 -0.160270
30 3.969047 0.108842 1.535248 0.028607 -0.031328 -0.228206
31 1.959841 0.000000 0.000000 0.054600 0.111020 -0.458274
32 1.099742 0.000000 0.000000 0.010217 0.062642 -0.161791
33 1.244744 -0.896944 1.073525 1.541960 -0.431286 -0.187296
34 1.976136 0.000000 -0.000000 0.000000 -0.068928 -0.257871
35 1.377138 0.000000 0.000000 0.000000 -0.022268 0.192117
36 4.203462 1.484258 -1.588960 -0.356066 1.222605 -2.024981
37 5.124548 0.000000 0.000000 2.206067 0.600608 -0.757039
38 11.580950 -0.000000 -0.000000 0.000000 0.000000 -0.385188
39 11.182171 -0.000002 0.000017 -1.878809 0.079463 -0.305039
40 3.342029 -0.078177 1.535469 -0.066822 -0.142155 -0.247795
41 1.760565 0.000000 0.000000 -0.003707 -0.008347 -0.417902
42 0.946777 -0.000000 0.000000 0.059844 0.161510 -0.356655
43 3.650023 0.193487 0.592403 -0.061796 -0.111438 -0.286498
44 1.940476 0.000000 0.000000 0.063015 0.157361 -0.382781
45 1.194153 -0.000000 0.000000 -0.017478 -0.067896 -0.252168
46 3.920897 0.178574 -0.420632 -0.030866 0.002118 -0.237370
47 2.398545 0.000000 0.000000 0.016327 0.028042 -0.527349
48 1.228913 0.000000 0.000000 -0.006292 -0.038933 -0.160270
49 3.969067 0.115063 -1.534794 -0.024555 0.031327 -0.228202
50 1.959841 -0.000000 0.000000 -0.054600 -0.111020 -0.458274
51 1.099742 0.000000 0.000000 -0.010217 -0.062642 -0.161791
52 1.244767 -0.892595 -1.077153 -1.537577 0.432036 -0.185459
53 1.976136 0.000000 0.000000 -0.000000 0.068928 -0.257871
54 1.377138 0.000000 -0.000000 -0.000000 0.022268 0.192117
time 22
0 0.000000 0.000000 0.000000 1.570796 0.000000 0.000000
1 0.273752 -0.024946 38.196060 1.442809 -0.140906 0.192916
2 0.000000 0.000000 0.000000 0.000000 0.000000 0.000000
3 3.890447 0.000000 0.000000 -1.659594 -0.174492 -1.459235
4 20.402582 0.000000 0.000000 0.000000 0.000000 0.682759
5 17.754948 0.000000 0.000000 -0.237550 0.234348 -1.543061
6 5.733515 0.000000 0.000000 0.009684 -0.019014 -0.365937
7 -3.890447 0.000000 -0.000000 -1.308919 -0.030387 -2.068953
8 20.402582 -0.000000 0.000000 -0.000000 -0.000000 0.718172
9 17.754948 0.000000 -0.000000 0.359390 -0.096270 -1.637864
10 5.733515 -0.000000 0.000000 -0.098158 0.014559 -0.345200
11 0.000000 3.345132 -1.055022 1.538952 0.043229 1.718174
12 4.232848 0.000000 -0.000000 -0.019661 0.123704 0.133774
13 4.327481 0.000000 0.000000 -0.005621 0.042413 0.187950
14 6.430522 -0.000000 0.000000 0.130531 0.290631 0.490947
15 5.754028 0.000000 0.000000 2.868199 -0.073713 0.491279
16 4.208960 0.000000 0.000000 -0.078609 0.155243 1.023070
17 4.203462 1.484258 1.588960 -0.269235 -1.122842 -1.465061
18 5.124548 0.000000 -0.000000 -0.911398 -0.235976 -1.531767
19 11.580950 0.000000 0.000000 -0.000000 0.000000 -0.839278
20 11.182189 -0.000002 -0.000032 1.457548 0.001567 -0.351549
21 3.342010 -0.071954 -1.535773 0.070874 0.142154 -0.247798
22 1.760565 0.000000 0.000000 0.003707 0.008347 -0.417902
23 0.946777 0.000000 0.000000 -0.059844 -0.161510 -0.356655
24 3.650005 0.195886 -0.591614 0.065848 0.111437 -0.286501
25 1.940476 0.000000 -0.000000 -0.063015 -0.157361 -0.382781
26 1.194153 -0.000000 0.000000 0.017478 0.067896 -0.252168
27 3.920878 0.176868 0.421353 0.034918 -0.002119 -0.237374
28 2.398545 0.000000 0.000000 -0.016327 -0.028042 -0.527349
29 1.228913 0.000000 -0.000000 0.006292 0.038933 -0.160270
30 3.969047 0.108842 1.535248 0.028607 -0.031328 -0.228206
31 1.959841 0.000000 0.000000 0.054600 0.111020 -0.458274
32 1.099742 -0.000000 -0.000000 0.010217 0.062642 -0.161791
33 1.244744 -0.896944 1.073525 1.541960 -0.431286 -0.187296
34 1.976136 0.000000 -0.000000 0.000000 -0.068928 -0.257871
35 1.377138 0.000000 0.000000 0.000000 -0.022268 0.192117
36 4.203462 1.484258 -1.588960 -0.355946 1.226047 -2.027109
37 5.124548 0.000000 0.000000 2.214648 0.607861 -0.750128
38 11.580950 -0.000000 -0.000000 0.000000 0.000000 -0.385813
39 11.182171 -0.000002 0.000017 -1.879890 0.075366 -0.309654
40 3.342029 -0.078177 1.535469 -0.066822 -0.142155 -0.247795
41 1.760565 -0.000000 0.000000 -0.003707 -0.008347 -0.417902
42 0.946777 0.000000 0.000000 0.059844 0.161510 -0.356655
43 3.650023 0.193487 0.592403 -0.061796 -0.111438 -0.286498
44 1.940476 0.000000 0.000000 0.063015 0.157361 -0.382781
45 1.194153 -0.000000 -0.000000 -0.017478 -0.067896 -0.252168
46 3.920897 0.178574 -0.420632 -0.030866 0.002118 -0.237370
47 2.398545 0.000000 0.000000 0.016327 0.028042 -0.527349
48 1.228913 0.000000 0.000000 -0.006292 -0.038933 -0.160270
49 3.969067 0.115063 -1.534794 -0.024555 0.031327 -0.228202
50 1.959841 0.000000 0.000000 -0.054600 -0.111020 -0.458274
51 1.099742 -0.000000 0.000000 -0.010217 -0.062642 -0.161791
52 1.244767 -0.892595 -1.077153 -1.537577 0.432036 -0.185459
53 1.976136 -0.000000 0.000000 -0.000000 0.068928 -0.257871
54 1.377138 0.000000 -0.000000 -0.000000 0.022268 0.192117
time 23
0 0.000000 0.000000 0.000000 1.570796 0.000000 0.000000
1 0.271909 -0.094031 38.175720 1.437267 -0.141384 0.191877
2 0.000000 0.000000 0.000000 0.000000 0.000000 0.000000
3 3.890447 0.000000 0.000000 -1.661902 -0.166779 -1.458200
4 20.402582 -0.000000 0.000000 0.000000 0.000000 0.683368
5 17.754948 -0.000000 -0.000000 -0.238929 0.236759 -1.547100
6 5.733515 -0.000000 0.000000 0.009678 -0.019056 -0.368472
7 -3.890447 0.000000 -0.000000 -1.313262 -0.024355 -2.069057
8 20.402582 0.000000 0.000000 0.000000 0.000000 0.719222
9 17.754948 0.000000 -0.000000 0.359620 -0.096253 -1.641552
10 5.733515 -0.000000 -0.000000 -0.098157 0.014563 -0.345412
11 -0.000000 3.345132 -1.055022 1.538978 0.044791 1.718006
12 4.232848 0.000000 0.000000 -0.019469 0.123187 0.132131
13 4.327481 0.000000 -0.000000 -0.005526 0.042287 0.186566
14 6.430522 0.000000 -0.000000 0.130839 0.290924 0.490104
15 5.754028 -0.000000 0.000000 2.871688 -0.071250 0.485665
16 4.208960 0.000000 0.000000 -0.079695 0.154324 1.026543
17 4.203462 1.484258 1.588960 -0.265219 -1.121627 -1.465256
18 5.124548 -0.000000 0.000000 -0.897989 -0.224600 -1.535778
19 11.580950 -0.000000 0.000000 -0.000000 -0.000000 -0.834231
20 11.182189 -0.000002 -0.000032 1.462937 0.010163 -0.350112
21 3.342010 -0.071954 -1.535773 0.070874 0.142154 -0.247798
22 1.760565 0.000000 0.000000 0.003707 0.008347 -0.417902
23 0.946777 0.000000 0.000000 -0.059844 -0.161510 -0.356655
24 3.650005 0.195886 -0.591614 0.065848 0.111437 -0.286501
25 1.940476 0.000000 -0.000000 -0.063015 -0.157361 -0.382781
26 1.194153 0.000000 0.000000 0.017478 0.067896 -0.252168
27 3.920878 0.176868 0.421353 0.034918 -0.002119 -0.237374
28 2.398545 0.000000 0.000000 -0.016327 -0.028042 -0.527349
29 1.228913 0.000000 0.000000 0.006292 0.038933 -0.160270
30 3.969047 0.108842 1.535248 0.028607 -0.031328 -0.228206
31 1.959841 0.000000 -0.000000 0.054600 0.111020 -0.458274
32 1.099742 0.000000 0.000000 0.010217 0.062642 -0.161791
33 1.244744 -0.896944 1.073525 1.541960 -0.431286 -0.187296
34 1.976136 -0.000000 0.000000 -0.000000 -0.068928 -0.257871
35 1.377138 0.000000 0.000000 0.000000 -0.022268 0.192117
36 4.203462 1.484258 -1.588960 -0.350541 1.225076 -2.024204
37 5.124548 0.000000 -0.000000 2.216578 0.616194 -0.745988
38 11.580950 0.000000 -0.000000 0.000000 -0.000000 -0.387810
39 11.182171 -0.000002 0.000017 -1.878355 0.072999 -0.313734
40 3.342029 -0.078177 1.535469 -0.066822 -0.142155 -0.247795
41 1.760565 0.000000 0.000000 -0.003707 -0.008347 -0.417902
42 0.946777 0.000000 0.000000 0.059844 0.161510 -0.356655
43 3.650023 0.193487 0.592403 -0.061796 -0.111438 -0.286498
44 1.940476 0.000000 0.000000 0.063015 0.157361 -0.382781
45 1.194153 0.000000 0.000000 -0.017478 -0.067896 -0.252168
46 3.920897 0.178574 -0.420632 -0.030866 0.002118 -0.237370
47 2.398545 0.000000 -0.000000 0.016327 0.028042 -0.527349
48 1.228913 0.000000 0.000000 -0.006292 -0.038933 -0.160270
49 3.969067 0.115063 -1.534794 -0.024555 0.031327 -0.228202
50 1.959841 0.000000 0.000000 -0.054600 -0.111020 -0.458274
51 1.099742 0.000000 -0.000000 -0.010217 -0.062642 -0.161791
52 1.244767 -0.892595 -1.077153 -1.537577 0.432036 -0.185459
53 1.976136 -0.000000 0.000000 -0.000000 0.068928 -0.257871
54 1.377138 0.000000 0.000000 -0.000000 0.022268 0.192117
time 24
0 0.000000 0.000000 0.000000 1.570796 0.000000 0.000000
1 0.271672 -0.164892 38.153625 1.431937 -0.141893 0.189958
2 0.000000 0.000000 0.000000 0.000000 0.000000 0.000000
3 3.890447 0.000000 0.000000 -1.664335 -0.159039 -1.457155
4 20.402582 0.000000 0.000000 -0.000000 0.000000 0.684359
5 17.754948 -0.000000 -0.000000 -0.241315 0.238662 -1.551928
6 5.733515 -0.000000 0.000000 0.009673 -0.019090 -0.370510
7 -3.890447 0.000000 -0.000000 -1.317534 -0.018536 -2.069327
8 20.402582 0.000000 0.000000 0.000000 0.000000 0.719281
9 17.754948 -0.000000 0.000000 0.359278 -0.096768 -1.644826
10 5.733515 -0.000000 0.000000 -0.098158 0.014562 -0.345339
11 0.000000 3.345132 -1.055022 1.538793 0.045998 1.717711
12 4.232848 -0.000000 0.000000 -0.019443 0.122634 0.130607
13 4.327481 0.000000 0.000000 -0.005524 0.042120 0.184986
14 6.430522 0.000000 -0.000000 0.131076 0.291241 0.489094
15 5.754028 -0.000000 -0.000000 2.875902 -0.066329 0.480464
16 4.208960 -0.000000 0.000000 -0.082722 0.153638 1.027102
17 4.203462 1.484258 1.588960 -0.262781 -1.119444 -1.464319
18 5.124548 -0.000000 0.000000 -0.882249 -0.211622 -1.539861
19 11.580950 -0.000000 0.000000 -0.000000 -0.000000 -0.827673
20 11.182189 -0.000002 -0.000032 1.469087 0.021699 -0.345711
21 3.342010 -0.071954 -1.535773 0.070874 0.142154 -0.247798
22 1.760565 0.000000 0.000000 0.003707 0.008347 -0.417902
23 0.946777 0.000000 0.000000 -0.059844 -0.161510 -0.356655
24 3.650005 0.195886 -0.591614 0.065848 0.111437 -0.286501
25 1.940476 0.000000 -0.000000 -0.063015 -0.157361 -0.382781
26 1.194153 0.000000 -0.000000 0.017478 0.067896 -0.252168
27 3.920878 0.176868 0.421353 0.034918 -0.002119 -0.237374
28 2.398545 0.000000 -0.000000 -0.016327 -0.028042 -0.527349
29 1.228913 -0.000000 0.000000 0.006292 0.038933 -0.160270
30 3.969047 0.108842 1.535248 0.028607 -0.031328 -0.228206
31 1.959841 0.000000 0.000000 0.054600 0.111020 -0.458274
32 1.099742 0.000000 0.000000 0.010217 0.062642 -0.161791
33 1.244744 -0.896944 1.073525 1.541960 -0.431286 -0.187296
34 1.976136 -0.000000 0.000000 -0.000000 -0.068928 -0.257871
35 1.377138 -0.000000 0.000000 0.000000 -0.022268 0.192117
36 4.203462 1.484258 -1.588960 -0.347021 1.220224 -2.021631
37 5.124548 0.000000 0.000000 2.212007 0.624708 -0.742935
38 11.580950 0.000000 0.000000 0.000000 0.000000 -0.393173
39 11.182171 -0.000002 0.000017 -1.871518 0.074218 -0.316135
40 3.342029 -0.078177 1.535469 -0.066822 -0.142155 -0.247795
41 1.760565 0.000000 0.000000 -0.003707 -0.008347 -0.417902
42 0.946777 0.000000 0.000000 0.059844 0.161510 -0.356655
43 3.650023 0.193487 0.592403 -0.061796 -0.111438 -0.286498
44 1.940476 -0.000000 0.000000 0.063015 0.157361 -0.382781
45 1.194153 0.000000 0.000000 -0.017478 -0.067896 -0.252168
46 3.920897 0.178574 -0.420632 -0.030866 0.002118 -0.237370
47 2.398545 0.000000 0.000000 0.016327 0.028042 -0.527349
48 1.228913 0.000000 0.000000 -0.006292 -0.038933 -0.160270
49 3.969067 0.115063 -1.534794 -0.024555 0.031327 -0.228202
50 1.959841 0.000000 0.000000 -0.054600 -0.111020 -0.458274
51 1.099742 0.000000 -0.000000 -0.010217 -0.062642 -0.161791
52 1.244767 -0.892595 -1.077153 -1.537577 0.432036 -0.185459
53 1.976136 0.000000 0.000000 0.000000 0.068928 -0.257871
54 1.377138 0.000000 -0.000000 0.000000 0.022268 0.192117
time 25
0 0.000000 0.000000 0.000000 1.570796 0.000000 0.000000
1 0.271503 -0.233211 38.128860 1.426885 -0.142177 0.187235
2 0.000000 0.000000 0.000000 0.000000 0.000000 0.000000
3 3.890447 0.000000 0.000000 -1.666679 -0.151887 -1.455694
4 20.402582 -0.000000 0.000000 0.000000 0.000000 0.686330
5 17.754948 0.000000 0.000000 -0.244722 0.239992 -1.557487
6 5.733515 0.000000 0.000000 0.009669 -0.019114 -0.371974
7 -3.890447 0.000000 -0.000000 -1.322996 -0.013878 -2.068988
8 20.402582 0.000000 -0.000000 -0.000000 0.000000 0.721230
9 17.754948 0.000000 0.000000 0.358901 -0.096419 -1.649721
10 5.733515 0.000000 -0.000000 -0.098158 0.014559 -0.345150
11 0.000000 3.345132 -1.055022 1.538434 0.047370 1.717526
12 4.232848 0.000000 0.000000 -0.019604 0.122187 0.129094
13 4.327481 0.000000 0.000000 -0.005588 0.042036 0.183575
14 6.430522 0.000000 -0.000000 0.131046 0.291229 0.488133
15 5.754028 0.000000 0.000000 2.879444 -0.060652 0.476926
16 4.208960 0.000000 0.000000 -0.086334 0.152958 1.026515
17 4.203462 1.484258 1.588960 -0.263945 -1.118176 -1.460001
18 5.124548 0.000000 -0.000000 -0.866766 -0.198971 -1.543929
19 11.580950 0.000000 0.000000 -0.000000 -0.000000 -0.819107
20 11.182189 -0.000002 -0.000032 1.477891 0.034847 -0.338674
21 3.342010 -0.071954 -1.535773 0.070874 0.142154 -0.247798
22 1.760565 0.000000 0.000000 0.003707 0.008347 -0.417902
23 0.946777 -0.000000 0.000000 -0.059844 -0.161510 -0.356655
24 3.650005 0.195886 -0.591614 0.065848 0.111437 -0.286501
25 1.940476 0.000000 -0.000000 -0.063015 -0.157361 -0.382781
26 1.194153 0.000000 -0.000000 0.017478 0.067896 -0.252168
27 3.920878 0.176868 0.421353 0.034918 -0.002119 -0.237374
28 2.398545 0.000000 0.000000 -0.016327 -0.028042 -0.527349
29 1.228913 0.000000 0.000000 0.006292 0.038933 -0.160270
30 3.969047 0.108842 1.535248 0.028607 -0.031328 -0.228206
31 1.959841 0.000000 -0.000000 0.054600 0.111020 -0.458274
32 1.099742 0.000000 0.000000 0.010217 0.062642 -0.161791
33 1.244744 -0.896944 1.073525 1.541960 -0.431286 -0.187296
34 1.976136 -0.000000 0.000000 0.000000 -0.068928 -0.257871
35 1.377138 0.000000 0.000000 0.000000 -0.022268 0.192117
36 4.203462 1.484258 -1.588960 -0.345470 1.214716 -2.020685
37 5.124548 0.000000 0.000000 2.205817 0.630801 -0.741344
38 11.580950 0.000000 0.000000 -0.000000 -0.000000 -0.399581
39 11.182171 -0.000002 0.000017 -1.862159 0.078254 -0.319257
40 3.342029 -0.078177 1.535469 -0.066822 -0.142155 -0.247795
41 1.760565 0.000000 0.000000 -0.003707 -0.008347 -0.417902
42 0.946777 0.000000 0.000000 0.059844 0.161510 -0.356655
43 3.650023 0.193487 0.592403 -0.061796 -0.111438 -0.286498
44 1.940476 0.000000 -0.000000 0.063015 0.157361 -0.382781
45 1.194153 0.000000 0.000000 -0.017478 -0.067896 -0.252168
46 3.920897 0.178574 -0.420632 -0.030866 0.002118 -0.237370
47 2.398545 0.000000 0.000000 0.016327 0.028042 -0.527349
48 1.228913 0.000000 -0.000000 -0.006292 -0.038933 -0.160270
49 3.969067 0.115063 -1.534794 -0.024555 0.031327 -0.228202
50 1.959841 0.000000 0.000000 -0.054600 -0.111020 -0.458274
51 1.099742 0.000000 -0.000000 -0.010217 -0.062642 -0.161791
52 1.244767 -0.892595 -1.077153 -1.537577 0.432036 -0.185459
53 1.976136 -0.000000 0.000000 0.000000 0.068928 -0.257871
54 1.377138 -0.000000 0.000000 -0.000000 0.022268 0.192117
time 26
0 0.000000 0.000000 0.000000 1.570796 0.000000 0.000000
1 0.270037 -0.292445 38.098778 1.422207 -0.141855 0.183808
2 0.000000 0.000000 0.000000 0.000000 0.000000 0.000000
3 3.890447 0.000000 0.000000 -1.668719 -0.145599 -1.453793
4 20.402582 -0.000000 0.000000 0.000000 0.000000 0.689321
5 17.754948 0.000000 0.000000 -0.247955 0.240372 -1.563163
6 5.733515 -0.000000 -0.000000 0.009665 -0.019146 -0.373903
7 -3.890447 -0.000000 -0.000000 -1.328522 -0.010092 -2.068175
8 20.402582 0.000000 0.000000 -0.000000 0.000000 0.723006
9 17.754948 0.000000 0.000000 0.358443 -0.096298 -1.654192
10 5.733515 0.000000 -0.000000 -0.098158 0.014557 -0.345051
11 0.000000 3.345132 -1.055022 1.537930 0.048868 1.717589
12 4.232848 0.000000 0.000000 -0.019895 0.121861 0.127573
13 4.327481 0.000000 0.000000 -0.005688 0.042032 0.182266
14 6.430522 0.000000 0.000000 0.131046 0.291346 0.487270
15 5.754028 0.000000 0.000000 2.881567 -0.055416 0.475929
16 4.208960 0.000000 -0.000000 -0.089645 0.152252 1.025396
17 4.203462 1.484258 1.588960 -0.272184 -1.118781 -1.449697
18 5.124548 0.000000 -0.000000 -0.848547 -0.187110 -1.547108
19 11.580950 -0.000000 0.000000 -0.000000 0.000000 -0.808426
20 11.182189 -0.000002 -0.000032 1.484823 0.043336 -0.330813
21 3.342010 -0.071954 -1.535773 0.070874 0.142154 -0.247798
22 1.760565 0.000000 -0.000000 0.003707 0.008347 -0.417902
23 0.946777 0.000000 0.000000 -0.059844 -0.161510 -0.356655
24 3.650005 0.195886 -0.591614 0.065848 0.111437 -0.286501
25 1.940476 0.000000 -0.000000 -0.063015 -0.157361 -0.382781
26 1.194153 -0.000000 0.000000 0.017478 0.067896 -0.252168
27 3.920878 0.176868 0.421353 0.034918 -0.002119 -0.237374
28 2.398545 0.000000 0.000000 -0.016327 -0.028042 -0.527349
29 1.228913 0.000000 0.000000 0.006292 0.038933 -0.160270
30 3.969047 0.108842 1.535248 0.028607 -0.031328 -0.228206
31 1.959841 0.000000 0.000000 0.054600 0.111020 -0.458274
32 1.099742 0.000000 0.000000 0.010217 0.062642 -0.161791
33 1.244744 -0.896944 1.073525 1.541960 -0.431286 -0.187296
34 1.976136 0.000000 0.000000 -0.000000 -0.068928 -0.257871
35 1.377138 0.000000 0.000000 0.000000 -0.022268 0.192117
36 4.203462 1.484258 -1.588960 -0.342172 1.210237 -2.018510
37 5.124548 0.000000 0.000000 2.198157 0.631207 -0.742535
38 11.580950 0.000000 0.000000 -0.000000 -0.000000 -0.407916
39 11.182171 -0.000002 0.000017 -1.850032 0.079852 -0.321684
40 3.342029 -0.078177 1.535469 -0.066822 -0.142155 -0.247795
41 1.760565 -0.000000 0.000000 -0.003707 -0.008347 -0.417902
42 0.946777 0.000000 0.000000 0.059844 0.161510 -0.356655
43 3.650023 0.193487 0.592403 -0.061796 -0.111438 -0.286498
44 1.940476 0.000000 -0.000000 0.063015 0.157361 -0.382781
45 1.194153 0.000000 -0.000000 -0.017478 -0.067896 -0.252168
46 3.920897 0.178574 -0.420632 -0.030866 0.002118 -0.237370
47 2.398545 0.000000 0.000000 0.016327 0.028042 -0.527349
48 1.228913 -0.000000 0.000000 -0.006292 -0.038933 -0.160270
49 3.969067 0.115063 -1.534794 -0.024555 0.031327 -0.228202
50 1.959841 0.000000 0.000000 -0.054600 -0.111020 -0.458274
51 1.099742 -0.000000 0.000000 -0.010217 -0.062642 -0.161791
52 1.244767 -0.892595 -1.077153 -1.537577 0.432036 -0.185459
53 1.976136 0.000000 0.000000 -0.000000 0.068928 -0.257871
54 1.377138 0.000000 0.000000 -0.000000 0.022268 0.192117
time 27
0 0.000000 0.000000 0.000000 1.570796 0.000000 0.000000
1 0.255813 -0.348618 38.061016 1.418008 -0.141122 0.179580
2 0.000000 0.000000 0.000000 0.000000 0.000000 0.000000
3 3.890447 0.000000 0.000000 -1.670635 -0.140132 -1.451166
4 20.402582 0.000000 -0.000000 0.000000 0.000000 0.693204
5 17.754948 0.000000 0.000000 -0.250820 0.239967 -1.568838
6 5.733515 0.000000 0.000000 0.009658 -0.019192 -0.376697
7 -3.890447 0.000000 0.000000 -1.335011 -0.007695 -2.066494
8 20.402582 -0.000000 0.000000 0.000000 -0.000000 0.726073
9 17.754948 0.000000 0.000000 0.358074 -0.095497 -1.659607
10 5.733515 0.000000 0.000000 -0.098156 0.014568 -0.345750
11 0.000000 3.345132 -1.055022 1.536566 0.050243 1.717941
12 4.232848 0.000000 0.000000 -0.020864 0.121514 0.126037
13 4.327481 -0.000000 0.000000 -0.006103 0.042035 0.180658
14 6.430522 0.000000 -0.000000 0.130507 0.291053 0.485972
15 5.754028 0.000000 -0.000000 2.881655 -0.052873 0.479310
16 4.208960 0.000000 0.000000 -0.090740 0.151119 1.023616
17 4.203462 1.484258 1.588960 -0.280942 -1.118633 -1.438341
18 5.124548 0.000000 -0.000000 -0.828890 -0.178880 -1.548337
19 11.580950 0.000000 -0.000000 -0.000000 -0.000000 -0.797278
20 11.182189 -0.000002 -0.000032 1.486997 0.057283 -0.319607
21 3.342010 -0.071954 -1.535773 0.070874 0.142154 -0.247798
22 1.760565 0.000000 0.000000 0.003707 0.008347 -0.417902
23 0.946777 -0.000000 0.000000 -0.059844 -0.161510 -0.356655
24 3.650005 0.195886 -0.591614 0.065848 0.111437 -0.286501
25 1.940476 0.000000 0.000000 -0.063015 -0.157361 -0.382781
26 1.194153 0.000000 0.000000 0.017478 0.067896 -0.252168
27 3.920878 0.176868 0.421353 0.034918 -0.002119 -0.237374
28 2.398545 -0.000000 0.000000 -0.016327 -0.028042 -0.527349
29 1.228913 0.000000 0.000000 0.006292 0.038933 -0.160270
30 3.969047 0.108842 1.535248 0.028607 -0.031328 -0.228206
31 1.959841 0.000000 -0.000000 0.054600 0.111020 -0.458274
32 1.099742 0.000000 0.000000 0.010217 0.062642 -0.161791
33 1.244744 -0.896944 1.073525 1.541960 -0.431286 -0.187296
34 1.976136 -0.000000 0.000000 0.000000 -0.068928 -0.257871
35 1.377138 0.000000 -0.000000 0.000000 -0.022268 0.192117
36 4.203462 1.484258 -1.588960 -0.343344 1.208658 -2.019296
37 5.124548 0.000000 0.000000 2.188604 0.625150 -0.743911
38 11.580950 -0.000000 0.000000 0.000000 0.000000 -0.416651
39 11.182171 -0.000002 0.000017 -1.834989 0.082124 -0.327958
40 3.342029 -0.078177 1.535469 -0.066822 -0.142155 -0.247795
41 1.760565 0.000000 0.000000 -0.003707 -0.008347 -0.417902
42 0.946777 0.000000 -0.000000 0.059844 0.161510 -0.356655
43 3.650023 0.193487 0.592403 -0.061796 -0.111438 -0.286498
44 1.940476 0.000000 -0.000000 0.063015 0.157361 -0.382781
45 1.194153 -0.000000 0.000000 -0.017478 -0.067896 -0.252168
46 3.920897 0.178574 -0.420632 -0.030866 0.002118 -0.237370
47 2.398545 0.000000 0.000000 0.016327 0.028042 -0.527349
48 1.228913 0.000000 0.000000 -0.006292 -0.038933 -0.160270
49 3.969067 0.115063 -1.534794 -0.024555 0.031327 -0.228202
50 1.959841 0.000000 -0.000000 -0.054600 -0.111020 -0.458274
51 1.099742 -0.000000 -0.000000 -0.010217 -0.062642 -0.161791
52 1.244767 -0.892595 -1.077153 -1.537577 0.432036 -0.185459
53 1.976136 0.000000 0.000000 -0.000000 0.068928 -0.257871
54 1.377138 0.000000 0.000000 -0.000000 0.022268 0.192117
time 28
0 0.000000 0.000000 0.000000 1.570796 0.000000 0.000000
1 0.265100 -0.420027 38.021580 1.414577 -0.140376 0.172045
2 0.000000 0.000000 0.000000 0.000000 0.000000 0.000000
3 3.890447 0.000000 0.000000 -1.672924 -0.134302 -1.448988
4 20.402582 -0.000000 0.000000 0.000000 -0.000000 0.698391
5 17.754948 -0.000000 0.000000 -0.253950 0.236628 -1.576142
6 5.733515 0.000000 0.000000 0.009651 -0.019246 -0.379968
7 -3.890447 0.000000 -0.000000 -1.343184 -0.006799 -2.065199
8 20.402582 0.000000 0.000000 0.000000 0.000000 0.728703
9 17.754948 -0.000000 0.000000 0.358125 -0.096236 -1.664267
10 5.733515 0.000000 -0.000000 -0.098154 0.014585 -0.346739
11 0.000000 3.345132 -1.055022 1.535170 0.051531 1.719437
12 4.232848 -0.000000 -0.000000 -0.021620 0.121697 0.124208
13 4.327481 0.000000 0.000000 -0.006395 0.042347 0.178470
14 6.430522 0.000000 0.000000 0.128624 0.288274 0.484200
15 5.754028 0.000000 0.000000 2.879917 -0.053841 0.487111
16 4.208960 0.000000 0.000000 -0.089299 0.149390 1.020105
17 4.203462 1.484258 1.588960 -0.288668 -1.117392 -1.425071
18 5.124548 -0.000000 0.000000 -0.812208 -0.174918 -1.548877
19 11.580950 0.000000 -0.000000 0.000000 0.000000 -0.784622
20 11.182189 -0.000002 -0.000032 1.489912 0.067508 -0.319350
21 3.342010 -0.071954 -1.535773 0.070874 0.142154 -0.247798
22 1.760565 0.000000 0.000000 0.003707 0.008347 -0.417902
23 0.946777 -0.000000 -0.000000 -0.059844 -0.161510 -0.356655
24 3.650005 0.195886 -0.591614 0.065848 0.111437 -0.286501
25 1.940476 0.000000 0.000000 -0.063015 -0.157361 -0.382781
26 1.194153 0.000000 0.000000 0.017478 0.067896 -0.252168
27 3.920878 0.176868 0.421353 0.034918 -0.002119 -0.237374
28 2.398545 0.000000 0.000000 -0.016327 -0.028042 -0.527349
29 1.228913 0.000000 0.000000 0.006292 0.038933 -0.160270
30 3.969047 0.108842 1.535248 0.028607 -0.031328 -0.228206
31 1.959841 0.000000 0.000000 0.054600 0.111020 -0.458274
32 1.099742 0.000000 0.000000 0.010217 0.062642 -0.161791
33 1.244744 -0.896944 1.073525 1.541960 -0.431286 -0.187296
34 1.976136 -0.000000 0.000000 -0.000000 -0.068928 -0.257871
35 1.377138 -0.000000 0.000000 -0.000000 -0.022268 0.192117
36 4.203462 1.484258 -1.588960 -0.353803 1.208299 -2.026948
37 5.124548 -0.000000 0.000000 2.179925 0.615567 -0.742807
38 11.580950 0.000000 0.000000 -0.000000 -0.000000 -0.423089
39 11.182171 -0.000002 0.000017 -1.822388 0.087212 -0.334147
40 3.342029 -0.078177 1.535469 -0.066822 -0.142155 -0.247795
41 1.760565 0.000000 0.000000 -0.003707 -0.008347 -0.417902
42 0.946777 0.000000 0.000000 0.059844 0.161510 -0.356655
43 3.650023 0.193487 0.592403 -0.061796 -0.111438 -0.286498
44 1.940476 -0.000000 0.000000 0.063015 0.157361 -0.382781
45 1.194153 -0.000000 0.000000 -0.017478 -0.067896 -0.252168
46 3.920897 0.178574 -0.420632 -0.030866 0.002118 -0.237370
47 2.398545 0.000000 0.000000 0.016327 0.028042 -0.527349
48 1.228913 -0.000000 0.000000 -0.006292 -0.038933 -0.160270
49 3.969067 0.115063 -1.534794 -0.024555 0.031327 -0.228202
50 1.959841 0.000000 0.000000 -0.054600 -0.111020 -0.458274
51 1.099742 -0.000000 0.000000 -0.010217 -0.062642 -0.161791
52 1.244767 -0.892595 -1.077153 -1.537577 0.432036 -0.185459
53 1.976136 0.000000 0.000000 -0.000000 0.068928 -0.257871
54 1.377138 0.000000 -0.000000 -0.000000 0.022268 0.192117
time 29
0 0.000000 0.000000 0.000000 1.570796 0.000000 0.000000
1 0.283875 -0.506699 37.986706 1.411695 -0.139743 0.162981
2 0.000000 0.000000 0.000000 0.000000 0.000000 0.000000
3 3.890447 0.000000 0.000000 -1.675524 -0.128057 -1.447182
4 20.402582 0.000000 0.000000 0.000000 -0.000000 0.703140
5 17.754948 0.000000 0.000000 -0.256599 0.232002 -1.582811
6 5.733515 -0.000000 0.000000 0.009640 -0.019327 -0.384794
7 -3.890447 0.000000 -0.000000 -1.351872 -0.006200 -2.064187
8 20.402582 0.000000 0.000000 0.000000 0.000000 0.730479
9 17.754948 0.000000 0.000000 0.358486 -0.098039 -1.668246
10 5.733515 0.000000 0.000000 -0.098150 0.014608 -0.348171
11 0.000000 3.345132 -1.055022 1.534634 0.053469 1.720899
12 4.232848 0.000000 0.000000 -0.021627 0.121878 0.121847
13 4.327481 0.000000 -0.000000 -0.006321 0.042715 0.175985
14 6.430522 0.000000 0.000000 0.126824 0.284912 0.482246
15 5.754028 0.000000 0.000000 2.877912 -0.055781 0.496837
16 4.208960 -0.000000 0.000000 -0.087270 0.147656 1.013568
17 4.203462 1.484258 1.588960 -0.299920 -1.119577 -1.408829
18 5.124548 -0.000000 0.000000 -0.804717 -0.171330 -1.546510
19 11.580950 -0.000000 0.000000 -0.000000 0.000000 -0.775413
20 11.182189 -0.000002 -0.000032 1.490425 0.083815 -0.320134
21 3.342010 -0.071954 -1.535773 0.070874 0.142154 -0.247798
22 1.760565 0.000000 0.000000 0.003707 0.008347 -0.417902
23 0.946777 -0.000000 0.000000 -0.059844 -0.161510 -0.356655
24 3.650005 0.195886 -0.591614 0.065848 0.111437 -0.286501
25 1.940476 -0.000000 -0.000000 -0.063015 -0.157361 -0.382781
26 1.194153 -0.000000 -0.000000 0.017478 0.067896 -0.252168
27 3.920878 0.176868 0.421353 0.034918 -0.002119 -0.237374
28 2.398545 0.000000 0.000000 -0.016327 -0.028042 -0.527349
29 1.228913 0.000000 -0.000000 0.006292 0.038933 -0.160270
30 3.969047 0.108842 1.535248 0.028607 -0.031328 -0.228206
31 1.959841 0.000000 -0.000000 0.054600 0.111020 -0.458274
32 1.099742 0.000000 0.000000 0.010217 0.062642 -0.161791
33 1.244744 -0.896944 1.073525 1.541960 -0.431286 -0.187296
34 1.976136 0.000000 0.000000 -0.000000 -0.068928 -0.257871
35 1.377138 -0.000000 0.000000 0.000000 -0.022268 0.192117
36 4.203462 1.484258 -1.588960 -0.367215 1.207580 -2.038861
37 5.124548 0.000000 0.000000 2.173998 0.601446 -0.740966
38 11.580950 0.000000 0.000000 0.000000 0.000000 -0.424719
39 11.182171 -0.000002 0.000017 -1.815375 0.090454 -0.333977
40 3.342029 -0.078177 1.535469 -0.066822 -0.142155 -0.247795
41 1.760565 -0.000000 0.000000 -0.003707 -0.008347 -0.417902
42 0.946777 -0.000000 0.000000 0.059844 0.161510 -0.356655
43 3.650023 0.193487 0.592403 -0.061796 -0.111438 -0.286498
44 1.940476 0.000000 0.000000 0.063015 0.157361 -0.382781
45 1.194153 0.000000 0.000000 -0.017478 -0.067896 -0.252168
46 3.920897 0.178574 -0.420632 -0.030866 0.002118 -0.237370
47 2.398545 0.000000 0.000000 0.016327 0.028042 -0.527349
48 1.228913 0.000000 0.000000 -0.006292 -0.038933 -0.160270
49 3.969067 0.115063 -1.534794 -0.024555 0.031327 -0.228202
50 1.959841 0.000000 0.000000 -0.054600 -0.111020 -0.458274
51 1.099742 0.000000 0.000000 -0.010217 -0.062642 -0.161791
52 1.244767 -0.892595 -1.077153 -1.537577 0.432036 -0.185459
53 1.976136 -0.000000 -0.000000 -0.000000 0.068928 -0.257871
54 1.377138 0.000000 0.000000 -0.000000 0.022268 0.192117
time 30
0 0.000000 0.000000 0.000000 1.570796 0.000000 0.000000
1 0.300276 -0.613062 37.953526 1.406835 -0.139183 0.155056
2 0.000000 0.000000 0.000000 0.000000 0.000000 0.000000
3 3.890447 0.000000 0.000000 -1.675532 -0.119896 -1.446131
4 20.402582 0.000000 -0.000000 -0.000000 0.000000 0.707863
5 17.754948 0.000000 0.000000 -0.259273 0.226268 -1.589081
6 5.733515 0.000000 0.000000 0.009632 -0.019392 -0.388721
7 -3.890447 0.000000 -0.000000 -1.361154 -0.002577 -2.063028
8 20.402582 -0.000000 0.000000 0.000000 -0.000000 0.731577
9 17.754948 0.000000 0.000000 0.359316 -0.099239 -1.672537
10 5.733515 -0.000000 0.000000 -0.098146 0.014630 -0.349467
11 0.000000 3.345132 -1.055022 1.533856 0.053827 1.722040
12 4.232848 0.000000 0.000000 -0.021774 0.122042 0.120102
13 4.327481 -0.000000 0.000000 -0.006412 0.043056 0.172921
14 6.430522 0.000000 -0.000000 0.123590 0.279348 0.479540
15 5.754028 0.000000 0.000000 2.880373 -0.056967 0.504449
16 4.208960 0.000000 -0.000000 -0.084343 0.145801 1.005980
17 4.203462 1.484258 1.588960 -0.311518 -1.119260 -1.396032
18 5.124548 0.000000 0.000000 -0.801856 -0.166171 -1.542785
19 11.580950 0.000000 0.000000 0.000000 -0.000000 -0.767362
20 11.182189 -0.000002 -0.000032 1.491614 0.096351 -0.316968
21 3.342010 -0.071954 -1.535773 0.070874 0.142154 -0.247798
22 1.760565 0.000000 -0.000000 0.003707 0.008347 -0.417902
23 0.946777 0.000000 0.000000 -0.059844 -0.161510 -0.356655
24 3.650005 0.195886 -0.591614 0.065848 0.111437 -0.286501
25 1.940476 0.000000 0.000000 -0.063015 -0.157361 -0.382781
26 1.194153 0.000000 0.000000 0.017478 0.067896 -0.252168
27 3.920878 0.176868 0.421353 0.034918 -0.002119 -0.237374
28 2.398545 0.000000 0.000000 -0.016327 -0.028042 -0.527349
29 1.228913 0.000000 -0.000000 0.006292 0.038933 -0.160270
30 3.969047 0.108842 1.535248 0.028607 -0.031328 -0.228206
31 1.959841 0.000000 0.000000 0.054600 0.111020 -0.458274
32 1.099742 0.000000 0.000000 0.010217 0.062642 -0.161791
33 1.244744 -0.896944 1.073525 1.541960 -0.431286 -0.187296
34 1.976136 0.000000 -0.000000 -0.000000 -0.068928 -0.257871
35 1.377138 0.000000 0.000000 0.000000 -0.022268 0.192117
36 4.203462 1.484258 -1.588960 -0.393004 1.204780 -2.064035
37 5.124548 0.000000 0.000000 2.173702 0.585530 -0.736872
38 11.580950 0.000000 -0.000000 -0.000000 -0.000000 -0.419494
39 11.182171 -0.000002 0.000017 -1.820696 0.093919 -0.328593
40 3.342029 -0.078177 1.535469 -0.066822 -0.142155 -0.247795
41 1.760565 -0.000000 0.000000 -0.003707 -0.008347 -0.417902
42 0.946777 0.000000 0.000000 0.059844 0.161510 -0.356655
43 3.650023 0.193487 0.592403 -0.061796 -0.111438 -0.286498
44 1.940476 0.000000 0.000000 0.063015 0.157361 -0.382781
45 1.194153 0.000000 0.000000 -0.017478 -0.067896 -0.252168
46 3.920897 0.178574 -0.420632 -0.030866 0.002118 -0.237370
47 2.398545 -0.000000 0.000000 0.016327 0.028042 -0.527349
48 1.228913 0.000000 0.000000 -0.006292 -0.038933 -0.160270
49 3.969067 0.115063 -1.534794 -0.024555 0.031327 -0.228202
50 1.959841 0.000000 0.000000 -0.054600 -0.111020 -0.458274
51 1.099742 0.000000 -0.000000 -0.010217 -0.062642 -0.161791
52 1.244767 -0.892595 -1.077153 -1.537577 0.432036 -0.185459
53 1.976136 0.000000 0.000000 -0.000000 0.068928 -0.257871
54 1.377138 0.000000 0.000000 -0.000000 0.022268 0.192117
time 31
0 0.000000 0.000000 0.000000 1.570796 0.000000 0.000000
1 0.318518 -0.747854 37.905678 1.400720 -0.139442 0.147935
2 0.000000 0.000000 0.000000 0.000000 0.000000 0.000000
3 3.890447 0.000000 0.000000 -1.674212 -0.110520 -1.446133
4 20.402582 0.000000 0.000000 -0.000000 -0.000000 0.713739
5 17.754948 0.000000 -0.000000 -0.262176 0.220226 -1.596444
6 5.733515 0.000000 -0.000000 0.009631 -0.019396 -0.388970
7 -3.890447 -0.000000 -0.000000 -1.369418 0.002789 -2.063417
8 20.402582 0.000000 0.000000 0.000000 -0.000000 0.734008
9 17.754948 0.000000 0.000000 0.360534 -0.101672 -1.678892
10 5.733515 0.000000 0.000000 -0.098144 0.014641 -0.350134
11 0.000000 3.345132 -1.055022 1.533421 0.055997 1.721652
12 4.232848 0.000000 0.000000 -0.021922 0.120912 0.117707
13 4.327481 -0.000000 0.000000 -0.006474 0.042833 0.170806
14 6.430522 0.000000 0.000000 0.119647 0.272483 0.477491
15 5.754028 0.000000 -0.000000 2.887785 -0.051867 0.518170
16 4.208960 0.000000 0.000000 -0.081845 0.141999 0.998947
17 4.203462 1.484258 1.588960 -0.334021 -1.118259 -1.373748
18 5.124548 0.000000 0.000000 -0.807785 -0.162991 -1.543687
19 11.580950 0.000000 0.000000 0.000000 0.000000 -0.759124
20 11.182189 -0.000002 -0.000032 1.498209 0.096463 -0.310251
21 3.342010 -0.071954 -1.535773 0.070874 0.142154 -0.247798
22 1.760565 0.000000 0.000000 0.003707 0.008347 -0.417902
23 0.946777 0.000000 0.000000 -0.059844 -0.161510 -0.356655
24 3.650005 0.195886 -0.591614 0.065848 0.111437 -0.286501
25 1.940476 0.000000 0.000000 -0.063015 -0.157361 -0.382781
26 1.194153 0.000000 0.000000 0.017478 0.067896 -0.252168
27 3.920878 0.176868 0.421353 0.034918 -0.002119 -0.237374
28 2.398545 0.000000 0.000000 -0.016327 -0.028042 -0.527349
29 1.228913 0.000000 0.000000 0.006292 0.038933 -0.160270
30 3.969047 0.108842 1.535248 0.028607 -0.031328 -0.228206
31 1.959841 0.000000 0.000000 0.054600 0.111020 -0.458274
32 1.099742 0.000000 0.000000 0.010217 0.062642 -0.161791
33 1.244744 -0.896944 1.073525 1.541960 -0.431286 -0.187296
34 1.976136 0.000000 -0.000000 -0.000000 -0.068928 -0.257871
35 1.377138 0.000000 0.000000 0.000000 -0.022268 0.192117
36 4.203462 1.484258 -1.588960 -0.419428 1.209180 -2.092264
37 5.124548 0.000000 0.000000 2.185469 0.560422 -0.735618
38 11.580950 0.000000 0.000000 0.000000 0.000000 -0.403133
39 11.182171 -0.000002 0.000017 -1.836899 0.094328 -0.324820
40 3.342029 -0.078177 1.535469 -0.066822 -0.142155 -0.247795
41 1.760565 0.000000 -0.000000 -0.003707 -0.008347 -0.417902
42 0.946777 -0.000000 0.000000 0.059844 0.161510 -0.356655
43 3.650023 0.193487 0.592403 -0.061796 -0.111438 -0.286498
44 1.940476 0.000000 0.000000 0.063015 0.157361 -0.382781
45 1.194153 0.000000 0.000000 -0.017478 -0.067896 -0.252168
46 3.920897 0.178574 -0.420632 -0.030866 0.002118 -0.237370
47 2.398545 0.000000 0.000000 0.016327 0.028042 -0.527349
48 1.228913 0.000000 0.000000 -0.006292 -0.038933 -0.160270
49 3.969067 0.115063 -1.534794 -0.024555 0.031327 -0.228202
50 1.959841 -0.000000 0.000000 -0.054600 -0.111020 -0.458274
51 1.099742 -0.000000 0.000000 -0.010217 -0.062642 -0.161791
52 1.244767 -0.892595 -1.077153 -1.537577 0.432036 -0.185459
53 1.976136 0.000000 -0.000000 -0.000000 0.068928 -0.257871
54 1.377138 -0.000000 0.000000 -0.000000 0.022268 0.192117
time 32
0 0.000000 0.000000 0.000000 1.570796 0.000000 0.000000
1 0.340878 -0.910661 37.848640 1.395097 -0.140850 0.140659
2 0.000000 0.000000 0.000000 0.000000 0.000000 0.000000
3 3.890447 0.000000 0.000000 -1.672934 -0.101053 -1.447425
4 20.402582 -0.000000 -0.000000 -0.000000 -0.000000 0.720234
5 17.754948 0.000000 0.000000 -0.264958 0.214049 -1.604383
6 5.733515 0.000000 0.000000 0.009638 -0.019346 -0.385989
7 -3.890447 0.000000 0.000000 -1.375184 0.008575 -2.066296
8 20.402582 0.000000 -0.000000 0.000000 0.000000 0.736386
9 17.754948 -0.000000 -0.000000 0.361780 -0.107200 -1.685948
10 5.733515 -0.000000 -0.000000 -0.098143 0.014645 -0.350409
11 0.000000 3.345132 -1.055022 1.533375 0.057194 1.721265
12 4.232848 0.000000 0.000000 -0.021059 0.118718 0.113886
13 4.327481 0.000000 0.000000 -0.006242 0.042186 0.164904
14 6.430522 0.000000 0.000000 0.115541 0.264512 0.472864
15 5.754028 -0.000000 0.000000 2.894353 -0.043902 0.538476
16 4.208960 0.000000 0.000000 -0.080647 0.137285 0.990422
17 4.203462 1.484258 1.588960 -0.339390 -1.117178 -1.363065
18 5.124548 0.000000 -0.000000 -0.817038 -0.166918 -1.539973
19 11.580950 0.000000 0.000000 0.000000 0.000000 -0.749593
20 11.182189 -0.000002 -0.000032 1.505022 0.086125 -0.306424
21 3.342010 -0.071954 -1.535773 0.070874 0.142154 -0.247798
22 1.760565 -0.000000 0.000000 0.003707 0.008347 -0.417902
23 0.946777 0.000000 -0.000000 -0.059844 -0.161510 -0.356655
24 3.650005 0.195886 -0.591614 0.065848 0.111437 -0.286501
25 1.940476 -0.000000 0.000000 -0.063015 -0.157361 -0.382781
26 1.194153 -0.000000 0.000000 0.017478 0.067896 -0.252168
27 3.920878 0.176868 0.421353 0.034918 -0.002119 -0.237374
28 2.398545 0.000000 -0.000000 -0.016327 -0.028042 -0.527349
29 1.228913 0.000000 -0.000000 0.006292 0.038933 -0.160270
30 3.969047 0.108842 1.535248 0.028607 -0.031328 -0.228206
31 1.959841 -0.000000 -0.000000 0.054600 0.111020 -0.458274
32 1.099742 0.000000 0.000000 0.010217 0.062642 -0.161791
33 1.244744 -0.896944 1.073525 1.541960 -0.431286 -0.187296
34 1.976136 0.000000 -0.000000 0.000000 -0.068928 -0.257871
35 1.377138 0.000000 0.000000 -0.000000 -0.022268 0.192117
36 4.203462 1.484258 -1.588960 -0.468291 1.210774 -2.137825
37 5.124548 0.000000 0.000000 2.206418 0.529462 -0.726231
38 11.580950 0.000000 0.000000 0.000000 -0.000000 -0.382474
39 11.182171 -0.000002 0.000017 -1.859205 0.092919 -0.318678
40 3.342029 -0.078177 1.535469 -0.066822 -0.142155 -0.247795
41 1.760565 0.000000 0.000000 -0.003707 -0.008347 -0.417902
42 0.946777 0.000000 0.000000 0.059844 0.161510 -0.356655
43 3.650023 0.193487 0.592403 -0.061796 -0.111438 -0.286498
44 1.940476 0.000000 0.000000 0.063015 0.157361 -0.382781
45 1.194153 0.000000 0.000000 -0.017478 -0.067896 -0.252168
46 3.920897 0.178574 -0.420632 -0.030866 0.002118 -0.237370
47 2.398545 -0.000000 0.000000 0.016327 0.028042 -0.527349
48 1.228913 -0.000000 0.000000 -0.006292 -0.038933 -0.160270
49 3.969067 0.115063 -1.534794 -0.024555 0.031327 -0.228202
50 1.959841 -0.000000 0.000000 -0.054600 -0.111020 -0.458274
51 1.099742 0.000000 -0.000000 -0.010217 -0.062642 -0.161791
52 1.244767 -0.892595 -1.077153 -1.537577 0.432036 -0.185459
53 1.976136 -0.000000 0.000000 -0.000000 0.068928 -0.257871
54 1.377138 0.000000 -0.000000 -0.000000 0.022268 0.192117
time 33
0 0.000000 0.000000 0.000000 1.570796 0.000000 0.000000
1 0.367757 -1.027217 37.797562 1.391878 -0.143535 0.132313
2 0.000000 0.000000 0.000000 0.000000 0.000000 0.000000
3 3.890447 0.000000 0.000000 -1.670319 -0.095636 -1.450873
4 20.402582 0.000000 -0.000000 0.000000 0.000000 0.727897
5 17.754948 0.000000 0.000000 -0.267159 0.205341 -1.610026
6 5.733515 0.000000 0.000000 0.009647 -0.019274 -0.381613
7 -3.890447 0.000000 -0.000000 -1.380353 0.008584 -2.070999
8 20.402582 -0.000000 0.000000 -0.000000 -0.000000 0.742632
9 17.754948 -0.000000 0.000000 0.362744 -0.113427 -1.692025
10 5.733515 0.000000 0.000000 -0.098139 0.014673 -0.352068
11 0.000000 3.345132 -1.055022 1.537688 0.056217 1.719254
12 4.232848 0.000000 0.000000 -0.016349 0.117454 0.110982
13 4.327481 -0.000000 0.000000 -0.004390 0.041398 0.158097
14 6.430522 0.000000 0.000000 0.113909 0.257706 0.467284
15 5.754028 -0.000000 0.000000 2.897663 -0.033585 0.546602
16 4.208960 0.000000 0.000000 -0.084858 0.133894 0.990359
17 4.203462 1.484258 1.588960 -0.341569 -1.116485 -1.366082
18 5.124548 0.000000 0.000000 -0.825913 -0.167031 -1.533355
19 11.580950 0.000000 0.000000 -0.000000 0.000000 -0.743392
20 11.182189 -0.000002 -0.000032 1.507332 0.079182 -0.306601
21 3.342010 -0.071954 -1.535773 0.070874 0.142154 -0.247798
22 1.760565 -0.000000 0.000000 0.003707 0.008347 -0.417902
23 0.946777 0.000000 -0.000000 -0.059844 -0.161510 -0.356655
24 3.650005 0.195886 -0.591614 0.065848 0.111437 -0.286501
25 1.940476 -0.000000 0.000000 -0.063015 -0.157361 -0.382781
26 1.194153 0.000000 -0.000000 0.017478 0.067896 -0.252168
27 3.920878 0.176868 0.421353 0.034918 -0.002119 -0.237374
28 2.398545 0.000000 0.000000 -0.016327 -0.028042 -0.527349
29 1.228913 0.000000 -0.000000 0.006292 0.038933 -0.160270
30 3.969047 0.108842 1.535248 0.028607 -0.031328 -0.228206
31 1.959841 0.000000 0.000000 0.054600 0.111020 -0.458274
32 1.099742 0.000000 -0.000000 0.010217 0.062642 -0.161791
33 1.244744 -0.896944 1.073525 1.541960 -0.431286 -0.187296
34 1.976136 0.000000 0.000000 0.000000 -0.068928 -0.257871
35 1.377138 0.000000 0.000000 0.000000 -0.022268 0.192117
36 4.203462 1.484258 -1.588960 -0.481653 1.201522 -2.152364
37 5.124548 -0.000000 0.000000 2.225120 0.499550 -0.729599
38 11.580950 0.000000 -0.000000 -0.000000 0.000000 -0.359651
39 11.182171 -0.000002 0.000017 -1.885925 0.095325 -0.310782
40 3.342029 -0.078177 1.535469 -0.066822 -0.142155 -0.247795
41 1.760565 0.000000 0.000000 -0.003707 -0.008347 -0.417902
42 0.946777 0.000000 0.000000 0.059844 0.161510 -0.356655
43 3.650023 0.193487 0.592403 -0.061796 -0.111438 -0.286498
44 1.940476 0.000000 0.000000 0.063015 0.157361 -0.382781
45 1.194153 -0.000000 0.000000 -0.017478 -0.067896 -0.252168
46 3.920897 0.178574 -0.420632 -0.030866 0.002118 -0.237370
47 2.398545 0.000000 -0.000000 0.016327 0.028042 -0.527349
48 1.228913 0.000000 -0.000000 -0.006292 -0.038933 -0.160270
49 3.969067 0.115063 -1.534794 -0.024555 0.031327 -0.228202
50 1.959841 0.000000 -0.000000 -0.054600 -0.111020 -0.458274
51 1.099742 -0.000000 0.000000 -0.010217 -0.062642 -0.161791
52 1.244767 -0.892595 -1.077153 -1.537577 0.432036 -0.185459
53 1.976136 0.000000 0.000000 -0.000000 0.068928 -0.257871
54 1.377138 0.000000 -0.000000 0.000000 0.022268 0.192117
time 34
0 0.000000 0.000000 0.000000 1.570796 0.000000 0.000000
1 0.405299 -1.101267 37.776146 1.393195 -0.147571 0.121816
2 0.000000 0.000000 0.000000 0.000000 0.000000 0.000000
3 3.890447 0.000000 0.000000 -1.668437 -0.094061 -1.456493
4 20.402582 0.000000 0.000000 -0.000000 -0.000000 0.732910
5 17.754948 -0.000000 -0.000000 -0.268455 0.194316 -1.611046
6 5.733515 -0.000000 0.000000 0.009651 -0.019243 -0.379769
7 -3.890447 0.000000 0.000000 -1.380628 0.004327 -2.078191
8 20.402582 0.000000 0.000000 0.000000 0.000000 0.744845
9 17.754948 -0.000000 0.000000 0.362864 -0.124723 -1.694802
10 5.733515 0.000000 0.000000 -0.098135 0.014698 -0.353601
11 0.000000 3.345132 -1.055022 1.544364 0.055660 1.716399
12 4.232848 -0.000000 0.000000 -0.011019 0.120475 0.112304
13 4.327481 -0.000000 0.000000 -0.001937 0.040983 0.158531
14 6.430522 0.000000 0.000000 0.111710 0.248941 0.464869
15 5.754028 0.000000 -0.000000 2.893364 -0.032954 0.522139
16 4.208960 -0.000000 0.000000 -0.089867 0.133491 1.011941
17 4.203462 1.484258 1.588960 -0.372408 -1.099039 -1.351789
18 5.124548 -0.000000 -0.000000 -0.845251 -0.158478 -1.551574
19 11.580950 0.000000 0.000000 0.000000 -0.000000 -0.736153
20 11.182189 -0.000002 -0.000032 1.510933 0.077663 -0.309452
21 3.342010 -0.071954 -1.535773 0.070874 0.142154 -0.247798
22 1.760565 0.000000 0.000000 0.003707 0.008347 -0.417902
23 0.946777 0.000000 0.000000 -0.059844 -0.161510 -0.356655
24 3.650005 0.195886 -0.591614 0.065848 0.111437 -0.286501
25 1.940476 0.000000 -0.000000 -0.063015 -0.157361 -0.382781
26 1.194153 -0.000000 -0.000000 0.017478 0.067896 -0.252168
27 3.920878 0.176868 0.421353 0.034918 -0.002119 -0.237374
28 2.398545 -0.000000 -0.000000 -0.016327 -0.028042 -0.527349
29 1.228913 0.000000 0.000000 0.006292 0.038933 -0.160270
30 3.969047 0.108842 1.535248 0.028607 -0.031328 -0.228206
31 1.959841 0.000000 0.000000 0.054600 0.111020 -0.458274
32 1.099742 0.000000 -0.000000 0.010217 0.062642 -0.161791
33 1.244744 -0.896944 1.073525 1.541960 -0.431286 -0.187296
34 1.976136 -0.000000 0.000000 0.000000 -0.068928 -0.257871
35 1.377138 -0.000000 0.000000 0.000000 -0.022268 0.192117
36 4.203462 1.484258 -1.588960 -0.421653 1.193110 -2.102535
37 5.124548 0.000000 0.000000 2.241250 0.476668 -0.767455
38 11.580950 0.000000 -0.000000 0.000000 -0.000000 -0.344855
39 11.182171 -0.000002 0.000017 -1.917626 0.092851 -0.301869
40 3.342029 -0.078177 1.535469 -0.066822 -0.142155 -0.247795
41 1.760565 0.000000 0.000000 -0.003707 -0.008347 -0.417902
42 0.946777 -0.000000 0.000000 0.059844 0.161510 -0.356655
43 3.650023 0.193487 0.592403 -0.061796 -0.111438 -0.286498
44 1.940476 0.000000 -0.000000 0.063015 0.157361 -0.382781
45 1.194153 -0.000000 0.000000 -0.017478 -0.067896 -0.252168
46 3.920897 0.178574 -0.420632 -0.030866 0.002118 -0.237370
47 2.398545 0.000000 -0.000000 0.016327 0.028042 -0.527349
48 1.228913 -0.000000 0.000000 -0.006292 -0.038933 -0.160270
49 3.969067 0.115063 -1.534794 -0.024555 0.031327 -0.228202
50 1.959841 0.000000 0.000000 -0.054600 -0.111020 -0.458274
51 1.099742 0.000000 0.000000 -0.010217 -0.062642 -0.161791
52 1.244767 -0.892595 -1.077153 -1.537577 0.432036 -0.185459
53 1.976136 0.000000 0.000000 -0.000000 0.068928 -0.257871
54 1.377138 0.000000 0.000000 -0.000000 0.022268 0.192117
time 35
0 0.000000 0.000000 0.000000 1.570796 0.000000 0.000000
1 0.456609 -1.082336 37.795280 1.400735 -0.153297 0.108131
2 0.000000 0.000000 0.000000 0.000000 0.000000 0.000000
3 3.890447 0.000000 0.000000 -1.671324 -0.098013 -1.463928
4 20.402582 0.000000 0.000000 0.000000 0.000000 0.733071
5 17.754948 0.000000 0.000000 -0.270132 0.183322 -1.607179
6 5.733515 0.000000 0.000000 0.009659 -0.019189 -0.376501
7 -3.890447 0.000000 -0.000000 -1.377908 -0.008444 -2.087544
8 20.402582 0.000000 -0.000000 0.000000 -0.000000 0.744600
9 17.754948 0.000000 0.000000 0.361967 -0.138913 -1.692419
10 5.733515 0.000000 0.000000 -0.098128 0.014739 -0.356071
11 0.000000 3.345132 -1.055022 1.547769 0.049184 1.714621
12 4.232848 -0.000000 0.000000 -0.008265 0.119520 0.117366
13 4.327481 0.000000 0.000000 -0.001075 0.040307 0.161988
14 6.430522 0.000000 0.000000 0.109511 0.243557 0.468013
15 5.754028 0.000000 0.000000 2.896872 -0.037132 0.472334
16 4.208960 0.000000 0.000000 -0.094443 0.134243 1.033756
17 4.203462 1.484258 1.588960 -0.317652 -1.092635 -1.419903
18 5.124548 0.000000 0.000000 -0.908716 -0.151724 -1.552269
19 11.580950 0.000000 0.000000 -0.000000 0.000000 -0.718823
20 11.182189 -0.000002 -0.000032 1.507019 0.061557 -0.327013
21 3.342010 -0.071954 -1.535773 0.070874 0.142154 -0.247798
22 1.760565 -0.000000 0.000000 0.003707 0.008347 -0.417902
23 0.946777 0.000000 0.000000 -0.059844 -0.161510 -0.356655
24 3.650005 0.195886 -0.591614 0.065848 0.111437 -0.286501
25 1.940476 0.000000 -0.000000 -0.063015 -0.157361 -0.382781
26 1.194153 0.000000 -0.000000 0.017478 0.067896 -0.252168
27 3.920878 0.176868 0.421353 0.034918 -0.002119 -0.237374
28 2.398545 0.000000 -0.000000 -0.016327 -0.028042 -0.527349
29 1.228913 0.000000 0.000000 0.006292 0.038933 -0.160270
30 3.969047 0.108842 1.535248 0.028607 -0.031328 -0.228206
31 1.959841 0.000000 -0.000000 0.054600 0.111020 -0.458274
32 1.099742 -0.000000 0.000000 0.010217 0.062642 -0.161791
33 1.244744 -0.896944 1.073525 1.541960 -0.431286 -0.187296
34 1.976136 0.000000 0.000000 0.000000 -0.068928 -0.257871
35 1.377138 0.000000 0.000000 0.000000 -0.022268 0.192117
36 4.203462 1.484258 -1.588960 -0.423407 1.193072 -2.110769
37 5.124548 0.000000 0.000000 2.281788 0.471727 -0.774226
38 11.580950 -0.000000 0.000000 0.000000 -0.000000 -0.320235
39 11.182171 -0.000002 0.000017 -1.951002 0.098387 -0.290674
40 3.342029 -0.078177 1.535469 -0.066822 -0.142155 -0.247795
41 1.760565 0.000000 0.000000 -0.003707 -0.008347 -0.417902
42 0.946777 0.000000 0.000000 0.059844 0.161510 -0.356655
43 3.650023 0.193487 0.592403 -0.061796 -0.111438 -0.286498
44 1.940476 0.000000 -0.000000 0.063015 0.157361 -0.382781
45 1.194153 0.000000 0.000000 -0.017478 -0.067896 -0.252168
46 3.920897 0.178574 -0.420632 -0.030866 0.002118 -0.237370
47 2.398545 -0.000000 0.000000 0.016327 0.028042 -0.527349
48 1.228913 0.000000 0.000000 -0.006292 -0.038933 -0.160270
49 3.969067 0.115063 -1.534794 -0.024555 0.031327 -0.228202
50 1.959841 -0.000000 0.000000 -0.054600 -0.111020 -0.458274
51 1.099742 0.000000 0.000000 -0.010217 -0.062642 -0.161791
52 1.244767 -0.892595 -1.077153 -1.537577 0.432036 -0.185459
53 1.976136 0.000000 0.000000 -0.000000 0.068928 -0.257871
54 1.377138 0.000000 0.000000 -0.000000 0.022268 0.192117
time 36
0 0.000000 0.000000 0.000000 1.570796 0.000000 0.000000
1 0.527858 -0.879640 37.876263 1.416951 -0.162752 0.090134
2 0.000000 0.000000 0.000000 0.000000 0.000000 0.000000
3 3.890447 -0.000000 0.000000 -1.680860 -0.110264 -1.475362
4 20.402582 0.000000 -0.000000 -0.000000 0.000000 0.724872
5 17.754948 0.000000 0.000000 -0.270977 0.172447 -1.594366
6 5.733515 0.000000 0.000000 0.009666 -0.019136 -0.373326
7 -3.890447 0.000000 -0.000000 -1.372995 -0.035410 -2.100555
8 20.402582 0.000000 -0.000000 0.000000 0.000000 0.742390
9 17.754948 0.000000 0.000000 0.358834 -0.154341 -1.681627
10 5.733515 0.000000 0.000000 -0.098118 0.014800 -0.359750
11 0.000000 3.345132 -1.055022 1.552006 0.033300 1.712157
12 4.232848 0.000000 0.000000 -0.004512 0.117502 0.125421
13 4.327481 0.000000 -0.000000 -0.000060 0.039428 0.163170
14 6.430522 0.000000 0.000000 0.108623 0.240110 0.469939
15 5.754028 -0.000000 -0.000000 2.895984 -0.049915 0.412645
16 4.208960 0.000000 0.000000 -0.097427 0.139028 1.057612
17 4.203462 1.484258 1.588960 -0.240990 -1.091356 -1.501404
18 5.124548 0.000000 -0.000000 -0.982232 -0.139748 -1.544582
19 11.580950 0.000000 0.000000 0.000000 0.000000 -0.712848
20 11.182189 -0.000002 -0.000032 1.486199 0.011238 -0.343115
21 3.342010 -0.071954 -1.535773 0.070874 0.142154 -0.247798
22 1.760565 0.000000 0.000000 0.003707 0.008347 -0.417902
23 0.946777 -0.000000 -0.000000 -0.059844 -0.161510 -0.356655
24 3.650005 0.195886 -0.591614 0.065848 0.111437 -0.286501
25 1.940476 0.000000 0.000000 -0.063015 -0.157361 -0.382781
26 1.194153 0.000000 -0.000000 0.017478 0.067896 -0.252168
27 3.920878 0.176868 0.421353 0.034918 -0.002119 -0.237374
28 2.398545 0.000000 0.000000 -0.016327 -0.028042 -0.527349
29 1.228913 0.000000 0.000000 0.006292 0.038933 -0.160270
30 3.969047 0.108842 1.535248 0.028607 -0.031328 -0.228206
31 1.959841 0.000000 0.000000 0.054600 0.111020 -0.458274
32 1.099742 0.000000 0.000000 0.010217 0.062642 -0.161791
33 1.244744 -0.896944 1.073525 1.541960 -0.431286 -0.187296
34 1.976136 0.000000 0.000000 0.000000 -0.068928 -0.257871
35 1.377138 0.000000 0.000000 0.000000 -0.022268 0.192117
36 4.203462 1.484258 -1.588960 -0.429480 1.188902 -2.118378
37 5.124548 0.000000 0.000000 2.317224 0.479702 -0.775817
38 11.580950 0.000000 0.000000 0.000000 0.000000 -0.300619
39 11.182171 -0.000002 0.000017 -1.977138 0.109179 -0.281034
40 3.342029 -0.078177 1.535469 -0.066822 -0.142155 -0.247795
41 1.760565 0.000000 0.000000 -0.003707 -0.008347 -0.417902
42 0.946777 -0.000000 0.000000 0.059844 0.161510 -0.356655
43 3.650023 0.193487 0.592403 -0.061796 -0.111438 -0.286498
44 1.940476 0.000000 0.000000 0.063015 0.157361 -0.382781
45 1.194153 0.000000 -0.000000 -0.017478 -0.067896 -0.252168
46 3.920897 0.178574 -0.420632 -0.030866 0.002118 -0.237370
47 2.398545 0.000000 0.000000 0.016327 0.028042 -0.527349
48 1.228913 0.000000 0.000000 -0.006292 -0.038933 -0.160270
49 3.969067 0.115063 -1.534794 -0.024555 0.031327 -0.228202
50 1.959841 0.000000 0.000000 -0.054600 -0.111020 -0.458274
51 1.099742 -0.000000 -0.000000 -0.010217 -0.062642 -0.161791
52 1.244767 -0.892595 -1.077153 -1.537577 0.432036 -0.185459
53 1.976136 0.000000 0.000000 -0.000000 0.068928 -0.257871
54 1.377138 0.000000 -0.000000 0.000000 0.022268 0.192117
time 37
0 0.000000 0.000000 0.000000 1.570796 0.000000 0.000000
1 0.620758 -0.435086 38.056999 1.454269 -0.172525 0.060384
2 0.000000 0.000000 0.000000 0.000000 0.000000 0.000000
3 3.890447 0.000000 0.000000 -1.706959 -0.140070 -1.484980
4 20.402582 -0.000000 0.000000 0.000000 0.000000 0.703649
5 17.754948 -0.000000 0.000000 -0.269617 0.163780 -1.570176
6 5.733515 0.000000 0.000000 0.009673 -0.019091 -0.370563
7 -3.890447 0.000000 -0.000000 -1.369106 -0.090064 -2.110740
8 20.402582 -0.000000 0.000000 -0.000000 0.000000 0.733010
9 17.754948 0.000000 -0.000000 0.352901 -0.166642 -1.656195
10 5.733515 0.000000 -0.000000 -0.098105 0.014884 -0.364859
11 0.000000 3.345132 -1.055022 1.560008 0.014911 1.709881
12 4.232848 -0.000000 0.000000 0.003417 0.118520 0.134064
13 4.327481 0.000000 -0.000000 0.002805 0.039649 0.160974
14 6.430522 0.000000 0.000000 0.108933 0.235118 0.468895
15 5.754028 -0.000000 -0.000000 2.892421 -0.071527 0.356146
16 4.208960 0.000000 0.000000 -0.094950 0.147167 1.084781
17 4.203462 1.484258 1.588960 -0.220450 -1.100477 -1.519204
18 5.124548 -0.000000 -0.000000 -1.005823 -0.124893 -1.536144
19 11.580950 0.000000 0.000000 0.000000 0.000000 -0.717248
20 11.182189 -0.000002 -0.000032 1.415210 -0.074143 -0.336556
21 3.342010 -0.071954 -1.535773 0.070874 0.142154 -0.247798
22 1.760565 0.000000 0.000000 0.003707 0.008347 -0.417902
23 0.946777 0.000000 0.000000 -0.059844 -0.161510 -0.356655
24 3.650005 0.195886 -0.591614 0.065848 0.111437 -0.286501
25 1.940476 0.000000 0.000000 -0.063015 -0.157361 -0.382781
26 1.194153 0.000000 -0.000000 0.017478 0.067896 -0.252168
27 3.920878 0.176868 0.421353 0.034918 -0.002119 -0.237374
28 2.398545 0.000000 0.000000 -0.016327 -0.028042 -0.527349
29 1.228913 0.000000 0.000000 0.006292 0.038933 -0.160270
30 3.969047 0.108842 1.535248 0.028607 -0.031328 -0.228206
31 1.959841 0.000000 0.000000 0.054600 0.111020 -0.458274
32 1.099742 0.000000 -0.000000 0.010217 0.062642 -0.161791
33 1.244744 -0.896944 1.073525 1.541960 -0.431286 -0.187296
34 1.976136 0.000000 0.000000 -0.000000 -0.068928 -0.257871
35 1.377138 0.000000 0.000000 -0.000000 -0.022268 0.192117
36 4.203462 1.484258 -1.588960 -0.405452 1.189435 -2.090695
37 5.124548 -0.000000 0.000000 2.334022 0.490905 -0.790891
38 11.580950 0.000000 0.000000 0.000000 -0.000000 -0.295747
39 11.182171 -0.000002 0.000017 -1.991659 0.112465 -0.279203
40 3.342029 -0.078177 1.535469 -0.066822 -0.142155 -0.247795
41 1.760565 0.000000 0.000000 -0.003707 -0.008347 -0.417902
42 0.946777 0.000000 0.000000 0.059844 0.161510 -0.356655
43 3.650023 0.193487 0.592403 -0.061796 -0.111438 -0.286498
44 1.940476 0.000000 -0.000000 0.063015 0.157361 -0.382781
45 1.194153 0.000000 0.000000 -0.017478 -0.067896 -0.252168
46 3.920897 0.178574 -0.420632 -0.030866 0.002118 -0.237370
47 2.398545 0.000000 0.000000 0.016327 0.028042 -0.527349
48 1.228913 -0.000000 0.000000 -0.006292 -0.038933 -0.160270
49 3.969067 0.115063 -1.534794 -0.024555 0.031327 -0.228202
50 1.959841 0.000000 0.000000 -0.054600 -0.111020 -0.458274
51 1.099742 0.000000 -0.000000 -0.010217 -0.062642 -0.161791
52 1.244767 -0.892595 -1.077153 -1.537577 0.432036 -0.185459
53 1.976136 -0.000000 0.000000 -0.000000 0.068928 -0.257871
54 1.377138 -0.000000 0.000000 -0.000000 0.022268 0.192117
time 38
0 0.000000 0.000000 0.000000 1.570796 0.000000 0.000000
1 0.738523 0.137701 38.274368 1.497854 -0.178446 0.032327
2 0.000000 0.000000 0.000000 0.000000 0.000000 0.000000
3 3.890447 0.000000 0.000000 -1.733326 -0.178302 -1.491627
4 20.402582 -0.000000 0.000000 -0.000000 0.000000 0.677650
5 17.754948 0.000000 -0.000000 -0.267538 0.156254 -1.542326
6 5.733515 0.000000 -0.000000 0.009676 -0.019068 -0.369184
7 -3.890447 -0.000000 -0.000000 -1.356222 -0.146332 -2.118471
8 20.402582 0.000000 0.000000 -0.000000 0.000000 0.711361
9 17.754948 0.000000 -0.000000 0.346908 -0.181671 -1.624210
10 5.733515 0.000000 0.000000 -0.098104 0.014894 -0.365441
11 -0.000000 3.345132 -1.055022 1.564957 -0.002656 1.710050
12 4.232848 0.000000 0.000000 0.008364 0.119911 0.145533
13 4.327481 0.000000 -0.000000 0.004422 0.040375 0.165514
14 6.430522 0.000000 0.000000 0.105451 0.226112 0.473036
15 5.754028 -0.000000 0.000000 2.900279 -0.089336 0.301672
16 4.208960 0.000000 -0.000000 -0.089182 0.149132 1.103780
17 4.203462 1.484258 1.588960 -0.261618 -1.109577 -1.475681
18 5.124548 -0.000000 0.000000 -0.992239 -0.120428 -1.540080
19 11.580950 0.000000 0.000000 0.000000 -0.000000 -0.716080
20 11.182189 -0.000002 -0.000032 1.403003 -0.119787 -0.333316
21 3.342010 -0.071954 -1.535773 0.070874 0.142154 -0.247798
22 1.760565 0.000000 0.000000 0.003707 0.008347 -0.417902
23 0.946777 0.000000 -0.000000 -0.059844 -0.161510 -0.356655
24 3.650005 0.195886 -0.591614 0.065848 0.111437 -0.286501
25 1.940476 0.000000 0.000000 -0.063015 -0.157361 -0.382781
26 1.194153 0.000000 0.000000 0.017478 0.067896 -0.252168
27 3.920878 0.176868 0.421353 0.034918 -0.002119 -0.237374
28 2.398545 0.000000 -0.000000 -0.016327 -0.028042 -0.527349
29 1.228913 0.000000 0.000000 0.006292 0.038933 -0.160270
30 3.969047 0.108842 1.535248 0.028607 -0.031328 -0.228206
31 1.959841 -0.000000 -0.000000 0.054600 0.111020 -0.458274
32 1.099742 0.000000 0.000000 0.010217 0.062642 -0.161791
33 1.244744 -0.896944 1.073525 1.541960 -0.431286 -0.187296
34 1.976136 -0.000000 0.000000 0.000000 -0.068928 -0.257871
35 1.377138 -0.000000 0.000000 0.000000 -0.022268 0.192117
36 4.203462 1.484258 -1.588960 -0.375300 1.196398 -2.051944
37 5.124548 0.000000 0.000000 2.335982 0.523985 -0.811363
38 11.580950 0.000000 0.000000 0.000000 0.000000 -0.296314
39 11.182171 -0.000002 0.000017 -1.997952 0.110548 -0.269176
40 3.342029 -0.078177 1.535469 -0.066822 -0.142155 -0.247795
41 1.760565 0.000000 0.000000 -0.003707 -0.008347 -0.417902
42 0.946777 0.000000 0.000000 0.059844 0.161510 -0.356655
43 3.650023 0.193487 0.592403 -0.061796 -0.111438 -0.286498
44 1.940476 0.000000 0.000000 0.063015 0.157361 -0.382781
45 1.194153 0.000000 -0.000000 -0.017478 -0.067896 -0.252168
46 3.920897 0.178574 -0.420632 -0.030866 0.002118 -0.237370
47 2.398545 -0.000000 0.000000 0.016327 0.028042 -0.527349
48 1.228913 0.000000 0.000000 -0.006292 -0.038933 -0.160270
49 3.969067 0.115063 -1.534794 -0.024555 0.031327 -0.228202
50 1.959841 0.000000 0.000000 -0.054600 -0.111020 -0.458274
51 1.099742 -0.000000 0.000000 -0.010217 -0.062642 -0.161791
52 1.244767 -0.892595 -1.077153 -1.537577 0.432036 -0.185459
53 1.976136 -0.000000 -0.000000 -0.000000 0.068928 -0.257871
54 1.377138 0.000000 0.000000 -0.000000 0.022268 0.192117
time 39
0 0.000000 0.000000 0.000000 1.570796 0.000000 0.000000
1 0.706994 0.764889 38.507496 1.545416 -0.179339 0.036869
2 0.000000 0.000000 0.000000 0.000000 0.000000 0.000000
3 3.890447 -0.000000 0.000000 -1.749659 -0.230875 -1.491445
4 20.402582 0.000000 -0.000000 0.000000 0.000000 0.648979
5 17.754948 -0.000000 0.000000 -0.256982 0.169185 -1.504634
6 5.733515 0.000000 -0.000000 0.009664 -0.019150 -0.374149
7 -3.890447 0.000000 -0.000000 -1.318619 -0.190331 -2.121739
8 20.402582 -0.000000 0.000000 -0.000000 -0.000000 0.685520
9 17.754948 0.000000 -0.000000 0.340841 -0.186342 -1.594438
10 5.733515 -0.000000 0.000000 -0.098111 0.014847 -0.362614
11 0.000000 3.345132 -1.055022 1.559371 -0.009309 1.709609
12 4.232848 0.000000 0.000000 0.002271 0.119146 0.154316
13 4.327481 0.000000 0.000000 0.001583 0.040518 0.175092
14 6.430522 0.000000 0.000000 0.102180 0.226262 0.479663
15 5.754028 0.000000 0.000000 2.910227 -0.104129 0.265430
16 4.208960 0.000000 0.000000 -0.079112 0.149804 1.115524
17 4.203462 1.484258 1.588960 -0.263317 -1.114011 -1.479716
18 5.124548 0.000000 0.000000 -0.964850 -0.131190 -1.521743
19 11.580950 -0.000000 0.000000 -0.000000 0.000000 -0.720016
20 11.182189 -0.000002 -0.000032 1.426829 -0.069496 -0.330753
21 3.342010 -0.071954 -1.535773 0.070874 0.142154 -0.247798
22 1.760565 0.000000 0.000000 0.003707 0.008347 -0.417902
23 0.946777 0.000000 0.000000 -0.059844 -0.161510 -0.356655
24 3.650005 0.195886 -0.591614 0.065848 0.111437 -0.286501
25 1.940476 -0.000000 0.000000 -0.063015 -0.157361 -0.382781
26 1.194153 0.000000 0.000000 0.017478 0.067896 -0.252168
27 3.920878 0.176868 0.421353 0.034918 -0.002119 -0.237374
28 2.398545 0.000000 0.000000 -0.016327 -0.028042 -0.527349
29 1.228913 0.000000 0.000000 0.006292 0.038933 -0.160270
30 3.969047 0.108842 1.535248 0.028607 -0.031328 -0.228206
31 1.959841 0.000000 0.000000 0.054600 0.111020 -0.458274
32 1.099742 0.000000 0.000000 0.010217 0.062642 -0.161791
33 1.244744 -0.896944 1.073525 1.541960 -0.431286 -0.187296
34 1.976136 0.000000 0.000000 -0.000000 -0.068928 -0.257871
35 1.377138 0.000000 -0.000000 -0.000000 -0.022268 0.192117
36 4.203462 1.484258 -1.588960 -0.378867 1.216706 -2.058905
37 5.124548 0.000000 0.000000 2.321957 0.543247 -0.810521
38 11.580950 0.000000 0.000000 -0.000000 -0.000000 -0.308553
39 11.182171 -0.000002 0.000017 -1.978579 0.086980 -0.254683
40 3.342029 -0.078177 1.535469 -0.066822 -0.142155 -0.247795
41 1.760565 0.000000 0.000000 -0.003707 -0.008347 -0.417902
42 0.946777 0.000000 -0.000000 0.059844 0.161510 -0.356655
43 3.650023 0.193487 0.592403 -0.061796 -0.111438 -0.286498
44 1.940476 0.000000 0.000000 0.063015 0.157361 -0.382781
45 1.194153 0.000000 0.000000 -0.017478 -0.067896 -0.252168
46 3.920897 0.178574 -0.420632 -0.030866 0.002118 -0.237370
47 2.398545 0.000000 0.000000 0.016327 0.028042 -0.527349
48 1.228913 0.000000 0.000000 -0.006292 -0.038933 -0.160270
49 3.969067 0.115063 -1.534794 -0.024555 0.031327 -0.228202
50 1.959841 0.000000 0.000000 -0.054600 -0.111020 -0.458274
51 1.099742 -0.000000 0.000000 -0.010217 -0.062642 -0.161791
52 1.244767 -0.892595 -1.077153 -1.537577 0.432036 -0.185459
53 1.976136 0.000000 0.000000 0.000000 0.068928 -0.257871
54 1.377138 0.000000 0.000000 0.000000 0.022268 0.192117
time 40
0 0.000000 0.000000 0.000000 1.570796 0.000000 0.000000
1 0.623282 1.209037 38.737240 1.581272 -0.183979 0.057771
2 0.000000 0.000000 0.000000 0.000000 0.000000 0.000000
3 3.890447 0.000000 0.000000 -1.757425 -0.267824 -1.496304
4 20.402582 -0.000000 0.000000 0.000000 0.000000 0.610494
5 17.754948 -0.000000 -0.000000 -0.244339 0.190104 -1.466507
6 5.733515 0.000000 0.000000 0.009661 -0.019174 -0.375620
7 -3.890447 0.000000 -0.000000 -1.279792 -0.213759 -2.128183
8 20.402582 0.000000 0.000000 0.000000 0.000000 0.662475
9 17.754948 -0.000000 0.000000 0.336593 -0.183524 -1.570470
10 5.733515 0.000000 0.000000 -0.098117 0.014811 -0.360431
11 -0.000000 3.345132 -1.055022 1.553079 -0.012061 1.705584
12 4.232848 0.000000 0.000000 -0.005083 0.117850 0.161753
13 4.327481 0.000000 -0.000000 -0.001658 0.040181 0.185547
14 6.430522 0.000000 0.000000 0.101948 0.232597 0.486597
15 5.754028 0.000000 -0.000000 2.909750 -0.111469 0.261772
16 4.208960 0.000000 0.000000 -0.074766 0.150193 1.105899
17 4.203462 1.484258 1.588960 -0.270878 -1.129737 -1.479001
18 5.124548 -0.000000 0.000000 -0.943822 -0.151567 -1.503622
19 11.580950 0.000000 0.000000 -0.000000 -0.000000 -0.715058
20 11.182189 -0.000002 -0.000032 1.487152 0.030600 -0.334676
21 3.342010 -0.071954 -1.535773 0.070874 0.142154 -0.247798
22 1.760565 0.000000 0.000000 0.003707 0.008347 -0.417902
23 0.946777 0.000000 0.000000 -0.059844 -0.161510 -0.356655
24 3.650005 0.195886 -0.591614 0.065848 0.111437 -0.286501
25 1.940476 0.000000 0.000000 -0.063015 -0.157361 -0.382781
26 1.194153 -0.000000 -0.000000 0.017478 0.067896 -0.252168
27 3.920878 0.176868 0.421353 0.034918 -0.002119 -0.237374
28 2.398545 0.000000 0.000000 -0.016327 -0.028042 -0.527349
29 1.228913 0.000000 0.000000 0.006292 0.038933 -0.160270
30 3.969047 0.108842 1.535248 0.028607 -0.031328 -0.228206
31 1.959841 0.000000 -0.000000 0.054600 0.111020 -0.458274
32 1.099742 0.000000 -0.000000 0.010217 0.062642 -0.161791
33 1.244744 -0.896944 1.073525 1.541960 -0.431286 -0.187296
34 1.976136 0.000000 0.000000 0.000000 -0.068928 -0.257871
35 1.377138 0.000000 0.000000 -0.000000 -0.022268 0.192117
36 4.203462 1.484258 -1.588960 -0.369606 1.228068 -2.049966
37 5.124548 0.000000 0.000000 2.293026 0.554320 -0.806954
38 11.580950 -0.000000 0.000000 0.000000 0.000000 -0.326311
39 11.182171 -0.000002 0.000017 -1.957808 0.052408 -0.260804
40 3.342029 -0.078177 1.535469 -0.066822 -0.142155 -0.247795
41 1.760565 0.000000 0.000000 -0.003707 -0.008347 -0.417902
42 0.946777 -0.000000 -0.000000 0.059844 0.161510 -0.356655
43 3.650023 0.193487 0.592403 -0.061796 -0.111438 -0.286498
44 1.940476 0.000000 0.000000 0.063015 0.157361 -0.382781
45 1.194153 0.000000 0.000000 -0.017478 -0.067896 -0.252168
46 3.920897 0.178574 -0.420632 -0.030866 0.002118 -0.237370
47 2.398545 0.000000 0.000000 0.016327 0.028042 -0.527349
48 1.228913 0.000000 0.000000 -0.006292 -0.038933 -0.160270
49 3.969067 0.115063 -1.534794 -0.024555 0.031327 -0.228202
50 1.959841 0.000000 0.000000 -0.054600 -0.111020 -0.458274
51 1.099742 -0.000000 0.000000 -0.010217 -0.062642 -0.161791
52 1.244767 -0.892595 -1.077153 -1.537577 0.432036 -0.185459
53 1.976136 0.000000 0.000000 -0.000000 0.068928 -0.257871
54 1.377138 0.000000 0.000000 -0.000000 0.022268 0.192117
time 41
0 0.000000 0.000000 0.000000 1.570796 0.000000 0.000000
1 0.535551 1.541276 38.893059 1.597617 -0.191740 0.089915
2 0.000000 0.000000 0.000000 0.000000 0.000000 0.000000
3 3.890447 0.000000 0.000000 -1.760880 -0.285151 -1.505617
4 20.402582 -0.000000 0.000000 0.000000 0.000000 0.572064
5 17.754948 -0.000000 0.000000 -0.229727 0.218077 -1.434953
6 5.733515 0.000000 0.000000 0.009668 -0.019121 -0.372430
7 -3.890447 0.000000 -0.000000 -1.246395 -0.216786 -2.137932
8 20.402582 -0.000000 -0.000000 0.000000 0.000000 0.649234
9 17.754948 0.000000 -0.000000 0.336778 -0.176492 -1.556457
10 5.733515 0.000000 -0.000000 -0.098129 0.014734 -0.355775
11 0.000000 3.345132 -1.055022 1.550875 -0.019758 1.700364
12 4.232848 0.000000 0.000000 -0.009252 0.116996 0.172520
13 4.327481 0.000000 -0.000000 -0.003779 0.039159 0.196889
14 6.430522 -0.000000 0.000000 0.106113 0.244637 0.494892
15 5.754028 -0.000000 -0.000000 2.913906 -0.096804 0.274161
16 4.208960 0.000000 0.000000 -0.080766 0.147011 1.073908
17 4.203462 1.484258 1.588960 -0.270997 -1.136668 -1.482533
18 5.124548 -0.000000 0.000000 -0.931030 -0.182250 -1.498772
19 11.580950 -0.000000 -0.000000 0.000000 0.000000 -0.711070
20 11.182189 -0.000002 -0.000032 1.506472 0.107332 -0.321006
21 3.342010 -0.071954 -1.535773 0.070874 0.142154 -0.247798
22 1.760565 0.000000 -0.000000 0.003707 0.008347 -0.417902
23 0.946777 0.000000 0.000000 -0.059844 -0.161510 -0.356655
24 3.650005 0.195886 -0.591614 0.065848 0.111437 -0.286501
25 1.940476 -0.000000 0.000000 -0.063015 -0.157361 -0.382781
26 1.194153 0.000000 -0.000000 0.017478 0.067896 -0.252168
27 3.920878 0.176868 0.421353 0.034918 -0.002119 -0.237374
28 2.398545 0.000000 0.000000 -0.016327 -0.028042 -0.527349
29 1.228913 0.000000 0.000000 0.006292 0.038933 -0.160270
30 3.969047 0.108842 1.535248 0.028607 -0.031328 -0.228206
31 1.959841 -0.000000 -0.000000 0.054600 0.111020 -0.458274
32 1.099742 -0.000000 0.000000 0.010217 0.062642 -0.161791
33 1.244744 -0.896944 1.073525 1.541960 -0.431286 -0.187296
34 1.976136 -0.000000 0.000000 -0.000000 -0.068928 -0.257871
35 1.377138 0.000000 0.000000 0.000000 -0.022268 0.192117
36 4.203462 1.484258 -1.588960 -0.330037 1.219695 -2.012640
37 5.124548 0.000000 -0.000000 2.241240 0.555853 -0.809841
38 11.580950 -0.000000 0.000000 0.000000 0.000000 -0.358795
39 11.182171 -0.000002 0.000017 -1.934806 0.021634 -0.281199
40 3.342029 -0.078177 1.535469 -0.066822 -0.142155 -0.247795
41 1.760565 0.000000 0.000000 -0.003707 -0.008347 -0.417902
42 0.946777 -0.000000 0.000000 0.059844 0.161510 -0.356655
43 3.650023 0.193487 0.592403 -0.061796 -0.111438 -0.286498
44 1.940476 0.000000 0.000000 0.063015 0.157361 -0.382781
45 1.194153 0.000000 0.000000 -0.017478 -0.067896 -0.252168
46 3.920897 0.178574 -0.420632 -0.030866 0.002118 -0.237370
47 2.398545 0.000000 0.000000 0.016327 0.028042 -0.527349
48 1.228913 0.000000 0.000000 -0.006292 -0.038933 -0.160270
49 3.969067 0.115063 -1.534794 -0.024555 0.031327 -0.228202
50 1.959841 0.000000 0.000000 -0.054600 -0.111020 -0.458274
51 1.099742 0.000000 0.000000 -0.010217 -0.062642 -0.161791
52 1.244767 -0.892595 -1.077153 -1.537577 0.432036 -0.185459
53 1.976136 0.000000 0.000000 -0.000000 0.068928 -0.257871
54 1.377138 0.000000 0.000000 0.000000 0.022268 0.192117
time 42
0 0.000000 0.000000 0.000000 1.570796 0.000000 0.000000
1 0.451141 1.782330 38.963360 1.602232 -0.201766 0.130358
2 0.000000 0.000000 0.000000 0.000000 0.000000 0.000000
3 3.890447 -0.000000 0.000000 -1.762273 -0.294840 -1.517731
4 20.402582 0.000000 -0.000000 -0.000000 -0.000000 0.542574
5 17.754948 0.000000 0.000000 -0.212226 0.250716 -1.409980
6 5.733515 -0.000000 0.000000 0.009679 -0.019049 -0.368073
7 -3.890447 0.000000 -0.000000 -1.220420 -0.211238 -2.150110
8 20.402582 0.000000 0.000000 0.000000 0.000000 0.651363
9 17.754948 0.000000 -0.000000 0.340002 -0.161082 -1.552029
10 5.733515 0.000000 0.000000 -0.098150 0.014605 -0.347935
11 0.000000 3.345132 -1.055022 1.552631 -0.023482 1.693963
12 4.232848 0.000000 0.000000 -0.010506 0.119439 0.184894
13 4.327481 0.000000 -0.000000 -0.004349 0.038252 0.211871
14 6.430522 0.000000 -0.000000 0.114921 0.261845 0.504612
15 5.754028 0.000000 -0.000000 2.916176 -0.079560 0.302078
16 4.208960 0.000000 0.000000 -0.081410 0.139088 1.052976
17 4.203462 1.484258 1.588960 -0.291872 -1.135115 -1.464382
18 5.124548 0.000000 -0.000000 -0.933426 -0.214242 -1.518232
19 11.580950 0.000000 -0.000000 0.000000 0.000000 -0.708113
20 11.182189 -0.000002 -0.000032 1.517035 0.138011 -0.302552
21 3.342010 -0.071954 -1.535773 0.070874 0.142154 -0.247798
22 1.760565 -0.000000 0.000000 0.003707 0.008347 -0.417902
23 0.946777 0.000000 0.000000 -0.059844 -0.161510 -0.356655
24 3.650005 0.195886 -0.591614 0.065848 0.111437 -0.286501
25 1.940476 0.000000 0.000000 -0.063015 -0.157361 -0.382781
26 1.194153 -0.000000 0.000000 0.017478 0.067896 -0.252168
27 3.920878 0.176868 0.421353 0.034918 -0.002119 -0.237374
28 2.398545 0.000000 -0.000000 -0.016327 -0.028042 -0.527349
29 1.228913 0.000000 0.000000 0.006292 0.038933 -0.160270
30 3.969047 0.108842 1.535248 0.028607 -0.031328 -0.228206
31 1.959841 0.000000 -0.000000 0.054600 0.111020 -0.458274
32 1.099742 0.000000 0.000000 0.010217 0.062642 -0.161791
33 1.244744 -0.896944 1.073525 1.541960 -0.431286 -0.187296
34 1.976136 0.000000 -0.000000 0.000000 -0.068928 -0.257871
35 1.377138 -0.000000 0.000000 0.000000 -0.022268 0.192117
36 4.203462 1.484258 -1.588960 -0.221159 1.205998 -1.915776
37 5.124548 -0.000000 0.000000 2.177146 0.534541 -0.838208
38 11.580950 0.000000 0.000000 -0.000000 0.000000 -0.406740
39 11.182171 -0.000002 0.000017 -1.898309 0.018955 -0.306600
40 3.342029 -0.078177 1.535469 -0.066822 -0.142155 -0.247795
41 1.760565 0.000000 -0.000000 -0.003707 -0.008347 -0.417902
42 0.946777 0.000000 -0.000000 0.059844 0.161510 -0.356655
43 3.650023 0.193487 0.592403 -0.061796 -0.111438 -0.286498
44 1.940476 -0.000000 0.000000 0.063015 0.157361 -0.382781
45 1.194153 0.000000 0.000000 -0.017478 -0.067896 -0.252168
46 3.920897 0.178574 -0.420632 -0.030866 0.002118 -0.237370
47 2.398545 0.000000 0.000000 0.016327 0.028042 -0.527349
48 1.228913 0.000000 0.000000 -0.006292 -0.038933 -0.160270
49 3.969067 0.115063 -1.534794 -0.024555 0.031327 -0.228202
50 1.959841 0.000000 0.000000 -0.054600 -0.111020 -0.458274
51 1.099742 0.000000 -0.000000 -0.010217 -0.062642 -0.161791
52 1.244767 -0.892595 -1.077153 -1.537577 0.432036 -0.185459
53 1.976136 0.000000 0.000000 -0.000000 0.068928 -0.257871
54 1.377138 0.000000 0.000000 0.000000 0.022268 0.192117
time 43
0 0.000000 0.000000 0.000000 1.570796 0.000000 0.000000
1 0.423210 1.937143 38.915688 1.596911 -0.214083 0.176160
2 0.000000 0.000000 0.000000 0.000000 0.000000 0.000000
3 3.890447 0.000000 0.000000 -1.754646 -0.302876 -1.534339
4 20.402582 -0.000000 0.000000 0.000000 -0.000000 0.532214
5 17.754948 0.000000 0.000000 -0.196479 0.280437 -1.397193
6 5.733515 -0.000000 0.000000 0.009690 -0.018977 -0.363686
7 -3.890447 0.000000 -0.000000 -1.200689 -0.202993 -2.168569
8 20.402582 0.000000 0.000000 -0.000000 0.000000 0.675907
9 17.754948 -0.000000 0.000000 0.346076 -0.141622 -1.556160
10 5.733515 -0.000000 0.000000 -0.098163 0.014529 -0.343344
11 0.000000 3.345132 -1.055022 1.554166 -0.027323 1.692067
12 4.232848 0.000000 -0.000000 -0.010478 0.122392 0.193674
13 4.327481 -0.000000 0.000000 -0.004253 0.038303 0.223100
14 6.430522 0.000000 0.000000 0.120966 0.272992 0.513266
15 5.754028 0.000000 0.000000 2.924358 -0.063177 0.323957
16 4.208960 0.000000 0.000000 -0.078676 0.129101 1.030982
17 4.203462 1.484258 1.588960 -0.281885 -1.134571 -1.471851
18 5.124548 0.000000 0.000000 -0.945303 -0.247476 -1.530676
19 11.580950 0.000000 0.000000 -0.000000 0.000000 -0.707048
20 11.182189 -0.000002 -0.000032 1.513503 0.090066 -0.307619
21 3.342010 -0.071954 -1.535773 0.070874 0.142154 -0.247798
22 1.760565 0.000000 0.000000 0.003707 0.008347 -0.417902
23 0.946777 -0.000000 0.000000 -0.059844 -0.161510 -0.356655
24 3.650005 0.195886 -0.591614 0.065848 0.111437 -0.286501
25 1.940476 0.000000 0.000000 -0.063015 -0.157361 -0.382781
26 1.194153 -0.000000 -0.000000 0.017478 0.067896 -0.252168
27 3.920878 0.176868 0.421353 0.034918 -0.002119 -0.237374
28 2.398545 0.000000 0.000000 -0.016327 -0.028042 -0.527349
29 1.228913 0.000000 0.000000 0.006292 0.038933 -0.160270
30 3.969047 0.108842 1.535248 0.028607 -0.031328 -0.228206
31 1.959841 0.000000 0.000000 0.054600 0.111020 -0.458274
32 1.099742 0.000000 0.000000 0.010217 0.062642 -0.161791
33 1.244744 -0.896944 1.073525 1.541960 -0.431286 -0.187296
34 1.976136 0.000000 0.000000 0.000000 -0.068928 -0.257871
35 1.377138 0.000000 0.000000 0.000000 -0.022268 0.192117
36 4.203462 1.484258 -1.588960 -0.162079 1.196793 -1.857644
37 5.124548 0.000000 0.000000 2.165124 0.507227 -0.847919
38 11.580950 -0.000000 0.000000 0.000000 0.000000 -0.439011
39 11.182171 -0.000002 0.000017 -1.882520 0.028880 -0.335210
40 3.342029 -0.078177 1.535469 -0.066822 -0.142155 -0.247795
41 1.760565 0.000000 -0.000000 -0.003707 -0.008347 -0.417902
42 0.946777 -0.000000 0.000000 0.059844 0.161510 -0.356655
43 3.650023 0.193487 0.592403 -0.061796 -0.111438 -0.286498
44 1.940476 -0.000000 0.000000 0.063015 0.157361 -0.382781
45 1.194153 0.000000 0.000000 -0.017478 -0.067896 -0.252168
46 3.920897 0.178574 -0.420632 -0.030866 0.002118 -0.237370
47 2.398545 0.000000 0.000000 0.016327 0.028042 -0.527349
48 1.228913 -0.000000 -0.000000 -0.006292 -0.038933 -0.160270
49 3.969067 0.115063 -1.534794 -0.024555 0.031327 -0.228202
50 1.959841 -0.000000 -0.000000 -0.054600 -0.111020 -0.458274
51 1.099742 0.000000 -0.000000 -0.010217 -0.062642 -0.161791
52 1.244767 -0.892595 -1.077153 -1.537577 0.432036 -0.185459
53 1.976136 0.000000 0.000000 -0.000000 0.068928 -0.257871
54 1.377138 0.000000 0.000000 -0.000000 0.022268 0.192117
time 44
0 0.000000 0.000000 0.000000 1.570796 0.000000 0.000000
1 0.460181 2.011812 38.783203 1.583969 -0.227784 0.227477
2 0.000000 0.000000 0.000000 0.000000 0.000000 0.000000
3 3.890447 0.000000 0.000000 -1.732510 -0.312746 -1.555822
4 20.402582 0.000000 0.000000 0.000000 -0.000000 0.542587
5 17.754948 0.000000 0.000000 -0.184391 0.302579 -1.395609
6 5.733515 0.000000 -0.000000 0.009697 -0.018929 -0.360810
7 -3.890447 0.000000 -0.000000 -1.183236 -0.189898 -2.192717
8 20.402582 0.000000 0.000000 -0.000000 -0.000000 0.714368
9 17.754948 -0.000000 0.000000 0.355314 -0.122974 -1.563631
10 5.733515 0.000000 0.000000 -0.098156 0.014569 -0.345791
11 0.000000 3.345132 -1.055022 1.553617 -0.033698 1.695329
12 4.232848 0.000000 0.000000 -0.010322 0.125110 0.197490
13 4.327481 0.000000 -0.000000 -0.004357 0.039392 0.224960
14 6.430522 0.000000 0.000000 0.120767 0.273125 0.515932
15 5.754028 0.000000 0.000000 2.932332 -0.047125 0.339565
16 4.208960 0.000000 0.000000 -0.075539 0.125252 1.008448
17 4.203462 1.484258 1.588960 -0.241723 -1.131109 -1.499758
18 5.124548 0.000000 -0.000000 -0.957325 -0.277397 -1.528002
19 11.580950 -0.000000 0.000000 -0.000000 0.000000 -0.722340
20 11.182189 -0.000002 -0.000032 1.483527 0.005753 -0.323208
21 3.342010 -0.071954 -1.535773 0.070874 0.142154 -0.247798
22 1.760565 0.000000 0.000000 0.003707 0.008347 -0.417902
23 0.946777 0.000000 0.000000 -0.059844 -0.161510 -0.356655
24 3.650005 0.195886 -0.591614 0.065848 0.111437 -0.286501
25 1.940476 -0.000000 0.000000 -0.063015 -0.157361 -0.382781
26 1.194153 0.000000 0.000000 0.017478 0.067896 -0.252168
27 3.920878 0.176868 0.421353 0.034918 -0.002119 -0.237374
28 2.398545 0.000000 -0.000000 -0.016327 -0.028042 -0.527349
29 1.228913 0.000000 -0.000000 0.006292 0.038933 -0.160270
30 3.969047 0.108842 1.535248 0.028607 -0.031328 -0.228206
31 1.959841 0.000000 0.000000 0.054600 0.111020 -0.458274
32 1.099742 -0.000000 0.000000 0.010217 0.062642 -0.161791
33 1.244744 -0.896944 1.073525 1.541960 -0.431286 -0.187296
34 1.976136 0.000000 0.000000 -0.000000 -0.068928 -0.257871
35 1.377138 0.000000 -0.000000 -0.000000 -0.022268 0.192117
36 4.203462 1.484258 -1.588960 -0.185425 1.196042 -1.856393
37 5.124548 0.000000 0.000000 2.180088 0.480543 -0.825509
38 11.580950 0.000000 0.000000 0.000000 -0.000000 -0.451021
39 11.182171 -0.000002 0.000017 -1.856378 0.057774 -0.348482
40 3.342029 -0.078177 1.535469 -0.066822 -0.142155 -0.247795
41 1.760565 0.000000 0.000000 -0.003707 -0.008347 -0.417902
42 0.946777 0.000000 0.000000 0.059844 0.161510 -0.356655
43 3.650023 0.193487 0.592403 -0.061796 -0.111438 -0.286498
44 1.940476 0.000000 0.000000 0.063015 0.157361 -0.382781
45 1.194153 -0.000000 0.000000 -0.017478 -0.067896 -0.252168
46 3.920897 0.178574 -0.420632 -0.030866 0.002118 -0.237370
47 2.398545 0.000000 0.000000 0.016327 0.028042 -0.527349
48 1.228913 0.000000 -0.000000 -0.006292 -0.038933 -0.160270
49 3.969067 0.115063 -1.534794 -0.024555 0.031327 -0.228202
50 1.959841 0.000000 0.000000 -0.054600 -0.111020 -0.458274
51 1.099742 0.000000 0.000000 -0.010217 -0.062642 -0.161791
52 1.244767 -0.892595 -1.077153 -1.537577 0.432036 -0.185459
53 1.976136 0.000000 0.000000 -0.000000 0.068928 -0.257871
54 1.377138 -0.000000 0.000000 0.000000 0.022268 0.192117
time 45
0 0.000000 0.000000 0.000000 1.570796 0.000000 0.000000
1 0.443766 1.989584 38.640350 1.563879 -0.242339 0.289882
2 0.000000 0.000000 0.000000 0.000000 0.000000 0.000000
3 3.890447 0.000000 0.000000 -1.701503 -0.319432 -1.579522
4 20.402582 0.000000 0.000000 0.000000 0.000000 0.557229
5 17.754948 -0.000000 -0.000000 -0.171141 0.328004 -1.390489
6 5.733515 0.000000 0.000000 0.009696 -0.018938 -0.361352
7 -3.890447 0.000000 -0.000000 -1.171394 -0.167565 -2.215216
8 20.402582 -0.000000 0.000000 0.000000 -0.000000 0.758825
9 17.754948 0.000000 0.000000 0.366505 -0.096972 -1.570685
10 5.733515 0.000000 0.000000 -0.098125 0.014761 -0.357408
11 0.000000 3.345132 -1.055022 1.553405 -0.036914 1.698447
12 4.232848 0.000000 0.000000 -0.010737 0.129901 0.200337
13 4.327481 0.000000 -0.000000 -0.004610 0.041124 0.224382
14 6.430522 0.000000 0.000000 0.117996 0.269028 0.513935
15 5.754028 0.000000 0.000000 2.922751 -0.045277 0.338383
16 4.208960 0.000000 0.000000 -0.072724 0.125305 0.984451
17 4.203462 1.484258 1.588960 -0.206226 -1.126156 -1.522881
18 5.124548 0.000000 -0.000000 -0.969423 -0.299921 -1.520325
19 11.580950 -0.000000 0.000000 0.000000 0.000000 -0.759899
20 11.182189 -0.000002 -0.000032 1.461412 -0.059869 -0.343178
21 3.342010 -0.071954 -1.535773 0.070874 0.142154 -0.247798
22 1.760565 0.000000 0.000000 0.003707 0.008347 -0.417902
23 0.946777 0.000000 -0.000000 -0.059844 -0.161510 -0.356655
24 3.650005 0.195886 -0.591614 0.065848 0.111437 -0.286501
25 1.940476 0.000000 -0.000000 -0.063015 -0.157361 -0.382781
26 1.194153 0.000000 0.000000 0.017478 0.067896 -0.252168
27 3.920878 0.176868 0.421353 0.034918 -0.002119 -0.237374
28 2.398545 0.000000 0.000000 -0.016327 -0.028042 -0.527349
29 1.228913 0.000000 0.000000 0.006292 0.038933 -0.160270
30 3.969047 0.108842 1.535248 0.028607 -0.031328 -0.228206
31 1.959841 0.000000 0.000000 0.054600 0.111020 -0.458274
32 1.099742 0.000000 0.000000 0.010217 0.062642 -0.161791
33 1.244744 -0.896944 1.073525 1.541960 -0.431286 -0.187296
34 1.976136 0.000000 0.000000 0.000000 -0.068928 -0.257871
35 1.377138 -0.000000 0.000000 -0.000000 -0.022268 0.192117
36 4.203462 1.484258 -1.588960 -0.234099 1.194304 -1.877734
37 5.124548 0.000000 0.000000 2.225098 0.460431 -0.799028
38 11.580950 0.000000 0.000000 0.000000 -0.000000 -0.434280
39 11.182171 -0.000002 0.000017 -1.855040 0.087427 -0.343484
40 3.342029 -0.078177 1.535469 -0.066822 -0.142155 -0.247795
41 1.760565 0.000000 -0.000000 -0.003707 -0.008347 -0.417902
42 0.946777 -0.000000 -0.000000 0.059844 0.161510 -0.356655
43 3.650023 0.193487 0.592403 -0.061796 -0.111438 -0.286498
44 1.940476 0.000000 0.000000 0.063015 0.157361 -0.382781
45 1.194153 -0.000000 0.000000 -0.017478 -0.067896 -0.252168
46 3.920897 0.178574 -0.420632 -0.030866 0.002118 -0.237370
47 2.398545 0.000000 0.000000 0.016327 0.028042 -0.527349
48 1.228913 0.000000 0.000000 -0.006292 -0.038933 -0.160270
49 3.969067 0.115063 -1.534794 -0.024555 0.031327 -0.228202
50 1.959841 0.000000 0.000000 -0.054600 -0.111020 -0.458274
51 1.099742 0.000000 0.000000 -0.010217 -0.062642 -0.161791
52 1.244767 -0.892595 -1.077153 -1.537577 0.432036 -0.185459
53 1.976136 0.000000 0.000000 -0.000000 0.068928 -0.257871
54 1.377138 0.000000 0.000000 -0.000000 0.022268 0.192117
time 46
0 0.000000 0.000000 0.000000 1.570796 0.000000 0.000000
1 0.439044 1.871028 38.446938 1.541430 -0.251734 0.348975
2 0.000000 0.000000 0.000000 0.000000 0.000000 0.000000
3 3.890447 0.000000 0.000000 -1.685861 -0.325369 -1.593918
4 20.402582 0.000000 0.000000 -0.000000 0.000000 0.584177
5 17.754948 0.000000 -0.000000 -0.156096 0.362511 -1.392531
6 5.733515 0.000000 -0.000000 0.009698 -0.018922 -0.360408
7 -3.890447 0.000000 -0.000000 -1.173465 -0.144291 -2.228964
8 20.402582 0.000000 0.000000 0.000000 0.000000 0.805006
9 17.754948 0.000000 -0.000000 0.382399 -0.065884 -1.579226
10 5.733515 0.000000 0.000000 -0.098094 0.014960 -0.369429
11 0.000000 3.345132 -1.055022 1.556490 -0.037135 1.703410
12 4.232848 0.000000 -0.000000 -0.008083 0.136893 0.201252
13 4.327481 -0.000000 0.000000 -0.003245 0.043139 0.222577
14 6.430522 -0.000000 0.000000 0.116096 0.263138 0.510789
15 5.754028 0.000000 0.000000 2.905517 -0.052338 0.317199
16 4.208960 -0.000000 0.000000 -0.066251 0.131626 0.969701
17 4.203462 1.484258 1.588960 -0.183240 -1.122138 -1.538928
18 5.124548 -0.000000 0.000000 -0.976371 -0.309703 -1.514149
19 11.580950 0.000000 0.000000 -0.000000 0.000000 -0.813721
20 11.182189 -0.000002 -0.000032 1.439750 -0.101634 -0.358963
21 3.342010 -0.071954 -1.535773 0.070874 0.142154 -0.247798
22 1.760565 0.000000 0.000000 0.003707 0.008347 -0.417902
23 0.946777 0.000000 0.000000 -0.059844 -0.161510 -0.356655
24 3.650005 0.195886 -0.591614 0.065848 0.111437 -0.286501
25 1.940476 0.000000 0.000000 -0.063015 -0.157361 -0.382781
26 1.194153 0.000000 0.000000 0.017478 0.067896 -0.252168
27 3.920878 0.176868 0.421353 0.034918 -0.002119 -0.237374
28 2.398545 0.000000 0.000000 -0.016327 -0.028042 -0.527349
29 1.228913 0.000000 -0.000000 0.006292 0.038933 -0.160270
30 3.969047 0.108842 1.535248 0.028607 -0.031328 -0.228206
31 1.959841 0.000000 0.000000 0.054600 0.111020 -0.458274
32 1.099742 0.000000 -0.000000 0.010217 0.062642 -0.161791
33 1.244744 -0.896944 1.073525 1.541960 -0.431286 -0.187296
34 1.976136 0.000000 0.000000 -0.000000 -0.068928 -0.257871
35 1.377138 0.000000 0.000000 -0.000000 -0.022268 0.192117
36 4.203462 1.484258 -1.588960 -0.282724 1.194462 -1.911302
37 5.124548 -0.000000 0.000000 2.291542 0.435603 -0.768701
38 11.580950 -0.000000 0.000000 0.000000 0.000000 -0.390875
39 11.182171 -0.000002 0.000017 -1.879881 0.089765 -0.321293
40 3.342029 -0.078177 1.535469 -0.066822 -0.142155 -0.247795
41 1.760565 -0.000000 0.000000 -0.003707 -0.008347 -0.417902
42 0.946777 0.000000 -0.000000 0.059844 0.161510 -0.356655
43 3.650023 0.193487 0.592403 -0.061796 -0.111438 -0.286498
44 1.940476 0.000000 0.000000 0.063015 0.157361 -0.382781
45 1.194153 0.000000 0.000000 -0.017478 -0.067896 -0.252168
46 3.920897 0.178574 -0.420632 -0.030866 0.002118 -0.237370
47 2.398545 0.000000 0.000000 0.016327 0.028042 -0.527349
48 1.228913 0.000000 0.000000 -0.006292 -0.038933 -0.160270
49 3.969067 0.115063 -1.534794 -0.024555 0.031327 -0.228202
50 1.959841 0.000000 0.000000 -0.054600 -0.111020 -0.458274
51 1.099742 0.000000 0.000000 -0.010217 -0.062642 -0.161791
52 1.244767 -0.892595 -1.077153 -1.537577 0.432036 -0.185459
53 1.976136 0.000000 0.000000 -0.000000 0.068928 -0.257871
54 1.377138 0.000000 0.000000 -0.000000 0.022268 0.192117
time 47
0 0.000000 0.000000 0.000000 1.570796 0.000000 0.000000
1 0.416734 1.698109 38.170025 1.508851 -0.256058 0.406785
2 0.000000 0.000000 0.000000 0.000000 0.000000 0.000000
3 3.890447 0.000000 0.000000 -1.679679 -0.326706 -1.599980
4 20.402582 0.000000 0.000000 -0.000000 0.000000 0.627209
5 17.754948 0.000000 -0.000000 -0.140887 0.400433 -1.402131
6 5.733515 0.000000 0.000000 0.009693 -0.018956 -0.362428
7 -3.890447 0.000000 -0.000000 -1.186181 -0.113802 -2.235216
8 20.402582 -0.000000 0.000000 -0.000000 0.000000 0.854606
9 17.754948 0.000000 -0.000000 0.401631 -0.034115 -1.592561
10 5.733515 0.000000 -0.000000 -0.098066 0.015159 -0.381443
11 0.000000 3.345132 -1.055022 1.558836 -0.036021 1.707568
12 4.232848 0.000000 0.000000 -0.006141 0.141326 0.201157
13 4.327481 0.000000 0.000000 -0.002287 0.044613 0.221824
14 6.430522 -0.000000 0.000000 0.118559 0.265704 0.510147
15 5.754028 0.000000 0.000000 2.877188 -0.068635 0.286419
16 4.208960 0.000000 -0.000000 -0.057580 0.142122 0.969735
17 4.203462 1.484258 1.588960 -0.171628 -1.123182 -1.550106
18 5.124548 -0.000000 0.000000 -0.979710 -0.307287 -1.513355
19 11.580950 0.000000 0.000000 -0.000000 0.000000 -0.871281
20 11.182189 -0.000002 -0.000032 1.421860 -0.118126 -0.369067
21 3.342010 -0.071954 -1.535773 0.070874 0.142154 -0.247798
22 1.760565 0.000000 0.000000 0.003707 0.008347 -0.417902
23 0.946777 0.000000 0.000000 -0.059844 -0.161510 -0.356655
24 3.650005 0.195886 -0.591614 0.065848 0.111437 -0.286501
25 1.940476 0.000000 0.000000 -0.063015 -0.157361 -0.382781
26 1.194153 -0.000000 0.000000 0.017478 0.067896 -0.252168
27 3.920878 0.176868 0.421353 0.034918 -0.002119 -0.237374
28 2.398545 0.000000 0.000000 -0.016327 -0.028042 -0.527349
29 1.228913 0.000000 -0.000000 0.006292 0.038933 -0.160270
30 3.969047 0.108842 1.535248 0.028607 -0.031328 -0.228206
31 1.959841 0.000000 0.000000 0.054600 0.111020 -0.458274
32 1.099742 0.000000 0.000000 0.010217 0.062642 -0.161791
33 1.244744 -0.896944 1.073525 1.541960 -0.431286 -0.187296
34 1.976136 0.000000 0.000000 0.000000 -0.068928 -0.257871
35 1.377138 0.000000 -0.000000 0.000000 -0.022268 0.192117
36 4.203462 1.484258 -1.588960 -0.259481 1.202454 -1.883248
37 5.124548 0.000000 0.000000 2.362742 0.409320 -0.762292
38 11.580950 0.000000 0.000000 -0.000000 -0.000000 -0.341337
39 11.182171 -0.000002 0.000017 -1.943191 0.087897 -0.283483
40 3.342029 -0.078177 1.535469 -0.066822 -0.142155 -0.247795
41 1.760565 0.000000 0.000000 -0.003707 -0.008347 -0.417902
42 0.946777 -0.000000 0.000000 0.059844 0.161510 -0.356655
43 3.650023 0.193487 0.592403 -0.061796 -0.111438 -0.286498
44 1.940476 0.000000 0.000000 0.063015 0.157361 -0.382781
45 1.194153 0.000000 0.000000 -0.017478 -0.067896 -0.252168
46 3.920897 0.178574 -0.420632 -0.030866 0.002118 -0.237370
47 2.398545 -0.000000 0.000000 0.016327 0.028042 -0.527349
48 1.228913 0.000000 0.000000 -0.006292 -0.038933 -0.160270
49 3.969067 0.115063 -1.534794 -0.024555 0.031327 -0.228202
50 1.959841 0.000000 0.000000 -0.054600 -0.111020 -0.458274
51 1.099742 0.000000 0.000000 -0.010217 -0.062642 -0.161791
52 1.244767 -0.892595 -1.077153 -1.537577 0.432036 -0.185459
53 1.976136 -0.000000 0.000000 -0.000000 0.068928 -0.257871
54 1.377138 0.000000 0.000000 -0.000000 0.022268 0.192117
time 48
0 0.000000 0.000000 0.000000 1.570796 0.000000 0.000000
1 0.370920 1.478810 37.867233 1.472579 -0.257810 0.458177
2 0.000000 0.000000 0.000000 0.000000 0.000000 0.000000
3 3.890447 0.000000 0.000000 -1.678988 -0.323636 -1.600983
4 20.402582 -0.000000 0.000000 -0.000000 -0.000000 0.674151
5 17.754948 -0.000000 0.000000 -0.127569 0.434423 -1.413210
6 5.733515 -0.000000 0.000000 0.009672 -0.019098 -0.371023
7 -3.890447 -0.000000 -0.000000 -1.204675 -0.080050 -2.235960
8 20.402582 -0.000000 0.000000 -0.000000 -0.000000 0.900075
9 17.754948 -0.000000 0.000000 0.422078 -0.003426 -1.609142
10 5.733515 0.000000 0.000000 -0.098042 0.015349 -0.392875
11 0.000000 3.345132 -1.055022 1.561898 -0.033749 1.708718
12 4.232848 0.000000 0.000000 -0.004212 0.141719 0.199681
13 4.327481 0.000000 -0.000000 -0.001267 0.044989 0.222683
14 6.430522 0.000000 0.000000 0.123660 0.272747 0.512330
15 5.754028 0.000000 0.000000 2.846902 -0.090384 0.256894
16 4.208960 0.000000 0.000000 -0.045567 0.151412 0.973874
17 4.203462 1.484258 1.588960 -0.146981 -1.127122 -1.581964
18 5.124548 0.000000 0.000000 -0.979585 -0.300286 -1.507243
19 11.580950 -0.000000 0.000000 -0.000000 -0.000000 -0.921102
20 11.182189 -0.000002 -0.000032 1.410422 -0.102214 -0.376410
21 3.342010 -0.071954 -1.535773 0.070874 0.142154 -0.247798
22 1.760565 0.000000 0.000000 0.003707 0.008347 -0.417902
23 0.946777 -0.000000 -0.000000 -0.059844 -0.161510 -0.356655
24 3.650005 0.195886 -0.591614 0.065848 0.111437 -0.286501
25 1.940476 0.000000 -0.000000 -0.063015 -0.157361 -0.382781
26 1.194153 0.000000 0.000000 0.017478 0.067896 -0.252168
27 3.920878 0.176868 0.421353 0.034918 -0.002119 -0.237374
28 2.398545 0.000000 -0.000000 -0.016327 -0.028042 -0.527349
29 1.228913 0.000000 0.000000 0.006292 0.038933 -0.160270
30 3.969047 0.108842 1.535248 0.028607 -0.031328 -0.228206
31 1.959841 0.000000 0.000000 0.054600 0.111020 -0.458274
32 1.099742 0.000000 0.000000 0.010217 0.062642 -0.161791
33 1.244744 -0.896944 1.073525 1.541960 -0.431286 -0.187296
34 1.976136 0.000000 0.000000 0.000000 -0.068928 -0.257871
35 1.377138 0.000000 0.000000 0.000000 -0.022268 0.192117
36 4.203462 1.484258 -1.588960 -0.223223 1.213411 -1.852114
37 5.124548 0.000000 0.000000 2.426607 0.387129 -0.753440
38 11.580950 0.000000 0.000000 -0.000000 0.000000 -0.293949
39 11.182171 -0.000002 0.000017 -2.019520 0.089623 -0.236394
40 3.342029 -0.078177 1.535469 -0.066822 -0.142155 -0.247795
41 1.760565 0.000000 0.000000 -0.003707 -0.008347 -0.417902
42 0.946777 0.000000 -0.000000 0.059844 0.161510 -0.356655
43 3.650023 0.193487 0.592403 -0.061796 -0.111438 -0.286498
44 1.940476 0.000000 0.000000 0.063015 0.157361 -0.382781
45 1.194153 0.000000 0.000000 -0.017478 -0.067896 -0.252168
46 3.920897 0.178574 -0.420632 -0.030866 0.002118 -0.237370
47 2.398545 0.000000 0.000000 0.016327 0.028042 -0.527349
48 1.228913 0.000000 -0.000000 -0.006292 -0.038933 -0.160270
49 3.969067 0.115063 -1.534794 -0.024555 0.031327 -0.228202
50 1.959841 0.000000 0.000000 -0.054600 -0.111020 -0.458274
51 1.099742 0.000000 0.000000 -0.010217 -0.062642 -0.161791
52 1.244767 -0.892595 -1.077153 -1.537577 0.432036 -0.185459
53 1.976136 0.000000 -0.000000 0.000000 0.068928 -0.257871
54 1.377138 0.000000 0.000000 -0.000000 0.022268 0.192117
time 49
0 0.000000 0.000000 0.000000 1.570796 0.000000 0.000000
1 0.326978 1.189599 37.575623 1.436995 -0.258563 0.503368
2 0.000000 0.000000 0.000000 0.000000 0.000000 0.000000
3 3.890447 0.000000 0.000000 -1.679498 -0.316100 -1.600307
4 20.402582 0.000000 0.000000 0.000000 0.000000 0.717618
5 17.754948 0.000000 -0.000000 -0.118964 0.460206 -1.425315
6 5.733515 0.000000 0.000000 0.009652 -0.019242 -0.379671
7 -3.890447 0.000000 -0.000000 -1.218589 -0.042154 -2.234680
8 20.402582 0.000000 0.000000 -0.000000 -0.000000 0.935400
9 17.754948 -0.000000 -0.000000 0.436690 0.022357 -1.628696
10 5.733515 0.000000 0.000000 -0.098024 0.015496 -0.401695
11 0.000000 3.345132 -1.055022 1.565861 -0.029153 1.707987
12 4.232848 -0.000000 0.000000 -0.001656 0.139778 0.196438
13 4.327481 0.000000 -0.000000 0.000067 0.044667 0.224099
14 6.430522 -0.000000 0.000000 0.129908 0.281120 0.515676
15 5.754028 0.000000 0.000000 2.820485 -0.111842 0.231744
16 4.208960 0.000000 0.000000 -0.032111 0.156826 0.978280
17 4.203462 1.484258 1.588960 -0.114414 -1.131237 -1.624210
18 5.124548 0.000000 -0.000000 -0.970609 -0.295606 -1.500492
19 11.580950 0.000000 0.000000 0.000000 0.000000 -0.947625
20 11.182189 -0.000002 -0.000032 1.417411 -0.069437 -0.386346
21 3.342010 -0.071954 -1.535773 0.070874 0.142154 -0.247798
22 1.760565 0.000000 0.000000 0.003707 0.008347 -0.417902
23 0.946777 0.000000 0.000000 -0.059844 -0.161510 -0.356655
24 3.650005 0.195886 -0.591614 0.065848 0.111437 -0.286501
25 1.940476 0.000000 0.000000 -0.063015 -0.157361 -0.382781
26 1.194153 0.000000 0.000000 0.017478 0.067896 -0.252168
27 3.920878 0.176868 0.421353 0.034918 -0.002119 -0.237374
28 2.398545 0.000000 0.000000 -0.016327 -0.028042 -0.527349
29 1.228913 0.000000 -0.000000 0.006292 0.038933 -0.160270
30 3.969047 0.108842 1.535248 0.028607 -0.031328 -0.228206
31 1.959841 -0.000000 0.000000 0.054600 0.111020 -0.458274
32 1.099742 -0.000000 0.000000 0.010217 0.062642 -0.161791
33 1.244744 -0.896944 1.073525 1.541960 -0.431286 -0.187296
34 1.976136 0.000000 0.000000 -0.000000 -0.068928 -0.257871
35 1.377138 0.000000 0.000000 0.000000 -0.022268 0.192117
36 4.203462 1.484258 -1.588960 -0.192281 1.215151 -1.830362
37 5.124548 0.000000 0.000000 2.472984 0.374047 -0.748483
38 11.580950 0.000000 0.000000 -0.000000 -0.000000 -0.265596
39 11.182171 -0.000002 0.000017 -2.094827 0.104031 -0.216155
40 3.342029 -0.078177 1.535469 -0.066822 -0.142155 -0.247795
41 1.760565 -0.000000 0.000000 -0.003707 -0.008347 -0.417902
42 0.946777 0.000000 0.000000 0.059844 0.161510 -0.356655
43 3.650023 0.193487 0.592403 -0.061796 -0.111438 -0.286498
44 1.940476 0.000000 0.000000 0.063015 0.157361 -0.382781
45 1.194153 -0.000000 -0.000000 -0.017478 -0.067896 -0.252168
46 3.920897 0.178574 -0.420632 -0.030866 0.002118 -0.237370
47 2.398545 0.000000 0.000000 0.016327 0.028042 -0.527349
48 1.228913 -0.000000 0.000000 -0.006292 -0.038933 -0.160270
49 3.969067 0.115063 -1.534794 -0.024555 0.031327 -0.228202
50 1.959841 0.000000 0.000000 -0.054600 -0.111020 -0.458274
51 1.099742 -0.000000 0.000000 -0.010217 -0.062642 -0.161791
52 1.244767 -0.892595 -1.077153 -1.537577 0.432036 -0.185459
53 1.976136 0.000000 0.000000 -0.000000 0.068928 -0.257871
54 1.377138 0.000000 -0.000000 -0.000000 0.022268 0.192117
time 50
0 0.000000 0.000000 0.000000 1.570796 0.000000 0.000000
1 0.271119 0.878388 37.345844 1.409142 -0.258093 0.541759
2 0.000000 0.000000 0.000000 0.000000 0.000000 0.000000
3 3.890447 0.000000 0.000000 -1.684884 -0.310101 -1.595807
4 20.402582 -0.000000 0.000000 -0.000000 0.000000 0.752290
5 17.754948 0.000000 -0.000000 -0.108588 0.486495 -1.430843
6 5.733515 0.000000 -0.000000 0.009635 -0.019363 -0.387008
7 -3.890447 0.000000 -0.000000 -1.229942 -0.005723 -2.228017
8 20.402582 0.000000 0.000000 0.000000 0.000000 0.955815
9 17.754948 0.000000 0.000000 0.448005 0.049490 -1.649900
10 5.733515 0.000000 0.000000 -0.098021 0.015526 -0.403503
11 0.000000 3.345132 -1.055022 1.569113 -0.022204 1.707639
12 4.232848 0.000000 0.000000 0.000564 0.137357 0.190919
13 4.327481 0.000000 0.000000 0.001326 0.043728 0.222314
14 6.430522 -0.000000 0.000000 0.131754 0.281667 0.514728
15 5.754028 -0.000000 0.000000 2.799379 -0.126957 0.210357
16 4.208960 0.000000 -0.000000 -0.021266 0.160030 0.984909
17 4.203462 1.484258 1.588960 -0.083776 -1.128777 -1.654994
18 5.124548 -0.000000 0.000000 -0.949681 -0.297726 -1.494878
19 11.580950 -0.000000 0.000000 -0.000000 -0.000000 -0.950734
20 11.182189 -0.000002 -0.000032 1.426083 -0.052188 -0.398150
21 3.342010 -0.071954 -1.535773 0.070874 0.142154 -0.247798
22 1.760565 0.000000 -0.000000 0.003707 0.008347 -0.417902
23 0.946777 0.000000 -0.000000 -0.059844 -0.161510 -0.356655
24 3.650005 0.195886 -0.591614 0.065848 0.111437 -0.286501
25 1.940476 0.000000 -0.000000 -0.063015 -0.157361 -0.382781
26 1.194153 -0.000000 0.000000 0.017478 0.067896 -0.252168
27 3.920878 0.176868 0.421353 0.034918 -0.002119 -0.237374
28 2.398545 0.000000 -0.000000 -0.016327 -0.028042 -0.527349
29 1.228913 0.000000 0.000000 0.006292 0.038933 -0.160270
30 3.969047 0.108842 1.535248 0.028607 -0.031328 -0.228206
31 1.959841 0.000000 0.000000 0.054600 0.111020 -0.458274
32 1.099742 -0.000000 0.000000 0.010217 0.062642 -0.161791
33 1.244744 -0.896944 1.073525 1.541960 -0.431286 -0.187296
34 1.976136 -0.000000 0.000000 -0.000000 -0.068928 -0.257871
35 1.377138 0.000000 0.000000 0.000000 -0.022268 0.192117
36 4.203462 1.484258 -1.588960 -0.188865 1.209323 -1.834162
37 5.124548 0.000000 -0.000000 2.505997 0.375538 -0.746080
38 11.580950 0.000000 0.000000 -0.000000 0.000000 -0.262678
39 11.182171 -0.000002 0.000017 -2.163536 0.122732 -0.212481
40 3.342029 -0.078177 1.535469 -0.066822 -0.142155 -0.247795
41 1.760565 0.000000 -0.000000 -0.003707 -0.008347 -0.417902
42 0.946777 0.000000 0.000000 0.059844 0.161510 -0.356655
43 3.650023 0.193487 0.592403 -0.061796 -0.111438 -0.286498
44 1.940476 0.000000 0.000000 0.063015 0.157361 -0.382781
45 1.194153 0.000000 0.000000 -0.017478 -0.067896 -0.252168
46 3.920897 0.178574 -0.420632 -0.030866 0.002118 -0.237370
47 2.398545 -0.000000 -0.000000 0.016327 0.028042 -0.527349
48 1.228913 0.000000 0.000000 -0.006292 -0.038933 -0.160270
49 3.969067 0.115063 -1.534794 -0.024555 0.031327 -0.228202
50 1.959841 0.000000 0.000000 -0.054600 -0.111020 -0.458274
51 1.099742 0.000000 -0.000000 -0.010217 -0.062642 -0.161791
52 1.244767 -0.892595 -1.077153 -1.537577 0.432036 -0.185459
53 1.976136 -0.000000 0.000000 0.000000 0.068928 -0.257871
54 1.377138 -0.000000 0.000000 -0.000000 0.022268 0.192117
time 51
0 0.000000 0.000000 0.000000 1.570796 0.000000 0.000000
1 0.239619 0.564249 37.181595 1.388334 -0.258098 0.566932
2 0.000000 0.000000 0.000000 0.000000 0.000000 0.000000
3 3.890447 0.000000 0.000000 -1.682019 -0.302618 -1.593722
4 20.402582 0.000000 0.000000 -0.000000 0.000000 0.777210
5 17.754948 -0.000000 0.000000 -0.104465 0.499275 -1.438000
6 5.733515 0.000000 0.000000 0.009624 -0.019454 -0.392472
7 -3.890447 0.000000 -0.000000 -1.246387 0.024549 -2.217494
8 20.402582 0.000000 0.000000 0.000000 -0.000000 0.964559
9 17.754948 -0.000000 0.000000 0.456942 0.078322 -1.671161
10 5.733515 0.000000 0.000000 -0.098032 0.015431 -0.397801
11 0.000000 3.345132 -1.055022 1.570904 -0.016029 1.709091
12 4.232848 0.000000 0.000000 0.003107 0.135324 0.183031
13 4.327481 0.000000 0.000000 0.002547 0.042984 0.215189
14 6.430522 -0.000000 0.000000 0.125284 0.267623 0.508355
15 5.754028 0.000000 0.000000 2.785865 -0.135902 0.197681
16 4.208960 0.000000 0.000000 -0.013715 0.155637 0.984954
17 4.203462 1.484258 1.588960 -0.094691 -1.126575 -1.644324
18 5.124548 0.000000 -0.000000 -0.939703 -0.284835 -1.498197
19 11.580950 0.000000 -0.000000 0.000000 -0.000000 -0.931634
20 11.182189 -0.000002 -0.000032 1.443820 -0.036916 -0.398113
21 3.342010 -0.071954 -1.535773 0.070874 0.142154 -0.247798
22 1.760565 0.000000 0.000000 0.003707 0.008347 -0.417902
23 0.946777 0.000000 -0.000000 -0.059844 -0.161510 -0.356655
24 3.650005 0.195886 -0.591614 0.065848 0.111437 -0.286501
25 1.940476 0.000000 0.000000 -0.063015 -0.157361 -0.382781
26 1.194153 0.000000 0.000000 0.017478 0.067896 -0.252168
27 3.920878 0.176868 0.421353 0.034918 -0.002119 -0.237374
28 2.398545 0.000000 -0.000000 -0.016327 -0.028042 -0.527349
29 1.228913 0.000000 0.000000 0.006292 0.038933 -0.160270
30 3.969047 0.108842 1.535248 0.028607 -0.031328 -0.228206
31 1.959841 -0.000000 0.000000 0.054600 0.111020 -0.458274
32 1.099742 -0.000000 0.000000 0.010217 0.062642 -0.161791
33 1.244744 -0.896944 1.073525 1.541960 -0.431286 -0.187296
34 1.976136 0.000000 0.000000 -0.000000 -0.068928 -0.257871
35 1.377138 0.000000 0.000000 -0.000000 -0.022268 0.192117
36 4.203462 1.484258 -1.588960 -0.233699 1.203055 -1.879022
37 5.124548 -0.000000 0.000000 2.513494 0.386573 -0.736793
38 11.580950 -0.000000 0.000000 -0.000000 0.000000 -0.273146
39 11.182171 -0.000002 0.000017 -2.185176 0.131017 -0.238139
40 3.342029 -0.078177 1.535469 -0.066822 -0.142155 -0.247795
41 1.760565 -0.000000 0.000000 -0.003707 -0.008347 -0.417902
42 0.946777 -0.000000 -0.000000 0.059844 0.161510 -0.356655
43 3.650023 0.193487 0.592403 -0.061796 -0.111438 -0.286498
44 1.940476 0.000000 0.000000 0.063015 0.157361 -0.382781
45 1.194153 0.000000 0.000000 -0.017478 -0.067896 -0.252168
46 3.920897 0.178574 -0.420632 -0.030866 0.002118 -0.237370
47 2.398545 0.000000 -0.000000 0.016327 0.028042 -0.527349
48 1.228913 0.000000 0.000000 -0.006292 -0.038933 -0.160270
49 3.969067 0.115063 -1.534794 -0.024555 0.031327 -0.228202
50 1.959841 0.000000 0.000000 -0.054600 -0.111020 -0.458274
51 1.099742 0.000000 -0.000000 -0.010217 -0.062642 -0.161791
52 1.244767 -0.892595 -1.077153 -1.537577 0.432036 -0.185459
53 1.976136 0.000000 0.000000 -0.000000 0.068928 -0.257871
54 1.377138 -0.000000 -0.000000 -0.000000 0.022268 0.192117
time 52
0 0.000000 0.000000 0.000000 1.570796 0.000000 0.000000
1 0.245679 0.274073 37.096844 1.373256 -0.261164 0.576397
2 0.000000 0.000000 0.000000 0.000000 0.000000 0.000000
3 3.890447 0.000000 0.000000 -1.676799 -0.290560 -1.595109
4 20.402582 0.000000 0.000000 -0.000000 0.000000 0.790180
5 17.754948 0.000000 0.000000 -0.108867 0.500582 -1.446161
6 5.733515 0.000000 0.000000 0.009618 -0.019501 -0.395290
7 -3.890447 0.000000 -0.000000 -1.268309 0.046753 -2.208590
8 20.402582 0.000000 0.000000 0.000000 -0.000000 0.963818
9 17.754948 -0.000000 0.000000 0.463346 0.104523 -1.688156
10 5.733515 -0.000000 0.000000 -0.098047 0.015306 -0.390256
11 -0.000000 3.345132 -1.055022 1.573289 -0.008813 1.709156
12 4.232848 -0.000000 0.000000 0.006013 0.133631 0.176132
13 4.327481 -0.000000 0.000000 0.004040 0.042230 0.210785
14 6.430522 0.000000 0.000000 0.117685 0.251121 0.503807
15 5.754028 0.000000 0.000000 2.781726 -0.144222 0.182963
16 4.208960 0.000000 0.000000 -0.005247 0.149216 0.990761
17 4.203462 1.484258 1.588960 -0.128378 -1.118467 -1.616451
18 5.124548 0.000000 -0.000000 -0.924145 -0.259308 -1.511049
19 11.580950 0.000000 0.000000 0.000000 -0.000000 -0.898485
20 11.182189 -0.000002 -0.000032 1.466746 -0.049091 -0.387470
21 3.342010 -0.071954 -1.535773 0.070874 0.142154 -0.247798
22 1.760565 0.000000 0.000000 0.003707 0.008347 -0.417902
23 0.946777 0.000000 0.000000 -0.059844 -0.161510 -0.356655
24 3.650005 0.195886 -0.591614 0.065848 0.111437 -0.286501
25 1.940476 0.000000 0.000000 -0.063015 -0.157361 -0.382781
26 1.194153 0.000000 0.000000 0.017478 0.067896 -0.252168
27 3.920878 0.176868 0.421353 0.034918 -0.002119 -0.237374
28 2.398545 0.000000 -0.000000 -0.016327 -0.028042 -0.527349
29 1.228913 -0.000000 0.000000 0.006292 0.038933 -0.160270
30 3.969047 0.108842 1.535248 0.028607 -0.031328 -0.228206
31 1.959841 0.000000 0.000000 0.054600 0.111020 -0.458274
32 1.099742 0.000000 0.000000 0.010217 0.062642 -0.161791
33 1.244744 -0.896944 1.073525 1.541960 -0.431286 -0.187296
34 1.976136 -0.000000 0.000000 0.000000 -0.068928 -0.257871
35 1.377138 0.000000 0.000000 -0.000000 -0.022268 0.192117
36 4.203462 1.484258 -1.588960 -0.262366 1.198263 -1.917215
37 5.124548 0.000000 0.000000 2.493893 0.404062 -0.730933
38 11.580950 0.000000 0.000000 0.000000 -0.000000 -0.294972
39 11.182171 -0.000002 0.000017 -2.150271 0.120111 -0.268871
40 3.342029 -0.078177 1.535469 -0.066822 -0.142155 -0.247795
41 1.760565 -0.000000 0.000000 -0.003707 -0.008347 -0.417902
42 0.946777 0.000000 0.000000 0.059844 0.161510 -0.356655
43 3.650023 0.193487 0.592403 -0.061796 -0.111438 -0.286498
44 1.940476 0.000000 0.000000 0.063015 0.157361 -0.382781
45 1.194153 0.000000 -0.000000 -0.017478 -0.067896 -0.252168
46 3.920897 0.178574 -0.420632 -0.030866 0.002118 -0.237370
47 2.398545 -0.000000 0.000000 0.016327 0.028042 -0.527349
48 1.228913 0.000000 -0.000000 -0.006292 -0.038933 -0.160270
49 3.969067 0.115063 -1.534794 -0.024555 0.031327 -0.228202
50 1.959841 0.000000 0.000000 -0.054600 -0.111020 -0.458274
51 1.099742 -0.000000 -0.000000 -0.010217 -0.062642 -0.161791
52 1.244767 -0.892595 -1.077153 -1.537577 0.432036 -0.185459
53 1.976136 -0.000000 -0.000000 -0.000000 0.068928 -0.257871
54 1.377138 0.000000 0.000000 -0.000000 0.022268 0.192117
time 53
0 0.000000 0.000000 0.000000 1.570796 0.000000 0.000000
1 0.274215 0.026874 37.138107 1.363636 -0.266521 0.569690
2 0.000000 0.000000 0.000000 0.000000 0.000000 0.000000
3 3.890447 0.000000 0.000000 -1.676498 -0.272285 -1.596978
4 20.402582 0.000000 0.000000 0.000000 0.000000 0.787408
5 17.754948 0.000000 -0.000000 -0.116219 0.496251 -1.447729
6 5.733515 0.000000 0.000000 0.009611 -0.019557 -0.398676
7 -3.890447 0.000000 -0.000000 -1.293409 0.061163 -2.201456
8 20.402582 0.000000 0.000000 0.000000 0.000000 0.950952
9 17.754948 -0.000000 0.000000 0.465555 0.125353 -1.695247
10 5.733515 0.000000 0.000000 -0.098060 0.015206 -0.384231
11 0.000000 3.345132 -1.055022 1.576742 -0.005008 1.709013
12 4.232848 -0.000000 -0.000000 0.009998 0.132964 0.170115
13 4.327481 0.000000 0.000000 0.005872 0.041936 0.204238
14 6.430522 -0.000000 0.000000 0.111870 0.236727 0.498059
15 5.754028 -0.000000 -0.000000 2.785684 -0.147290 0.171796
16 4.208960 0.000000 0.000000 0.003653 0.145737 1.001213
17 4.203462 1.484258 1.588960 -0.148914 -1.111117 -1.596774
18 5.124548 0.000000 0.000000 -0.909551 -0.227336 -1.522183
19 11.580950 0.000000 0.000000 0.000000 -0.000000 -0.853484
20 11.182189 -0.000002 -0.000032 1.487746 -0.052675 -0.376374
21 3.342010 -0.071954 -1.535773 0.070874 0.142154 -0.247798
22 1.760565 0.000000 -0.000000 0.003707 0.008347 -0.417902
23 0.946777 -0.000000 -0.000000 -0.059844 -0.161510 -0.356655
24 3.650005 0.195886 -0.591614 0.065848 0.111437 -0.286501
25 1.940476 0.000000 0.000000 -0.063015 -0.157361 -0.382781
26 1.194153 0.000000 0.000000 0.017478 0.067896 -0.252168
27 3.920878 0.176868 0.421353 0.034918 -0.002119 -0.237374
28 2.398545 0.000000 0.000000 -0.016327 -0.028042 -0.527349
29 1.228913 -0.000000 0.000000 0.006292 0.038933 -0.160270
30 3.969047 0.108842 1.535248 0.028607 -0.031328 -0.228206
31 1.959841 0.000000 0.000000 0.054600 0.111020 -0.458274
32 1.099742 0.000000 -0.000000 0.010217 0.062642 -0.161791
33 1.244744 -0.896944 1.073525 1.541960 -0.431286 -0.187296
34 1.976136 0.000000 0.000000 -0.000000 -0.068928 -0.257871
35 1.377138 0.000000 0.000000 -0.000000 -0.022268 0.192117
36 4.203462 1.484258 -1.588960 -0.281876 1.195748 -1.939816
37 5.124548 0.000000 0.000000 2.451927 0.430566 -0.719822
38 11.580950 0.000000 -0.000000 0.000000 -0.000000 -0.322709
39 11.182171 -0.000002 0.000017 -2.071630 0.115785 -0.296931
40 3.342029 -0.078177 1.535469 -0.066822 -0.142155 -0.247795
41 1.760565 0.000000 -0.000000 -0.003707 -0.008347 -0.417902
42 0.946777 0.000000 0.000000 0.059844 0.161510 -0.356655
43 3.650023 0.193487 0.592403 -0.061796 -0.111438 -0.286498
44 1.940476 0.000000 0.000000 0.063015 0.157361 -0.382781
45 1.194153 0.000000 0.000000 -0.017478 -0.067896 -0.252168
46 3.920897 0.178574 -0.420632 -0.030866 0.002118 -0.237370
47 2.398545 0.000000 0.000000 0.016327 0.028042 -0.527349
48 1.228913 0.000000 -0.000000 -0.006292 -0.038933 -0.160270
49 3.969067 0.115063 -1.534794 -0.024555 0.031327 -0.228202
50 1.959841 0.000000 0.000000 -0.054600 -0.111020 -0.458274
51 1.099742 0.000000 0.000000 -0.010217 -0.062642 -0.161791
52 1.244767 -0.892595 -1.077153 -1.537577 0.432036 -0.185459
53 1.976136 0.000000 0.000000 -0.000000 0.068928 -0.257871
54 1.377138 0.000000 0.000000 -0.000000 0.022268 0.192117
time 54
0 0.000000 0.000000 0.000000 1.570796 0.000000 0.000000
1 0.299088 -0.124297 37.206882 1.360735 -0.274514 0.551275
2 0.000000 0.000000 0.000000 0.000000 0.000000 0.000000
3 3.890447 0.000000 0.000000 -1.679381 -0.257643 -1.600005
4 20.402582 0.000000 0.000000 -0.000000 0.000000 0.780423
5 17.754948 0.000000 -0.000000 -0.126019 0.488472 -1.446140
6 5.733515 0.000000 -0.000000 0.009604 -0.019621 -0.402500
7 -3.890447 0.000000 0.000000 -1.309355 0.065127 -2.204206
8 20.402582 0.000000 -0.000000 -0.000000 0.000000 0.937730
9 17.754948 0.000000 -0.000000 0.462180 0.127913 -1.701930
10 5.733515 0.000000 -0.000000 -0.098076 0.015087 -0.377065
11 0.000000 3.345132 -1.055022 1.578913 -0.004718 1.708864
12 4.232848 0.000000 0.000000 0.013538 0.129356 0.164765
13 4.327481 -0.000000 0.000000 0.007192 0.041019 0.196908
14 6.430522 0.000000 0.000000 0.111259 0.232635 0.494485
15 5.754028 0.000000 0.000000 2.792513 -0.155294 0.145145
16 4.208960 0.000000 0.000000 0.009464 0.144282 1.013819
17 4.203462 1.484258 1.588960 -0.156890 -1.113527 -1.583859
18 5.124548 -0.000000 -0.000000 -0.900016 -0.193067 -1.527096
19 11.580950 0.000000 0.000000 -0.000000 -0.000000 -0.808770
20 11.182189 -0.000002 -0.000032 1.497019 -0.030163 -0.359671
21 3.342010 -0.071954 -1.535773 0.070874 0.142154 -0.247798
22 1.760565 -0.000000 0.000000 0.003707 0.008347 -0.417902
23 0.946777 0.000000 0.000000 -0.059844 -0.161510 -0.356655
24 3.650005 0.195886 -0.591614 0.065848 0.111437 -0.286501
25 1.940476 0.000000 0.000000 -0.063015 -0.157361 -0.382781
26 1.194153 0.000000 -0.000000 0.017478 0.067896 -0.252168
27 3.920878 0.176868 0.421353 0.034918 -0.002119 -0.237374
28 2.398545 0.000000 0.000000 -0.016327 -0.028042 -0.527349
29 1.228913 0.000000 0.000000 0.006292 0.038933 -0.160270
30 3.969047 0.108842 1.535248 0.028607 -0.031328 -0.228206
31 1.959841 0.000000 -0.000000 0.054600 0.111020 -0.458274
32 1.099742 0.000000 0.000000 0.010217 0.062642 -0.161791
33 1.244744 -0.896944 1.073525 1.541960 -0.431286 -0.187296
34 1.976136 -0.000000 0.000000 -0.000000 -0.068928 -0.257871
35 1.377138 0.000000 0.000000 0.000000 -0.022268 0.192117
36 4.203462 1.484258 -1.588960 -0.274673 1.200690 -1.934649
37 5.124548 -0.000000 0.000000 2.376206 0.458008 -0.710129
38 11.580950 0.000000 0.000000 -0.000000 -0.000000 -0.372929
39 11.182171 -0.000002 0.000017 -1.934989 0.112735 -0.315706
40 3.342029 -0.078177 1.535469 -0.066822 -0.142155 -0.247795
41 1.760565 0.000000 0.000000 -0.003707 -0.008347 -0.417902
42 0.946777 -0.000000 0.000000 0.059844 0.161510 -0.356655
43 3.650023 0.193487 0.592403 -0.061796 -0.111438 -0.286498
44 1.940476 0.000000 0.000000 0.063015 0.157361 -0.382781
45 1.194153 -0.000000 0.000000 -0.017478 -0.067896 -0.252168
46 3.920897 0.178574 -0.420632 -0.030866 0.002118 -0.237370
47 2.398545 0.000000 -0.000000 0.016327 0.028042 -0.527349
48 1.228913 0.000000 0.000000 -0.006292 -0.038933 -0.160270
49 3.969067 0.115063 -1.534794 -0.024555 0.031327 -0.228202
50 1.959841 0.000000 0.000000 -0.054600 -0.111020 -0.458274
51 1.099742 0.000000 -0.000000 -0.010217 -0.062642 -0.161791
52 1.244767 -0.892595 -1.077153 -1.537577 0.432036 -0.185459
53 1.976136 0.000000 0.000000 -0.000000 0.068928 -0.257871
54 1.377138 0.000000 0.000000 -0.000000 0.022268 0.192117
time 55
0 0.000000 0.000000 0.000000 1.570796 0.000000 0.000000
1 0.308703 -0.165661 37.310871 1.366969 -0.284004 0.523665
2 0.000000 0.000000 0.000000 0.000000 0.000000 0.000000
3 3.890447 -0.000000 0.000000 -1.689929 -0.250128 -1.602284
4 20.402582 0.000000 0.000000 -0.000000 0.000000 0.769514
5 17.754948 0.000000 -0.000000 -0.134364 0.481364 -1.437631
6 5.733515 -0.000000 -0.000000 0.009596 -0.019692 -0.406791
7 -3.890447 0.000000 0.000000 -1.316097 0.056240 -2.213192
8 20.402582 0.000000 0.000000 0.000000 -0.000000 0.923483
9 17.754948 0.000000 -0.000000 0.455244 0.115614 -1.703048
10 5.733515 -0.000000 0.000000 -0.098088 0.015003 -0.372013
11 -0.000000 3.345132 -1.055022 1.582433 -0.007783 1.710612
12 4.232848 0.000000 -0.000000 0.017997 0.127648 0.163118
13 4.327481 -0.000000 0.000000 0.008976 0.040957 0.193220
14 6.430522 0.000000 0.000000 0.110407 0.227648 0.493729
15 5.754028 0.000000 0.000000 2.801892 -0.166280 0.088325
16 4.208960 0.000000 -0.000000 0.007818 0.140893 1.033212
17 4.203462 1.484258 1.588960 -0.163387 -1.118096 -1.576224
18 5.124548 -0.000000 -0.000000 -0.876266 -0.160711 -1.521638
19 11.580950 -0.000000 -0.000000 0.000000 -0.000000 -0.774627
20 11.182189 -0.000002 -0.000032 1.495392 0.000137 -0.349252
21 3.342010 -0.071954 -1.535773 0.070874 0.142154 -0.247798
22 1.760565 0.000000 -0.000000 0.003707 0.008347 -0.417902
23 0.946777 0.000000 0.000000 -0.059844 -0.161510 -0.356655
24 3.650005 0.195886 -0.591614 0.065848 0.111437 -0.286501
25 1.940476 -0.000000 -0.000000 -0.063015 -0.157361 -0.382781
26 1.194153 0.000000 0.000000 0.017478 0.067896 -0.252168
27 3.920878 0.176868 0.421353 0.034918 -0.002119 -0.237374
28 2.398545 0.000000 0.000000 -0.016327 -0.028042 -0.527349
29 1.228913 0.000000 -0.000000 0.006292 0.038933 -0.160270
30 3.969047 0.108842 1.535248 0.028607 -0.031328 -0.228206
31 1.959841 0.000000 -0.000000 0.054600 0.111020 -0.458274
32 1.099742 0.000000 0.000000 0.010217 0.062642 -0.161791
33 1.244744 -0.896944 1.073525 1.541960 -0.431286 -0.187296
34 1.976136 0.000000 -0.000000 0.000000 -0.068928 -0.257871
35 1.377138 0.000000 0.000000 0.000000 -0.022268 0.192117
36 4.203462 1.484258 -1.588960 -0.284183 1.197730 -1.952847
37 5.124548 0.000000 0.000000 2.289231 0.493534 -0.694405
38 11.580950 0.000000 0.000000 -0.000000 -0.000000 -0.447190
39 11.182171 -0.000002 0.000017 -1.794454 0.091409 -0.333661
40 3.342029 -0.078177 1.535469 -0.066822 -0.142155 -0.247795
41 1.760565 0.000000 -0.000000 -0.003707 -0.008347 -0.417902
42 0.946777 -0.000000 0.000000 0.059844 0.161510 -0.356655
43 3.650023 0.193487 0.592403 -0.061796 -0.111438 -0.286498
44 1.940476 0.000000 0.000000 0.063015 0.157361 -0.382781
45 1.194153 -0.000000 0.000000 -0.017478 -0.067896 -0.252168
46 3.920897 0.178574 -0.420632 -0.030866 0.002118 -0.237370
47 2.398545 0.000000 0.000000 0.016327 0.028042 -0.527349
48 1.228913 0.000000 0.000000 -0.006292 -0.038933 -0.160270
49 3.969067 0.115063 -1.534794 -0.024555 0.031327 -0.228202
50 1.959841 0.000000 0.000000 -0.054600 -0.111020 -0.458274
51 1.099742 0.000000 0.000000 -0.010217 -0.062642 -0.161791
52 1.244767 -0.892595 -1.077153 -1.537577 0.432036 -0.185459
53 1.976136 0.000000 0.000000 -0.000000 0.068928 -0.257871
54 1.377138 0.000000 0.000000 -0.000000 0.022268 0.192117
time 56
0 0.000000 0.000000 0.000000 1.570796 0.000000 0.000000
1 0.283578 -0.090329 37.465992 1.387460 -0.293261 0.488988
2 0.000000 0.000000 0.000000 0.000000 0.000000 0.000000
3 3.890447 0.000000 0.000000 -1.705872 -0.254870 -1.603541
4 20.402582 0.000000 0.000000 0.000000 0.000000 0.752997
5 17.754948 0.000000 0.000000 -0.142200 0.472256 -1.421152
6 5.733515 0.000000 0.000000 0.009589 -0.019760 -0.410836
7 -3.890447 0.000000 -0.000000 -1.307013 0.030314 -2.226926
8 20.402582 0.000000 0.000000 0.000000 -0.000000 0.909856
9 17.754948 -0.000000 0.000000 0.443794 0.088344 -1.698114
10 5.733515 0.000000 0.000000 -0.098099 0.014930 -0.367607
11 0.000000 3.345132 -1.055022 1.588852 -0.008231 1.710718
12 4.232848 -0.000000 0.000000 0.023744 0.128438 0.163105
13 4.327481 0.000000 0.000000 0.011606 0.041443 0.193811
14 6.430522 0.000000 0.000000 0.113366 0.227932 0.495336
15 5.754028 0.000000 0.000000 2.814840 -0.171626 0.022539
16 4.208960 0.000000 0.000000 0.000286 0.138104 1.060875
17 4.203462 1.484258 1.588960 -0.185332 -1.125866 -1.556701
18 5.124548 0.000000 0.000000 -0.843298 -0.129989 -1.524146
19 11.580950 0.000000 -0.000000 -0.000000 -0.000000 -0.754153
20 11.182189 -0.000002 -0.000032 1.502693 0.041913 -0.328671
21 3.342010 -0.071954 -1.535773 0.070874 0.142154 -0.247798
22 1.760565 0.000000 0.000000 0.003707 0.008347 -0.417902
23 0.946777 0.000000 0.000000 -0.059844 -0.161510 -0.356655
24 3.650005 0.195886 -0.591614 0.065848 0.111437 -0.286501
25 1.940476 0.000000 -0.000000 -0.063015 -0.157361 -0.382781
26 1.194153 0.000000 -0.000000 0.017478 0.067896 -0.252168
27 3.920878 0.176868 0.421353 0.034918 -0.002119 -0.237374
28 2.398545 0.000000 0.000000 -0.016327 -0.028042 -0.527349
29 1.228913 0.000000 0.000000 0.006292 0.038933 -0.160270
30 3.969047 0.108842 1.535248 0.028607 -0.031328 -0.228206
31 1.959841 0.000000 -0.000000 0.054600 0.111020 -0.458274
32 1.099742 0.000000 -0.000000 0.010217 0.062642 -0.161791
33 1.244744 -0.896944 1.073525 1.541960 -0.431286 -0.187296
34 1.976136 -0.000000 0.000000 0.000000 -0.068928 -0.257871
35 1.377138 0.000000 -0.000000 0.000000 -0.022268 0.192117
36 4.203462 1.484258 -1.588960 -0.253359 1.189713 -1.940637
37 5.124548 -0.000000 0.000000 2.202519 0.531052 -0.699084
38 11.580950 -0.000000 0.000000 0.000000 0.000000 -0.549013
39 11.182171 -0.000002 0.000017 -1.697100 0.082724 -0.358071
40 3.342029 -0.078177 1.535469 -0.066822 -0.142155 -0.247795
41 1.760565 0.000000 0.000000 -0.003707 -0.008347 -0.417902
42 0.946777 0.000000 0.000000 0.059844 0.161510 -0.356655
43 3.650023 0.193487 0.592403 -0.061796 -0.111438 -0.286498
44 1.940476 -0.000000 0.000000 0.063015 0.157361 -0.382781
45 1.194153 0.000000 -0.000000 -0.017478 -0.067896 -0.252168
46 3.920897 0.178574 -0.420632 -0.030866 0.002118 -0.237370
47 2.398545 -0.000000 0.000000 0.016327 0.028042 -0.527349
48 1.228913 0.000000 0.000000 -0.006292 -0.038933 -0.160270
49 3.969067 0.115063 -1.534794 -0.024555 0.031327 -0.228202
50 1.959841 0.000000 0.000000 -0.054600 -0.111020 -0.458274
51 1.099742 0.000000 0.000000 -0.010217 -0.062642 -0.161791
52 1.244767 -0.892595 -1.077153 -1.537577 0.432036 -0.185459
53 1.976136 0.000000 0.000000 -0.000000 0.068928 -0.257871
54 1.377138 -0.000000 0.000000 -0.000000 0.022268 0.192117
time 57
0 0.000000 0.000000 0.000000 1.570796 0.000000 0.000000
1 0.212711 0.104356 37.659779 1.421183 -0.301536 0.450353
2 0.000000 0.000000 0.000000 0.000000 0.000000 0.000000
3 3.890447 0.000000 0.000000 -1.717967 -0.272661 -1.605967
4 20.402582 0.000000 0.000000 -0.000000 -0.000000 0.731121
5 17.754948 -0.000000 -0.000000 -0.152222 0.456866 -1.399172
6 5.733515 0.000000 0.000000 0.009580 -0.019847 -0.416056
7 -3.890447 0.000000 -0.000000 -1.287919 -0.011805 -2.240844
8 20.402582 0.000000 0.000000 -0.000000 0.000000 0.897752
9 17.754948 0.000000 -0.000000 0.429952 0.056426 -1.686401
10 5.733515 0.000000 0.000000 -0.098104 0.014895 -0.365525
11 0.000000 3.345132 -1.055022 1.592919 -0.007417 1.710386
12 4.232848 0.000000 -0.000000 0.026752 0.132173 0.164564
13 4.327481 0.000000 0.000000 0.013212 0.042709 0.196188
14 6.430522 0.000000 0.000000 0.114460 0.226928 0.496229
15 5.754028 0.000000 0.000000 2.832647 -0.166664 -0.029847
16 4.208960 0.000000 0.000000 -0.009819 0.139110 1.083244
17 4.203462 1.484258 1.588960 -0.204245 -1.129534 -1.535730
18 5.124548 0.000000 -0.000000 -0.798695 -0.107041 -1.524419
19 11.580950 0.000000 0.000000 -0.000000 0.000000 -0.745644
20 11.182189 -0.000002 -0.000032 1.506716 0.083244 -0.313751
21 3.342010 -0.071954 -1.535773 0.070874 0.142154 -0.247798
22 1.760565 0.000000 0.000000 0.003707 0.008347 -0.417902
23 0.946777 0.000000 0.000000 -0.059844 -0.161510 -0.356655
24 3.650005 0.195886 -0.591614 0.065848 0.111437 -0.286501
25 1.940476 0.000000 0.000000 -0.063015 -0.157361 -0.382781
26 1.194153 0.000000 -0.000000 0.017478 0.067896 -0.252168
27 3.920878 0.176868 0.421353 0.034918 -0.002119 -0.237374
28 2.398545 0.000000 -0.000000 -0.016327 -0.028042 -0.527349
29 1.228913 -0.000000 0.000000 0.006292 0.038933 -0.160270
30 3.969047 0.108842 1.535248 0.028607 -0.031328 -0.228206
31 1.959841 0.000000 0.000000 0.054600 0.111020 -0.458274
32 1.099742 0.000000 -0.000000 0.010217 0.062642 -0.161791
33 1.244744 -0.896944 1.073525 1.541960 -0.431286 -0.187296
34 1.976136 -0.000000 0.000000 0.000000 -0.068928 -0.257871
35 1.377138 -0.000000 0.000000 0.000000 -0.022268 0.192117
36 4.203462 1.484258 -1.588960 -0.217558 1.190245 -1.923419
37 5.124548 0.000000 0.000000 2.124522 0.562096 -0.712279
38 11.580950 -0.000000 0.000000 0.000000 -0.000000 -0.675403
39 11.182171 -0.000002 0.000017 -1.639912 0.081307 -0.390712
40 3.342029 -0.078177 1.535469 -0.066822 -0.142155 -0.247795
41 1.760565 0.000000 0.000000 -0.003707 -0.008347 -0.417902
42 0.946777 0.000000 0.000000 0.059844 0.161510 -0.356655
43 3.650023 0.193487 0.592403 -0.061796 -0.111438 -0.286498
44 1.940476 0.000000 0.000000 0.063015 0.157361 -0.382781
45 1.194153 -0.000000 -0.000000 -0.017478 -0.067896 -0.252168
46 3.920897 0.178574 -0.420632 -0.030866 0.002118 -0.237370
47 2.398545 -0.000000 -0.000000 0.016327 0.028042 -0.527349
48 1.228913 0.000000 -0.000000 -0.006292 -0.038933 -0.160270
49 3.969067 0.115063 -1.534794 -0.024555 0.031327 -0.228202
50 1.959841 0.000000 -0.000000 -0.054600 -0.111020 -0.458274
51 1.099742 0.000000 0.000000 -0.010217 -0.062642 -0.161791
52 1.244767 -0.892595 -1.077153 -1.537577 0.432036 -0.185459
53 1.976136 0.000000 0.000000 -0.000000 0.068928 -0.257871
54 1.377138 -0.000000 0.000000 -0.000000 0.022268 0.192117
time 58
0 0.000000 0.000000 0.000000 1.570796 0.000000 0.000000
1 0.078733 0.409347 37.828465 1.456517 -0.307206 0.410256
2 0.000000 0.000000 0.000000 0.000000 0.000000 0.000000
3 3.890447 0.000000 0.000000 -1.731698 -0.294314 -1.605131
4 20.402582 0.000000 0.000000 -0.000000 -0.000000 0.708700
5 17.754948 0.000000 -0.000000 -0.161339 0.441738 -1.377543
6 5.733515 -0.000000 0.000000 0.009574 -0.019910 -0.419821
7 -3.890447 0.000000 -0.000000 -1.266562 -0.061918 -2.253282
8 20.402582 0.000000 0.000000 -0.000000 0.000000 0.893082
9 17.754948 -0.000000 0.000000 0.414458 0.023648 -1.672391
10 5.733515 0.000000 -0.000000 -0.098103 0.014899 -0.365709
11 0.000000 3.345132 -1.055022 1.593126 -0.012106 1.709483
12 4.232848 -0.000000 0.000000 0.026448 0.134992 0.169584
13 4.327481 0.000000 -0.000000 0.013127 0.043986 0.199520
14 6.430522 0.000000 0.000000 0.114626 0.227676 0.497979
15 5.754028 -0.000000 -0.000000 2.855826 -0.148953 -0.059147
16 4.208960 -0.000000 0.000000 -0.022095 0.142622 1.086505
17 4.203462 1.484258 1.588960 -0.211531 -1.130083 -1.528019
18 5.124548 0.000000 -0.000000 -0.747817 -0.091727 -1.520480
19 11.580950 0.000000 0.000000 -0.000000 0.000000 -0.740495
20 11.182189 -0.000002 -0.000032 1.500734 0.111640 -0.308606
21 3.342010 -0.071954 -1.535773 0.070874 0.142154 -0.247798
22 1.760565 0.000000 0.000000 0.003707 0.008347 -0.417902
23 0.946777 0.000000 -0.000000 -0.059844 -0.161510 -0.356655
24 3.650005 0.195886 -0.591614 0.065848 0.111437 -0.286501
25 1.940476 0.000000 -0.000000 -0.063015 -0.157361 -0.382781
26 1.194153 0.000000 -0.000000 0.017478 0.067896 -0.252168
27 3.920878 0.176868 0.421353 0.034918 -0.002119 -0.237374
28 2.398545 0.000000 0.000000 -0.016327 -0.028042 -0.527349
29 1.228913 -0.000000 -0.000000 0.006292 0.038933 -0.160270
30 3.969047 0.108842 1.535248 0.028607 -0.031328 -0.228206
31 1.959841 0.000000 0.000000 0.054600 0.111020 -0.458274
32 1.099742 0.000000 0.000000 0.010217 0.062642 -0.161791
33 1.244744 -0.896944 1.073525 1.541960 -0.431286 -0.187296
34 1.976136 0.000000 0.000000 -0.000000 -0.068928 -0.257871
35 1.377138 -0.000000 0.000000 0.000000 -0.022268 0.192117
36 4.203462 1.484258 -1.588960 -0.208787 1.204804 -1.927147
37 5.124548 0.000000 0.000000 2.072420 0.590211 -0.711791
38 11.580950 0.000000 -0.000000 -0.000000 0.000000 -0.802023
39 11.182171 -0.000002 0.000017 -1.610055 0.063730 -0.431262
40 3.342029 -0.078177 1.535469 -0.066822 -0.142155 -0.247795
41 1.760565 0.000000 0.000000 -0.003707 -0.008347 -0.417902
42 0.946777 0.000000 0.000000 0.059844 0.161510 -0.356655
43 3.650023 0.193487 0.592403 -0.061796 -0.111438 -0.286498
44 1.940476 0.000000 0.000000 0.063015 0.157361 -0.382781
45 1.194153 0.000000 0.000000 -0.017478 -0.067896 -0.252168
46 3.920897 0.178574 -0.420632 -0.030866 0.002118 -0.237370
47 2.398545 0.000000 -0.000000 0.016327 0.028042 -0.527349
48 1.228913 0.000000 0.000000 -0.006292 -0.038933 -0.160270
49 3.969067 0.115063 -1.534794 -0.024555 0.031327 -0.228202
50 1.959841 0.000000 0.000000 -0.054600 -0.111020 -0.458274
51 1.099742 0.000000 -0.000000 -0.010217 -0.062642 -0.161791
52 1.244767 -0.892595 -1.077153 -1.537577 0.432036 -0.185459
53 1.976136 0.000000 0.000000 -0.000000 0.068928 -0.257871
54 1.377138 -0.000000 -0.000000 -0.000000 0.022268 0.192117
time 59
0 0.000000 0.000000 0.000000 1.570796 0.000000 0.000000
1 -0.030713 0.789297 37.948322 1.488723 -0.311485 0.373074
2 0.000000 0.000000 0.000000 0.000000 0.000000 0.000000
3 3.890447 0.000000 0.000000 -1.740245 -0.316799 -1.605995
4 20.402582 0.000000 -0.000000 -0.000000 0.000000 0.690107
5 17.754948 -0.000000 -0.000000 -0.170771 0.422784 -1.361775
6 5.733515 -0.000000 0.000000 0.009574 -0.019907 -0.419655
7 -3.890447 0.000000 0.000000 -1.241113 -0.111589 -2.268690
8 20.402582 0.000000 0.000000 -0.000000 -0.000000 0.893877
9 17.754948 0.000000 -0.000000 0.399599 -0.012862 -1.656920
10 5.733515 0.000000 0.000000 -0.098097 0.014943 -0.368400
11 0.000000 3.345132 -1.055022 1.591803 -0.020932 1.708518
12 4.232848 -0.000000 0.000000 0.024895 0.139362 0.178404
13 4.327481 0.000000 0.000000 0.012334 0.045716 0.204082
14 6.430522 -0.000000 0.000000 0.113668 0.227921 0.499885
15 5.754028 -0.000000 -0.000000 2.872913 -0.134728 -0.075405
16 4.208960 0.000000 -0.000000 -0.037177 0.143729 1.082169
17 4.203462 1.484258 1.588960 -0.236302 -1.129606 -1.508507
18 5.124548 0.000000 0.000000 -0.710750 -0.083083 -1.526198
19 11.580950 -0.000000 0.000000 -0.000000 -0.000000 -0.729722
20 11.182189 -0.000002 -0.000032 1.492380 0.146257 -0.306761
21 3.342010 -0.071954 -1.535773 0.070874 0.142154 -0.247798
22 1.760565 0.000000 0.000000 0.003707 0.008347 -0.417902
23 0.946777 -0.000000 -0.000000 -0.059844 -0.161510 -0.356655
24 3.650005 0.195886 -0.591614 0.065848 0.111437 -0.286501
25 1.940476 -0.000000 0.000000 -0.063015 -0.157361 -0.382781
26 1.194153 0.000000 -0.000000 0.017478 0.067896 -0.252168
27 3.920878 0.176868 0.421353 0.034918 -0.002119 -0.237374
28 2.398545 0.000000 0.000000 -0.016327 -0.028042 -0.527349
29 1.228913 0.000000 0.000000 0.006292 0.038933 -0.160270
30 3.969047 0.108842 1.535248 0.028607 -0.031328 -0.228206
31 1.959841 0.000000 -0.000000 0.054600 0.111020 -0.458274
32 1.099742 -0.000000 0.000000 0.010217 0.062642 -0.161791
33 1.244744 -0.896944 1.073525 1.541960 -0.431286 -0.187296
34 1.976136 0.000000 0.000000 0.000000 -0.068928 -0.257871
35 1.377138 0.000000 0.000000 -0.000000 -0.022268 0.192117
36 4.203462 1.484258 -1.588960 -0.204824 1.213466 -1.930501
37 5.124548 0.000000 0.000000 2.025779 0.610005 -0.715002
38 11.580950 0.000000 0.000000 0.000000 0.000000 -0.946075
39 11.182171 -0.000002 0.000017 -1.594996 0.059289 -0.462756
40 3.342029 -0.078177 1.535469 -0.066822 -0.142155 -0.247795
41 1.760565 0.000000 0.000000 -0.003707 -0.008347 -0.417902
42 0.946777 0.000000 -0.000000 0.059844 0.161510 -0.356655
43 3.650023 0.193487 0.592403 -0.061796 -0.111438 -0.286498
44 1.940476 0.000000 0.000000 0.063015 0.157361 -0.382781
45 1.194153 0.000000 0.000000 -0.017478 -0.067896 -0.252168
46 3.920897 0.178574 -0.420632 -0.030866 0.002118 -0.237370
47 2.398545 0.000000 0.000000 0.016327 0.028042 -0.527349
48 1.228913 0.000000 0.000000 -0.006292 -0.038933 -0.160270
49 3.969067 0.115063 -1.534794 -0.024555 0.031327 -0.228202
50 1.959841 0.000000 0.000000 -0.054600 -0.111020 -0.458274
51 1.099742 0.000000 0.000000 -0.010217 -0.062642 -0.161791
52 1.244767 -0.892595 -1.077153 -1.537577 0.432036 -0.185459
53 1.976136 0.000000 0.000000 -0.000000 0.068928 -0.257871
54 1.377138 -0.000000 0.000000 -0.000000 0.022268 0.192117
time 60
0 0.000000 0.000000 0.000000 1.570796 0.000000 0.000000
1 -0.088851 1.166712 38.043884 1.525211 -0.315466 0.330040
2 0.000000 0.000000 0.000000 0.000000 0.000000 0.000000
3 3.890447 0.000000 0.000000 -1.750562 -0.340825 -1.607040
4 20.402582 0.000000 0.000000 -0.000000 0.000000 0.672593
5 17.754948 0.000000 0.000000 -0.181243 0.398090 -1.353573
6 5.733515 0.000000 -0.000000 0.009580 -0.019845 -0.415932
7 -3.890447 0.000000 -0.000000 -1.218228 -0.167535 -2.285197
8 20.402582 -0.000000 -0.000000 0.000000 -0.000000 0.896304
9 17.754948 0.000000 0.000000 0.386728 -0.050034 -1.639276
10 5.733515 0.000000 -0.000000 -0.098086 0.015015 -0.372716
11 -0.000000 3.345132 -1.055022 1.593350 -0.029168 1.705351
12 4.232848 -0.000000 -0.000000 0.025376 0.146252 0.190706
13 4.327481 0.000000 -0.000000 0.012591 0.047721 0.212551
14 6.430522 0.000000 0.000000 0.114425 0.229340 0.503298
15 5.754028 0.000000 0.000000 2.889222 -0.122639 -0.076501
16 4.208960 0.000000 -0.000000 -0.049840 0.144891 1.070389
17 4.203462 1.484258 1.588960 -0.237595 -1.132612 -1.512673
18 5.124548 0.000000 -0.000000 -0.695922 -0.084026 -1.524572
19 11.580950 -0.000000 0.000000 0.000000 -0.000000 -0.726679
20 11.182189 -0.000002 -0.000032 1.490856 0.158768 -0.302648
21 3.342010 -0.071954 -1.535773 0.070874 0.142154 -0.247798
22 1.760565 0.000000 0.000000 0.003707 0.008347 -0.417902
23 0.946777 -0.000000 0.000000 -0.059844 -0.161510 -0.356655
24 3.650005 0.195886 -0.591614 0.065848 0.111437 -0.286501
25 1.940476 0.000000 0.000000 -0.063015 -0.157361 -0.382781
26 1.194153 -0.000000 0.000000 0.017478 0.067896 -0.252168
27 3.920878 0.176868 0.421353 0.034918 -0.002119 -0.237374
28 2.398545 -0.000000 0.000000 -0.016327 -0.028042 -0.527349
29 1.228913 0.000000 -0.000000 0.006292 0.038933 -0.160270
30 3.969047 0.108842 1.535248 0.028607 -0.031328 -0.228206
31 1.959841 0.000000 0.000000 0.054600 0.111020 -0.458274
32 1.099742 0.000000 0.000000 0.010217 0.062642 -0.161791
33 1.244744 -0.896944 1.073525 1.541960 -0.431286 -0.187296
34 1.976136 0.000000 0.000000 -0.000000 -0.068928 -0.257871
35 1.377138 -0.000000 0.000000 -0.000000 -0.022268 0.192117
36 4.203462 1.484258 -1.588960 -0.160725 1.214856 -1.889024
37 5.124548 0.000000 0.000000 1.989684 0.626532 -0.731363
38 11.580950 -0.000000 0.000000 -0.000000 -0.000000 -1.093557
39 11.182171 -0.000002 0.000017 -1.587583 0.052759 -0.480368
40 3.342029 -0.078177 1.535469 -0.066822 -0.142155 -0.247795
41 1.760565 0.000000 0.000000 -0.003707 -0.008347 -0.417902
42 0.946777 0.000000 0.000000 0.059844 0.161510 -0.356655
43 3.650023 0.193487 0.592403 -0.061796 -0.111438 -0.286498
44 1.940476 0.000000 0.000000 0.063015 0.157361 -0.382781
45 1.194153 0.000000 0.000000 -0.017478 -0.067896 -0.252168
46 3.920897 0.178574 -0.420632 -0.030866 0.002118 -0.237370
47 2.398545 0.000000 -0.000000 0.016327 0.028042 -0.527349
48 1.228913 0.000000 -0.000000 -0.006292 -0.038933 -0.160270
49 3.969067 0.115063 -1.534794 -0.024555 0.031327 -0.228202
50 1.959841 0.000000 0.000000 -0.054600 -0.111020 -0.458274
51 1.099742 0.000000 -0.000000 -0.010217 -0.062642 -0.161791
52 1.244767 -0.892595 -1.077153 -1.537577 0.432036 -0.185459
53 1.976136 0.000000 0.000000 -0.000000 0.068928 -0.257871
54 1.377138 0.000000 0.000000 -0.000000 0.022268 0.192117
time 61
0 0.000000 0.000000 0.000000 1.570796 0.000000 0.000000
1 -0.202152 1.547316 38.028751 1.556347 -0.318314 0.299857
2 0.000000 0.000000 0.000000 0.000000 0.000000 0.000000
3 3.890447 0.000000 0.000000 -1.752155 -0.368975 -1.608141
4 20.402582 -0.000000 0.000000 0.000000 0.000000 0.665474
5 17.754948 0.000000 0.000000 -0.189895 0.374718 -1.352918
6 5.733515 -0.000000 0.000000 0.009592 -0.019733 -0.409220
7 -3.890447 0.000000 -0.000000 -1.191699 -0.218019 -2.301860
8 20.402582 0.000000 -0.000000 -0.000000 0.000000 0.909356
9 17.754948 0.000000 0.000000 0.375258 -0.080933 -1.630086
10 5.733515 -0.000000 0.000000 -0.098079 0.015066 -0.375805
11 -0.000000 3.345132 -1.055022 1.591252 -0.038043 1.699174
12 4.232848 -0.000000 0.000000 0.022151 0.149413 0.205269
13 4.327481 -0.000000 -0.000000 0.010933 0.047671 0.223565
14 6.430522 0.000000 0.000000 0.119211 0.241496 0.509086
15 5.754028 0.000000 -0.000000 2.904771 -0.113279 -0.052231
16 4.208960 0.000000 0.000000 -0.055986 0.146830 1.055856
17 4.203462 1.484258 1.588960 -0.201673 -1.129087 -1.550682
18 5.124548 0.000000 -0.000000 -0.709934 -0.099494 -1.519887
19 11.580950 0.000000 0.000000 -0.000000 0.000000 -0.719921
20 11.182189 -0.000002 -0.000032 1.486182 0.164184 -0.300738
21 3.342010 -0.071954 -1.535773 0.070874 0.142154 -0.247798
22 1.760565 0.000000 0.000000 0.003707 0.008347 -0.417902
23 0.946777 0.000000 -0.000000 -0.059844 -0.161510 -0.356655
24 3.650005 0.195886 -0.591614 0.065848 0.111437 -0.286501
25 1.940476 0.000000 -0.000000 -0.063015 -0.157361 -0.382781
26 1.194153 0.000000 0.000000 0.017478 0.067896 -0.252168
27 3.920878 0.176868 0.421353 0.034918 -0.002119 -0.237374
28 2.398545 0.000000 0.000000 -0.016327 -0.028042 -0.527349
29 1.228913 0.000000 -0.000000 0.006292 0.038933 -0.160270
30 3.969047 0.108842 1.535248 0.028607 -0.031328 -0.228206
31 1.959841 -0.000000 -0.000000 0.054600 0.111020 -0.458274
32 1.099742 0.000000 0.000000 0.010217 0.062642 -0.161791
33 1.244744 -0.896944 1.073525 1.541960 -0.431286 -0.187296
34 1.976136 0.000000 0.000000 -0.000000 -0.068928 -0.257871
35 1.377138 0.000000 -0.000000 0.000000 -0.022268 0.192117
36 4.203462 1.484258 -1.588960 -0.098979 1.217095 -1.826250
37 5.124548 -0.000000 -0.000000 1.969319 0.631180 -0.753337
38 11.580950 0.000000 0.000000 -0.000000 -0.000000 -1.230853
39 11.182171 -0.000002 0.000017 -1.579140 0.041032 -0.502634
40 3.342029 -0.078177 1.535469 -0.066822 -0.142155 -0.247795
41 1.760565 0.000000 0.000000 -0.003707 -0.008347 -0.417902
42 0.946777 0.000000 0.000000 0.059844 0.161510 -0.356655
43 3.650023 0.193487 0.592403 -0.061796 -0.111438 -0.286498
44 1.940476 0.000000 0.000000 0.063015 0.157361 -0.382781
45 1.194153 -0.000000 -0.000000 -0.017478 -0.067896 -0.252168
46 3.920897 0.178574 -0.420632 -0.030866 0.002118 -0.237370
47 2.398545 0.000000 0.000000 0.016327 0.028042 -0.527349
48 1.228913 0.000000 0.000000 -0.006292 -0.038933 -0.160270
49 3.969067 0.115063 -1.534794 -0.024555 0.031327 -0.228202
50 1.959841 0.000000 0.000000 -0.054600 -0.111020 -0.458274
51 1.099742 0.000000 0.000000 -0.010217 -0.062642 -0.161791
52 1.244767 -0.892595 -1.077153 -1.537577 0.432036 -0.185459
53 1.976136 0.000000 0.000000 -0.000000 0.068928 -0.257871
54 1.377138 0.000000 0.000000 -0.000000 0.022268 0.192117
time 62
0 0.000000 0.000000 0.000000 1.570796 0.000000 0.000000
1 -0.316443 1.947763 37.914604 1.578095 -0.319293 0.278998
2 0.000000 0.000000 0.000000 0.000000 0.000000 0.000000
3 3.890447 0.000000 0.000000 -1.747898 -0.396716 -1.608791
4 20.402582 0.000000 0.000000 0.000000 0.000000 0.670505
5 17.754948 0.000000 0.000000 -0.194346 0.350381 -1.361584
6 5.733515 -0.000000 0.000000 0.009613 -0.019546 -0.397970
7 -3.890447 0.000000 -0.000000 -1.168602 -0.260905 -2.317369
8 20.402582 0.000000 0.000000 0.000000 0.000000 0.930470
9 17.754948 0.000000 0.000000 0.365690 -0.104691 -1.627566
10 5.733515 0.000000 0.000000 -0.098079 0.015063 -0.375654
11 -0.000000 3.345132 -1.055022 1.586304 -0.051801 1.694420
12 4.232848 0.000000 0.000000 0.017178 0.150469 0.221325
13 4.327481 0.000000 0.000000 0.008062 0.046595 0.232752
14 6.430522 0.000000 0.000000 0.120578 0.249886 0.514197
15 5.754028 0.000000 0.000000 2.920873 -0.103193 -0.023232
16 4.208960 0.000000 0.000000 -0.060630 0.144485 1.039847
17 4.203462 1.484258 1.588960 -0.178859 -1.121417 -1.567903
18 5.124548 -0.000000 0.000000 -0.744246 -0.127856 -1.520522
19 11.580950 0.000000 -0.000000 -0.000000 -0.000000 -0.706241
20 11.182189 -0.000002 -0.000032 1.477427 0.147963 -0.300097
21 3.342010 -0.071954 -1.535773 0.070874 0.142154 -0.247798
22 1.760565 0.000000 0.000000 0.003707 0.008347 -0.417902
23 0.946777 0.000000 0.000000 -0.059844 -0.161510 -0.356655
24 3.650005 0.195886 -0.591614 0.065848 0.111437 -0.286501
25 1.940476 0.000000 0.000000 -0.063015 -0.157361 -0.382781
26 1.194153 0.000000 0.000000 0.017478 0.067896 -0.252168
27 3.920878 0.176868 0.421353 0.034918 -0.002119 -0.237374
28 2.398545 -0.000000 -0.000000 -0.016327 -0.028042 -0.527349
29 1.228913 0.000000 0.000000 0.006292 0.038933 -0.160270
30 3.969047 0.108842 1.535248 0.028607 -0.031328 -0.228206
31 1.959841 -0.000000 0.000000 0.054600 0.111020 -0.458274
32 1.099742 0.000000 0.000000 0.010217 0.062642 -0.161791
33 1.244744 -0.896944 1.073525 1.541960 -0.431286 -0.187296
34 1.976136 -0.000000 0.000000 -0.000000 -0.068928 -0.257871
35 1.377138 0.000000 0.000000 0.000000 -0.022268 0.192117
36 4.203462 1.484258 -1.588960 -0.077752 1.222313 -1.791912
37 5.124548 0.000000 -0.000000 1.972473 0.624996 -0.767141
38 11.580950 -0.000000 0.000000 -0.000000 -0.000000 -1.340392
39 11.182171 -0.000002 0.000017 -1.565588 0.029398 -0.533605
40 3.342029 -0.078177 1.535469 -0.066822 -0.142155 -0.247795
41 1.760565 0.000000 0.000000 -0.003707 -0.008347 -0.417902
42 0.946777 0.000000 0.000000 0.059844 0.161510 -0.356655
43 3.650023 0.193487 0.592403 -0.061796 -0.111438 -0.286498
44 1.940476 0.000000 0.000000 0.063015 0.157361 -0.382781
45 1.194153 0.000000 0.000000 -0.017478 -0.067896 -0.252168
46 3.920897 0.178574 -0.420632 -0.030866 0.002118 -0.237370
47 2.398545 0.000000 0.000000 0.016327 0.028042 -0.527349
48 1.228913 0.000000 0.000000 -0.006292 -0.038933 -0.160270
49 3.969067 0.115063 -1.534794 -0.024555 0.031327 -0.228202
50 1.959841 0.000000 -0.000000 -0.054600 -0.111020 -0.458274
51 1.099742 0.000000 0.000000 -0.010217 -0.062642 -0.161791
52 1.244767 -0.892595 -1.077153 -1.537577 0.432036 -0.185459
53 1.976136 0.000000 0.000000 -0.000000 0.068928 -0.257871
54 1.377138 0.000000 0.000000 -0.000000 0.022268 0.192117
time 63
0 0.000000 0.000000 0.000000 1.570796 0.000000 0.000000
1 -0.390143 2.246532 37.773750 1.595499 -0.318062 0.263385
2 0.000000 0.000000 0.000000 0.000000 0.000000 0.000000
3 3.890447 0.000000 0.000000 -1.743595 -0.422016 -1.607288
4 20.402582 0.000000 0.000000 0.000000 -0.000000 0.682114
5 17.754948 0.000000 0.000000 -0.196542 0.329239 -1.374233
6 5.733515 0.000000 0.000000 0.009633 -0.019381 -0.388097
7 -3.890447 0.000000 0.000000 -1.154612 -0.295518 -2.327063
8 20.402582 0.000000 0.000000 -0.000000 -0.000000 0.949750
9 17.754948 -0.000000 -0.000000 0.361026 -0.117939 -1.629246
10 5.733515 -0.000000 0.000000 -0.098087 0.015008 -0.372310
11 0.000000 3.345132 -1.055022 1.580865 -0.061754 1.691961
12 4.232848 0.000000 0.000000 0.011985 0.150912 0.236891
13 4.327481 0.000000 -0.000000 0.004986 0.045573 0.244342
14 6.430522 0.000000 0.000000 0.114469 0.245125 0.520961
15 5.754028 0.000000 0.000000 2.948611 -0.068886 0.010910
16 4.208960 0.000000 -0.000000 -0.072694 0.132768 1.014834
17 4.203462 1.484258 1.588960 -0.180939 -1.114827 -1.558524
18 5.124548 0.000000 0.000000 -0.792286 -0.166835 -1.520940
19 11.580950 -0.000000 -0.000000 0.000000 -0.000000 -0.688677
20 11.182189 -0.000002 -0.000032 1.468944 0.095803 -0.305168
21 3.342010 -0.071954 -1.535773 0.070874 0.142154 -0.247798
22 1.760565 0.000000 0.000000 0.003707 0.008347 -0.417902
23 0.946777 -0.000000 -0.000000 -0.059844 -0.161510 -0.356655
24 3.650005 0.195886 -0.591614 0.065848 0.111437 -0.286501
25 1.940476 0.000000 0.000000 -0.063015 -0.157361 -0.382781
26 1.194153 -0.000000 0.000000 0.017478 0.067896 -0.252168
27 3.920878 0.176868 0.421353 0.034918 -0.002119 -0.237374
28 2.398545 0.000000 0.000000 -0.016327 -0.028042 -0.527349
29 1.228913 0.000000 0.000000 0.006292 0.038933 -0.160270
30 3.969047 0.108842 1.535248 0.028607 -0.031328 -0.228206
31 1.959841 0.000000 0.000000 0.054600 0.111020 -0.458274
32 1.099742 -0.000000 0.000000 0.010217 0.062642 -0.161791
33 1.244744 -0.896944 1.073525 1.541960 -0.431286 -0.187296
34 1.976136 0.000000 0.000000 -0.000000 -0.068928 -0.257871
35 1.377138 -0.000000 0.000000 -0.000000 -0.022268 0.192117
36 4.203462 1.484258 -1.588960 -0.124321 1.231028 -1.822310
37 5.124548 0.000000 0.000000 1.989100 0.609644 -0.770877
38 11.580950 0.000000 0.000000 -0.000000 -0.000000 -1.405521
39 11.182171 -0.000002 0.000017 -1.555165 0.032537 -0.563359
40 3.342029 -0.078177 1.535469 -0.066822 -0.142155 -0.247795
41 1.760565 0.000000 0.000000 -0.003707 -0.008347 -0.417902
42 0.946777 0.000000 -0.000000 0.059844 0.161510 -0.356655
43 3.650023 0.193487 0.592403 -0.061796 -0.111438 -0.286498
44 1.940476 0.000000 0.000000 0.063015 0.157361 -0.382781
45 1.194153 0.000000 0.000000 -0.017478 -0.067896 -0.252168
46 3.920897 0.178574 -0.420632 -0.030866 0.002118 -0.237370
47 2.398545 0.000000 0.000000 0.016327 0.028042 -0.527349
48 1.228913 0.000000 0.000000 -0.006292 -0.038933 -0.160270
49 3.969067 0.115063 -1.534794 -0.024555 0.031327 -0.228202
50 1.959841 0.000000 0.000000 -0.054600 -0.111020 -0.458274
51 1.099742 -0.000000 0.000000 -0.010217 -0.062642 -0.161791
52 1.244767 -0.892595 -1.077153 -1.537577 0.432036 -0.185459
53 1.976136 0.000000 0.000000 -0.000000 0.068928 -0.257871
54 1.377138 0.000000 0.000000 -0.000000 0.022268 0.192117
time 64
0 0.000000 0.000000 0.000000 1.570796 0.000000 0.000000
1 -0.406510 2.478246 37.660835 1.609103 -0.312781 0.251793
2 0.000000 0.000000 0.000000 0.000000 0.000000 0.000000
3 3.890447 0.000000 0.000000 -1.741003 -0.444008 -1.602402
4 20.402582 0.000000 0.000000 0.000000 0.000000 0.695882
5 17.754948 -0.000000 0.000000 -0.196666 0.312642 -1.384526
6 5.733515 0.000000 -0.000000 0.009643 -0.019304 -0.383450
7 -3.890447 0.000000 -0.000000 -1.149239 -0.321742 -2.328512
8 20.402582 -0.000000 -0.000000 0.000000 0.000000 0.961492
9 17.754948 -0.000000 -0.000000 0.360497 -0.123061 -1.629381
10 5.733515 0.000000 0.000000 -0.098096 0.014947 -0.368647
11 0.000000 3.345132 -1.055022 1.576735 -0.068905 1.692807
12 4.232848 0.000000 0.000000 0.006702 0.154764 0.250727
13 4.327481 0.000000 0.000000 0.002691 0.045241 0.259064
14 6.430522 0.000000 0.000000 0.103150 0.230622 0.526768
15 5.754028 0.000000 0.000000 2.983286 -0.024724 0.041822
16 4.208960 -0.000000 0.000000 -0.086615 0.115364 0.997039
17 4.203462 1.484258 1.588960 -0.189296 -1.118876 -1.545533
18 5.124548 0.000000 -0.000000 -0.858382 -0.208753 -1.514809
19 11.580950 -0.000000 0.000000 -0.000000 0.000000 -0.671253
20 11.182189 -0.000002 -0.000032 1.460282 0.030575 -0.316718
21 3.342010 -0.071954 -1.535773 0.070874 0.142154 -0.247798
22 1.760565 0.000000 0.000000 0.003707 0.008347 -0.417902
23 0.946777 0.000000 0.000000 -0.059844 -0.161510 -0.356655
24 3.650005 0.195886 -0.591614 0.065848 0.111437 -0.286501
25 1.940476 0.000000 0.000000 -0.063015 -0.157361 -0.382781
26 1.194153 -0.000000 -0.000000 0.017478 0.067896 -0.252168
27 3.920878 0.176868 0.421353 0.034918 -0.002119 -0.237374
28 2.398545 -0.000000 0.000000 -0.016327 -0.028042 -0.527349
29 1.228913 0.000000 0.000000 0.006292 0.038933 -0.160270
30 3.969047 0.108842 1.535248 0.028607 -0.031328 -0.228206
31 1.959841 0.000000 0.000000 0.054600 0.111020 -0.458274
32 1.099742 -0.000000 0.000000 0.010217 0.062642 -0.161791
33 1.244744 -0.896944 1.073525 1.541960 -0.431286 -0.187296
34 1.976136 -0.000000 0.000000 0.000000 -0.068928 -0.257871
35 1.377138 0.000000 -0.000000 -0.000000 -0.022268 0.192117
36 4.203462 1.484258 -1.588960 -0.207921 1.237830 -1.894085
37 5.124548 -0.000000 0.000000 2.012636 0.590687 -0.768547
38 11.580950 0.000000 0.000000 -0.000000 0.000000 -1.410412
39 11.182171 -0.000002 0.000017 -1.551027 0.046204 -0.589428
40 3.342029 -0.078177 1.535469 -0.066822 -0.142155 -0.247795
41 1.760565 0.000000 0.000000 -0.003707 -0.008347 -0.417902
42 0.946777 0.000000 0.000000 0.059844 0.161510 -0.356655
43 3.650023 0.193487 0.592403 -0.061796 -0.111438 -0.286498
44 1.940476 0.000000 0.000000 0.063015 0.157361 -0.382781
45 1.194153 0.000000 -0.000000 -0.017478 -0.067896 -0.252168
46 3.920897 0.178574 -0.420632 -0.030866 0.002118 -0.237370
47 2.398545 -0.000000 0.000000 0.016327 0.028042 -0.527349
48 1.228913 0.000000 0.000000 -0.006292 -0.038933 -0.160270
49 3.969067 0.115063 -1.534794 -0.024555 0.031327 -0.228202
50 1.959841 0.000000 0.000000 -0.054600 -0.111020 -0.458274
51 1.099742 0.000000 -0.000000 -0.010217 -0.062642 -0.161791
52 1.244767 -0.892595 -1.077153 -1.537577 0.432036 -0.185459
53 1.976136 0.000000 0.000000 -0.000000 0.068928 -0.257871
54 1.377138 0.000000 0.000000 -0.000000 0.022268 0.192117
time 65
0 0.000000 0.000000 0.000000 1.570796 0.000000 0.000000
1 -0.354393 2.650371 37.596996 1.619346 -0.305107 0.243193
2 0.000000 0.000000 0.000000 0.000000 0.000000 0.000000
3 3.890447 -0.000000 0.000000 -1.739303 -0.460650 -1.596749
4 20.402582 -0.000000 -0.000000 -0.000000 0.000000 0.707389
5 17.754948 -0.000000 -0.000000 -0.195298 0.298904 -1.393091
6 5.733515 0.000000 0.000000 0.009651 -0.019245 -0.379907
7 -3.890447 0.000000 -0.000000 -1.147381 -0.339357 -2.325420
8 20.402582 0.000000 0.000000 -0.000000 0.000000 0.964820
9 17.754948 0.000000 0.000000 0.360761 -0.125402 -1.626026
10 5.733515 0.000000 -0.000000 -0.098102 0.014904 -0.366051
11 0.000000 3.345132 -1.055022 1.573282 -0.077588 1.694846
12 4.232848 0.000000 0.000000 0.003586 0.158593 0.261017
13 4.327481 0.000000 0.000000 0.001012 0.045848 0.265269
14 6.430522 0.000000 0.000000 0.095860 0.221571 0.529298
15 5.754028 0.000000 0.000000 3.010245 0.001431 0.072446
16 4.208960 0.000000 0.000000 -0.093575 0.099367 0.982508
17 4.203462 1.484258 1.588960 -0.151330 -1.132996 -1.573230
18 5.124548 -0.000000 0.000000 -0.935258 -0.250661 -1.490759
19 11.580950 0.000000 0.000000 0.000000 -0.000000 -0.666702
20 11.182189 -0.000002 -0.000032 1.454536 -0.013777 -0.321218
21 3.342010 -0.071954 -1.535773 0.070874 0.142154 -0.247798
22 1.760565 0.000000 -0.000000 0.003707 0.008347 -0.417902
23 0.946777 0.000000 0.000000 -0.059844 -0.161510 -0.356655
24 3.650005 0.195886 -0.591614 0.065848 0.111437 -0.286501
25 1.940476 0.000000 0.000000 -0.063015 -0.157361 -0.382781
26 1.194153 -0.000000 0.000000 0.017478 0.067896 -0.252168
27 3.920878 0.176868 0.421353 0.034918 -0.002119 -0.237374
28 2.398545 0.000000 -0.000000 -0.016327 -0.028042 -0.527349
29 1.228913 0.000000 0.000000 0.006292 0.038933 -0.160270
30 3.969047 0.108842 1.535248 0.028607 -0.031328 -0.228206
31 1.959841 0.000000 -0.000000 0.054600 0.111020 -0.458274
32 1.099742 -0.000000 0.000000 0.010217 0.062642 -0.161791
33 1.244744 -0.896944 1.073525 1.541960 -0.431286 -0.187296
34 1.976136 -0.000000 0.000000 0.000000 -0.068928 -0.257871
35 1.377138 0.000000 0.000000 -0.000000 -0.022268 0.192117
36 4.203462 1.484258 -1.588960 -0.287650 1.235679 -1.956883
37 5.124548 0.000000 0.000000 2.045393 0.572993 -0.758189
38 11.580950 0.000000 0.000000 0.000000 0.000000 -1.353241
39 11.182171 -0.000002 0.000017 -1.554944 0.048907 -0.597678
40 3.342029 -0.078177 1.535469 -0.066822 -0.142155 -0.247795
41 1.760565 0.000000 0.000000 -0.003707 -0.008347 -0.417902
42 0.946777 0.000000 -0.000000 0.059844 0.161510 -0.356655
43 3.650023 0.193487 0.592403 -0.061796 -0.111438 -0.286498
44 1.940476 0.000000 0.000000 0.063015 0.157361 -0.382781
45 1.194153 0.000000 0.000000 -0.017478 -0.067896 -0.252168
46 3.920897 0.178574 -0.420632 -0.030866 0.002118 -0.237370
47 2.398545 0.000000 0.000000 0.016327 0.028042 -0.527349
48 1.228913 0.000000 -0.000000 -0.006292 -0.038933 -0.160270
49 3.969067 0.115063 -1.534794 -0.024555 0.031327 -0.228202
50 1.959841 -0.000000 0.000000 -0.054600 -0.111020 -0.458274
51 1.099742 -0.000000 0.000000 -0.010217 -0.062642 -0.161791
52 1.244767 -0.892595 -1.077153 -1.537577 0.432036 -0.185459
53 1.976136 0.000000 0.000000 -0.000000 0.068928 -0.257871
54 1.377138 0.000000 0.000000 -0.000000 0.022268 0.192117
time 66
0 0.000000 0.000000 0.000000 1.570796 0.000000 0.000000
1 -0.240936 2.758743 37.556107 1.624871 -0.297788 0.237302
2 0.000000 0.000000 0.000000 0.000000 0.000000 0.000000
3 3.890447 0.000000 0.000000 -1.737296 -0.470744 -1.592962
4 20.402582 0.000000 0.000000 0.000000 0.000000 0.717504
5 17.754948 0.000000 0.000000 -0.194715 0.287763 -1.402458
6 5.733515 0.000000 0.000000 0.009661 -0.019175 -0.375633
7 -3.890447 -0.000000 -0.000000 -1.147724 -0.348198 -2.321801
8 20.402582 -0.000000 -0.000000 0.000000 -0.000000 0.963426
9 17.754948 0.000000 0.000000 0.361314 -0.127248 -1.622179
10 5.733515 0.000000 0.000000 -0.098107 0.014875 -0.364303
11 0.000000 3.345132 -1.055022 1.573353 -0.077383 1.692989
12 4.232848 0.000000 0.000000 0.002233 0.162446 0.268486
13 4.327481 0.000000 0.000000 0.000540 0.046437 0.273079
14 6.430522 0.000000 0.000000 0.094277 0.219834 0.532044
15 5.754028 -0.000000 -0.000000 3.019116 0.001641 0.085386
16 4.208960 -0.000000 0.000000 -0.088956 0.093762 0.985929
17 4.203462 1.484258 1.588960 -0.182287 -1.140210 -1.540770
18 5.124548 0.000000 0.000000 -0.998423 -0.277701 -1.499473
19 11.580950 0.000000 0.000000 0.000000 0.000000 -0.671385
20 11.182189 -0.000002 -0.000032 1.453549 -0.056658 -0.324678
21 3.342010 -0.071954 -1.535773 0.070874 0.142154 -0.247798
22 1.760565 0.000000 -0.000000 0.003707 0.008347 -0.417902
23 0.946777 0.000000 0.000000 -0.059844 -0.161510 -0.356655
24 3.650005 0.195886 -0.591614 0.065848 0.111437 -0.286501
25 1.940476 0.000000 0.000000 -0.063015 -0.157361 -0.382781
26 1.194153 0.000000 0.000000 0.017478 0.067896 -0.252168
27 3.920878 0.176868 0.421353 0.034918 -0.002119 -0.237374
28 2.398545 0.000000 0.000000 -0.016327 -0.028042 -0.527349
29 1.228913 0.000000 -0.000000 0.006292 0.038933 -0.160270
30 3.969047 0.108842 1.535248 0.028607 -0.031328 -0.228206
31 1.959841 0.000000 -0.000000 0.054600 0.111020 -0.458274
32 1.099742 -0.000000 0.000000 0.010217 0.062642 -0.161791
33 1.244744 -0.896944 1.073525 1.541960 -0.431286 -0.187296
34 1.976136 0.000000 -0.000000 -0.000000 -0.068928 -0.257871
35 1.377138 0.000000 -0.000000 0.000000 -0.022268 0.192117
36 4.203462 1.484258 -1.588960 -0.271530 1.232225 -1.939875
37 5.124548 -0.000000 -0.000000 2.069039 0.555933 -0.770185
38 11.580950 0.000000 0.000000 0.000000 -0.000000 -1.237339
39 11.182171 -0.000002 0.000017 -1.576236 0.042244 -0.568363
40 3.342029 -0.078177 1.535469 -0.066822 -0.142155 -0.247795
41 1.760565 0.000000 -0.000000 -0.003707 -0.008347 -0.417902
42 0.946777 -0.000000 0.000000 0.059844 0.161510 -0.356655
43 3.650023 0.193487 0.592403 -0.061796 -0.111438 -0.286498
44 1.940476 0.000000 0.000000 0.063015 0.157361 -0.382781
45 1.194153 0.000000 0.000000 -0.017478 -0.067896 -0.252168
46 3.920897 0.178574 -0.420632 -0.030866 0.002118 -0.237370
47 2.398545 -0.000000 0.000000 0.016327 0.028042 -0.527349
48 1.228913 0.000000 0.000000 -0.006292 -0.038933 -0.160270
49 3.969067 0.115063 -1.534794 -0.024555 0.031327 -0.228202
50 1.959841 0.000000 0.000000 -0.054600 -0.111020 -0.458274
51 1.099742 0.000000 0.000000 -0.010217 -0.062642 -0.161791
52 1.244767 -0.892595 -1.077153 -1.537577 0.432036 -0.185459
53 1.976136 0.000000 -0.000000 -0.000000 0.068928 -0.257871
54 1.377138 0.000000 -0.000000 -0.000000 0.022268 0.192117
time 67
0 0.000000 0.000000 0.000000 1.570796 0.000000 0.000000
1 -0.106043 2.812118 37.520348 1.624341 -0.290149 0.237628
2 0.000000 0.000000 0.000000 0.000000 0.000000 0.000000
3 3.890447 0.000000 0.000000 -1.732494 -0.475238 -1.590421
4 20.402582 -0.000000 -0.000000 -0.000000 -0.000000 0.727413
5 17.754948 0.000000 -0.000000 -0.193761 0.280243 -1.412302
6 5.733515 0.000000 0.000000 0.009671 -0.019104 -0.371349
7 -3.890447 0.000000 -0.000000 -1.148149 -0.346441 -2.316900
8 20.402582 0.000000 0.000000 -0.000000 0.000000 0.959242
9 17.754948 -0.000000 0.000000 0.362800 -0.128326 -1.620596
10 5.733515 0.000000 0.000000 -0.098111 0.014850 -0.362754
11 -0.000000 3.345132 -1.055022 1.574368 -0.073068 1.690308
12 4.232848 0.000000 0.000000 0.001118 0.165301 0.272262
13 4.327481 0.000000 0.000000 0.000395 0.046315 0.279579
14 6.430522 0.000000 0.000000 0.096388 0.224013 0.534067
15 5.754028 0.000000 0.000000 3.016076 -0.010653 0.080623
16 4.208960 0.000000 0.000000 -0.081727 0.095010 0.992263
17 4.203462 1.484258 1.588960 -0.214835 -1.144437 -1.513369
18 5.124548 -0.000000 0.000000 -1.058983 -0.293447 -1.510892
19 11.580950 0.000000 0.000000 0.000000 0.000000 -0.688616
20 11.182189 -0.000002 -0.000032 1.442494 -0.079891 -0.334903
21 3.342010 -0.071954 -1.535773 0.070874 0.142154 -0.247798
22 1.760565 0.000000 0.000000 0.003707 0.008347 -0.417902
23 0.946777 0.000000 0.000000 -0.059844 -0.161510 -0.356655
24 3.650005 0.195886 -0.591614 0.065848 0.111437 -0.286501
25 1.940476 -0.000000 0.000000 -0.063015 -0.157361 -0.382781
26 1.194153 0.000000 0.000000 0.017478 0.067896 -0.252168
27 3.920878 0.176868 0.421353 0.034918 -0.002119 -0.237374
28 2.398545 0.000000 0.000000 -0.016327 -0.028042 -0.527349
29 1.228913 0.000000 0.000000 0.006292 0.038933 -0.160270
30 3.969047 0.108842 1.535248 0.028607 -0.031328 -0.228206
31 1.959841 0.000000 0.000000 0.054600 0.111020 -0.458274
32 1.099742 0.000000 0.000000 0.010217 0.062642 -0.161791
33 1.244744 -0.896944 1.073525 1.541960 -0.431286 -0.187296
34 1.976136 -0.000000 0.000000 -0.000000 -0.068928 -0.257871
35 1.377138 0.000000 0.000000 0.000000 -0.022268 0.192117
36 4.203462 1.484258 -1.588960 -0.202096 1.226385 -1.879168
37 5.124548 0.000000 -0.000000 2.089829 0.547890 -0.795011
38 11.580950 0.000000 0.000000 0.000000 0.000000 -1.077222
39 11.182171 -0.000002 0.000017 -1.637247 0.038379 -0.517559
40 3.342029 -0.078177 1.535469 -0.066822 -0.142155 -0.247795
41 1.760565 0.000000 0.000000 -0.003707 -0.008347 -0.417902
42 0.946777 0.000000 0.000000 0.059844 0.161510 -0.356655
43 3.650023 0.193487 0.592403 -0.061796 -0.111438 -0.286498
44 1.940476 0.000000 0.000000 0.063015 0.157361 -0.382781
45 1.194153 -0.000000 0.000000 -0.017478 -0.067896 -0.252168
46 3.920897 0.178574 -0.420632 -0.030866 0.002118 -0.237370
47 2.398545 0.000000 -0.000000 0.016327 0.028042 -0.527349
48 1.228913 0.000000 0.000000 -0.006292 -0.038933 -0.160270
49 3.969067 0.115063 -1.534794 -0.024555 0.031327 -0.228202
50 1.959841 -0.000000 -0.000000 -0.054600 -0.111020 -0.458274
51 1.099742 0.000000 0.000000 -0.010217 -0.062642 -0.161791
52 1.244767 -0.892595 -1.077153 -1.537577 0.432036 -0.185459
53 1.976136 0.000000 0.000000 -0.000000 0.068928 -0.257871
54 1.377138 -0.000000 0.000000 -0.000000 0.022268 0.192117
time 68
0 0.000000 0.000000 0.000000 1.570796 0.000000 0.000000
1 0.059998 2.768956 37.485607 1.618600 -0.282233 0.239923
2 0.000000 0.000000 0.000000 0.000000 0.000000 0.000000
3 3.890447 0.000000 0.000000 -1.728684 -0.472028 -1.587515
4 20.402582 0.000000 0.000000 -0.000000 -0.000000 0.737088
5 17.754948 -0.000000 0.000000 -0.193297 0.276254 -1.425795
6 5.733515 0.000000 0.000000 0.009683 -0.019019 -0.366233
7 -3.890447 0.000000 -0.000000 -1.152632 -0.335559 -2.309503
8 20.402582 0.000000 0.000000 0.000000 -0.000000 0.951956
9 17.754948 0.000000 0.000000 0.365821 -0.128214 -1.622640
10 5.733515 0.000000 -0.000000 -0.098116 0.014814 -0.360621
11 -0.000000 3.345132 -1.055022 1.575019 -0.069297 1.689060
12 4.232848 0.000000 0.000000 0.000910 0.164185 0.270306
13 4.327481 0.000000 0.000000 0.000515 0.045019 0.280737
14 6.430522 0.000000 -0.000000 0.098878 0.228113 0.534921
15 5.754028 0.000000 0.000000 3.007976 -0.020557 0.068339
16 4.208960 0.000000 0.000000 -0.078103 0.099922 0.996970
17 4.203462 1.484258 1.588960 -0.209308 -1.137100 -1.529228
18 5.124548 0.000000 0.000000 -1.091446 -0.302646 -1.513039
19 11.580950 -0.000000 0.000000 0.000000 0.000000 -0.713313
20 11.182189 -0.000002 -0.000032 1.431543 -0.104231 -0.339123
21 3.342010 -0.071954 -1.535773 0.070874 0.142154 -0.247798
22 1.760565 0.000000 0.000000 0.003707 0.008347 -0.417902
23 0.946777 0.000000 0.000000 -0.059844 -0.161510 -0.356655
24 3.650005 0.195886 -0.591614 0.065848 0.111437 -0.286501
25 1.940476 0.000000 0.000000 -0.063015 -0.157361 -0.382781
26 1.194153 0.000000 -0.000000 0.017478 0.067896 -0.252168
27 3.920878 0.176868 0.421353 0.034918 -0.002119 -0.237374
28 2.398545 0.000000 0.000000 -0.016327 -0.028042 -0.527349
29 1.228913 0.000000 0.000000 0.006292 0.038933 -0.160270
30 3.969047 0.108842 1.535248 0.028607 -0.031328 -0.228206
31 1.959841 -0.000000 0.000000 0.054600 0.111020 -0.458274
32 1.099742 0.000000 0.000000 0.010217 0.062642 -0.161791
33 1.244744 -0.896944 1.073525 1.541960 -0.431286 -0.187296
34 1.976136 -0.000000 0.000000 -0.000000 -0.068928 -0.257871
35 1.377138 -0.000000 -0.000000 0.000000 -0.022268 0.192117
36 4.203462 1.484258 -1.588960 -0.161917 1.216187 -1.849395
37 5.124548 0.000000 0.000000 2.117122 0.549950 -0.804290
38 11.580950 0.000000 0.000000 0.000000 -0.000000 -0.885281
39 11.182171 -0.000002 0.000017 -1.720908 0.039587 -0.464545
40 3.342029 -0.078177 1.535469 -0.066822 -0.142155 -0.247795
41 1.760565 0.000000 0.000000 -0.003707 -0.008347 -0.417902
42 0.946777 0.000000 0.000000 0.059844 0.161510 -0.356655
43 3.650023 0.193487 0.592403 -0.061796 -0.111438 -0.286498
44 1.940476 0.000000 0.000000 0.063015 0.157361 -0.382781
45 1.194153 0.000000 0.000000 -0.017478 -0.067896 -0.252168
46 3.920897 0.178574 -0.420632 -0.030866 0.002118 -0.237370
47 2.398545 0.000000 0.000000 0.016327 0.028042 -0.527349
48 1.228913 -0.000000 0.000000 -0.006292 -0.038933 -0.160270
49 3.969067 0.115063 -1.534794 -0.024555 0.031327 -0.228202
50 1.959841 0.000000 0.000000 -0.054600 -0.111020 -0.458274
51 1.099742 0.000000 -0.000000 -0.010217 -0.062642 -0.161791
52 1.244767 -0.892595 -1.077153 -1.537577 0.432036 -0.185459
53 1.976136 0.000000 0.000000 -0.000000 0.068928 -0.257871
54 1.377138 0.000000 0.000000 -0.000000 0.022268 0.192117
time 69
0 0.000000 0.000000 0.000000 1.570796 0.000000 0.000000
1 0.275773 2.608031 37.465576 1.606654 -0.275230 0.238777
2 0.000000 0.000000 0.000000 0.000000 0.000000 0.000000
3 3.890447 -0.000000 0.000000 -1.738309 -0.456352 -1.581241
4 20.402582 -0.000000 0.000000 -0.000000 -0.000000 0.744963
5 17.754948 0.000000 0.000000 -0.189875 0.281450 -1.442490
6 5.733515 -0.000000 0.000000 0.009698 -0.018925 -0.360562
7 -3.890447 0.000000 -0.000000 -1.167466 -0.316397 -2.298939
8 20.402582 0.000000 0.000000 0.000000 -0.000000 0.939732
9 17.754948 0.000000 0.000000 0.370503 -0.126098 -1.627736
10 5.733515 -0.000000 0.000000 -0.098127 0.014744 -0.356373
11 0.000000 3.345132 -1.055022 1.574778 -0.066937 1.689410
12 4.232848 0.000000 0.000000 0.001753 0.156935 0.262120
13 4.327481 0.000000 0.000000 0.000802 0.042690 0.276781
14 6.430522 -0.000000 0.000000 0.099739 0.229066 0.535232
15 5.754028 0.000000 0.000000 2.997133 -0.033022 0.050241
16 4.208960 0.000000 0.000000 -0.074413 0.103115 1.002166
17 4.203462 1.484258 1.588960 -0.185106 -1.127161 -1.565094
18 5.124548 0.000000 0.000000 -1.099598 -0.304059 -1.504101
19 11.580950 0.000000 0.000000 -0.000000 -0.000000 -0.738518
20 11.182189 -0.000002 -0.000032 1.400295 -0.128633 -0.343185
21 3.342010 -0.071954 -1.535773 0.070874 0.142154 -0.247798
22 1.760565 0.000000 0.000000 0.003707 0.008347 -0.417902
23 0.946777 0.000000 0.000000 -0.059844 -0.161510 -0.356655
24 3.650005 0.195886 -0.591614 0.065848 0.111437 -0.286501
25 1.940476 0.000000 0.000000 -0.063015 -0.157361 -0.382781
26 1.194153 0.000000 0.000000 0.017478 0.067896 -0.252168
27 3.920878 0.176868 0.421353 0.034918 -0.002119 -0.237374
28 2.398545 0.000000 0.000000 -0.016327 -0.028042 -0.527349
29 1.228913 0.000000 0.000000 0.006292 0.038933 -0.160270
30 3.969047 0.108842 1.535248 0.028607 -0.031328 -0.228206
31 1.959841 0.000000 -0.000000 0.054600 0.111020 -0.458274
32 1.099742 0.000000 0.000000 0.010217 0.062642 -0.161791
33 1.244744 -0.896944 1.073525 1.541960 -0.431286 -0.187296
34 1.976136 0.000000 0.000000 -0.000000 -0.068928 -0.257871
35 1.377138 0.000000 0.000000 0.000000 -0.022268 0.192117
36 4.203462 1.484258 -1.588960 -0.187220 1.215394 -1.876470
37 5.124548 0.000000 0.000000 2.170839 0.552856 -0.787887
38 11.580950 0.000000 -0.000000 -0.000000 -0.000000 -0.690381
39 11.182171 -0.000002 0.000017 -1.795834 0.068065 -0.394861
40 3.342029 -0.078177 1.535469 -0.066822 -0.142155 -0.247795
41 1.760565 0.000000 0.000000 -0.003707 -0.008347 -0.417902
42 0.946777 0.000000 0.000000 0.059844 0.161510 -0.356655
43 3.650023 0.193487 0.592403 -0.061796 -0.111438 -0.286498
44 1.940476 0.000000 0.000000 0.063015 0.157361 -0.382781
45 1.194153 0.000000 0.000000 -0.017478 -0.067896 -0.252168
46 3.920897 0.178574 -0.420632 -0.030866 0.002118 -0.237370
47 2.398545 -0.000000 0.000000 0.016327 0.028042 -0.527349
48 1.228913 -0.000000 0.000000 -0.006292 -0.038933 -0.160270
49 3.969067 0.115063 -1.534794 -0.024555 0.031327 -0.228202
50 1.959841 0.000000 0.000000 -0.054600 -0.111020 -0.458274
51 1.099742 0.000000 0.000000 -0.010217 -0.062642 -0.161791
52 1.244767 -0.892595 -1.077153 -1.537577 0.432036 -0.185459
53 1.976136 0.000000 0.000000 -0.000000 0.068928 -0.257871
54 1.377138 0.000000 0.000000 0.000000 0.022268 0.192117
time 70
0 0.000000 0.000000 0.000000 1.570796 0.000000 0.000000
1 0.548764 2.375623 37.512733 1.591150 -0.266980 0.236065
2 0.000000 0.000000 0.000000 0.000000 0.000000 0.000000
3 3.890447 0.000000 0.000000 -1.747867 -0.431385 -1.575504
4 20.402582 -0.000000 0.000000 -0.000000 0.000000 0.746476
5 17.754948 0.000000 -0.000000 -0.186140 0.286086 -1.457216
6 5.733515 0.000000 0.000000 0.009710 -0.018850 -0.356060
7 -3.890447 0.000000 -0.000000 -1.186202 -0.287747 -2.284569
8 20.402582 0.000000 0.000000 0.000000 0.000000 0.915283
9 17.754948 0.000000 0.000000 0.374860 -0.123880 -1.629568
10 5.733515 0.000000 0.000000 -0.098139 0.014671 -0.351936
11 0.000000 3.345132 -1.055022 1.573528 -0.060998 1.690810
12 4.232848 0.000000 0.000000 0.001274 0.153997 0.253249
13 4.327481 -0.000000 0.000000 0.000758 0.042529 0.271999
14 6.430522 0.000000 0.000000 0.096863 0.223252 0.533205
15 5.754028 -0.000000 0.000000 2.985941 -0.048010 0.033012
16 4.208960 -0.000000 0.000000 -0.068354 0.106609 1.012156
17 4.203462 1.484258 1.588960 -0.198733 -1.118657 -1.554117
18 5.124548 0.000000 -0.000000 -1.097846 -0.305022 -1.509550
19 11.580950 0.000000 0.000000 0.000000 0.000000 -0.755546
20 11.182189 -0.000002 -0.000032 1.364252 -0.133314 -0.345948
21 3.342010 -0.071954 -1.535773 0.070874 0.142154 -0.247798
22 1.760565 -0.000000 0.000000 0.003707 0.008347 -0.417902
23 0.946777 0.000000 0.000000 -0.059844 -0.161510 -0.356655
24 3.650005 0.195886 -0.591614 0.065848 0.111437 -0.286501
25 1.940476 0.000000 0.000000 -0.063015 -0.157361 -0.382781
26 1.194153 0.000000 0.000000 0.017478 0.067896 -0.252168
27 3.920878 0.176868 0.421353 0.034918 -0.002119 -0.237374
28 2.398545 0.000000 0.000000 -0.016327 -0.028042 -0.527349
29 1.228913 0.000000 0.000000 0.006292 0.038933 -0.160270
30 3.969047 0.108842 1.535248 0.028607 -0.031328 -0.228206
31 1.959841 0.000000 0.000000 0.054600 0.111020 -0.458274
32 1.099742 0.000000 -0.000000 0.010217 0.062642 -0.161791
33 1.244744 -0.896944 1.073525 1.541960 -0.431286 -0.187296
34 1.976136 0.000000 0.000000 0.000000 -0.068928 -0.257871
35 1.377138 -0.000000 0.000000 0.000000 -0.022268 0.192117
36 4.203462 1.484258 -1.588960 -0.193255 1.217012 -1.888655
37 5.124548 0.000000 0.000000 2.247580 0.542571 -0.786492
38 11.580950 -0.000000 0.000000 -0.000000 -0.000000 -0.525519
39 11.182171 -0.000002 0.000017 -1.879870 0.086376 -0.338028
40 3.342029 -0.078177 1.535469 -0.066822 -0.142155 -0.247795
41 1.760565 0.000000 0.000000 -0.003707 -0.008347 -0.417902
42 0.946777 0.000000 0.000000 0.059844 0.161510 -0.356655
43 3.650023 0.193487 0.592403 -0.061796 -0.111438 -0.286498
44 1.940476 -0.000000 0.000000 0.063015 0.157361 -0.382781
45 1.194153 -0.000000 0.000000 -0.017478 -0.067896 -0.252168
46 3.920897 0.178574 -0.420632 -0.030866 0.002118 -0.237370
47 2.398545 0.000000 0.000000 0.016327 0.028042 -0.527349
48 1.228913 -0.000000 -0.000000 -0.006292 -0.038933 -0.160270
49 3.969067 0.115063 -1.534794 -0.024555 0.031327 -0.228202
50 1.959841 0.000000 -0.000000 -0.054600 -0.111020 -0.458274
51 1.099742 0.000000 -0.000000 -0.010217 -0.062642 -0.161791
52 1.244767 -0.892595 -1.077153 -1.537577 0.432036 -0.185459
53 1.976136 -0.000000 0.000000 -0.000000 0.068928 -0.257871
54 1.377138 -0.000000 0.000000 -0.000000 0.022268 0.192117
time 71
0 0.000000 0.000000 0.000000 1.570796 0.000000 0.000000
1 0.822962 2.140493 37.576847 1.577850 -0.259576 0.232855
2 0.000000 0.000000 0.000000 0.000000 0.000000 0.000000
3 3.890447 0.000000 0.000000 -1.743827 -0.407984 -1.575389
4 20.402582 0.000000 0.000000 -0.000000 -0.000000 0.745381
5 17.754948 0.000000 -0.000000 -0.188712 0.280017 -1.471748
6 5.733515 0.000000 0.000000 0.009720 -0.018789 -0.352349
7 -3.890447 0.000000 -0.000000 -1.199791 -0.258719 -2.272760
8 20.402582 0.000000 0.000000 -0.000000 -0.000000 0.887493
9 17.754948 -0.000000 -0.000000 0.377626 -0.124144 -1.629907
10 5.733515 0.000000 0.000000 -0.098149 0.014614 -0.348492
11 0.000000 3.345132 -1.055022 1.573936 -0.055344 1.691473
12 4.232848 -0.000000 -0.000000 0.003020 0.147905 0.240305
13 4.327481 0.000000 0.000000 0.001649 0.041778 0.262257
14 6.430522 -0.000000 0.000000 0.099115 0.225065 0.529866
15 5.754028 -0.000000 0.000000 2.974296 -0.061816 0.016527
16 4.208960 0.000000 0.000000 -0.063620 0.112885 1.020027
17 4.203462 1.484258 1.588960 -0.185682 -1.127059 -1.561635
18 5.124548 0.000000 0.000000 -1.098084 -0.305223 -1.501746
19 11.580950 0.000000 0.000000 0.000000 -0.000000 -0.775181
20 11.182189 -0.000002 -0.000032 1.349266 -0.114248 -0.349689
21 3.342010 -0.071954 -1.535773 0.070874 0.142154 -0.247798
22 1.760565 -0.000000 0.000000 0.003707 0.008347 -0.417902
23 0.946777 0.000000 -0.000000 -0.059844 -0.161510 -0.356655
24 3.650005 0.195886 -0.591614 0.065848 0.111437 -0.286501
25 1.940476 0.000000 -0.000000 -0.063015 -0.157361 -0.382781
26 1.194153 0.000000 -0.000000 0.017478 0.067896 -0.252168
27 3.920878 0.176868 0.421353 0.034918 -0.002119 -0.237374
28 2.398545 0.000000 -0.000000 -0.016327 -0.028042 -0.527349
29 1.228913 -0.000000 0.000000 0.006292 0.038933 -0.160270
30 3.969047 0.108842 1.535248 0.028607 -0.031328 -0.228206
31 1.959841 0.000000 0.000000 0.054600 0.111020 -0.458274
32 1.099742 0.000000 0.000000 0.010217 0.062642 -0.161791
33 1.244744 -0.896944 1.073525 1.541960 -0.431286 -0.187296
34 1.976136 0.000000 0.000000 -0.000000 -0.068928 -0.257871
35 1.377138 0.000000 0.000000 0.000000 -0.022268 0.192117
36 4.203462 1.484258 -1.588960 -0.207760 1.212122 -1.905070
37 5.124548 0.000000 0.000000 2.356939 0.522234 -0.780119
38 11.580950 0.000000 -0.000000 0.000000 0.000000 -0.405136
39 11.182171 -0.000002 0.000017 -1.960811 0.090498 -0.295394
40 3.342029 -0.078177 1.535469 -0.066822 -0.142155 -0.247795
41 1.760565 -0.000000 -0.000000 -0.003707 -0.008347 -0.417902
42 0.946777 0.000000 0.000000 0.059844 0.161510 -0.356655
43 3.650023 0.193487 0.592403 -0.061796 -0.111438 -0.286498
44 1.940476 -0.000000 -0.000000 0.063015 0.157361 -0.382781
45 1.194153 0.000000 -0.000000 -0.017478 -0.067896 -0.252168
46 3.920897 0.178574 -0.420632 -0.030866 0.002118 -0.237370
47 2.398545 0.000000 -0.000000 0.016327 0.028042 -0.527349
48 1.228913 0.000000 0.000000 -0.006292 -0.038933 -0.160270
49 3.969067 0.115063 -1.534794 -0.024555 0.031327 -0.228202
50 1.959841 0.000000 -0.000000 -0.054600 -0.111020 -0.458274
51 1.099742 -0.000000 0.000000 -0.010217 -0.062642 -0.161791
52 1.244767 -0.892595 -1.077153 -1.537577 0.432036 -0.185459
53 1.976136 0.000000 0.000000 -0.000000 0.068928 -0.257871
54 1.377138 0.000000 0.000000 -0.000000 0.022268 0.192117
time 72
0 0.000000 0.000000 0.000000 1.570796 0.000000 0.000000
1 1.017146 1.889520 37.650127 1.563328 -0.253525 0.228014
2 0.000000 0.000000 0.000000 0.000000 0.000000 0.000000
3 3.890447 0.000000 0.000000 -1.739949 -0.381498 -1.574665
4 20.402582 0.000000 0.000000 -0.000000 -0.000000 0.740861
5 17.754948 -0.000000 -0.000000 -0.192397 0.273122 -1.483419
6 5.733515 0.000000 0.000000 0.009726 -0.018751 -0.350022
7 -3.890447 0.000000 -0.000000 -1.213459 -0.229178 -2.261064
8 20.402582 0.000000 -0.000000 -0.000000 -0.000000 0.860575
9 17.754948 0.000000 0.000000 0.378669 -0.126625 -1.633286
10 5.733515 0.000000 0.000000 -0.098158 0.014557 -0.345030
11 0.000000 3.345132 -1.055022 1.576353 -0.050054 1.689202
12 4.232848 0.000000 0.000000 0.006338 0.140040 0.228713
13 4.327481 0.000000 0.000000 0.003062 0.040606 0.253268
14 6.430522 0.000000 0.000000 0.103645 0.229950 0.527111
15 5.754028 -0.000000 0.000000 2.964857 -0.072541 -0.003330
16 4.208960 0.000000 0.000000 -0.060729 0.117480 1.029864
17 4.203462 1.484258 1.588960 -0.161199 -1.132802 -1.590996
18 5.124548 -0.000000 0.000000 -1.084738 -0.297662 -1.486292
19 11.580950 0.000000 0.000000 0.000000 0.000000 -0.791879
20 11.182189 -0.000002 -0.000032 1.362709 -0.088034 -0.354597
21 3.342010 -0.071954 -1.535773 0.070874 0.142154 -0.247798
22 1.760565 0.000000 0.000000 0.003707 0.008347 -0.417902
23 0.946777 0.000000 0.000000 -0.059844 -0.161510 -0.356655
24 3.650005 0.195886 -0.591614 0.065848 0.111437 -0.286501
25 1.940476 0.000000 -0.000000 -0.063015 -0.157361 -0.382781
26 1.194153 0.000000 0.000000 0.017478 0.067896 -0.252168
27 3.920878 0.176868 0.421353 0.034918 -0.002119 -0.237374
28 2.398545 0.000000 0.000000 -0.016327 -0.028042 -0.527349
29 1.228913 0.000000 -0.000000 0.006292 0.038933 -0.160270
30 3.969047 0.108842 1.535248 0.028607 -0.031328 -0.228206
31 1.959841 -0.000000 -0.000000 0.054600 0.111020 -0.458274
32 1.099742 0.000000 -0.000000 0.010217 0.062642 -0.161791
33 1.244744 -0.896944 1.073525 1.541960 -0.431286 -0.187296
34 1.976136 -0.000000 0.000000 0.000000 -0.068928 -0.257871
35 1.377138 0.000000 0.000000 -0.000000 -0.022268 0.192117
36 4.203462 1.484258 -1.588960 -0.227059 1.202470 -1.925228
37 5.124548 -0.000000 0.000000 2.453266 0.496280 -0.780084
38 11.580950 0.000000 -0.000000 0.000000 -0.000000 -0.340669
39 11.182171 -0.000002 0.000017 -2.026076 0.115366 -0.273839
40 3.342029 -0.078177 1.535469 -0.066822 -0.142155 -0.247795
41 1.760565 0.000000 0.000000 -0.003707 -0.008347 -0.417902
42 0.946777 0.000000 0.000000 0.059844 0.161510 -0.356655
43 3.650023 0.193487 0.592403 -0.061796 -0.111438 -0.286498
44 1.940476 0.000000 0.000000 0.063015 0.157361 -0.382781
45 1.194153 0.000000 0.000000 -0.017478 -0.067896 -0.252168
46 3.920897 0.178574 -0.420632 -0.030866 0.002118 -0.237370
47 2.398545 0.000000 0.000000 0.016327 0.028042 -0.527349
48 1.228913 0.000000 -0.000000 -0.006292 -0.038933 -0.160270
49 3.969067 0.115063 -1.534794 -0.024555 0.031327 -0.228202
50 1.959841 0.000000 0.000000 -0.054600 -0.111020 -0.458274
51 1.099742 -0.000000 -0.000000 -0.010217 -0.062642 -0.161791
52 1.244767 -0.892595 -1.077153 -1.537577 0.432036 -0.185459
53 1.976136 -0.000000 0.000000 0.000000 0.068928 -0.257871
54 1.377138 -0.000000 0.000000 -0.000000 0.022268 0.192117
time 73
0 0.000000 0.000000 0.000000 1.570796 0.000000 0.000000
1 1.188074 1.626684 37.744339 1.548568 -0.249016 0.220765
2 0.000000 0.000000 0.000000 0.000000 0.000000 0.000000
3 3.890447 0.000000 0.000000 -1.736734 -0.352433 -1.575035
4 20.402582 0.000000 -0.000000 0.000000 0.000000 0.732893
5 17.754948 -0.000000 0.000000 -0.195552 0.264331 -1.492167
6 5.733515 0.000000 0.000000 0.009728 -0.018741 -0.349470
7 -3.890447 0.000000 -0.000000 -1.227715 -0.199008 -2.250749
8 20.402582 -0.000000 -0.000000 0.000000 0.000000 0.830650
9 17.754948 0.000000 -0.000000 0.380688 -0.131642 -1.635753
10 5.733515 0.000000 0.000000 -0.098167 0.014506 -0.341944
11 -0.000000 3.345132 -1.055022 1.579199 -0.042466 1.685839
12 4.232848 0.000000 0.000000 0.008700 0.134799 0.219969
13 4.327481 0.000000 0.000000 0.004223 0.039374 0.248626
14 6.430522 0.000000 0.000000 0.105255 0.230182 0.525143
15 5.754028 -0.000000 -0.000000 2.958265 -0.082486 -0.022899
16 4.208960 0.000000 0.000000 -0.058120 0.117086 1.043532
17 4.203462 1.484258 1.588960 -0.184225 -1.135721 -1.579156
18 5.124548 0.000000 0.000000 -1.076092 -0.281391 -1.490599
19 11.580950 -0.000000 0.000000 -0.000000 0.000000 -0.785955
20 11.182189 -0.000002 -0.000032 1.388066 -0.064919 -0.371750
21 3.342010 -0.071954 -1.535773 0.070874 0.142154 -0.247798
22 1.760565 0.000000 -0.000000 0.003707 0.008347 -0.417902
23 0.946777 0.000000 -0.000000 -0.059844 -0.161510 -0.356655
24 3.650005 0.195886 -0.591614 0.065848 0.111437 -0.286501
25 1.940476 0.000000 0.000000 -0.063015 -0.157361 -0.382781
26 1.194153 0.000000 -0.000000 0.017478 0.067896 -0.252168
27 3.920878 0.176868 0.421353 0.034918 -0.002119 -0.237374
28 2.398545 0.000000 0.000000 -0.016327 -0.028042 -0.527349
29 1.228913 0.000000 0.000000 0.006292 0.038933 -0.160270
30 3.969047 0.108842 1.535248 0.028607 -0.031328 -0.228206
31 1.959841 0.000000 -0.000000 0.054600 0.111020 -0.458274
32 1.099742 0.000000 -0.000000 0.010217 0.062642 -0.161791
33 1.244744 -0.896944 1.073525 1.541960 -0.431286 -0.187296
34 1.976136 0.000000 0.000000 0.000000 -0.068928 -0.257871
35 1.377138 0.000000 -0.000000 -0.000000 -0.022268 0.192117
36 4.203462 1.484258 -1.588960 -0.224184 1.197395 -1.922994
37 5.124548 0.000000 -0.000000 2.509099 0.470147 -0.798018
38 11.580950 -0.000000 0.000000 0.000000 0.000000 -0.317505
39 11.182171 -0.000002 0.000017 -2.049699 0.145758 -0.269380
40 3.342029 -0.078177 1.535469 -0.066822 -0.142155 -0.247795
41 1.760565 0.000000 0.000000 -0.003707 -0.008347 -0.417902
42 0.946777 0.000000 0.000000 0.059844 0.161510 -0.356655
43 3.650023 0.193487 0.592403 -0.061796 -0.111438 -0.286498
44 1.940476 0.000000 -0.000000 0.063015 0.157361 -0.382781
45 1.194153 -0.000000 0.000000 -0.017478 -0.067896 -0.252168
46 3.920897 0.178574 -0.420632 -0.030866 0.002118 -0.237370
47 2.398545 -0.000000 0.000000 0.016327 0.028042 -0.527349
48 1.228913 0.000000 0.000000 -0.006292 -0.038933 -0.160270
49 3.969067 0.115063 -1.534794 -0.024555 0.031327 -0.228202
50 1.959841 0.000000 0.000000 -0.054600 -0.111020 -0.458274
51 1.099742 -0.000000 -0.000000 -0.010217 -0.062642 -0.161791
52 1.244767 -0.892595 -1.077153 -1.537577 0.432036 -0.185459
53 1.976136 0.000000 -0.000000 -0.000000 0.068928 -0.257871
54 1.377138 0.000000 0.000000 -0.000000 0.022268 0.192117
time 74
0 0.000000 0.000000 0.000000 1.570796 0.000000 0.000000
1 1.341645 1.404882 37.840675 1.536130 -0.246732 0.210199
2 0.000000 0.000000 0.000000 0.000000 0.000000 0.000000
3 3.890447 0.000000 0.000000 -1.735715 -0.325004 -1.576810
4 20.402582 0.000000 -0.000000 -0.000000 0.000000 0.722811
5 17.754948 -0.000000 -0.000000 -0.198652 0.254146 -1.498345
6 5.733515 0.000000 0.000000 0.009726 -0.018751 -0.350031
7 -3.890447 0.000000 -0.000000 -1.239748 -0.173622 -2.244511
8 20.402582 -0.000000 0.000000 -0.000000 -0.000000 0.802421
9 17.754948 -0.000000 -0.000000 0.382337 -0.140532 -1.637677
10 5.733515 0.000000 0.000000 -0.098170 0.014493 -0.341161
11 -0.000000 3.345132 -1.055022 1.579415 -0.037112 1.683419
12 4.232848 -0.000000 0.000000 0.008582 0.132500 0.214326
13 4.327481 0.000000 0.000000 0.004241 0.038543 0.244847
14 6.430522 0.000000 0.000000 0.101898 0.223749 0.521691
15 5.754028 -0.000000 0.000000 2.953114 -0.098849 -0.044546
16 4.208960 -0.000000 0.000000 -0.053053 0.117761 1.058924
17 4.203462 1.484258 1.588960 -0.205592 -1.124438 -1.564440
18 5.124548 0.000000 0.000000 -1.062272 -0.263780 -1.499926
19 11.580950 0.000000 -0.000000 -0.000000 -0.000000 -0.773194
20 11.182189 -0.000002 -0.000032 1.396066 -0.066268 -0.367747
21 3.342010 -0.071954 -1.535773 0.070874 0.142154 -0.247798
22 1.760565 0.000000 0.000000 0.003707 0.008347 -0.417902
23 0.946777 0.000000 0.000000 -0.059844 -0.161510 -0.356655
24 3.650005 0.195886 -0.591614 0.065848 0.111437 -0.286501
25 1.940476 0.000000 0.000000 -0.063015 -0.157361 -0.382781
26 1.194153 0.000000 0.000000 0.017478 0.067896 -0.252168
27 3.920878 0.176868 0.421353 0.034918 -0.002119 -0.237374
28 2.398545 0.000000 0.000000 -0.016327 -0.028042 -0.527349
29 1.228913 0.000000 0.000000 0.006292 0.038933 -0.160270
30 3.969047 0.108842 1.535248 0.028607 -0.031328 -0.228206
31 1.959841 0.000000 -0.000000 0.054600 0.111020 -0.458274
32 1.099742 0.000000 0.000000 0.010217 0.062642 -0.161791
33 1.244744 -0.896944 1.073525 1.541960 -0.431286 -0.187296
34 1.976136 0.000000 0.000000 0.000000 -0.068928 -0.257871
35 1.377138 0.000000 0.000000 0.000000 -0.022268 0.192117
36 4.203462 1.484258 -1.588960 -0.233341 1.201961 -1.926497
37 5.124548 -0.000000 -0.000000 2.544321 0.451990 -0.811563
38 11.580950 -0.000000 0.000000 0.000000 0.000000 -0.318158
39 11.182171 -0.000002 0.000017 -2.052799 0.152428 -0.275626
40 3.342029 -0.078177 1.535469 -0.066822 -0.142155 -0.247795
41 1.760565 0.000000 0.000000 -0.003707 -0.008347 -0.417902
42 0.946777 0.000000 -0.000000 0.059844 0.161510 -0.356655
43 3.650023 0.193487 0.592403 -0.061796 -0.111438 -0.286498
44 1.940476 -0.000000 -0.000000 0.063015 0.157361 -0.382781
45 1.194153 0.000000 0.000000 -0.017478 -0.067896 -0.252168
46 3.920897 0.178574 -0.420632 -0.030866 0.002118 -0.237370
47 2.398545 0.000000 0.000000 0.016327 0.028042 -0.527349
48 1.228913 0.000000 0.000000 -0.006292 -0.038933 -0.160270
49 3.969067 0.115063 -1.534794 -0.024555 0.031327 -0.228202
50 1.959841 0.000000 0.000000 -0.054600 -0.111020 -0.458274
51 1.099742 0.000000 0.000000 -0.010217 -0.062642 -0.161791
52 1.244767 -0.892595 -1.077153 -1.537577 0.432036 -0.185459
53 1.976136 -0.000000 0.000000 -0.000000 0.068928 -0.257871
54 1.377138 0.000000 0.000000 -0.000000 0.022268 0.192117
time 75
0 0.000000 0.000000 0.000000 1.570796 0.000000 0.000000
1 1.482727 1.271839 37.913788 1.529034 -0.245700 0.194226
2 0.000000 0.000000 0.000000 0.000000 0.000000 0.000000
3 3.890447 0.000000 0.000000 -1.738066 -0.304944 -1.578798
4 20.402582 0.000000 0.000000 -0.000000 -0.000000 0.715187
5 17.754948 0.000000 -0.000000 -0.201494 0.241346 -1.503331
6 5.733515 0.000000 0.000000 0.009721 -0.018781 -0.351873
7 -3.890447 0.000000 -0.000000 -1.248214 -0.159876 -2.242634
8 20.402582 0.000000 0.000000 -0.000000 0.000000 0.779829
9 17.754948 0.000000 0.000000 0.382306 -0.153910 -1.637901
10 5.733515 0.000000 0.000000 -0.098160 0.014549 -0.344543
11 0.000000 3.345132 -1.055022 1.578336 -0.035548 1.682599
12 4.232848 -0.000000 -0.000000 0.007850 0.130660 0.210289
13 4.327481 0.000000 -0.000000 0.003882 0.038219 0.240692
14 6.430522 0.000000 0.000000 0.096711 0.214971 0.518616
15 5.754028 0.000000 0.000000 2.954970 -0.113532 -0.065579
16 4.208960 0.000000 0.000000 -0.046801 0.118788 1.071944
17 4.203462 1.484258 1.588960 -0.203538 -1.108897 -1.569489
18 5.124548 -0.000000 0.000000 -1.052847 -0.245432 -1.502880
19 11.580950 0.000000 0.000000 0.000000 0.000000 -0.758620
20 11.182189 -0.000002 -0.000032 1.398535 -0.070435 -0.356247
21 3.342010 -0.071954 -1.535773 0.070874 0.142154 -0.247798
22 1.760565 0.000000 0.000000 0.003707 0.008347 -0.417902
23 0.946777 0.000000 -0.000000 -0.059844 -0.161510 -0.356655
24 3.650005 0.195886 -0.591614 0.065848 0.111437 -0.286501
25 1.940476 -0.000000 0.000000 -0.063015 -0.157361 -0.382781
26 1.194153 -0.000000 -0.000000 0.017478 0.067896 -0.252168
27 3.920878 0.176868 0.421353 0.034918 -0.002119 -0.237374
28 2.398545 0.000000 0.000000 -0.016327 -0.028042 -0.527349
29 1.228913 -0.000000 0.000000 0.006292 0.038933 -0.160270
30 3.969047 0.108842 1.535248 0.028607 -0.031328 -0.228206
31 1.959841 0.000000 0.000000 0.054600 0.111020 -0.458274
32 1.099742 0.000000 -0.000000 0.010217 0.062642 -0.161791
33 1.244744 -0.896944 1.073525 1.541960 -0.431286 -0.187296
34 1.976136 0.000000 0.000000 -0.000000 -0.068928 -0.257871
35 1.377138 -0.000000 0.000000 0.000000 -0.022268 0.192117
36 4.203462 1.484258 -1.588960 -0.254587 1.207057 -1.945850
37 5.124548 0.000000 -0.000000 2.548357 0.445894 -0.817508
38 11.580950 0.000000 0.000000 0.000000 -0.000000 -0.328371
39 11.182171 -0.000002 0.000017 -2.025580 0.140111 -0.279721
40 3.342029 -0.078177 1.535469 -0.066822 -0.142155 -0.247795
41 1.760565 0.000000 -0.000000 -0.003707 -0.008347 -0.417902
42 0.946777 0.000000 0.000000 0.059844 0.161510 -0.356655
43 3.650023 0.193487 0.592403 -0.061796 -0.111438 -0.286498
44 1.940476 0.000000 0.000000 0.063015 0.157361 -0.382781
45 1.194153 0.000000 0.000000 -0.017478 -0.067896 -0.252168
46 3.920897 0.178574 -0.420632 -0.030866 0.002118 -0.237370
47 2.398545 0.000000 -0.000000 0.016327 0.028042 -0.527349
48 1.228913 0.000000 0.000000 -0.006292 -0.038933 -0.160270
49 3.969067 0.115063 -1.534794 -0.024555 0.031327 -0.228202
50 1.959841 0.000000 0.000000 -0.054600 -0.111020 -0.458274
51 1.099742 0.000000 -0.000000 -0.010217 -0.062642 -0.161791
52 1.244767 -0.892595 -1.077153 -1.537577 0.432036 -0.185459
53 1.976136 -0.000000 0.000000 -0.000000 0.068928 -0.257871
54 1.377138 0.000000 0.000000 -0.000000 0.022268 0.192117
time 76
0 0.000000 0.000000 0.000000 1.570796 0.000000 0.000000
1 1.621625 1.254930 37.951328 1.530743 -0.246168 0.169699
2 0.000000 0.000000 0.000000 0.000000 0.000000 0.000000
3 3.890447 0.000000 0.000000 -1.746212 -0.296111 -1.580580
4 20.402582 0.000000 -0.000000 0.000000 0.000000 0.711533
5 17.754948 0.000000 -0.000000 -0.204736 0.225344 -1.508245
6 5.733515 0.000000 0.000000 0.009715 -0.018820 -0.354235
7 -3.890447 0.000000 -0.000000 -1.250849 -0.163651 -2.247055
8 20.402582 0.000000 0.000000 -0.000000 -0.000000 0.766371
9 17.754948 -0.000000 -0.000000 0.380723 -0.174407 -1.637077
10 5.733515 0.000000 0.000000 -0.098139 0.014669 -0.351855
11 0.000000 3.345132 -1.055022 1.578777 -0.036170 1.682438
12 4.232848 -0.000000 0.000000 0.008988 0.128948 0.206821
13 4.327481 0.000000 0.000000 0.004351 0.038337 0.236390
14 6.430522 -0.000000 0.000000 0.091641 0.204850 0.516270
15 5.754028 -0.000000 0.000000 2.960492 -0.124778 -0.081326
16 4.208960 0.000000 0.000000 -0.041213 0.119830 1.081613
17 4.203462 1.484258 1.588960 -0.181995 -1.104471 -1.582554
18 5.124548 0.000000 0.000000 -1.055317 -0.233571 -1.494445
19 11.580950 0.000000 0.000000 -0.000000 -0.000000 -0.747046
20 11.182189 -0.000002 -0.000032 1.396825 -0.071784 -0.348991
21 3.342010 -0.071954 -1.535773 0.070874 0.142154 -0.247798
22 1.760565 0.000000 0.000000 0.003707 0.008347 -0.417902
23 0.946777 0.000000 -0.000000 -0.059844 -0.161510 -0.356655
24 3.650005 0.195886 -0.591614 0.065848 0.111437 -0.286501
25 1.940476 0.000000 -0.000000 -0.063015 -0.157361 -0.382781
26 1.194153 0.000000 0.000000 0.017478 0.067896 -0.252168
27 3.920878 0.176868 0.421353 0.034918 -0.002119 -0.237374
28 2.398545 0.000000 -0.000000 -0.016327 -0.028042 -0.527349
29 1.228913 0.000000 -0.000000 0.006292 0.038933 -0.160270
30 3.969047 0.108842 1.535248 0.028607 -0.031328 -0.228206
31 1.959841 0.000000 -0.000000 0.054600 0.111020 -0.458274
32 1.099742 0.000000 -0.000000 0.010217 0.062642 -0.161791
33 1.244744 -0.896944 1.073525 1.541960 -0.431286 -0.187296
34 1.976136 0.000000 -0.000000 -0.000000 -0.068928 -0.257871
35 1.377138 -0.000000 0.000000 -0.000000 -0.022268 0.192117
36 4.203462 1.484258 -1.588960 -0.261447 1.207771 -1.958435
37 5.124548 -0.000000 -0.000000 2.526839 0.452084 -0.825266
38 11.580950 0.000000 0.000000 0.000000 0.000000 -0.339726
39 11.182171 -0.000002 0.000017 -1.987390 0.112985 -0.284421
40 3.342029 -0.078177 1.535469 -0.066822 -0.142155 -0.247795
41 1.760565 -0.000000 0.000000 -0.003707 -0.008347 -0.417902
42 0.946777 0.000000 0.000000 0.059844 0.161510 -0.356655
43 3.650023 0.193487 0.592403 -0.061796 -0.111438 -0.286498
44 1.940476 0.000000 0.000000 0.063015 0.157361 -0.382781
45 1.194153 -0.000000 0.000000 -0.017478 -0.067896 -0.252168
46 3.920897 0.178574 -0.420632 -0.030866 0.002118 -0.237370
47 2.398545 0.000000 -0.000000 0.016327 0.028042 -0.527349
48 1.228913 -0.000000 0.000000 -0.006292 -0.038933 -0.160270
49 3.969067 0.115063 -1.534794 -0.024555 0.031327 -0.228202
50 1.959841 0.000000 -0.000000 -0.054600 -0.111020 -0.458274
51 1.099742 -0.000000 -0.000000 -0.010217 -0.062642 -0.161791
52 1.244767 -0.892595 -1.077153 -1.537577 0.432036 -0.185459
53 1.976136 0.000000 0.000000 -0.000000 0.068928 -0.257871
54 1.377138 0.000000 0.000000 -0.000000 0.022268 0.192117
time 77
0 0.000000 0.000000 0.000000 1.570796 0.000000 0.000000
1 1.697098 1.349826 37.972378 1.542106 -0.247514 0.142030
2 0.000000 0.000000 0.000000 0.000000 0.000000 0.000000
3 3.890447 0.000000 0.000000 -1.759583 -0.300285 -1.580264
4 20.402582 0.000000 -0.000000 0.000000 -0.000000 0.709776
5 17.754948 -0.000000 -0.000000 -0.207305 0.211151 -1.509692
6 5.733515 -0.000000 0.000000 0.009705 -0.018878 -0.357712
7 -3.890447 -0.000000 -0.000000 -1.243862 -0.183531 -2.254648
8 20.402582 0.000000 0.000000 -0.000000 0.000000 0.761776
9 17.754948 -0.000000 0.000000 0.374187 -0.196503 -1.636522
10 5.733515 0.000000 0.000000 -0.098118 0.014801 -0.359842
11 0.000000 3.345132 -1.055022 1.580859 -0.038235 1.681457
12 4.232848 0.000000 0.000000 0.011755 0.127679 0.204441
13 4.327481 0.000000 0.000000 0.005489 0.038677 0.231460
14 6.430522 0.000000 0.000000 0.088605 0.196901 0.513269
15 5.754028 -0.000000 0.000000 2.965848 -0.129726 -0.085043
16 4.208960 0.000000 0.000000 -0.038989 0.121663 1.084797
17 4.203462 1.484258 1.588960 -0.149996 -1.108104 -1.602066
18 5.124548 0.000000 0.000000 -1.063471 -0.222945 -1.479223
19 11.580950 -0.000000 0.000000 -0.000000 -0.000000 -0.737158
20 11.182189 -0.000002 -0.000032 1.399535 -0.065685 -0.345539
21 3.342010 -0.071954 -1.535773 0.070874 0.142154 -0.247798
22 1.760565 0.000000 0.000000 0.003707 0.008347 -0.417902
23 0.946777 -0.000000 -0.000000 -0.059844 -0.161510 -0.356655
24 3.650005 0.195886 -0.591614 0.065848 0.111437 -0.286501
25 1.940476 0.000000 0.000000 -0.063015 -0.157361 -0.382781
26 1.194153 0.000000 0.000000 0.017478 0.067896 -0.252168
27 3.920878 0.176868 0.421353 0.034918 -0.002119 -0.237374
28 2.398545 0.000000 0.000000 -0.016327 -0.028042 -0.527349
29 1.228913 0.000000 0.000000 0.006292 0.038933 -0.160270
30 3.969047 0.108842 1.535248 0.028607 -0.031328 -0.228206
31 1.959841 0.000000 -0.000000 0.054600 0.111020 -0.458274
32 1.099742 0.000000 0.000000 0.010217 0.062642 -0.161791
33 1.244744 -0.896944 1.073525 1.541960 -0.431286 -0.187296
34 1.976136 -0.000000 0.000000 -0.000000 -0.068928 -0.257871
35 1.377138 -0.000000 0.000000 0.000000 -0.022268 0.192117
36 4.203462 1.484258 -1.588960 -0.266805 1.203197 -1.968820
37 5.124548 0.000000 -0.000000 2.486491 0.474399 -0.829494
38 11.580950 0.000000 0.000000 0.000000 -0.000000 -0.354529
39 11.182171 -0.000002 0.000017 -1.948974 0.082707 -0.290106
40 3.342029 -0.078177 1.535469 -0.066822 -0.142155 -0.247795
41 1.760565 0.000000 -0.000000 -0.003707 -0.008347 -0.417902
42 0.946777 -0.000000 -0.000000 0.059844 0.161510 -0.356655
43 3.650023 0.193487 0.592403 -0.061796 -0.111438 -0.286498
44 1.940476 0.000000 -0.000000 0.063015 0.157361 -0.382781
45 1.194153 -0.000000 0.000000 -0.017478 -0.067896 -0.252168
46 3.920897 0.178574 -0.420632 -0.030866 0.002118 -0.237370
47 2.398545 0.000000 0.000000 0.016327 0.028042 -0.527349
48 1.228913 0.000000 0.000000 -0.006292 -0.038933 -0.160270
49 3.969067 0.115063 -1.534794 -0.024555 0.031327 -0.228202
50 1.959841 0.000000 0.000000 -0.054600 -0.111020 -0.458274
51 1.099742 0.000000 0.000000 -0.010217 -0.062642 -0.161791
52 1.244767 -0.892595 -1.077153 -1.537577 0.432036 -0.185459
53 1.976136 0.000000 0.000000 0.000000 0.068928 -0.257871
54 1.377138 -0.000000 0.000000 0.000000 0.022268 0.192117
time 78
0 0.000000 0.000000 0.000000 1.570796 0.000000 0.000000
1 1.668861 1.542745 37.967793 1.556366 -0.249410 0.117860
2 0.000000 0.000000 0.000000 0.000000 0.000000 0.000000
3 3.890447 0.000000 0.000000 -1.773047 -0.312359 -1.577786
4 20.402582 0.000000 0.000000 -0.000000 -0.000000 0.709577
5 17.754948 0.000000 0.000000 -0.209853 0.200681 -1.506729
6 5.733515 0.000000 -0.000000 0.009687 -0.018997 -0.364927
7 -3.890447 0.000000 -0.000000 -1.239223 -0.211420 -2.260756
8 20.402582 0.000000 0.000000 0.000000 0.000000 0.765447
9 17.754948 0.000000 -0.000000 0.377693 -0.209098 -1.638381
10 5.733515 0.000000 0.000000 -0.098088 0.014999 -0.371790
11 0.000000 3.345132 -1.055022 1.583850 -0.043711 1.679078
12 4.232848 0.000000 0.000000 0.014958 0.126464 0.205097
13 4.327481 0.000000 0.000000 0.006627 0.038546 0.226928
14 6.430522 0.000000 0.000000 0.089264 0.195604 0.510437
15 5.754028 -0.000000 0.000000 2.969115 -0.125385 -0.074098
16 4.208960 -0.000000 0.000000 -0.041866 0.126239 1.080572
17 4.203462 1.484258 1.588960 -0.133927 -1.117345 -1.609562
18 5.124548 0.000000 -0.000000 -1.062678 -0.210115 -1.467880
19 11.580950 0.000000 0.000000 -0.000000 -0.000000 -0.726982
20 11.182189 -0.000002 -0.000032 1.405517 -0.062564 -0.336415
21 3.342010 -0.071954 -1.535773 0.070874 0.142154 -0.247798
22 1.760565 -0.000000 0.000000 0.003707 0.008347 -0.417902
23 0.946777 0.000000 0.000000 -0.059844 -0.161510 -0.356655
24 3.650005 0.195886 -0.591614 0.065848 0.111437 -0.286501
25 1.940476 0.000000 0.000000 -0.063015 -0.157361 -0.382781
26 1.194153 0.000000 -0.000000 0.017478 0.067896 -0.252168
27 3.920878 0.176868 0.421353 0.034918 -0.002119 -0.237374
28 2.398545 0.000000 -0.000000 -0.016327 -0.028042 -0.527349
29 1.228913 -0.000000 0.000000 0.006292 0.038933 -0.160270
30 3.969047 0.108842 1.535248 0.028607 -0.031328 -0.228206
31 1.959841 0.000000 0.000000 0.054600 0.111020 -0.458274
32 1.099742 -0.000000 0.000000 0.010217 0.062642 -0.161791
33 1.244744 -0.896944 1.073525 1.541960 -0.431286 -0.187296
34 1.976136 0.000000 0.000000 -0.000000 -0.068928 -0.257871
35 1.377138 0.000000 0.000000 0.000000 -0.022268 0.192117
36 4.203462 1.484258 -1.588960 -0.301397 1.194706 -1.990394
37 5.124548 0.000000 0.000000 2.425050 0.517074 -0.814579
38 11.580950 0.000000 0.000000 -0.000000 -0.000000 -0.380694
39 11.182171 -0.000002 0.000017 -1.895550 0.071196 -0.304938
40 3.342029 -0.078177 1.535469 -0.066822 -0.142155 -0.247795
41 1.760565 0.000000 -0.000000 -0.003707 -0.008347 -0.417902
42 0.946777 0.000000 0.000000 0.059844 0.161510 -0.356655
43 3.650023 0.193487 0.592403 -0.061796 -0.111438 -0.286498
44 1.940476 -0.000000 0.000000 0.063015 0.157361 -0.382781
45 1.194153 0.000000 0.000000 -0.017478 -0.067896 -0.252168
46 3.920897 0.178574 -0.420632 -0.030866 0.002118 -0.237370
47 2.398545 -0.000000 0.000000 0.016327 0.028042 -0.527349
48 1.228913 0.000000 0.000000 -0.006292 -0.038933 -0.160270
49 3.969067 0.115063 -1.534794 -0.024555 0.031327 -0.228202
50 1.959841 0.000000 0.000000 -0.054600 -0.111020 -0.458274
51 1.099742 -0.000000 0.000000 -0.010217 -0.062642 -0.161791
52 1.244767 -0.892595 -1.077153 -1.537577 0.432036 -0.185459
53 1.976136 -0.000000 0.000000 -0.000000 0.068928 -0.257871
54 1.377138 0.000000 0.000000 -0.000000 0.022268 0.192117
time 79
0 0.000000 0.000000 0.000000 1.570796 0.000000 0.000000
1 1.646505 1.806960 37.921688 1.569439 -0.253760 0.099186
2 0.000000 0.000000 0.000000 0.000000 0.000000 0.000000
3 3.890447 0.000000 0.000000 -1.784942 -0.328583 -1.577875
4 20.402582 0.000000 -0.000000 -0.000000 0.000000 0.713774
5 17.754948 -0.000000 0.000000 -0.211724 0.193808 -1.504883
6 5.733515 0.000000 0.000000 0.009687 -0.018999 -0.365022
7 -3.890447 0.000000 -0.000000 -1.222206 -0.240105 -2.274953
8 20.402582 0.000000 0.000000 0.000000 0.000000 0.775109
9 17.754948 -0.000000 0.000000 0.375779 -0.224054 -1.631539
10 5.733515 0.000000 0.000000 -0.098019 0.015544 -0.404597
11 0.000000 3.345132 -1.055022 1.584386 -0.050102 1.678048
12 4.232848 0.000000 -0.000000 0.016301 0.126651 0.210056
13 4.327481 0.000000 0.000000 0.006956 0.038605 0.228314
14 6.430522 -0.000000 0.000000 0.089868 0.196244 0.511706
15 5.754028 -0.000000 0.000000 2.971006 -0.121539 -0.066393
16 4.208960 0.000000 -0.000000 -0.046691 0.133107 1.078409
17 4.203462 1.484258 1.588960 -0.138922 -1.122168 -1.608984
18 5.124548 0.000000 0.000000 -1.043351 -0.197013 -1.464784
19 11.580950 0.000000 0.000000 0.000000 0.000000 -0.710554
20 11.182189 -0.000002 -0.000032 1.405603 -0.055380 -0.332042
21 3.342010 -0.071954 -1.535773 0.070874 0.142154 -0.247798
22 1.760565 0.000000 0.000000 0.003707 0.008347 -0.417902
23 0.946777 0.000000 0.000000 -0.059844 -0.161510 -0.356655
24 3.650005 0.195886 -0.591614 0.065848 0.111437 -0.286501
25 1.940476 0.000000 -0.000000 -0.063015 -0.157361 -0.382781
26 1.194153 0.000000 -0.000000 0.017478 0.067896 -0.252168
27 3.920878 0.176868 0.421353 0.034918 -0.002119 -0.237374
28 2.398545 0.000000 0.000000 -0.016327 -0.028042 -0.527349
29 1.228913 0.000000 0.000000 0.006292 0.038933 -0.160270
30 3.969047 0.108842 1.535248 0.028607 -0.031328 -0.228206
31 1.959841 0.000000 -0.000000 0.054600 0.111020 -0.458274
32 1.099742 0.000000 0.000000 0.010217 0.062642 -0.161791
33 1.244744 -0.896944 1.073525 1.541960 -0.431286 -0.187296
34 1.976136 0.000000 0.000000 -0.000000 -0.068928 -0.257871
35 1.377138 -0.000000 0.000000 0.000000 -0.022268 0.192117
36 4.203462 1.484258 -1.588960 -0.317133 1.192003 -1.998068
37 5.124548 0.000000 -0.000000 2.357322 0.561189 -0.800569
38 11.580950 -0.000000 0.000000 -0.000000 0.000000 -0.420364
39 11.182171 -0.000002 0.000017 -1.842868 0.061093 -0.322446
40 3.342029 -0.078177 1.535469 -0.066822 -0.142155 -0.247795
41 1.760565 0.000000 0.000000 -0.003707 -0.008347 -0.417902
42 0.946777 0.000000 0.000000 0.059844 0.161510 -0.356655
43 3.650023 0.193487 0.592403 -0.061796 -0.111438 -0.286498
44 1.940476 0.000000 0.000000 0.063015 0.157361 -0.382781
45 1.194153 0.000000 0.000000 -0.017478 -0.067896 -0.252168
46 3.920897 0.178574 -0.420632 -0.030866 0.002118 -0.237370
47 2.398545 0.000000 0.000000 0.016327 0.028042 -0.527349
48 1.228913 0.000000 0.000000 -0.006292 -0.038933 -0.160270
49 3.969067 0.115063 -1.534794 -0.024555 0.031327 -0.228202
50 1.959841 -0.000000 -0.000000 -0.054600 -0.111020 -0.458274
51 1.099742 -0.000000 0.000000 -0.010217 -0.062642 -0.161791
52 1.244767 -0.892595 -1.077153 -1.537577 0.432036 -0.185459
53 1.976136 0.000000 0.000000 0.000000 0.068928 -0.257871
54 1.377138 0.000000 0.000000 -0.000000 0.022268 0.192117
time 80
0 0.000000 0.000000 0.000000 1.570796 0.000000 0.000000
1 1.631061 2.096674 37.870129 1.583281 -0.259592 0.081983
2 0.000000 0.000000 0.000000 0.000000 0.000000 0.000000
3 3.890447 -0.000000 0.000000 -1.795723 -0.345744 -1.579866
4 20.402582 0.000000 0.000000 0.000000 0.000000 0.716368
5 17.754948 -0.000000 0.000000 -0.214956 0.187649 -1.503053
6 5.733515 -0.000000 0.000000 0.009684 -0.019016 -0.366056
7 -3.890447 0.000000 -0.000000 -1.208217 -0.270573 -2.289733
8 20.402582 -0.000000 0.000000 0.000000 0.000000 0.785666
9 17.754948 -0.000000 0.000000 0.369983 -0.233069 -1.621153
10 5.733515 0.000000 0.000000 -0.097978 0.015963 -0.429726
11 -0.000000 3.345132 -1.055022 1.585431 -0.054577 1.677618
12 4.232848 -0.000000 0.000000 0.016852 0.130367 0.219442
13 4.327481 0.000000 0.000000 0.007193 0.039200 0.237377
14 6.430522 0.000000 -0.000000 0.090514 0.197338 0.516813
15 5.754028 0.000000 -0.000000 2.973281 -0.114264 -0.062979
16 4.208960 -0.000000 0.000000 -0.054708 0.140141 1.078944
17 4.203462 1.484258 1.588960 -0.165082 -1.125941 -1.592116
18 5.124548 0.000000 -0.000000 -1.014846 -0.190089 -1.472267
19 11.580950 0.000000 0.000000 0.000000 0.000000 -0.697940
20 11.182189 -0.000002 -0.000032 1.415133 -0.036808 -0.322557
21 3.342010 -0.071954 -1.535773 0.070874 0.142154 -0.247798
22 1.760565 0.000000 0.000000 0.003707 0.008347 -0.417902
23 0.946777 0.000000 0.000000 -0.059844 -0.161510 -0.356655
24 3.650005 0.195886 -0.591614 0.065848 0.111437 -0.286501
25 1.940476 0.000000 0.000000 -0.063015 -0.157361 -0.382781
26 1.194153 0.000000 -0.000000 0.017478 0.067896 -0.252168
27 3.920878 0.176868 0.421353 0.034918 -0.002119 -0.237374
28 2.398545 0.000000 0.000000 -0.016327 -0.028042 -0.527349
29 1.228913 0.000000 -0.000000 0.006292 0.038933 -0.160270
30 3.969047 0.108842 1.535248 0.028607 -0.031328 -0.228206
31 1.959841 0.000000 0.000000 0.054600 0.111020 -0.458274
32 1.099742 0.000000 -0.000000 0.010217 0.062642 -0.161791
33 1.244744 -0.896944 1.073525 1.541960 -0.431286 -0.187296
34 1.976136 0.000000 0.000000 0.000000 -0.068928 -0.257871
35 1.377138 0.000000 0.000000 0.000000 -0.022268 0.192117
36 4.203462 1.484258 -1.588960 -0.292154 1.197007 -1.977697
37 5.124548 0.000000 0.000000 2.287155 0.595707 -0.799081
38 11.580950 0.000000 0.000000 0.000000 0.000000 -0.477241
39 11.182171 -0.000002 0.000017 -1.804864 0.058515 -0.348833
40 3.342029 -0.078177 1.535469 -0.066822 -0.142155 -0.247795
41 1.760565 0.000000 0.000000 -0.003707 -0.008347 -0.417902
42 0.946777 0.000000 0.000000 0.059844 0.161510 -0.356655
43 3.650023 0.193487 0.592403 -0.061796 -0.111438 -0.286498
44 1.940476 0.000000 0.000000 0.063015 0.157361 -0.382781
45 1.194153 0.000000 0.000000 -0.017478 -0.067896 -0.252168
46 3.920897 0.178574 -0.420632 -0.030866 0.002118 -0.237370
47 2.398545 0.000000 0.000000 0.016327 0.028042 -0.527349
48 1.228913 0.000000 -0.000000 -0.006292 -0.038933 -0.160270
49 3.969067 0.115063 -1.534794 -0.024555 0.031327 -0.228202
50 1.959841 0.000000 0.000000 -0.054600 -0.111020 -0.458274
51 1.099742 0.000000 0.000000 -0.010217 -0.062642 -0.161791
52 1.244767 -0.892595 -1.077153 -1.537577 0.432036 -0.185459
53 1.976136 -0.000000 0.000000 -0.000000 0.068928 -0.257871
54 1.377138 0.000000 0.000000 0.000000 0.022268 0.192117
time 81
0 0.000000 0.000000 0.000000 1.570796 0.000000 0.000000
1 1.601785 2.397083 37.834633 1.599806 -0.267265 0.067900
2 0.000000 0.000000 0.000000 0.000000 0.000000 0.000000
3 3.890447 0.000000 0.000000 -1.808352 -0.363632 -1.583192
4 20.402582 0.000000 -0.000000 0.000000 0.000000 0.712828
5 17.754948 -0.000000 0.000000 -0.218233 0.186683 -1.499318
6 5.733515 -0.000000 0.000000 0.009688 -0.018987 -0.364304
7 -3.890447 -0.000000 -0.000000 -1.197145 -0.302868 -2.304465
8 20.402582 0.000000 -0.000000 -0.000000 0.000000 0.796757
9 17.754948 0.000000 0.000000 0.365115 -0.237381 -1.608997
10 5.733515 0.000000 0.000000 -0.097975 0.015993 -0.431539
11 -0.000000 3.345132 -1.055022 1.586008 -0.056519 1.678244
12 4.232848 0.000000 0.000000 0.016556 0.136393 0.230465
13 4.327481 0.000000 0.000000 0.007251 0.040103 0.250078
14 6.430522 0.000000 0.000000 0.090618 0.198067 0.523187
15 5.754028 -0.000000 0.000000 2.980020 -0.089648 -0.046461
16 4.208960 0.000000 0.000000 -0.070197 0.142945 1.072339
17 4.203462 1.484258 1.588960 -0.204121 -1.129181 -1.556777
18 5.124548 -0.000000 0.000000 -0.986583 -0.193252 -1.489483
19 11.580950 0.000000 0.000000 0.000000 0.000000 -0.689145
20 11.182189 -0.000002 -0.000032 1.430374 -0.016177 -0.323675
21 3.342010 -0.071954 -1.535773 0.070874 0.142154 -0.247798
22 1.760565 0.000000 0.000000 0.003707 0.008347 -0.417902
23 0.946777 0.000000 0.000000 -0.059844 -0.161510 -0.356655
24 3.650005 0.195886 -0.591614 0.065848 0.111437 -0.286501
25 1.940476 0.000000 0.000000 -0.063015 -0.157361 -0.382781
26 1.194153 0.000000 0.000000 0.017478 0.067896 -0.252168
27 3.920878 0.176868 0.421353 0.034918 -0.002119 -0.237374
28 2.398545 0.000000 0.000000 -0.016327 -0.028042 -0.527349
29 1.228913 0.000000 -0.000000 0.006292 0.038933 -0.160270
30 3.969047 0.108842 1.535248 0.028607 -0.031328 -0.228206
31 1.959841 0.000000 -0.000000 0.054600 0.111020 -0.458274
32 1.099742 0.000000 0.000000 0.010217 0.062642 -0.161791
33 1.244744 -0.896944 1.073525 1.541960 -0.431286 -0.187296
34 1.976136 0.000000 0.000000 0.000000 -0.068928 -0.257871
35 1.377138 0.000000 0.000000 0.000000 -0.022268 0.192117
36 4.203462 1.484258 -1.588960 -0.255266 1.207421 -1.952748
37 5.124548 -0.000000 0.000000 2.224146 0.615055 -0.801193
38 11.580950 0.000000 0.000000 -0.000000 0.000000 -0.559343
39 11.182171 -0.000002 0.000017 -1.776482 0.056970 -0.377998
40 3.342029 -0.078177 1.535469 -0.066822 -0.142155 -0.247795
41 1.760565 0.000000 0.000000 -0.003707 -0.008347 -0.417902
42 0.946777 0.000000 0.000000 0.059844 0.161510 -0.356655
43 3.650023 0.193487 0.592403 -0.061796 -0.111438 -0.286498
44 1.940476 -0.000000 0.000000 0.063015 0.157361 -0.382781
45 1.194153 0.000000 0.000000 -0.017478 -0.067896 -0.252168
46 3.920897 0.178574 -0.420632 -0.030866 0.002118 -0.237370
47 2.398545 0.000000 0.000000 0.016327 0.028042 -0.527349
48 1.228913 -0.000000 0.000000 -0.006292 -0.038933 -0.160270
49 3.969067 0.115063 -1.534794 -0.024555 0.031327 -0.228202
50 1.959841 0.000000 0.000000 -0.054600 -0.111020 -0.458274
51 1.099742 -0.000000 0.000000 -0.010217 -0.062642 -0.161791
52 1.244767 -0.892595 -1.077153 -1.537577 0.432036 -0.185459
53 1.976136 0.000000 0.000000 -0.000000 0.068928 -0.257871
54 1.377138 0.000000 0.000000 -0.000000 0.022268 0.192117
time 82
0 0.000000 0.000000 0.000000 1.570796 0.000000 0.000000
1 1.549400 2.697487 37.817673 1.617195 -0.275934 0.058144
2 0.000000 0.000000 0.000000 0.000000 0.000000 0.000000
3 3.890447 -0.000000 0.000000 -1.820567 -0.381835 -1.587349
4 20.402582 0.000000 0.000000 0.000000 0.000000 0.705599
5 17.754948 -0.000000 0.000000 -0.220937 0.189814 -1.493100
6 5.733515 0.000000 0.000000 0.009695 -0.018946 -0.361819
7 -3.890447 0.000000 -0.000000 -1.188452 -0.334010 -2.318395
8 20.402582 0.000000 0.000000 -0.000000 -0.000000 0.807319
9 17.754948 0.000000 0.000000 0.362149 -0.236547 -1.596331
10 5.733515 0.000000 -0.000000 -0.098021 0.015526 -0.403487
11 0.000000 3.345132 -1.055022 1.584888 -0.061501 1.680908
12 4.232848 0.000000 0.000000 0.015141 0.143779 0.241780
13 4.327481 0.000000 0.000000 0.006655 0.041566 0.259637
14 6.430522 -0.000000 0.000000 0.089289 0.197556 0.527327
15 5.754028 -0.000000 -0.000000 2.987465 -0.061825 -0.020881
16 4.208960 0.000000 0.000000 -0.089557 0.139781 1.059137
17 4.203462 1.484258 1.588960 -0.203307 -1.128473 -1.558315
18 5.124548 0.000000 0.000000 -0.962577 -0.199314 -1.492017
19 11.580950 0.000000 -0.000000 0.000000 -0.000000 -0.690939
20 11.182189 -0.000002 -0.000032 1.447150 0.008075 -0.329141
21 3.342010 -0.071954 -1.535773 0.070874 0.142154 -0.247798
22 1.760565 0.000000 0.000000 0.003707 0.008347 -0.417902
23 0.946777 0.000000 0.000000 -0.059844 -0.161510 -0.356655
24 3.650005 0.195886 -0.591614 0.065848 0.111437 -0.286501
25 1.940476 0.000000 0.000000 -0.063015 -0.157361 -0.382781
26 1.194153 0.000000 0.000000 0.017478 0.067896 -0.252168
27 3.920878 0.176868 0.421353 0.034918 -0.002119 -0.237374
28 2.398545 -0.000000 0.000000 -0.016327 -0.028042 -0.527349
29 1.228913 -0.000000 0.000000 0.006292 0.038933 -0.160270
30 3.969047 0.108842 1.535248 0.028607 -0.031328 -0.228206
31 1.959841 0.000000 0.000000 0.054600 0.111020 -0.458274
32 1.099742 0.000000 0.000000 0.010217 0.062642 -0.161791
33 1.244744 -0.896944 1.073525 1.541960 -0.431286 -0.187296
34 1.976136 -0.000000 0.000000 -0.000000 -0.068928 -0.257871
35 1.377138 -0.000000 0.000000 0.000000 -0.022268 0.192117
36 4.203462 1.484258 -1.588960 -0.256323 1.216159 -1.958572
37 5.124548 0.000000 0.000000 2.185996 0.629683 -0.786502
38 11.580950 0.000000 0.000000 0.000000 -0.000000 -0.653179
39 11.182171 -0.000002 0.000017 -1.748210 0.051832 -0.413285
40 3.342029 -0.078177 1.535469 -0.066822 -0.142155 -0.247795
41 1.760565 -0.000000 0.000000 -0.003707 -0.008347 -0.417902
42 0.946777 0.000000 0.000000 0.059844 0.161510 -0.356655
43 3.650023 0.193487 0.592403 -0.061796 -0.111438 -0.286498
44 1.940476 0.000000 0.000000 0.063015 0.157361 -0.382781
45 1.194153 0.000000 0.000000 -0.017478 -0.067896 -0.252168
46 3.920897 0.178574 -0.420632 -0.030866 0.002118 -0.237370
47 2.398545 0.000000 -0.000000 0.016327 0.028042 -0.527349
48 1.228913 0.000000 0.000000 -0.006292 -0.038933 -0.160270
49 3.969067 0.115063 -1.534794 -0.024555 0.031327 -0.228202
50 1.959841 0.000000 0.000000 -0.054600 -0.111020 -0.458274
51 1.099742 0.000000 0.000000 -0.010217 -0.062642 -0.161791
52 1.244767 -0.892595 -1.077153 -1.537577 0.432036 -0.185459
53 1.976136 0.000000 -0.000000 -0.000000 0.068928 -0.257871
54 1.377138 0.000000 0.000000 -0.000000 0.022268 0.192117
time 83
0 0.000000 0.000000 0.000000 1.570796 0.000000 0.000000
1 1.470469 2.993348 37.816025 1.635584 -0.288579 0.054184
2 0.000000 0.000000 0.000000 0.000000 0.000000 0.000000
3 3.890447 0.000000 0.000000 -1.832688 -0.399976 -1.595466
4 20.402582 0.000000 0.000000 0.000000 -0.000000 0.692702
5 17.754948 -0.000000 0.000000 -0.222241 0.198922 -1.482676
6 5.733515 0.000000 0.000000 0.009698 -0.018925 -0.360592
7 -3.890447 -0.000000 -0.000000 -1.178088 -0.363205 -2.336188
8 20.402582 0.000000 0.000000 -0.000000 -0.000000 0.818389
9 17.754948 0.000000 -0.000000 0.359713 -0.231603 -1.585501
10 5.733515 0.000000 0.000000 -0.098066 0.015161 -0.381556
11 0.000000 3.345132 -1.055022 1.582645 -0.067433 1.682969
12 4.232848 -0.000000 -0.000000 0.012633 0.153806 0.254749
13 4.327481 0.000000 0.000000 0.005391 0.043541 0.266072
14 6.430522 -0.000000 0.000000 0.085591 0.193864 0.527407
15 5.754028 -0.000000 -0.000000 2.992987 -0.041939 0.001532
16 4.208960 0.000000 0.000000 -0.106116 0.133040 1.049010
17 4.203462 1.484258 1.588960 -0.209780 -1.116696 -1.546810
18 5.124548 -0.000000 0.000000 -0.939614 -0.206412 -1.500150
19 11.580950 0.000000 0.000000 0.000000 0.000000 -0.701682
20 11.182189 -0.000002 -0.000032 1.461130 0.026314 -0.333551
21 3.342010 -0.071954 -1.535773 0.070874 0.142154 -0.247798
22 1.760565 0.000000 0.000000 0.003707 0.008347 -0.417902
23 0.946777 0.000000 0.000000 -0.059844 -0.161510 -0.356655
24 3.650005 0.195886 -0.591614 0.065848 0.111437 -0.286501
25 1.940476 0.000000 -0.000000 -0.063015 -0.157361 -0.382781
26 1.194153 0.000000 0.000000 0.017478 0.067896 -0.252168
27 3.920878 0.176868 0.421353 0.034918 -0.002119 -0.237374
28 2.398545 0.000000 0.000000 -0.016327 -0.028042 -0.527349
29 1.228913 0.000000 0.000000 0.006292 0.038933 -0.160270
30 3.969047 0.108842 1.535248 0.028607 -0.031328 -0.228206
31 1.959841 0.000000 0.000000 0.054600 0.111020 -0.458274
32 1.099742 0.000000 0.000000 0.010217 0.062642 -0.161791
33 1.244744 -0.896944 1.073525 1.541960 -0.431286 -0.187296
34 1.976136 0.000000 -0.000000 0.000000 -0.068928 -0.257871
35 1.377138 0.000000 0.000000 0.000000 -0.022268 0.192117
36 4.203462 1.484258 -1.588960 -0.266991 1.216111 -1.964931
37 5.124548 0.000000 -0.000000 2.160607 0.642528 -0.773756
38 11.580950 0.000000 0.000000 0.000000 -0.000000 -0.758406
39 11.182171 -0.000002 0.000017 -1.721375 0.045923 -0.450542
40 3.342029 -0.078177 1.535469 -0.066822 -0.142155 -0.247795
41 1.760565 0.000000 0.000000 -0.003707 -0.008347 -0.417902
42 0.946777 -0.000000 0.000000 0.059844 0.161510 -0.356655
43 3.650023 0.193487 0.592403 -0.061796 -0.111438 -0.286498
44 1.940476 0.000000 0.000000 0.063015 0.157361 -0.382781
45 1.194153 -0.000000 0.000000 -0.017478 -0.067896 -0.252168
46 3.920897 0.178574 -0.420632 -0.030866 0.002118 -0.237370
47 2.398545 0.000000 -0.000000 0.016327 0.028042 -0.527349
48 1.228913 -0.000000 0.000000 -0.006292 -0.038933 -0.160270
49 3.969067 0.115063 -1.534794 -0.024555 0.031327 -0.228202
50 1.959841 0.000000 0.000000 -0.054600 -0.111020 -0.458274
51 1.099742 -0.000000 0.000000 -0.010217 -0.062642 -0.161791
52 1.244767 -0.892595 -1.077153 -1.537577 0.432036 -0.185459
53 1.976136 -0.000000 -0.000000 -0.000000 0.068928 -0.257871
54 1.377138 0.000000 -0.000000 -0.000000 0.022268 0.192117
time 84
0 0.000000 0.000000 0.000000 1.570796 0.000000 0.000000
1 1.374018 3.247795 37.827358 1.653319 -0.303728 0.054934
2 0.000000 0.000000 0.000000 0.000000 0.000000 0.000000
3 3.890447 0.000000 0.000000 -1.845734 -0.415580 -1.605990
4 20.402582 0.000000 0.000000 0.000000 0.000000 0.675378
5 17.754948 0.000000 -0.000000 -0.221947 0.214023 -1.469224
6 5.733515 0.000000 0.000000 0.009702 -0.018901 -0.359139
7 -3.890447 -0.000000 -0.000000 -1.166005 -0.387897 -2.356467
8 20.402582 0.000000 0.000000 -0.000000 -0.000000 0.829028
9 17.754948 0.000000 0.000000 0.357349 -0.224882 -1.577919
10 5.733515 -0.000000 0.000000 -0.098082 0.015042 -0.374360
11 0.000000 3.345132 -1.055022 1.580711 -0.070654 1.684243
12 4.232848 0.000000 -0.000000 0.009931 0.162829 0.265924
13 4.327481 0.000000 0.000000 0.004179 0.045033 0.272981
14 6.430522 0.000000 -0.000000 0.084364 0.194516 0.528467
15 5.754028 -0.000000 0.000000 3.002250 -0.024016 0.021195
16 4.208960 0.000000 0.000000 -0.117266 0.124972 1.044230
17 4.203462 1.484258 1.588960 -0.212952 -1.114947 -1.534071
18 5.124548 0.000000 -0.000000 -0.923130 -0.215109 -1.500271
19 11.580950 0.000000 0.000000 0.000000 0.000000 -0.723275
20 11.182189 -0.000002 -0.000032 1.449693 0.027690 -0.341818
21 3.342010 -0.071954 -1.535773 0.070874 0.142154 -0.247798
22 1.760565 0.000000 0.000000 0.003707 0.008347 -0.417902
23 0.946777 0.000000 0.000000 -0.059844 -0.161510 -0.356655
24 3.650005 0.195886 -0.591614 0.065848 0.111437 -0.286501
25 1.940476 0.000000 0.000000 -0.063015 -0.157361 -0.382781
26 1.194153 0.000000 0.000000 0.017478 0.067896 -0.252168
27 3.920878 0.176868 0.421353 0.034918 -0.002119 -0.237374
28 2.398545 0.000000 0.000000 -0.016327 -0.028042 -0.527349
29 1.228913 0.000000 0.000000 0.006292 0.038933 -0.160270
30 3.969047 0.108842 1.535248 0.028607 -0.031328 -0.228206
31 1.959841 0.000000 0.000000 0.054600 0.111020 -0.458274
32 1.099742 0.000000 -0.000000 0.010217 0.062642 -0.161791
33 1.244744 -0.896944 1.073525 1.541960 -0.431286 -0.187296
34 1.976136 0.000000 0.000000 -0.000000 -0.068928 -0.257871
35 1.377138 -0.000000 0.000000 0.000000 -0.022268 0.192117
36 4.203462 1.484258 -1.588960 -0.257328 1.217806 -1.951523
37 5.124548 -0.000000 0.000000 2.148588 0.646472 -0.765805
38 11.580950 0.000000 0.000000 -0.000000 0.000000 -0.852814
39 11.182171 -0.000002 0.000017 -1.693600 0.047961 -0.478056
40 3.342029 -0.078177 1.535469 -0.066822 -0.142155 -0.247795
41 1.760565 0.000000 0.000000 -0.003707 -0.008347 -0.417902
42 0.946777 0.000000 -0.000000 0.059844 0.161510 -0.356655
43 3.650023 0.193487 0.592403 -0.061796 -0.111438 -0.286498
44 1.940476 -0.000000 0.000000 0.063015 0.157361 -0.382781
45 1.194153 -0.000000 0.000000 -0.017478 -0.067896 -0.252168
46 3.920897 0.178574 -0.420632 -0.030866 0.002118 -0.237370
47 2.398545 -0.000000 0.000000 0.016327 0.028042 -0.527349
48 1.228913 0.000000 0.000000 -0.006292 -0.038933 -0.160270
49 3.969067 0.115063 -1.534794 -0.024555 0.031327 -0.228202
50 1.959841 0.000000 -0.000000 -0.054600 -0.111020 -0.458274
51 1.099742 0.000000 0.000000 -0.010217 -0.062642 -0.161791
52 1.244767 -0.892595 -1.077153 -1.537577 0.432036 -0.185459
53 1.976136 0.000000 -0.000000 -0.000000 0.068928 -0.257871
54 1.377138 -0.000000 0.000000 -0.000000 0.022268 0.192117
time 85
0 0.000000 0.000000 0.000000 1.570796 0.000000 0.000000
1 1.262017 3.458632 37.878593 1.667214 -0.316059 0.059460
2 0.000000 0.000000 0.000000 0.000000 0.000000 0.000000
3 3.890447 0.000000 0.000000 -1.859657 -0.425610 -1.613918
4 20.402582 -0.000000 0.000000 0.000000 0.000000 0.654158
5 17.754948 0.000000 0.000000 -0.219400 0.233899 -1.451181
6 5.733515 -0.000000 0.000000 0.009699 -0.018916 -0.360026
7 -3.890447 0.000000 0.000000 -1.157070 -0.405171 -2.370934
8 20.402582 0.000000 0.000000 -0.000000 0.000000 0.835135
9 17.754948 0.000000 0.000000 0.354595 -0.215002 -1.570120
10 5.733515 0.000000 0.000000 -0.098090 0.014988 -0.371130
11 0.000000 3.345132 -1.055022 1.581368 -0.071971 1.686832
12 4.232848 0.000000 -0.000000 0.009342 0.174096 0.275478
13 4.327481 0.000000 0.000000 0.004235 0.047425 0.278645
14 6.430522 -0.000000 0.000000 0.088657 0.203151 0.529490
15 5.754028 -0.000000 0.000000 3.008777 -0.009438 0.042507
16 4.208960 0.000000 0.000000 -0.128339 0.117304 1.035175
17 4.203462 1.484258 1.588960 -0.215918 -1.118491 -1.530155
18 5.124548 0.000000 0.000000 -0.900553 -0.218409 -1.497297
19 11.580950 -0.000000 0.000000 0.000000 -0.000000 -0.742922
20 11.182189 -0.000002 -0.000032 1.424019 0.017054 -0.350570
21 3.342010 -0.071954 -1.535773 0.070874 0.142154 -0.247798
22 1.760565 0.000000 0.000000 0.003707 0.008347 -0.417902
23 0.946777 -0.000000 0.000000 -0.059844 -0.161510 -0.356655
24 3.650005 0.195886 -0.591614 0.065848 0.111437 -0.286501
25 1.940476 0.000000 0.000000 -0.063015 -0.157361 -0.382781
26 1.194153 0.000000 0.000000 0.017478 0.067896 -0.252168
27 3.920878 0.176868 0.421353 0.034918 -0.002119 -0.237374
28 2.398545 0.000000 0.000000 -0.016327 -0.028042 -0.527349
29 1.228913 -0.000000 0.000000 0.006292 0.038933 -0.160270
30 3.969047 0.108842 1.535248 0.028607 -0.031328 -0.228206
31 1.959841 0.000000 0.000000 0.054600 0.111020 -0.458274
32 1.099742 0.000000 0.000000 0.010217 0.062642 -0.161791
33 1.244744 -0.896944 1.073525 1.541960 -0.431286 -0.187296
34 1.976136 0.000000 0.000000 0.000000 -0.068928 -0.257871
35 1.377138 0.000000 -0.000000 0.000000 -0.022268 0.192117
36 4.203462 1.484258 -1.588960 -0.212451 1.220304 -1.912604
37 5.124548 -0.000000 0.000000 2.149733 0.631489 -0.769737
38 11.580950 0.000000 0.000000 -0.000000 0.000000 -0.929958
39 11.182171 -0.000002 0.000017 -1.672556 0.054120 -0.501680
40 3.342029 -0.078177 1.535469 -0.066822 -0.142155 -0.247795
41 1.760565 0.000000 0.000000 -0.003707 -0.008347 -0.417902
42 0.946777 0.000000 -0.000000 0.059844 0.161510 -0.356655
43 3.650023 0.193487 0.592403 -0.061796 -0.111438 -0.286498
44 1.940476 0.000000 0.000000 0.063015 0.157361 -0.382781
45 1.194153 0.000000 0.000000 -0.017478 -0.067896 -0.252168
46 3.920897 0.178574 -0.420632 -0.030866 0.002118 -0.237370
47 2.398545 0.000000 0.000000 0.016327 0.028042 -0.527349
48 1.228913 0.000000 -0.000000 -0.006292 -0.038933 -0.160270
49 3.969067 0.115063 -1.534794 -0.024555 0.031327 -0.228202
50 1.959841 0.000000 -0.000000 -0.054600 -0.111020 -0.458274
51 1.099742 0.000000 0.000000 -0.010217 -0.062642 -0.161791
52 1.244767 -0.892595 -1.077153 -1.537577 0.432036 -0.185459
53 1.976136 -0.000000 -0.000000 -0.000000 0.068928 -0.257871
54 1.377138 -0.000000 -0.000000 -0.000000 0.022268 0.192117
time 86
0 0.000000 0.000000 0.000000 1.570796 0.000000 0.000000
1 1.165679 3.600507 37.914986 1.678221 -0.324798 0.066786
2 0.000000 0.000000 0.000000 0.000000 0.000000 0.000000
3 3.890447 0.000000 0.000000 -1.873303 -0.433678 -1.618410
4 20.402582 0.000000 0.000000 0.000000 0.000000 0.637156
5 17.754948 -0.000000 -0.000000 -0.216454 0.256477 -1.435280
6 5.733515 -0.000000 0.000000 0.009690 -0.018978 -0.363767
7 -3.890447 0.000000 -0.000000 -1.150169 -0.417291 -2.381077
8 20.402582 0.000000 0.000000 0.000000 0.000000 0.841346
9 17.754948 -0.000000 0.000000 0.353109 -0.203096 -1.565717
10 5.733515 0.000000 0.000000 -0.098096 0.014944 -0.368478
11 0.000000 3.345132 -1.055022 1.580846 -0.073499 1.692428
12 4.232848 -0.000000 -0.000000 0.009012 0.182755 0.279340
13 4.327481 0.000000 -0.000000 0.004137 0.049751 0.280809
14 6.430522 0.000000 0.000000 0.093993 0.213237 0.531119
15 5.754028 -0.000000 0.000000 3.016074 0.004005 0.066239
16 4.208960 0.000000 -0.000000 -0.137300 0.108623 1.025052
17 4.203462 1.484258 1.588960 -0.192979 -1.119269 -1.555022
18 5.124548 0.000000 0.000000 -0.884958 -0.219300 -1.486492
19 11.580950 0.000000 0.000000 0.000000 0.000000 -0.757432
20 11.182189 -0.000002 -0.000032 1.412037 0.006435 -0.358830
21 3.342010 -0.071954 -1.535773 0.070874 0.142154 -0.247798
22 1.760565 0.000000 0.000000 0.003707 0.008347 -0.417902
23 0.946777 -0.000000 0.000000 -0.059844 -0.161510 -0.356655
24 3.650005 0.195886 -0.591614 0.065848 0.111437 -0.286501
25 1.940476 0.000000 0.000000 -0.063015 -0.157361 -0.382781
26 1.194153 -0.000000 -0.000000 0.017478 0.067896 -0.252168
27 3.920878 0.176868 0.421353 0.034918 -0.002119 -0.237374
28 2.398545 -0.000000 0.000000 -0.016327 -0.028042 -0.527349
29 1.228913 0.000000 0.000000 0.006292 0.038933 -0.160270
30 3.969047 0.108842 1.535248 0.028607 -0.031328 -0.228206
31 1.959841 0.000000 0.000000 0.054600 0.111020 -0.458274
32 1.099742 -0.000000 0.000000 0.010217 0.062642 -0.161791
33 1.244744 -0.896944 1.073525 1.541960 -0.431286 -0.187296
34 1.976136 0.000000 -0.000000 -0.000000 -0.068928 -0.257871
35 1.377138 0.000000 0.000000 0.000000 -0.022268 0.192117
36 4.203462 1.484258 -1.588960 -0.189006 1.227075 -1.891774
37 5.124548 0.000000 0.000000 2.167403 0.613998 -0.763769
38 11.580950 0.000000 0.000000 0.000000 0.000000 -0.968230
39 11.182171 -0.000002 0.000017 -1.656764 0.056404 -0.518169
40 3.342029 -0.078177 1.535469 -0.066822 -0.142155 -0.247795
41 1.760565 0.000000 0.000000 -0.003707 -0.008347 -0.417902
42 0.946777 -0.000000 0.000000 0.059844 0.161510 -0.356655
43 3.650023 0.193487 0.592403 -0.061796 -0.111438 -0.286498
44 1.940476 0.000000 0.000000 0.063015 0.157361 -0.382781
45 1.194153 0.000000 0.000000 -0.017478 -0.067896 -0.252168
46 3.920897 0.178574 -0.420632 -0.030866 0.002118 -0.237370
47 2.398545 0.000000 0.000000 0.016327 0.028042 -0.527349
48 1.228913 -0.000000 0.000000 -0.006292 -0.038933 -0.160270
49 3.969067 0.115063 -1.534794 -0.024555 0.031327 -0.228202
50 1.959841 0.000000 0.000000 -0.054600 -0.111020 -0.458274
51 1.099742 -0.000000 0.000000 -0.010217 -0.062642 -0.161791
52 1.244767 -0.892595 -1.077153 -1.537577 0.432036 -0.185459
53 1.976136 0.000000 0.000000 -0.000000 0.068928 -0.257871
54 1.377138 -0.000000 0.000000 -0.000000 0.022268 0.192117
time 87
0 0.000000 0.000000 0.000000 1.570796 0.000000 0.000000
1 1.048371 3.636264 37.943630 1.684610 -0.333438 0.075532
2 0.000000 0.000000 0.000000 0.000000 0.000000 0.000000
3 3.890447 0.000000 0.000000 -1.889256 -0.435776 -1.621346
4 20.402582 0.000000 -0.000000 0.000000 0.000000 0.622488
5 17.754948 0.000000 -0.000000 -0.212731 0.283020 -1.420597
6 5.733515 0.000000 0.000000 0.009677 -0.019062 -0.368848
7 -3.890447 0.000000 -0.000000 -1.150354 -0.423755 -2.387787
8 20.402582 0.000000 0.000000 0.000000 0.000000 0.849190
9 17.754948 0.000000 0.000000 0.353734 -0.186985 -1.566334
10 5.733515 0.000000 0.000000 -0.098102 0.014906 -0.366166
11 0.000000 3.345132 -1.055022 1.578885 -0.074269 1.696140
12 4.232848 0.000000 0.000000 0.008146 0.185598 0.278878
13 4.327481 -0.000000 0.000000 0.003793 0.050551 0.279311
14 6.430522 0.000000 0.000000 0.099430 0.223771 0.531429
15 5.754028 0.000000 -0.000000 3.024269 0.017421 0.091378
16 4.208960 0.000000 -0.000000 -0.142934 0.101011 1.016611
17 4.203462 1.484258 1.588960 -0.163692 -1.121258 -1.580361
18 5.124548 0.000000 0.000000 -0.892012 -0.218949 -1.476403
19 11.580950 -0.000000 0.000000 -0.000000 0.000000 -0.763867
20 11.182189 -0.000002 -0.000032 1.414277 0.003926 -0.359676
21 3.342010 -0.071954 -1.535773 0.070874 0.142154 -0.247798
22 1.760565 0.000000 0.000000 0.003707 0.008347 -0.417902
23 0.946777 -0.000000 0.000000 -0.059844 -0.161510 -0.356655
24 3.650005 0.195886 -0.591614 0.065848 0.111437 -0.286501
25 1.940476 0.000000 0.000000 -0.063015 -0.157361 -0.382781
26 1.194153 0.000000 -0.000000 0.017478 0.067896 -0.252168
27 3.920878 0.176868 0.421353 0.034918 -0.002119 -0.237374
28 2.398545 0.000000 0.000000 -0.016327 -0.028042 -0.527349
29 1.228913 0.000000 -0.000000 0.006292 0.038933 -0.160270
30 3.969047 0.108842 1.535248 0.028607 -0.031328 -0.228206
31 1.959841 0.000000 0.000000 0.054600 0.111020 -0.458274
32 1.099742 0.000000 0.000000 0.010217 0.062642 -0.161791
33 1.244744 -0.896944 1.073525 1.541960 -0.431286 -0.187296
34 1.976136 0.000000 0.000000 0.000000 -0.068928 -0.257871
35 1.377138 0.000000 0.000000 -0.000000 -0.022268 0.192117
36 4.203462 1.484258 -1.588960 -0.189077 1.229389 -1.891090
37 5.124548 0.000000 0.000000 2.183453 0.605480 -0.752634
38 11.580950 0.000000 0.000000 0.000000 0.000000 -0.954317
39 11.182171 -0.000002 0.000017 -1.649289 0.063717 -0.525605
40 3.342029 -0.078177 1.535469 -0.066822 -0.142155 -0.247795
41 1.760565 0.000000 0.000000 -0.003707 -0.008347 -0.417902
42 0.946777 0.000000 0.000000 0.059844 0.161510 -0.356655
43 3.650023 0.193487 0.592403 -0.061796 -0.111438 -0.286498
44 1.940476 0.000000 0.000000 0.063015 0.157361 -0.382781
45 1.194153 0.000000 0.000000 -0.017478 -0.067896 -0.252168
46 3.920897 0.178574 -0.420632 -0.030866 0.002118 -0.237370
47 2.398545 0.000000 0.000000 0.016327 0.028042 -0.527349
48 1.228913 0.000000 0.000000 -0.006292 -0.038933 -0.160270
49 3.969067 0.115063 -1.534794 -0.024555 0.031327 -0.228202
50 1.959841 0.000000 0.000000 -0.054600 -0.111020 -0.458274
51 1.099742 0.000000 0.000000 -0.010217 -0.062642 -0.161791
52 1.244767 -0.892595 -1.077153 -1.537577 0.432036 -0.185459
53 1.976136 0.000000 0.000000 -0.000000 0.068928 -0.257871
54 1.377138 0.000000 0.000000 -0.000000 0.022268 0.192117
time 88
0 0.000000 0.000000 0.000000 1.570796 0.000000 0.000000
1 0.915166 3.595669 37.950909 1.685251 -0.340600 0.084894
2 0.000000 0.000000 0.000000 0.000000 0.000000 0.000000
3 3.890447 0.000000 0.000000 -1.903808 -0.433118 -1.622250
4 20.402582 -0.000000 0.000000 -0.000000 -0.000000 0.613100
5 17.754948 -0.000000 -0.000000 -0.206244 0.307408 -1.408348
6 5.733515 0.000000 0.000000 0.009659 -0.019188 -0.376457
7 -3.890447 0.000000 -0.000000 -1.155319 -0.425206 -2.391095
8 20.402582 0.000000 0.000000 -0.000000 -0.000000 0.859817
9 17.754948 0.000000 0.000000 0.356103 -0.171627 -1.570106
10 5.733515 0.000000 0.000000 -0.098106 0.014881 -0.364676
11 -0.000000 3.345132 -1.055022 1.577772 -0.072045 1.697844
12 4.232848 0.000000 0.000000 0.007522 0.186143 0.276471
13 4.327481 0.000000 0.000000 0.003677 0.050714 0.278260
14 6.430522 -0.000000 0.000000 0.105750 0.235166 0.532028
15 5.754028 0.000000 -0.000000 3.024372 0.021623 0.109849
16 4.208960 0.000000 -0.000000 -0.142866 0.100906 1.017653
17 4.203462 1.484258 1.588960 -0.152963 -1.127229 -1.588300
18 5.124548 0.000000 0.000000 -0.912414 -0.216547 -1.470842
19 11.580950 0.000000 0.000000 -0.000000 -0.000000 -0.761054
20 11.182189 -0.000002 -0.000032 1.416967 0.011924 -0.354317
21 3.342010 -0.071954 -1.535773 0.070874 0.142154 -0.247798
22 1.760565 0.000000 0.000000 0.003707 0.008347 -0.417902
23 0.946777 0.000000 0.000000 -0.059844 -0.161510 -0.356655
24 3.650005 0.195886 -0.591614 0.065848 0.111437 -0.286501
25 1.940476 0.000000 -0.000000 -0.063015 -0.157361 -0.382781
26 1.194153 0.000000 0.000000 0.017478 0.067896 -0.252168
27 3.920878 0.176868 0.421353 0.034918 -0.002119 -0.237374
28 2.398545 0.000000 -0.000000 -0.016327 -0.028042 -0.527349
29 1.228913 0.000000 0.000000 0.006292 0.038933 -0.160270
30 3.969047 0.108842 1.535248 0.028607 -0.031328 -0.228206
31 1.959841 0.000000 0.000000 0.054600 0.111020 -0.458274
32 1.099742 0.000000 -0.000000 0.010217 0.062642 -0.161791
33 1.244744 -0.896944 1.073525 1.541960 -0.431286 -0.187296
34 1.976136 0.000000 -0.000000 -0.000000 -0.068928 -0.257871
35 1.377138 -0.000000 0.000000 0.000000 -0.022268 0.192117
36 4.203462 1.484258 -1.588960 -0.165826 1.226650 -1.870302
37 5.124548 0.000000 -0.000000 2.199761 0.606161 -0.757101
38 11.580950 -0.000000 0.000000 0.000000 0.000000 -0.897289
39 11.182171 -0.000002 0.000017 -1.655642 0.073239 -0.516234
40 3.342029 -0.078177 1.535469 -0.066822 -0.142155 -0.247795
41 1.760565 -0.000000 0.000000 -0.003707 -0.008347 -0.417902
42 0.946777 0.000000 0.000000 0.059844 0.161510 -0.356655
43 3.650023 0.193487 0.592403 -0.061796 -0.111438 -0.286498
44 1.940476 0.000000 0.000000 0.063015 0.157361 -0.382781
45 1.194153 0.000000 0.000000 -0.017478 -0.067896 -0.252168
46 3.920897 0.178574 -0.420632 -0.030866 0.002118 -0.237370
47 2.398545 0.000000 0.000000 0.016327 0.028042 -0.527349
48 1.228913 0.000000 -0.000000 -0.006292 -0.038933 -0.160270
49 3.969067 0.115063 -1.534794 -0.024555 0.031327 -0.228202
50 1.959841 0.000000 0.000000 -0.054600 -0.111020 -0.458274
51 1.099742 0.000000 0.000000 -0.010217 -0.062642 -0.161791
52 1.244767 -0.892595 -1.077153 -1.537577 0.432036 -0.185459
53 1.976136 0.000000 -0.000000 -0.000000 0.068928 -0.257871
54 1.377138 0.000000 0.000000 0.000000 0.022268 0.192117
time 89
0 0.000000 0.000000 0.000000 1.570796 0.000000 0.000000
1 0.785005 3.493640 37.935719 1.680733 -0.346001 0.094019
2 0.000000 0.000000 0.000000 0.000000 0.000000 0.000000
3 3.890447 -0.000000 0.000000 -1.912459 -0.429336 -1.621663
4 20.402582 0.000000 0.000000 -0.000000 -0.000000 0.613852
5 17.754948 0.000000 0.000000 -0.198616 0.323983 -1.398975
6 5.733515 0.000000 0.000000 0.009636 -0.019360 -0.386832
7 -3.890447 -0.000000 -0.000000 -1.164290 -0.422407 -2.391370
8 20.402582 0.000000 0.000000 -0.000000 -0.000000 0.871896
9 17.754948 0.000000 0.000000 0.360510 -0.158363 -1.574941
10 5.733515 0.000000 -0.000000 -0.098109 0.014863 -0.363559
11 0.000000 3.345132 -1.055022 1.577111 -0.068083 1.698839
12 4.232848 -0.000000 0.000000 0.007150 0.185284 0.272509
13 4.327481 -0.000000 0.000000 0.003738 0.050535 0.277291
14 6.430522 0.000000 0.000000 0.110603 0.243491 0.532653
15 5.754028 0.000000 -0.000000 3.016417 0.016683 0.117469
16 4.208960 -0.000000 0.000000 -0.140273 0.103986 1.022542
17 4.203462 1.484258 1.588960 -0.150734 -1.129097 -1.596561
18 5.124548 0.000000 0.000000 -0.923282 -0.209798 -1.464863
19 11.580950 0.000000 0.000000 -0.000000 0.000000 -0.753547
20 11.182189 -0.000002 -0.000032 1.421141 0.000187 -0.343594
21 3.342010 -0.071954 -1.535773 0.070874 0.142154 -0.247798
22 1.760565 0.000000 0.000000 0.003707 0.008347 -0.417902
23 0.946777 0.000000 0.000000 -0.059844 -0.161510 -0.356655
24 3.650005 0.195886 -0.591614 0.065848 0.111437 -0.286501
25 1.940476 0.000000 0.000000 -0.063015 -0.157361 -0.382781
26 1.194153 0.000000 0.000000 0.017478 0.067896 -0.252168
27 3.920878 0.176868 0.421353 0.034918 -0.002119 -0.237374
28 2.398545 -0.000000 0.000000 -0.016327 -0.028042 -0.527349
29 1.228913 0.000000 0.000000 0.006292 0.038933 -0.160270
30 3.969047 0.108842 1.535248 0.028607 -0.031328 -0.228206
31 1.959841 0.000000 0.000000 0.054600 0.111020 -0.458274
32 1.099742 0.000000 0.000000 0.010217 0.062642 -0.161791
33 1.244744 -0.896944 1.073525 1.541960 -0.431286 -0.187296
34 1.976136 -0.000000 0.000000 0.000000 -0.068928 -0.257871
35 1.377138 0.000000 0.000000 0.000000 -0.022268 0.192117
36 4.203462 1.484258 -1.588960 -0.137632 1.224202 -1.851601
37 5.124548 0.000000 0.000000 2.216261 0.602261 -0.769304
38 11.580950 -0.000000 0.000000 0.000000 0.000000 -0.813444
39 11.182171 -0.000002 0.000017 -1.682185 0.079526 -0.495980
40 3.342029 -0.078177 1.535469 -0.066822 -0.142155 -0.247795
41 1.760565 0.000000 0.000000 -0.003707 -0.008347 -0.417902
42 0.946777 0.000000 -0.000000 0.059844 0.161510 -0.356655
43 3.650023 0.193487 0.592403 -0.061796 -0.111438 -0.286498
44 1.940476 -0.000000 0.000000 0.063015 0.157361 -0.382781
45 1.194153 0.000000 0.000000 -0.017478 -0.067896 -0.252168
46 3.920897 0.178574 -0.420632 -0.030866 0.002118 -0.237370
47 2.398545 0.000000 -0.000000 0.016327 0.028042 -0.527349
48 1.228913 0.000000 0.000000 -0.006292 -0.038933 -0.160270
49 3.969067 0.115063 -1.534794 -0.024555 0.031327 -0.228202
50 1.959841 0.000000 -0.000000 -0.054600 -0.111020 -0.458274
51 1.099742 -0.000000 0.000000 -0.010217 -0.062642 -0.161791
52 1.244767 -0.892595 -1.077153 -1.537577 0.432036 -0.185459
53 1.976136 0.000000 0.000000 -0.000000 0.068928 -0.257871
54 1.377138 0.000000 0.000000 -0.000000 0.022268 0.192117
time 90
0 0.000000 0.000000 0.000000 1.570796 0.000000 0.000000
1 0.673081 3.325711 37.904568 1.670934 -0.347983 0.101809
2 0.000000 0.000000 0.000000 0.000000 0.000000 0.000000
3 3.890447 0.000000 0.000000 -1.906318 -0.428011 -1.619392
4 20.402582 0.000000 0.000000 -0.000000 -0.000000 0.631680
5 17.754948 0.000000 0.000000 -0.195898 0.323381 -1.394274
6 5.733515 -0.000000 0.000000 0.009616 -0.019521 -0.396494
7 -3.890447 0.000000 0.000000 -1.176949 -0.415175 -2.387002
8 20.402582 -0.000000 0.000000 0.000000 0.000000 0.884935
9 17.754948 0.000000 0.000000 0.364946 -0.148130 -1.580692
10 5.733515 0.000000 -0.000000 -0.098110 0.014855 -0.363070
11 0.000000 3.345132 -1.055022 1.577140 -0.063936 1.699752
12 4.232848 0.000000 0.000000 0.007128 0.184571 0.267951
13 4.327481 0.000000 0.000000 0.003997 0.050112 0.275508
14 6.430522 -0.000000 0.000000 0.112770 0.246724 0.531924
15 5.754028 0.000000 0.000000 3.005779 0.011654 0.124815
16 4.208960 0.000000 0.000000 -0.138542 0.106160 1.026405
17 4.203462 1.484258 1.588960 -0.153352 -1.124802 -1.603899
18 5.124548 -0.000000 0.000000 -0.925724 -0.201938 -1.458875
19 11.580950 0.000000 0.000000 -0.000000 0.000000 -0.746417
20 11.182189 -0.000002 -0.000032 1.421252 -0.015176 -0.336481
21 3.342010 -0.071954 -1.535773 0.070874 0.142154 -0.247798
22 1.760565 0.000000 -0.000000 0.003707 0.008347 -0.417902
23 0.946777 0.000000 0.000000 -0.059844 -0.161510 -0.356655
24 3.650005 0.195886 -0.591614 0.065848 0.111437 -0.286501
25 1.940476 0.000000 0.000000 -0.063015 -0.157361 -0.382781
26 1.194153 0.000000 0.000000 0.017478 0.067896 -0.252168
27 3.920878 0.176868 0.421353 0.034918 -0.002119 -0.237374
28 2.398545 -0.000000 -0.000000 -0.016327 -0.028042 -0.527349
29 1.228913 -0.000000 0.000000 0.006292 0.038933 -0.160270
30 3.969047 0.108842 1.535248 0.028607 -0.031328 -0.228206
31 1.959841 0.000000 -0.000000 0.054600 0.111020 -0.458274
32 1.099742 0.000000 0.000000 0.010217 0.062642 -0.161791
33 1.244744 -0.896944 1.073525 1.541960 -0.431286 -0.187296
34 1.976136 -0.000000 0.000000 0.000000 -0.068928 -0.257871
35 1.377138 0.000000 0.000000 0.000000 -0.022268 0.192117
36 4.203462 1.484258 -1.588960 -0.126901 1.220276 -1.845885
37 5.124548 -0.000000 -0.000000 2.241708 0.601629 -0.775498
38 11.580950 -0.000000 0.000000 -0.000000 0.000000 -0.714445
39 11.182171 -0.000002 0.000017 -1.691274 0.097304 -0.462923
40 3.342029 -0.078177 1.535469 -0.066822 -0.142155 -0.247795
41 1.760565 0.000000 0.000000 -0.003707 -0.008347 -0.417902
42 0.946777 0.000000 0.000000 0.059844 0.161510 -0.356655
43 3.650023 0.193487 0.592403 -0.061796 -0.111438 -0.286498
44 1.940476 0.000000 0.000000 0.063015 0.157361 -0.382781
45 1.194153 -0.000000 0.000000 -0.017478 -0.067896 -0.252168
46 3.920897 0.178574 -0.420632 -0.030866 0.002118 -0.237370
47 2.398545 0.000000 0.000000 0.016327 0.028042 -0.527349
48 1.228913 0.000000 0.000000 -0.006292 -0.038933 -0.160270
49 3.969067 0.115063 -1.534794 -0.024555 0.031327 -0.228202
50 1.959841 -0.000000 0.000000 -0.054600 -0.111020 -0.458274
51 1.099742 0.000000 -0.000000 -0.010217 -0.062642 -0.161791
52 1.244767 -0.892595 -1.077153 -1.537577 0.432036 -0.185459
53 1.976136 -0.000000 0.000000 -0.000000 0.068928 -0.257871
54 1.377138 -0.000000 0.000000 -0.000000 0.022268 0.192117
time 91
0 0.000000 0.000000 0.000000 1.570796 0.000000 0.000000
1 0.591498 3.095179 37.876022 1.656021 -0.345756 0.108028
2 0.000000 0.000000 0.000000 0.000000 0.000000 0.000000
3 3.890447 -0.000000 0.000000 -1.882862 -0.429850 -1.615222
4 20.402582 0.000000 0.000000 0.000000 -0.000000 0.666378
5 17.754948 -0.000000 0.000000 -0.206571 0.308567 -1.390167
6 5.733515 0.000000 0.000000 0.009598 -0.019676 -0.405782
7 -3.890447 0.000000 -0.000000 -1.195647 -0.402540 -2.376106
8 20.402582 0.000000 0.000000 -0.000000 0.000000 0.895237
9 17.754948 0.000000 0.000000 0.369105 -0.138769 -1.585422
10 5.733515 0.000000 -0.000000 -0.098104 0.014892 -0.365322
11 0.000000 3.345132 -1.055022 1.576556 -0.062474 1.702099
12 4.232848 0.000000 0.000000 0.007518 0.182724 0.261087
13 4.327481 0.000000 0.000000 0.004238 0.050113 0.268061
14 6.430522 0.000000 0.000000 0.107994 0.237360 0.527103
15 5.754028 0.000000 0.000000 3.000028 0.023857 0.151442
16 4.208960 0.000000 0.000000 -0.144195 0.098708 1.021394
17 4.203462 1.484258 1.588960 -0.181553 -1.116948 -1.576531
18 5.124548 0.000000 0.000000 -0.931835 -0.198688 -1.460511
19 11.580950 -0.000000 0.000000 -0.000000 0.000000 -0.737604
20 11.182189 -0.000002 -0.000032 1.423590 -0.016312 -0.334551
21 3.342010 -0.071954 -1.535773 0.070874 0.142154 -0.247798
22 1.760565 0.000000 0.000000 0.003707 0.008347 -0.417902
23 0.946777 0.000000 0.000000 -0.059844 -0.161510 -0.356655
24 3.650005 0.195886 -0.591614 0.065848 0.111437 -0.286501
25 1.940476 0.000000 0.000000 -0.063015 -0.157361 -0.382781
26 1.194153 0.000000 0.000000 0.017478 0.067896 -0.252168
27 3.920878 0.176868 0.421353 0.034918 -0.002119 -0.237374
28 2.398545 0.000000 0.000000 -0.016327 -0.028042 -0.527349
29 1.228913 0.000000 0.000000 0.006292 0.038933 -0.160270
30 3.969047 0.108842 1.535248 0.028607 -0.031328 -0.228206
31 1.959841 0.000000 0.000000 0.054600 0.111020 -0.458274
32 1.099742 -0.000000 0.000000 0.010217 0.062642 -0.161791
33 1.244744 -0.896944 1.073525 1.541960 -0.431286 -0.187296
34 1.976136 -0.000000 0.000000 0.000000 -0.068928 -0.257871
35 1.377138 0.000000 0.000000 0.000000 -0.022268 0.192117
36 4.203462 1.484258 -1.588960 -0.185833 1.220499 -1.898536
37 5.124548 0.000000 0.000000 2.285157 0.600859 -0.760697
38 11.580950 -0.000000 0.000000 -0.000000 -0.000000 -0.609441
39 11.182171 -0.000002 0.000017 -1.747121 0.119889 -0.427457
40 3.342029 -0.078177 1.535469 -0.066822 -0.142155 -0.247795
41 1.760565 0.000000 0.000000 -0.003707 -0.008347 -0.417902
42 0.946777 0.000000 0.000000 0.059844 0.161510 -0.356655
43 3.650023 0.193487 0.592403 -0.061796 -0.111438 -0.286498
44 1.940476 0.000000 0.000000 0.063015 0.157361 -0.382781
45 1.194153 0.000000 0.000000 -0.017478 -0.067896 -0.252168
46 3.920897 0.178574 -0.420632 -0.030866 0.002118 -0.237370
47 2.398545 0.000000 0.000000 0.016327 0.028042 -0.527349
48 1.228913 0.000000 0.000000 -0.006292 -0.038933 -0.160270
49 3.969067 0.115063 -1.534794 -0.024555 0.031327 -0.228202
50 1.959841 0.000000 0.000000 -0.054600 -0.111020 -0.458274
51 1.099742 0.000000 0.000000 -0.010217 -0.062642 -0.161791
52 1.244767 -0.892595 -1.077153 -1.537577 0.432036 -0.185459
53 1.976136 0.000000 0.000000 -0.000000 0.068928 -0.257871
54 1.377138 0.000000 0.000000 -0.000000 0.022268 0.192117
time 92
0 0.000000 0.000000 0.000000 1.570796 0.000000 0.000000
1 0.547995 2.837468 37.793976 1.638470 -0.340187 0.114290
2 0.000000 0.000000 0.000000 0.000000 0.000000 0.000000
3 3.890447 0.000000 0.000000 -1.847237 -0.439128 -1.610536
4 20.402582 0.000000 0.000000 -0.000000 -0.000000 0.720471
5 17.754948 -0.000000 0.000000 -0.227283 0.281688 -1.393969
6 5.733515 0.000000 -0.000000 0.009589 -0.019757 -0.410648
7 -3.890447 0.000000 -0.000000 -1.214641 -0.387348 -2.363293
8 20.402582 0.000000 0.000000 0.000000 0.000000 0.907409
9 17.754948 0.000000 -0.000000 0.373774 -0.131362 -1.593429
10 5.733515 0.000000 0.000000 -0.098101 0.014915 -0.366705
11 0.000000 3.345132 -1.055022 1.576563 -0.060401 1.703221
12 4.232848 0.000000 -0.000000 0.008666 0.175324 0.251986
13 4.327481 0.000000 0.000000 0.004766 0.049513 0.261378
14 6.430522 0.000000 0.000000 0.108295 0.236471 0.525380
15 5.754028 -0.000000 -0.000000 2.989549 0.031815 0.176913
16 4.208960 0.000000 0.000000 -0.148434 0.096369 1.022610
17 4.203462 1.484258 1.588960 -0.196936 -1.116957 -1.563830
18 5.124548 -0.000000 0.000000 -0.939848 -0.193879 -1.460259
19 11.580950 -0.000000 0.000000 -0.000000 -0.000000 -0.734505
20 11.182189 -0.000002 -0.000032 1.428338 -0.014140 -0.332462
21 3.342010 -0.071954 -1.535773 0.070874 0.142154 -0.247798
22 1.760565 0.000000 0.000000 0.003707 0.008347 -0.417902
23 0.946777 0.000000 -0.000000 -0.059844 -0.161510 -0.356655
24 3.650005 0.195886 -0.591614 0.065848 0.111437 -0.286501
25 1.940476 0.000000 -0.000000 -0.063015 -0.157361 -0.382781
26 1.194153 0.000000 -0.000000 0.017478 0.067896 -0.252168
27 3.920878 0.176868 0.421353 0.034918 -0.002119 -0.237374
28 2.398545 0.000000 -0.000000 -0.016327 -0.028042 -0.527349
29 1.228913 0.000000 0.000000 0.006292 0.038933 -0.160270
30 3.969047 0.108842 1.535248 0.028607 -0.031328 -0.228206
31 1.959841 0.000000 0.000000 0.054600 0.111020 -0.458274
32 1.099742 0.000000 0.000000 0.010217 0.062642 -0.161791
33 1.244744 -0.896944 1.073525 1.541960 -0.431286 -0.187296
34 1.976136 -0.000000 0.000000 -0.000000 -0.068928 -0.257871
35 1.377138 0.000000 0.000000 0.000000 -0.022268 0.192117
36 4.203462 1.484258 -1.588960 -0.228758 1.217763 -1.942005
37 5.124548 0.000000 0.000000 2.336244 0.589243 -0.746862
38 11.580950 0.000000 0.000000 -0.000000 -0.000000 -0.518737
39 11.182171 -0.000002 0.000017 -1.816650 0.103158 -0.385170
40 3.342029 -0.078177 1.535469 -0.066822 -0.142155 -0.247795
41 1.760565 0.000000 0.000000 -0.003707 -0.008347 -0.417902
42 0.946777 0.000000 0.000000 0.059844 0.161510 -0.356655
43 3.650023 0.193487 0.592403 -0.061796 -0.111438 -0.286498
44 1.940476 0.000000 0.000000 0.063015 0.157361 -0.382781
45 1.194153 -0.000000 0.000000 -0.017478 -0.067896 -0.252168
46 3.920897 0.178574 -0.420632 -0.030866 0.002118 -0.237370
47 2.398545 0.000000 -0.000000 0.016327 0.028042 -0.527349
48 1.228913 0.000000 0.000000 -0.006292 -0.038933 -0.160270
49 3.969067 0.115063 -1.534794 -0.024555 0.031327 -0.228202
50 1.959841 0.000000 0.000000 -0.054600 -0.111020 -0.458274
51 1.099742 -0.000000 0.000000 -0.010217 -0.062642 -0.161791
52 1.244767 -0.892595 -1.077153 -1.537577 0.432036 -0.185459
53 1.976136 0.000000 0.000000 0.000000 0.068928 -0.257871
54 1.377138 0.000000 -0.000000 0.000000 0.022268 0.192117
time 93
0 0.000000 0.000000 0.000000 1.570796 0.000000 0.000000
1 0.567049 2.540868 37.651508 1.619594 -0.327667 0.117234
2 0.000000 0.000000 0.000000 0.000000 0.000000 0.000000
3 3.890447 0.000000 0.000000 -1.810826 -0.446708 -1.600954
4 20.402582 0.000000 -0.000000 0.000000 0.000000 0.781292
5 17.754948 -0.000000 0.000000 -0.254339 0.253323 -1.427589
6 5.733515 0.000000 0.000000 0.009645 -0.019287 -0.382418
7 -3.890447 0.000000 -0.000000 -1.234975 -0.370956 -2.344764
8 20.402582 0.000000 -0.000000 0.000000 0.000000 0.919641
9 17.754948 -0.000000 0.000000 0.378936 -0.126649 -1.604508
10 5.733515 0.000000 0.000000 -0.098101 0.014911 -0.366476
11 0.000000 3.345132 -1.055022 1.576525 -0.056883 1.705049
12 4.232848 0.000000 -0.000000 0.009343 0.171008 0.244560
13 4.327481 0.000000 0.000000 0.005114 0.049255 0.256457
14 6.430522 0.000000 0.000000 0.108129 0.235089 0.523428
15 5.754028 0.000000 0.000000 2.976070 0.034153 0.196682
16 4.208960 0.000000 -0.000000 -0.152311 0.096184 1.025659
17 4.203462 1.484258 1.588960 -0.212212 -1.112168 -1.553485
18 5.124548 0.000000 0.000000 -0.946105 -0.183838 -1.463960
19 11.580950 0.000000 0.000000 0.000000 -0.000000 -0.737308
20 11.182189 -0.000002 -0.000032 1.430543 -0.008181 -0.330734
21 3.342010 -0.071954 -1.535773 0.070874 0.142154 -0.247798
22 1.760565 0.000000 0.000000 0.003707 0.008347 -0.417902
23 0.946777 0.000000 0.000000 -0.059844 -0.161510 -0.356655
24 3.650005 0.195886 -0.591614 0.065848 0.111437 -0.286501
25 1.940476 0.000000 0.000000 -0.063015 -0.157361 -0.382781
26 1.194153 0.000000 0.000000 0.017478 0.067896 -0.252168
27 3.920878 0.176868 0.421353 0.034918 -0.002119 -0.237374
28 2.398545 0.000000 0.000000 -0.016327 -0.028042 -0.527349
29 1.228913 0.000000 -0.000000 0.006292 0.038933 -0.160270
30 3.969047 0.108842 1.535248 0.028607 -0.031328 -0.228206
31 1.959841 -0.000000 0.000000 0.054600 0.111020 -0.458274
32 1.099742 0.000000 0.000000 0.010217 0.062642 -0.161791
33 1.244744 -0.896944 1.073525 1.541960 -0.431286 -0.187296
34 1.976136 0.000000 0.000000 -0.000000 -0.068928 -0.257871
35 1.377138 0.000000 0.000000 0.000000 -0.022268 0.192117
36 4.203462 1.484258 -1.588960 -0.256895 1.219261 -1.967738
37 5.124548 0.000000 0.000000 2.388363 0.569647 -0.735988
38 11.580950 0.000000 0.000000 -0.000000 0.000000 -0.449857
39 11.182171 -0.000002 0.000017 -1.872483 0.089282 -0.339450
40 3.342029 -0.078177 1.535469 -0.066822 -0.142155 -0.247795
41 1.760565 -0.000000 -0.000000 -0.003707 -0.008347 -0.417902
42 0.946777 -0.000000 -0.000000 0.059844 0.161510 -0.356655
43 3.650023 0.193487 0.592403 -0.061796 -0.111438 -0.286498
44 1.940476 -0.000000 0.000000 0.063015 0.157361 -0.382781
45 1.194153 0.000000 -0.000000 -0.017478 -0.067896 -0.252168
46 3.920897 0.178574 -0.420632 -0.030866 0.002118 -0.237370
47 2.398545 -0.000000 0.000000 0.016327 0.028042 -0.527349
48 1.228913 -0.000000 0.000000 -0.006292 -0.038933 -0.160270
49 3.969067 0.115063 -1.534794 -0.024555 0.031327 -0.228202
50 1.959841 0.000000 0.000000 -0.054600 -0.111020 -0.458274
51 1.099742 0.000000 0.000000 -0.010217 -0.062642 -0.161791
52 1.244767 -0.892595 -1.077153 -1.537577 0.432036 -0.185459
53 1.976136 0.000000 0.000000 -0.000000 0.068928 -0.257871
54 1.377138 -0.000000 0.000000 -0.000000 0.022268 0.192117
time 94
0 0.000000 0.000000 0.000000 1.570796 0.000000 0.000000
1 0.646526 2.214031 37.435146 1.598160 -0.307185 0.118726
2 0.000000 0.000000 0.000000 0.000000 0.000000 0.000000
3 3.890447 0.000000 0.000000 -1.774261 -0.443817 -1.586806
4 20.402582 -0.000000 0.000000 0.000000 0.000000 0.824558
5 17.754948 0.000000 -0.000000 -0.238434 0.231171 -1.484639
6 5.733515 -0.000000 0.000000 0.009660 -0.019179 -0.375926
7 -3.890447 0.000000 -0.000000 -1.257545 -0.352969 -2.319580
8 20.402582 -0.000000 0.000000 0.000000 0.000000 0.934203
9 17.754948 -0.000000 -0.000000 0.384943 -0.122938 -1.617956
10 5.733515 0.000000 0.000000 -0.098102 0.014908 -0.366275
11 -0.000000 3.345132 -1.055022 1.576615 -0.053020 1.708364
12 4.232848 0.000000 0.000000 0.009888 0.168666 0.238197
13 4.327481 0.000000 -0.000000 0.005519 0.049914 0.252070
14 6.430522 0.000000 0.000000 0.108213 0.234404 0.521458
15 5.754028 -0.000000 0.000000 2.960138 0.034813 0.221119
16 4.208960 -0.000000 0.000000 -0.156267 0.097530 1.029509
17 4.203462 1.484258 1.588960 -0.223556 -1.109414 -1.549059
18 5.124548 0.000000 -0.000000 -0.948518 -0.170964 -1.465452
19 11.580950 0.000000 0.000000 0.000000 -0.000000 -0.743251
20 11.182189 -0.000002 -0.000032 1.425839 -0.003399 -0.332858
21 3.342010 -0.071954 -1.535773 0.070874 0.142154 -0.247798
22 1.760565 0.000000 0.000000 0.003707 0.008347 -0.417902
23 0.946777 -0.000000 0.000000 -0.059844 -0.161510 -0.356655
24 3.650005 0.195886 -0.591614 0.065848 0.111437 -0.286501
25 1.940476 0.000000 0.000000 -0.063015 -0.157361 -0.382781
26 1.194153 0.000000 0.000000 0.017478 0.067896 -0.252168
27 3.920878 0.176868 0.421353 0.034918 -0.002119 -0.237374
28 2.398545 0.000000 0.000000 -0.016327 -0.028042 -0.527349
29 1.228913 0.000000 0.000000 0.006292 0.038933 -0.160270
30 3.969047 0.108842 1.535248 0.028607 -0.031328 -0.228206
31 1.959841 0.000000 0.000000 0.054600 0.111020 -0.458274
32 1.099742 0.000000 -0.000000 0.010217 0.062642 -0.161791
33 1.244744 -0.896944 1.073525 1.541960 -0.431286 -0.187296
34 1.976136 0.000000 0.000000 -0.000000 -0.068928 -0.257871
35 1.377138 0.000000 0.000000 0.000000 -0.022268 0.192117
36 4.203462 1.484258 -1.588960 -0.269655 1.223569 -1.975059
37 5.124548 0.000000 0.000000 2.442477 0.545938 -0.730926
38 11.580950 0.000000 0.000000 0.000000 0.000000 -0.398765
39 11.182171 -0.000002 0.000017 -1.927731 0.079173 -0.301885
40 3.342029 -0.078177 1.535469 -0.066822 -0.142155 -0.247795
41 1.760565 0.000000 -0.000000 -0.003707 -0.008347 -0.417902
42 0.946777 0.000000 0.000000 0.059844 0.161510 -0.356655
43 3.650023 0.193487 0.592403 -0.061796 -0.111438 -0.286498
44 1.940476 0.000000 0.000000 0.063015 0.157361 -0.382781
45 1.194153 0.000000 0.000000 -0.017478 -0.067896 -0.252168
46 3.920897 0.178574 -0.420632 -0.030866 0.002118 -0.237370
47 2.398545 0.000000 -0.000000 0.016327 0.028042 -0.527349
48 1.228913 -0.000000 -0.000000 -0.006292 -0.038933 -0.160270
49 3.969067 0.115063 -1.534794 -0.024555 0.031327 -0.228202
50 1.959841 0.000000 0.000000 -0.054600 -0.111020 -0.458274
51 1.099742 0.000000 0.000000 -0.010217 -0.062642 -0.161791
52 1.244767 -0.892595 -1.077153 -1.537577 0.432036 -0.185459
53 1.976136 -0.000000 0.000000 0.000000 0.068928 -0.257871
54 1.377138 0.000000 0.000000 0.000000 0.022268 0.192117
time 95
0 0.000000 0.000000 0.000000 1.570796 0.000000 0.000000
1 0.822693 1.868682 37.161125 1.572575 -0.282224 0.119915
2 0.000000 0.000000 0.000000 0.000000 0.000000 0.000000
3 3.890447 0.000000 0.000000 -1.735335 -0.425097 -1.570582
4 20.402582 0.000000 0.000000 0.000000 -0.000000 0.833972
5 17.754948 0.000000 -0.000000 -0.234946 0.233724 -1.519127
6 5.733515 0.000000 -0.000000 0.009621 -0.019478 -0.393906
7 -3.890447 0.000000 -0.000000 -1.279704 -0.330166 -2.293352
8 20.402582 0.000000 -0.000000 0.000000 0.000000 0.949038
9 17.754948 0.000000 0.000000 0.391842 -0.123080 -1.632336
10 5.733515 0.000000 0.000000 -0.098100 0.014921 -0.367052
11 0.000000 3.345132 -1.055022 1.576309 -0.050495 1.711253
12 4.232848 0.000000 -0.000000 0.010005 0.166053 0.232675
13 4.327481 0.000000 -0.000000 0.005583 0.050127 0.247952
14 6.430522 0.000000 0.000000 0.110039 0.237385 0.520280
15 5.754028 -0.000000 0.000000 2.945900 0.038529 0.251169
16 4.208960 0.000000 0.000000 -0.160545 0.101078 1.034846
17 4.203462 1.484258 1.588960 -0.226022 -1.104542 -1.547645
18 5.124548 0.000000 0.000000 -0.946106 -0.163804 -1.474293
19 11.580950 0.000000 0.000000 0.000000 -0.000000 -0.747862
20 11.182189 -0.000002 -0.000032 1.421028 -0.009453 -0.336147
21 3.342010 -0.071954 -1.535773 0.070874 0.142154 -0.247798
22 1.760565 0.000000 0.000000 0.003707 0.008347 -0.417902
23 0.946777 0.000000 0.000000 -0.059844 -0.161510 -0.356655
24 3.650005 0.195886 -0.591614 0.065848 0.111437 -0.286501
25 1.940476 0.000000 0.000000 -0.063015 -0.157361 -0.382781
26 1.194153 0.000000 0.000000 0.017478 0.067896 -0.252168
27 3.920878 0.176868 0.421353 0.034918 -0.002119 -0.237374
28 2.398545 0.000000 0.000000 -0.016327 -0.028042 -0.527349
29 1.228913 0.000000 0.000000 0.006292 0.038933 -0.160270
30 3.969047 0.108842 1.535248 0.028607 -0.031328 -0.228206
31 1.959841 0.000000 0.000000 0.054600 0.111020 -0.458274
32 1.099742 0.000000 0.000000 0.010217 0.062642 -0.161791
33 1.244744 -0.896944 1.073525 1.541960 -0.431286 -0.187296
34 1.976136 0.000000 -0.000000 -0.000000 -0.068928 -0.257871
35 1.377138 0.000000 0.000000 0.000000 -0.022268 0.192117
36 4.203462 1.484258 -1.588960 -0.241121 1.224379 -1.943659
37 5.124548 0.000000 -0.000000 2.482532 0.521812 -0.739461
38 11.580950 0.000000 -0.000000 -0.000000 -0.000000 -0.360058
39 11.182171 -0.000002 0.000017 -1.971116 0.072089 -0.277786
40 3.342029 -0.078177 1.535469 -0.066822 -0.142155 -0.247795
41 1.760565 0.000000 0.000000 -0.003707 -0.008347 -0.417902
42 0.946777 0.000000 0.000000 0.059844 0.161510 -0.356655
43 3.650023 0.193487 0.592403 -0.061796 -0.111438 -0.286498
44 1.940476 0.000000 0.000000 0.063015 0.157361 -0.382781
45 1.194153 -0.000000 0.000000 -0.017478 -0.067896 -0.252168
46 3.920897 0.178574 -0.420632 -0.030866 0.002118 -0.237370
47 2.398545 0.000000 0.000000 0.016327 0.028042 -0.527349
48 1.228913 0.000000 0.000000 -0.006292 -0.038933 -0.160270
49 3.969067 0.115063 -1.534794 -0.024555 0.031327 -0.228202
50 1.959841 -0.000000 0.000000 -0.054600 -0.111020 -0.458274
51 1.099742 -0.000000 0.000000 -0.010217 -0.062642 -0.161791
52 1.244767 -0.892595 -1.077153 -1.537577 0.432036 -0.185459
53 1.976136 0.000000 -0.000000 -0.000000 0.068928 -0.257871
54 1.377138 0.000000 0.000000 -0.000000 0.022268 0.192117
time 96
0 0.000000 0.000000 0.000000 1.570796 0.000000 0.000000
1 1.091465 1.483644 36.869373 1.544047 -0.258120 0.120781
2 0.000000 0.000000 0.000000 0.000000 0.000000 0.000000
3 3.890447 0.000000 0.000000 -1.721126 -0.391079 -1.551909
4 20.402582 0.000000 0.000000 0.000000 0.000000 0.835395
5 17.754948 0.000000 -0.000000 -0.236040 0.240869 -1.558491
6 5.733515 0.000000 0.000000 0.009661 -0.019173 -0.375560
7 -3.890447 0.000000 -0.000000 -1.299360 -0.301306 -2.271996
8 20.402582 0.000000 0.000000 0.000000 -0.000000 0.961125
9 17.754948 -0.000000 -0.000000 0.399613 -0.127870 -1.646702
10 5.733515 -0.000000 0.000000 -0.098096 0.014946 -0.368586
11 0.000000 3.345132 -1.055022 1.575748 -0.048664 1.712468
12 4.232848 0.000000 0.000000 0.009832 0.161775 0.227172
13 4.327481 0.000000 0.000000 0.005414 0.049710 0.243851
14 6.430522 0.000000 0.000000 0.112964 0.242618 0.519699
15 5.754028 0.000000 -0.000000 2.932681 0.045989 0.287010
16 4.208960 0.000000 -0.000000 -0.166042 0.108477 1.039753
17 4.203462 1.484258 1.588960 -0.225518 -1.099849 -1.543248
18 5.124548 0.000000 0.000000 -0.938475 -0.165506 -1.489958
19 11.580950 0.000000 -0.000000 -0.000000 0.000000 -0.746815
20 11.182189 -0.000002 -0.000032 1.421721 -0.009844 -0.337415
21 3.342010 -0.071954 -1.535773 0.070874 0.142154 -0.247798
22 1.760565 0.000000 0.000000 0.003707 0.008347 -0.417902
23 0.946777 0.000000 0.000000 -0.059844 -0.161510 -0.356655
24 3.650005 0.195886 -0.591614 0.065848 0.111437 -0.286501
25 1.940476 -0.000000 0.000000 -0.063015 -0.157361 -0.382781
26 1.194153 0.000000 0.000000 0.017478 0.067896 -0.252168
27 3.920878 0.176868 0.421353 0.034918 -0.002119 -0.237374
28 2.398545 0.000000 0.000000 -0.016327 -0.028042 -0.527349
29 1.228913 0.000000 0.000000 0.006292 0.038933 -0.160270
30 3.969047 0.108842 1.535248 0.028607 -0.031328 -0.228206
31 1.959841 -0.000000 0.000000 0.054600 0.111020 -0.458274
32 1.099742 0.000000 0.000000 0.010217 0.062642 -0.161791
33 1.244744 -0.896944 1.073525 1.541960 -0.431286 -0.187296
34 1.976136 -0.000000 0.000000 -0.000000 -0.068928 -0.257871
35 1.377138 0.000000 0.000000 -0.000000 -0.022268 0.192117
36 4.203462 1.484258 -1.588960 -0.200658 1.218009 -1.901675
37 5.124548 0.000000 -0.000000 2.507221 0.500678 -0.751258
38 11.580950 -0.000000 0.000000 -0.000000 0.000000 -0.334130
39 11.182171 -0.000002 0.000017 -1.995611 0.076164 -0.273321
40 3.342029 -0.078177 1.535469 -0.066822 -0.142155 -0.247795
41 1.760565 0.000000 0.000000 -0.003707 -0.008347 -0.417902
42 0.946777 0.000000 -0.000000 0.059844 0.161510 -0.356655
43 3.650023 0.193487 0.592403 -0.061796 -0.111438 -0.286498
44 1.940476 0.000000 0.000000 0.063015 0.157361 -0.382781
45 1.194153 0.000000 -0.000000 -0.017478 -0.067896 -0.252168
46 3.920897 0.178574 -0.420632 -0.030866 0.002118 -0.237370
47 2.398545 0.000000 -0.000000 0.016327 0.028042 -0.527349
48 1.228913 0.000000 0.000000 -0.006292 -0.038933 -0.160270
49 3.969067 0.115063 -1.534794 -0.024555 0.031327 -0.228202
50 1.959841 -0.000000 0.000000 -0.054600 -0.111020 -0.458274
51 1.099742 -0.000000 -0.000000 -0.010217 -0.062642 -0.161791
52 1.244767 -0.892595 -1.077153 -1.537577 0.432036 -0.185459
53 1.976136 0.000000 0.000000 -0.000000 0.068928 -0.257871
54 1.377138 -0.000000 -0.000000 0.000000 0.022268 0.192117
time 97
0 0.000000 0.000000 0.000000 1.570796 0.000000 0.000000
1 1.394591 1.052578 36.634857 1.516734 -0.241716 0.121700
2 0.000000 0.000000 0.000000 0.000000 0.000000 0.000000
3 3.890447 0.000000 0.000000 -1.725700 -0.365197 -1.537523
4 20.402582 0.000000 0.000000 -0.000000 0.000000 0.866052
5 17.754948 -0.000000 0.000000 -0.216703 0.236842 -1.590557
6 5.733515 -0.000000 0.000000 0.009711 -0.018845 -0.355734
7 -3.890447 -0.000000 -0.000000 -1.312377 -0.268445 -2.261540
8 20.402582 -0.000000 0.000000 0.000000 -0.000000 0.967767
9 17.754948 -0.000000 0.000000 0.405578 -0.137302 -1.660521
10 5.733515 0.000000 0.000000 -0.098092 0.014972 -0.370148
11 0.000000 3.345132 -1.055022 1.575334 -0.043584 1.709622
12 4.232848 0.000000 -0.000000 0.009404 0.155706 0.220549
13 4.327481 -0.000000 0.000000 0.005156 0.048015 0.240823
14 6.430522 0.000000 0.000000 0.115496 0.247286 0.519282
15 5.754028 -0.000000 0.000000 2.911007 0.050692 0.337637
16 4.208960 0.000000 0.000000 -0.173370 0.121165 1.036937
17 4.203462 1.484258 1.588960 -0.219197 -1.106560 -1.537201
18 5.124548 0.000000 -0.000000 -0.925061 -0.186125 -1.502376
19 11.580950 0.000000 0.000000 -0.000000 0.000000 -0.735239
20 11.182189 -0.000002 -0.000032 1.421329 -0.004660 -0.328950
21 3.342010 -0.071954 -1.535773 0.070874 0.142154 -0.247798
22 1.760565 0.000000 0.000000 0.003707 0.008347 -0.417902
23 0.946777 -0.000000 0.000000 -0.059844 -0.161510 -0.356655
24 3.650005 0.195886 -0.591614 0.065848 0.111437 -0.286501
25 1.940476 0.000000 0.000000 -0.063015 -0.157361 -0.382781
26 1.194153 0.000000 0.000000 0.017478 0.067896 -0.252168
27 3.920878 0.176868 0.421353 0.034918 -0.002119 -0.237374
28 2.398545 0.000000 -0.000000 -0.016327 -0.028042 -0.527349
29 1.228913 0.000000 -0.000000 0.006292 0.038933 -0.160270
30 3.969047 0.108842 1.535248 0.028607 -0.031328 -0.228206
31 1.959841 0.000000 -0.000000 0.054600 0.111020 -0.458274
32 1.099742 -0.000000 -0.000000 0.010217 0.062642 -0.161791
33 1.244744 -0.896944 1.073525 1.541960 -0.431286 -0.187296
34 1.976136 0.000000 0.000000 0.000000 -0.068928 -0.257871
35 1.377138 0.000000 -0.000000 0.000000 -0.022268 0.192117
36 4.203462 1.484258 -1.588960 -0.210811 1.205381 -1.914900
37 5.124548 0.000000 0.000000 2.530895 0.484049 -0.743958
38 11.580950 0.000000 0.000000 -0.000000 -0.000000 -0.322922
39 11.182171 -0.000002 0.000017 -2.006996 0.094279 -0.277849
40 3.342029 -0.078177 1.535469 -0.066822 -0.142155 -0.247795
41 1.760565 0.000000 0.000000 -0.003707 -0.008347 -0.417902
42 0.946777 0.000000 0.000000 0.059844 0.161510 -0.356655
43 3.650023 0.193487 0.592403 -0.061796 -0.111438 -0.286498
44 1.940476 0.000000 -0.000000 0.063015 0.157361 -0.382781
45 1.194153 -0.000000 0.000000 -0.017478 -0.067896 -0.252168
46 3.920897 0.178574 -0.420632 -0.030866 0.002118 -0.237370
47 2.398545 0.000000 0.000000 0.016327 0.028042 -0.527349
48 1.228913 0.000000 0.000000 -0.006292 -0.038933 -0.160270
49 3.969067 0.115063 -1.534794 -0.024555 0.031327 -0.228202
50 1.959841 0.000000 -0.000000 -0.054600 -0.111020 -0.458274
51 1.099742 0.000000 0.000000 -0.010217 -0.062642 -0.161791
52 1.244767 -0.892595 -1.077153 -1.537577 0.432036 -0.185459
53 1.976136 -0.000000 -0.000000 -0.000000 0.068928 -0.257871
54 1.377138 -0.000000 0.000000 -0.000000 0.022268 0.192117
time 98
0 0.000000 0.000000 0.000000 1.570796 0.000000 0.000000
1 1.698752 0.640548 36.486626 1.489514 -0.230426 0.122169
2 0.000000 0.000000 0.000000 0.000000 0.000000 0.000000
3 3.890447 0.000000 0.000000 -1.737235 -0.341876 -1.526831
4 20.402582 0.000000 0.000000 -0.000000 -0.000000 0.902849
5 17.754948 0.000000 0.000000 -0.196335 0.234588 -1.610259
6 5.733515 0.000000 -0.000000 0.009724 -0.018762 -0.350714
7 -3.890447 0.000000 -0.000000 -1.329555 -0.231952 -2.253552
8 20.402582 -0.000000 0.000000 -0.000000 0.000000 0.962968
9 17.754948 0.000000 0.000000 0.412187 -0.142092 -1.669381
10 5.733515 -0.000000 0.000000 -0.098084 0.015031 -0.373717
11 0.000000 3.345132 -1.055022 1.574441 -0.037373 1.706684
12 4.232848 0.000000 0.000000 0.008126 0.150697 0.213870
13 4.327481 0.000000 0.000000 0.004646 0.046220 0.238246
14 6.430522 0.000000 -0.000000 0.115055 0.247037 0.518203
15 5.754028 0.000000 0.000000 2.877433 0.043099 0.401383
16 4.208960 0.000000 -0.000000 -0.177216 0.135042 1.026062
17 4.203462 1.484258 1.588960 -0.195887 -1.122974 -1.554246
18 5.124548 0.000000 -0.000000 -0.908264 -0.210640 -1.498715
19 11.580950 -0.000000 0.000000 -0.000000 0.000000 -0.718868
20 11.182189 -0.000002 -0.000032 1.431630 -0.003246 -0.321609
21 3.342010 -0.071954 -1.535773 0.070874 0.142154 -0.247798
22 1.760565 0.000000 0.000000 0.003707 0.008347 -0.417902
23 0.946777 0.000000 0.000000 -0.059844 -0.161510 -0.356655
24 3.650005 0.195886 -0.591614 0.065848 0.111437 -0.286501
25 1.940476 0.000000 0.000000 -0.063015 -0.157361 -0.382781
26 1.194153 0.000000 0.000000 0.017478 0.067896 -0.252168
27 3.920878 0.176868 0.421353 0.034918 -0.002119 -0.237374
28 2.398545 -0.000000 0.000000 -0.016327 -0.028042 -0.527349
29 1.228913 0.000000 -0.000000 0.006292 0.038933 -0.160270
30 3.969047 0.108842 1.535248 0.028607 -0.031328 -0.228206
31 1.959841 0.000000 -0.000000 0.054600 0.111020 -0.458274
32 1.099742 0.000000 -0.000000 0.010217 0.062642 -0.161791
33 1.244744 -0.896944 1.073525 1.541960 -0.431286 -0.187296
34 1.976136 0.000000 0.000000 0.000000 -0.068928 -0.257871
35 1.377138 0.000000 0.000000 0.000000 -0.022268 0.192117
36 4.203462 1.484258 -1.588960 -0.266006 1.204357 -1.961814
37 5.124548 0.000000 -0.000000 2.574700 0.469650 -0.720739
38 11.580950 0.000000 0.000000 0.000000 -0.000000 -0.324863
39 11.182171 -0.000002 0.000017 -2.011713 0.109088 -0.290730
40 3.342029 -0.078177 1.535469 -0.066822 -0.142155 -0.247795
41 1.760565 0.000000 0.000000 -0.003707 -0.008347 -0.417902
42 0.946777 0.000000 0.000000 0.059844 0.161510 -0.356655
43 3.650023 0.193487 0.592403 -0.061796 -0.111438 -0.286498
44 1.940476 0.000000 0.000000 0.063015 0.157361 -0.382781
45 1.194153 -0.000000 0.000000 -0.017478 -0.067896 -0.252168
46 3.920897 0.178574 -0.420632 -0.030866 0.002118 -0.237370
47 2.398545 0.000000 -0.000000 0.016327 0.028042 -0.527349
48 1.228913 0.000000 0.000000 -0.006292 -0.038933 -0.160270
49 3.969067 0.115063 -1.534794 -0.024555 0.031327 -0.228202
50 1.959841 -0.000000 0.000000 -0.054600 -0.111020 -0.458274
51 1.099742 0.000000 0.000000 -0.010217 -0.062642 -0.161791
52 1.244767 -0.892595 -1.077153 -1.537577 0.432036 -0.185459
53 1.976136 0.000000 0.000000 -0.000000 0.068928 -0.257871
54 1.377138 0.000000 0.000000 0.000000 0.022268 0.192117
time 99
0 0.000000 0.000000 0.000000 1.570796 0.000000 0.000000
1 2.034004 0.271540 36.384224 1.464392 -0.220806 0.122141
2 0.000000 0.000000 0.000000 0.000000 0.000000 0.000000
3 3.890447 0.000000 0.000000 -1.744790 -0.318944 -1.520063
4 20.402582 0.000000 0.000000 0.000000 -0.000000 0.933057
5 17.754948 -0.000000 0.000000 -0.189822 0.233441 -1.626684
6 5.733515 0.000000 0.000000 0.009728 -0.018741 -0.349463
7 -3.890447 0.000000 -0.000000 -1.339349 -0.194795 -2.250850
8 20.402582 0.000000 -0.000000 0.000000 0.000000 0.952137
9 17.754948 -0.000000 0.000000 0.416071 -0.151819 -1.676012
10 5.733515 0.000000 0.000000 -0.098076 0.015088 -0.377117
11 0.000000 3.345132 -1.055022 1.573268 -0.031567 1.705606
12 4.232848 -0.000000 -0.000000 0.006941 0.146098 0.206206
13 4.327481 0.000000 0.000000 0.004219 0.045062 0.234408
14 6.430522 0.000000 -0.000000 0.112584 0.243237 0.516522
15 5.754028 0.000000 0.000000 2.844357 0.031355 0.469286
16 4.208960 0.000000 0.000000 -0.175784 0.150895 1.014019
17 4.203462 1.484258 1.588960 -0.174168 -1.137421 -1.572391
18 5.124548 -0.000000 0.000000 -0.900630 -0.229031 -1.489974
19 11.580950 0.000000 -0.000000 -0.000000 -0.000000 -0.710540
20 11.182189 -0.000002 -0.000032 1.440679 0.012401 -0.329015
21 3.342010 -0.071954 -1.535773 0.070874 0.142154 -0.247798
22 1.760565 0.000000 0.000000 0.003707 0.008347 -0.417902
23 0.946777 0.000000 -0.000000 -0.059844 -0.161510 -0.356655
24 3.650005 0.195886 -0.591614 0.065848 0.111437 -0.286501
25 1.940476 0.000000 -0.000000 -0.063015 -0.157361 -0.382781
26 1.194153 0.000000 0.000000 0.017478 0.067896 -0.252168
27 3.920878 0.176868 0.421353 0.034918 -0.002119 -0.237374
28 2.398545 0.000000 -0.000000 -0.016327 -0.028042 -0.527349
29 1.228913 0.000000 -0.000000 0.006292 0.038933 -0.160270
30 3.969047 0.108842 1.535248 0.028607 -0.031328 -0.228206
31 1.959841 0.000000 0.000000 0.054600 0.111020 -0.458274
32 1.099742 0.000000 0.000000 0.010217 0.062642 -0.161791
33 1.244744 -0.896944 1.073525 1.541960 -0.431286 -0.187296
34 1.976136 0.000000 0.000000 0.000000 -0.068928 -0.257871
35 1.377138 -0.000000 0.000000 -0.000000 -0.022268 0.192117
36 4.203462 1.484258 -1.588960 -0.312235 1.198993 -2.006706
37 5.124548 0.000000 -0.000000 2.602329 0.460065 -0.705094
38 11.580950 0.000000 -0.000000 -0.000000 0.000000 -0.331949
39 11.182171 -0.000002 0.000017 -2.006609 0.125195 -0.306632
40 3.342029 -0.078177 1.535469 -0.066822 -0.142155 -0.247795
41 1.760565 0.000000 -0.000000 -0.003707 -0.008347 -0.417902
42 0.946777 0.000000 0.000000 0.059844 0.161510 -0.356655
43 3.650023 0.193487 0.592403 -0.061796 -0.111438 -0.286498
44 1.940476 -0.000000 0.000000 0.063015 0.157361 -0.382781
45 1.194153 -0.000000 -0.000000 -0.017478 -0.067896 -0.252168
46 3.920897 0.178574 -0.420632 -0.030866 0.002118 -0.237370
47 2.398545 0.000000 0.000000 0.016327 0.028042 -0.527349
48 1.228913 0.000000 0.000000 -0.006292 -0.038933 -0.160270
49 3.969067 0.115063 -1.534794 -0.024555 0.031327 -0.228202
50 1.959841 0.000000 0.000000 -0.054600 -0.111020 -0.458274
51 1.099742 -0.000000 0.000000 -0.010217 -0.062642 -0.161791
52 1.244767 -0.892595 -1.077153 -1.537577 0.432036 -0.185459
53 1.976136 0.000000 0.000000 0.000000 0.068928 -0.257871
54 1.377138 0.000000 0.000000 0.000000 0.022268 0.192117
time 100
0 0.000000 0.000000 0.000000 1.570796 0.000000 0.000000
1 2.372385 -0.092710 36.321747 1.440149 -0.213162 0.121535
2 0.000000 0.000000 0.000000 0.000000 0.000000 0.000000
3 3.890447 0.000000 0.000000 -1.748987 -0.289150 -1.518653
4 20.402582 0.000000 0.000000 -0.000000 0.000000 0.948221
5 17.754948 0.000000 -0.000000 -0.186416 0.229061 -1.646538
6 5.733515 0.000000 0.000000 0.009752 -0.018598 -0.340792
7 -3.890447 0.000000 -0.000000 -1.352150 -0.156610 -2.248140
8 20.402582 0.000000 0.000000 -0.000000 0.000000 0.935252
9 17.754948 0.000000 0.000000 0.420257 -0.156733 -1.681902
10 5.733515 0.000000 -0.000000 -0.098080 0.015059 -0.375382
11 0.000000 3.345132 -1.055022 1.572378 -0.026634 1.705293
12 4.232848 0.000000 0.000000 0.006202 0.141468 0.198478
13 4.327481 -0.000000 0.000000 0.003867 0.044207 0.229737
14 6.430522 0.000000 0.000000 0.109806 0.238564 0.514589
15 5.754028 0.000000 0.000000 2.816389 0.019939 0.537254
16 4.208960 0.000000 0.000000 -0.170393 0.166521 1.004406
17 4.203462 1.484258 1.588960 -0.158821 -1.142670 -1.584050
18 5.124548 -0.000000 0.000000 -0.901339 -0.240467 -1.487121
19 11.580950 0.000000 -0.000000 -0.000000 -0.000000 -0.713809
20 11.182189 -0.000002 -0.000032 1.457354 0.018143 -0.334313
21 3.342010 -0.071954 -1.535773 0.070874 0.142154 -0.247798
22 1.760565 0.000000 -0.000000 0.003707 0.008347 -0.417902
23 0.946777 0.000000 0.000000 -0.059844 -0.161510 -0.356655
24 3.650005 0.195886 -0.591614 0.065848 0.111437 -0.286501
25 1.940476 0.000000 0.000000 -0.063015 -0.157361 -0.382781
26 1.194153 0.000000 0.000000 0.017478 0.067896 -0.252168
27 3.920878 0.176868 0.421353 0.034918 -0.002119 -0.237374
28 2.398545 0.000000 -0.000000 -0.016327 -0.028042 -0.527349
29 1.228913 0.000000 0.000000 0.006292 0.038933 -0.160270
30 3.969047 0.108842 1.535248 0.028607 -0.031328 -0.228206
31 1.959841 0.000000 0.000000 0.054600 0.111020 -0.458274
32 1.099742 0.000000 -0.000000 0.010217 0.062642 -0.161791
33 1.244744 -0.896944 1.073525 1.541960 -0.431286 -0.187296
34 1.976136 0.000000 0.000000 -0.000000 -0.068928 -0.257871
35 1.377138 -0.000000 -0.000000 0.000000 -0.022268 0.192117
36 4.203462 1.484258 -1.588960 -0.338758 1.195321 -2.031570
37 5.124548 0.000000 0.000000 2.617838 0.454525 -0.698695
38 11.580950 0.000000 0.000000 0.000000 -0.000000 -0.341080
39 11.182171 -0.000002 0.000017 -1.986930 0.139006 -0.316821
40 3.342029 -0.078177 1.535469 -0.066822 -0.142155 -0.247795
41 1.760565 0.000000 0.000000 -0.003707 -0.008347 -0.417902
42 0.946777 0.000000 -0.000000 0.059844 0.161510 -0.356655
43 3.650023 0.193487 0.592403 -0.061796 -0.111438 -0.286498
44 1.940476 0.000000 0.000000 0.063015 0.157361 -0.382781
45 1.194153 0.000000 0.000000 -0.017478 -0.067896 -0.252168
46 3.920897 0.178574 -0.420632 -0.030866 0.002118 -0.237370
47 2.398545 0.000000 0.000000 0.016327 0.028042 -0.527349
48 1.228913 0.000000 0.000000 -0.006292 -0.038933 -0.160270
49 3.969067 0.115063 -1.534794 -0.024555 0.031327 -0.228202
50 1.959841 0.000000 0.000000 -0.054600 -0.111020 -0.458274
51 1.099742 0.000000 0.000000 -0.010217 -0.062642 -0.161791
52 1.244767 -0.892595 -1.077153 -1.537577 0.432036 -0.185459
53 1.976136 0.000000 0.000000 -0.000000 0.068928 -0.257871
54 1.377138 -0.000000 0.000000 -0.000000 0.022268 0.192117
time 101
0 0.000000 0.000000 0.000000 1.570796 0.000000 0.000000
1 2.671295 -0.423713 36.323307 1.420818 -0.207828 0.120297
2 0.000000 0.000000 0.000000 0.000000 0.000000 0.000000
3 3.890447 0.000000 0.000000 -1.753935 -0.261310 -1.518541
4 20.402582 0.000000 0.000000 -0.000000 -0.000000 0.954824
5 17.754948 -0.000000 -0.000000 -0.180859 0.228369 -1.659492
6 5.733515 0.000000 0.000000 0.009765 -0.018529 -0.336584
7 -3.890447 0.000000 -0.000000 -1.364594 -0.122380 -2.245438
8 20.402582 -0.000000 0.000000 -0.000000 -0.000000 0.914285
9 17.754948 0.000000 0.000000 0.422163 -0.156740 -1.684085
10 5.733515 0.000000 0.000000 -0.098091 0.014982 -0.370763
11 0.000000 3.345132 -1.055022 1.573383 -0.019687 1.704395
12 4.232848 0.000000 -0.000000 0.007139 0.137406 0.190060
13 4.327481 0.000000 -0.000000 0.004424 0.043242 0.224544
14 6.430522 0.000000 0.000000 0.108702 0.235122 0.511931
15 5.754028 0.000000 0.000000 2.795329 0.013436 0.602402
16 4.208960 0.000000 0.000000 -0.164536 0.179576 0.998861
17 4.203462 1.484258 1.588960 -0.162574 -1.136674 -1.575305
18 5.124548 0.000000 0.000000 -0.904901 -0.246218 -1.497294
19 11.580950 0.000000 0.000000 -0.000000 -0.000000 -0.724825
20 11.182189 -0.000002 -0.000032 1.472409 0.021924 -0.342079
21 3.342010 -0.071954 -1.535773 0.070874 0.142154 -0.247798
22 1.760565 0.000000 0.000000 0.003707 0.008347 -0.417902
23 0.946777 0.000000 0.000000 -0.059844 -0.161510 -0.356655
24 3.650005 0.195886 -0.591614 0.065848 0.111437 -0.286501
25 1.940476 0.000000 0.000000 -0.063015 -0.157361 -0.382781
26 1.194153 0.000000 0.000000 0.017478 0.067896 -0.252168
27 3.920878 0.176868 0.421353 0.034918 -0.002119 -0.237374
28 2.398545 0.000000 -0.000000 -0.016327 -0.028042 -0.527349
29 1.228913 0.000000 0.000000 0.006292 0.038933 -0.160270
30 3.969047 0.108842 1.535248 0.028607 -0.031328 -0.228206
31 1.959841 0.000000 0.000000 0.054600 0.111020 -0.458274
32 1.099742 0.000000 0.000000 0.010217 0.062642 -0.161791
33 1.244744 -0.896944 1.073525 1.541960 -0.431286 -0.187296
34 1.976136 0.000000 0.000000 -0.000000 -0.068928 -0.257871
35 1.377138 0.000000 0.000000 0.000000 -0.022268 0.192117
36 4.203462 1.484258 -1.588960 -0.341151 1.192538 -2.030445
37 5.124548 0.000000 0.000000 2.624588 0.455247 -0.701415
38 11.580950 0.000000 0.000000 0.000000 0.000000 -0.349395
39 11.182171 -0.000002 0.000017 -1.955215 0.144388 -0.316127
40 3.342029 -0.078177 1.535469 -0.066822 -0.142155 -0.247795
41 1.760565 0.000000 -0.000000 -0.003707 -0.008347 -0.417902
42 0.946777 0.000000 0.000000 0.059844 0.161510 -0.356655
43 3.650023 0.193487 0.592403 -0.061796 -0.111438 -0.286498
44 1.940476 0.000000 0.000000 0.063015 0.157361 -0.382781
45 1.194153 0.000000 0.000000 -0.017478 -0.067896 -0.252168
46 3.920897 0.178574 -0.420632 -0.030866 0.002118 -0.237370
47 2.398545 0.000000 0.000000 0.016327 0.028042 -0.527349
48 1.228913 0.000000 0.000000 -0.006292 -0.038933 -0.160270
49 3.969067 0.115063 -1.534794 -0.024555 0.031327 -0.228202
50 1.959841 0.000000 0.000000 -0.054600 -0.111020 -0.458274
51 1.099742 0.000000 0.000000 -0.010217 -0.062642 -0.161791
52 1.244767 -0.892595 -1.077153 -1.537577 0.432036 -0.185459
53 1.976136 0.000000 0.000000 -0.000000 0.068928 -0.257871
54 1.377138 0.000000 0.000000 0.000000 0.022268 0.192117
time 102
0 0.000000 0.000000 0.000000 1.570796 0.000000 0.000000
1 2.900522 -0.703301 36.394844 1.407450 -0.204334 0.118449
2 0.000000 0.000000 0.000000 0.000000 0.000000 0.000000
3 3.890447 0.000000 0.000000 -1.759549 -0.237891 -1.518715
4 20.402582 0.000000 -0.000000 -0.000000 0.000000 0.954228
5 17.754948 -0.000000 0.000000 -0.175502 0.230099 -1.665913
6 5.733515 0.000000 0.000000 0.009775 -0.018473 -0.333174
7 -3.890447 0.000000 -0.000000 -1.379240 -0.094218 -2.240038
8 20.402582 0.000000 0.000000 0.000000 0.000000 0.890092
9 17.754948 0.000000 0.000000 0.423388 -0.148845 -1.682287
10 5.733515 0.000000 0.000000 -0.098105 0.014887 -0.364991
11 -0.000000 3.345132 -1.055022 1.575411 -0.010435 1.703250
12 4.232848 0.000000 -0.000000 0.008887 0.135144 0.181395
13 4.327481 0.000000 0.000000 0.005482 0.042626 0.219248
14 6.430522 -0.000000 0.000000 0.108279 0.232076 0.508086
15 5.754028 0.000000 -0.000000 2.780197 0.010453 0.658550
16 4.208960 0.000000 0.000000 -0.160055 0.188015 0.997390
17 4.203462 1.484258 1.588960 -0.179024 -1.125535 -1.560861
18 5.124548 -0.000000 0.000000 -0.911727 -0.237681 -1.506986
19 11.580950 0.000000 0.000000 -0.000000 -0.000000 -0.745368
20 11.182189 -0.000002 -0.000032 1.469206 0.023324 -0.342220
21 3.342010 -0.071954 -1.535773 0.070874 0.142154 -0.247798
22 1.760565 0.000000 -0.000000 0.003707 0.008347 -0.417902
23 0.946777 0.000000 -0.000000 -0.059844 -0.161510 -0.356655
24 3.650005 0.195886 -0.591614 0.065848 0.111437 -0.286501
25 1.940476 0.000000 0.000000 -0.063015 -0.157361 -0.382781
26 1.194153 0.000000 -0.000000 0.017478 0.067896 -0.252168
27 3.920878 0.176868 0.421353 0.034918 -0.002119 -0.237374
28 2.398545 0.000000 0.000000 -0.016327 -0.028042 -0.527349
29 1.228913 0.000000 0.000000 0.006292 0.038933 -0.160270
30 3.969047 0.108842 1.535248 0.028607 -0.031328 -0.228206
31 1.959841 0.000000 0.000000 0.054600 0.111020 -0.458274
32 1.099742 0.000000 -0.000000 0.010217 0.062642 -0.161791
33 1.244744 -0.896944 1.073525 1.541960 -0.431286 -0.187296
34 1.976136 0.000000 0.000000 -0.000000 -0.068928 -0.257871
35 1.377138 0.000000 0.000000 0.000000 -0.022268 0.192117
36 4.203462 1.484258 -1.588960 -0.339915 1.192505 -2.024922
37 5.124548 0.000000 0.000000 2.625265 0.460413 -0.704916
38 11.580950 0.000000 0.000000 -0.000000 -0.000000 -0.358827
39 11.182171 -0.000002 0.000017 -1.922925 0.142914 -0.311045
40 3.342029 -0.078177 1.535469 -0.066822 -0.142155 -0.247795
41 1.760565 0.000000 0.000000 -0.003707 -0.008347 -0.417902
42 0.946777 0.000000 0.000000 0.059844 0.161510 -0.356655
43 3.650023 0.193487 0.592403 -0.061796 -0.111438 -0.286498
44 1.940476 0.000000 0.000000 0.063015 0.157361 -0.382781
45 1.194153 0.000000 0.000000 -0.017478 -0.067896 -0.252168
46 3.920897 0.178574 -0.420632 -0.030866 0.002118 -0.237370
47 2.398545 -0.000000 0.000000 0.016327 0.028042 -0.527349
48 1.228913 -0.000000 0.000000 -0.006292 -0.038933 -0.160270
49 3.969067 0.115063 -1.534794 -0.024555 0.031327 -0.228202
50 1.959841 0.000000 0.000000 -0.054600 -0.111020 -0.458274
51 1.099742 0.000000 -0.000000 -0.010217 -0.062642 -0.161791
52 1.244767 -0.892595 -1.077153 -1.537577 0.432036 -0.185459
53 1.976136 0.000000 0.000000 -0.000000 0.068928 -0.257871
54 1.377138 0.000000 -0.000000 -0.000000 0.022268 0.192117
time 103
0 0.000000 0.000000 0.000000 1.570796 0.000000 0.000000
1 3.098559 -0.936712 36.546696 1.395993 -0.201469 0.115872
2 0.000000 0.000000 0.000000 0.000000 0.000000 0.000000
3 3.890447 0.000000 0.000000 -1.762165 -0.211544 -1.521524
4 20.402582 0.000000 0.000000 0.000000 -0.000000 0.939632
5 17.754948 0.000000 0.000000 -0.170648 0.229064 -1.663137
6 5.733515 0.000000 -0.000000 0.009777 -0.018461 -0.332484
7 -3.890447 0.000000 -0.000000 -1.395976 -0.067189 -2.232535
8 20.402582 0.000000 -0.000000 -0.000000 -0.000000 0.859456
9 17.754948 0.000000 0.000000 0.423829 -0.137169 -1.673009
10 5.733515 -0.000000 0.000000 -0.098116 0.014818 -0.360867
11 0.000000 3.345132 -1.055022 1.577567 -0.001226 1.704203
12 4.232848 0.000000 0.000000 0.010646 0.136483 0.173689
13 4.327481 0.000000 0.000000 0.006685 0.043129 0.214344
14 6.430522 0.000000 0.000000 0.107074 0.227265 0.503556
15 5.754028 -0.000000 -0.000000 2.774048 0.013883 0.696513
16 4.208960 0.000000 0.000000 -0.161708 0.191920 0.999805
17 4.203462 1.484258 1.588960 -0.195278 -1.114861 -1.551433
18 5.124548 0.000000 -0.000000 -0.913246 -0.225770 -1.514209
19 11.580950 0.000000 0.000000 -0.000000 -0.000000 -0.756121
20 11.182189 -0.000002 -0.000032 1.436812 -0.000977 -0.341358
21 3.342010 -0.071954 -1.535773 0.070874 0.142154 -0.247798
22 1.760565 0.000000 0.000000 0.003707 0.008347 -0.417902
23 0.946777 0.000000 0.000000 -0.059844 -0.161510 -0.356655
24 3.650005 0.195886 -0.591614 0.065848 0.111437 -0.286501
25 1.940476 -0.000000 -0.000000 -0.063015 -0.157361 -0.382781
26 1.194153 0.000000 0.000000 0.017478 0.067896 -0.252168
27 3.920878 0.176868 0.421353 0.034918 -0.002119 -0.237374
28 2.398545 0.000000 0.000000 -0.016327 -0.028042 -0.527349
29 1.228913 -0.000000 0.000000 0.006292 0.038933 -0.160270
30 3.969047 0.108842 1.535248 0.028607 -0.031328 -0.228206
31 1.959841 0.000000 0.000000 0.054600 0.111020 -0.458274
32 1.099742 -0.000000 0.000000 0.010217 0.062642 -0.161791
33 1.244744 -0.896944 1.073525 1.541960 -0.431286 -0.187296
34 1.976136 0.000000 0.000000 0.000000 -0.068928 -0.257871
35 1.377138 0.000000 0.000000 -0.000000 -0.022268 0.192117
36 4.203462 1.484258 -1.588960 -0.339812 1.190816 -2.023938
37 5.124548 0.000000 -0.000000 2.612044 0.468833 -0.705876
38 11.580950 0.000000 -0.000000 0.000000 0.000000 -0.368713
39 11.182171 -0.000002 0.000017 -1.901779 0.132203 -0.308573
40 3.342029 -0.078177 1.535469 -0.066822 -0.142155 -0.247795
41 1.760565 0.000000 0.000000 -0.003707 -0.008347 -0.417902
42 0.946777 0.000000 0.000000 0.059844 0.161510 -0.356655
43 3.650023 0.193487 0.592403 -0.061796 -0.111438 -0.286498
44 1.940476 0.000000 0.000000 0.063015 0.157361 -0.382781
45 1.194153 0.000000 0.000000 -0.017478 -0.067896 -0.252168
46 3.920897 0.178574 -0.420632 -0.030866 0.002118 -0.237370
47 2.398545 0.000000 0.000000 0.016327 0.028042 -0.527349
48 1.228913 0.000000 0.000000 -0.006292 -0.038933 -0.160270
49 3.969067 0.115063 -1.534794 -0.024555 0.031327 -0.228202
50 1.959841 0.000000 0.000000 -0.054600 -0.111020 -0.458274
51 1.099742 0.000000 -0.000000 -0.010217 -0.062642 -0.161791
52 1.244767 -0.892595 -1.077153 -1.537577 0.432036 -0.185459
53 1.976136 -0.000000 0.000000 -0.000000 0.068928 -0.257871
54 1.377138 0.000000 0.000000 -0.000000 0.022268 0.192117
time 104
0 0.000000 0.000000 0.000000 1.570796 0.000000 0.000000
1 3.263809 -1.108721 36.709011 1.386511 -0.199755 0.112069
2 0.000000 0.000000 0.000000 0.000000 0.000000 0.000000
3 3.890447 0.000000 0.000000 -1.758512 -0.189408 -1.527598
4 20.402582 0.000000 0.000000 0.000000 0.000000 0.925090
5 17.754948 0.000000 0.000000 -0.168716 0.220719 -1.659866
6 5.733515 0.000000 -0.000000 0.009777 -0.018462 -0.332532
7 -3.890447 0.000000 -0.000000 -1.413674 -0.045067 -2.225329
8 20.402582 0.000000 0.000000 -0.000000 0.000000 0.830918
9 17.754948 -0.000000 0.000000 0.424406 -0.124817 -1.661630
10 5.733515 0.000000 0.000000 -0.098120 0.014793 -0.359324
11 0.000000 3.345132 -1.055022 1.579602 0.006186 1.706078
12 4.232848 0.000000 -0.000000 0.012584 0.137703 0.166438
13 4.327481 -0.000000 0.000000 0.007925 0.043827 0.209009
14 6.430522 -0.000000 -0.000000 0.110853 0.231246 0.500288
15 5.754028 0.000000 0.000000 2.771421 0.018108 0.714448
16 4.208960 -0.000000 0.000000 -0.167828 0.191833 1.005998
17 4.203462 1.484258 1.588960 -0.188485 -1.109584 -1.563925
18 5.124548 0.000000 0.000000 -0.914405 -0.213770 -1.514521
19 11.580950 0.000000 0.000000 0.000000 -0.000000 -0.762861
20 11.182189 -0.000002 -0.000032 1.411554 -0.017567 -0.345020
21 3.342010 -0.071954 -1.535773 0.070874 0.142154 -0.247798
22 1.760565 0.000000 0.000000 0.003707 0.008347 -0.417902
23 0.946777 0.000000 -0.000000 -0.059844 -0.161510 -0.356655
24 3.650005 0.195886 -0.591614 0.065848 0.111437 -0.286501
25 1.940476 0.000000 -0.000000 -0.063015 -0.157361 -0.382781
26 1.194153 0.000000 -0.000000 0.017478 0.067896 -0.252168
27 3.920878 0.176868 0.421353 0.034918 -0.002119 -0.237374
28 2.398545 0.000000 0.000000 -0.016327 -0.028042 -0.527349
29 1.228913 0.000000 -0.000000 0.006292 0.038933 -0.160270
30 3.969047 0.108842 1.535248 0.028607 -0.031328 -0.228206
31 1.959841 0.000000 0.000000 0.054600 0.111020 -0.458274
32 1.099742 0.000000 0.000000 0.010217 0.062642 -0.161791
33 1.244744 -0.896944 1.073525 1.541960 -0.431286 -0.187296
34 1.976136 0.000000 0.000000 -0.000000 -0.068928 -0.257871
35 1.377138 0.000000 -0.000000 -0.000000 -0.022268 0.192117
36 4.203462 1.484258 -1.588960 -0.310512 1.184648 -2.002241
37 5.124548 0.000000 0.000000 2.573091 0.479435 -0.709812
38 11.580950 0.000000 -0.000000 -0.000000 0.000000 -0.379723
39 11.182171 -0.000002 0.000017 -1.897774 0.114970 -0.313215
40 3.342029 -0.078177 1.535469 -0.066822 -0.142155 -0.247795
41 1.760565 0.000000 0.000000 -0.003707 -0.008347 -0.417902
42 0.946777 0.000000 -0.000000 0.059844 0.161510 -0.356655
43 3.650023 0.193487 0.592403 -0.061796 -0.111438 -0.286498
44 1.940476 0.000000 0.000000 0.063015 0.157361 -0.382781
45 1.194153 -0.000000 0.000000 -0.017478 -0.067896 -0.252168
46 3.920897 0.178574 -0.420632 -0.030866 0.002118 -0.237370
47 2.398545 -0.000000 0.000000 0.016327 0.028042 -0.527349
48 1.228913 -0.000000 0.000000 -0.006292 -0.038933 -0.160270
49 3.969067 0.115063 -1.534794 -0.024555 0.031327 -0.228202
50 1.959841 -0.000000 0.000000 -0.054600 -0.111020 -0.458274
51 1.099742 0.000000 -0.000000 -0.010217 -0.062642 -0.161791
52 1.244767 -0.892595 -1.077153 -1.537577 0.432036 -0.185459
53 1.976136 0.000000 0.000000 -0.000000 0.068928 -0.257871
54 1.377138 0.000000 0.000000 -0.000000 0.022268 0.192117
time 105
0 0.000000 0.000000 0.000000 1.570796 0.000000 0.000000
1 3.385795 -1.220548 36.828930 1.379371 -0.199833 0.106300
2 0.000000 0.000000 0.000000 0.000000 0.000000 0.000000
3 3.890447 -0.000000 0.000000 -1.754442 -0.171496 -1.534521
4 20.402582 0.000000 0.000000 -0.000000 -0.000000 0.912090
5 17.754948 -0.000000 0.000000 -0.169354 0.210068 -1.658403
6 5.733515 0.000000 -0.000000 0.009781 -0.018440 -0.331196
7 -3.890447 0.000000 -0.000000 -1.429053 -0.030419 -2.221079
8 20.402582 -0.000000 0.000000 -0.000000 0.000000 0.810072
9 17.754948 -0.000000 0.000000 0.425113 -0.116238 -1.653769
10 5.733515 0.000000 -0.000000 -0.098120 0.014788 -0.359025
11 0.000000 3.345132 -1.055022 1.579408 0.011807 1.709441
12 4.232848 0.000000 0.000000 0.013174 0.137875 0.159657
13 4.327481 0.000000 0.000000 0.008397 0.044382 0.203443
14 6.430522 -0.000000 0.000000 0.115567 0.238387 0.497996
15 5.754028 0.000000 0.000000 2.780195 0.022588 0.716878
16 4.208960 -0.000000 0.000000 -0.172922 0.187403 1.015822
17 4.203462 1.484258 1.588960 -0.168773 -1.104694 -1.584422
18 5.124548 0.000000 0.000000 -0.911364 -0.207793 -1.510195
19 11.580950 0.000000 0.000000 0.000000 0.000000 -0.762982
20 11.182189 -0.000002 -0.000032 1.395840 -0.025457 -0.345722
21 3.342010 -0.071954 -1.535773 0.070874 0.142154 -0.247798
22 1.760565 0.000000 0.000000 0.003707 0.008347 -0.417902
23 0.946777 0.000000 0.000000 -0.059844 -0.161510 -0.356655
24 3.650005 0.195886 -0.591614 0.065848 0.111437 -0.286501
25 1.940476 -0.000000 -0.000000 -0.063015 -0.157361 -0.382781
26 1.194153 0.000000 0.000000 0.017478 0.067896 -0.252168
27 3.920878 0.176868 0.421353 0.034918 -0.002119 -0.237374
28 2.398545 0.000000 -0.000000 -0.016327 -0.028042 -0.527349
29 1.228913 0.000000 0.000000 0.006292 0.038933 -0.160270
30 3.969047 0.108842 1.535248 0.028607 -0.031328 -0.228206
31 1.959841 0.000000 -0.000000 0.054600 0.111020 -0.458274
32 1.099742 -0.000000 -0.000000 0.010217 0.062642 -0.161791
33 1.244744 -0.896944 1.073525 1.541960 -0.431286 -0.187296
34 1.976136 0.000000 0.000000 -0.000000 -0.068928 -0.257871
35 1.377138 0.000000 0.000000 -0.000000 -0.022268 0.192117
36 4.203462 1.484258 -1.588960 -0.292501 1.186608 -1.990519
37 5.124548 -0.000000 0.000000 2.526907 0.490124 -0.706459
38 11.580950 0.000000 0.000000 0.000000 0.000000 -0.395508
39 11.182171 -0.000002 0.000017 -1.902509 0.100937 -0.324608
40 3.342029 -0.078177 1.535469 -0.066822 -0.142155 -0.247795
41 1.760565 -0.000000 0.000000 -0.003707 -0.008347 -0.417902
42 0.946777 -0.000000 0.000000 0.059844 0.161510 -0.356655
43 3.650023 0.193487 0.592403 -0.061796 -0.111438 -0.286498
44 1.940476 0.000000 0.000000 0.063015 0.157361 -0.382781
45 1.194153 0.000000 0.000000 -0.017478 -0.067896 -0.252168
46 3.920897 0.178574 -0.420632 -0.030866 0.002118 -0.237370
47 2.398545 0.000000 0.000000 0.016327 0.028042 -0.527349
48 1.228913 0.000000 0.000000 -0.006292 -0.038933 -0.160270
49 3.969067 0.115063 -1.534794 -0.024555 0.031327 -0.228202
50 1.959841 0.000000 0.000000 -0.054600 -0.111020 -0.458274
51 1.099742 0.000000 0.000000 -0.010217 -0.062642 -0.161791
52 1.244767 -0.892595 -1.077153 -1.537577 0.432036 -0.185459
53 1.976136 0.000000 0.000000 0.000000 0.068928 -0.257871
54 1.377138 0.000000 0.000000 -0.000000 0.022268 0.192117
time 106
0 0.000000 0.000000 0.000000 1.570796 0.000000 0.000000
1 3.435732 -1.289583 36.935806 1.373662 -0.200644 0.098820
2 0.000000 0.000000 0.000000 0.000000 0.000000 0.000000
3 3.890447 0.000000 0.000000 -1.755543 -0.155110 -1.538035
4 20.402582 0.000000 -0.000000 -0.000000 -0.000000 0.897966
5 17.754948 0.000000 0.000000 -0.170626 0.204280 -1.656086
6 5.733515 -0.000000 0.000000 0.009785 -0.018416 -0.329751
7 -3.890447 0.000000 -0.000000 -1.440370 -0.019884 -2.218094
8 20.402582 -0.000000 -0.000000 -0.000000 -0.000000 0.792384
9 17.754948 -0.000000 0.000000 0.424076 -0.112487 -1.648363
10 5.733515 -0.000000 0.000000 -0.098121 0.014781 -0.358617
11 0.000000 3.345132 -1.055022 1.578469 0.016021 1.713298
12 4.232848 0.000000 -0.000000 0.013249 0.138610 0.153884
13 4.327481 0.000000 0.000000 0.008607 0.045316 0.197658
14 6.430522 -0.000000 -0.000000 0.118613 0.243173 0.494985
15 5.754028 -0.000000 0.000000 2.795023 0.026120 0.708528
16 4.208960 0.000000 0.000000 -0.176627 0.181517 1.027721
17 4.203462 1.484258 1.588960 -0.157991 -1.106532 -1.591079
18 5.124548 0.000000 0.000000 -0.911712 -0.204318 -1.503326
19 11.580950 0.000000 -0.000000 0.000000 0.000000 -0.759925
20 11.182189 -0.000002 -0.000032 1.403472 -0.026075 -0.338442
21 3.342010 -0.071954 -1.535773 0.070874 0.142154 -0.247798
22 1.760565 0.000000 -0.000000 0.003707 0.008347 -0.417902
23 0.946777 0.000000 0.000000 -0.059844 -0.161510 -0.356655
24 3.650005 0.195886 -0.591614 0.065848 0.111437 -0.286501
25 1.940476 0.000000 0.000000 -0.063015 -0.157361 -0.382781
26 1.194153 0.000000 0.000000 0.017478 0.067896 -0.252168
27 3.920878 0.176868 0.421353 0.034918 -0.002119 -0.237374
28 2.398545 0.000000 0.000000 -0.016327 -0.028042 -0.527349
29 1.228913 -0.000000 0.000000 0.006292 0.038933 -0.160270
30 3.969047 0.108842 1.535248 0.028607 -0.031328 -0.228206
31 1.959841 0.000000 -0.000000 0.054600 0.111020 -0.458274
32 1.099742 0.000000 0.000000 0.010217 0.062642 -0.161791
33 1.244744 -0.896944 1.073525 1.541960 -0.431286 -0.187296
34 1.976136 0.000000 0.000000 -0.000000 -0.068928 -0.257871
35 1.377138 -0.000000 0.000000 0.000000 -0.022268 0.192117
36 4.203462 1.484258 -1.588960 -0.304487 1.191668 -2.002829
37 5.124548 -0.000000 0.000000 2.479833 0.503776 -0.693962
38 11.580950 -0.000000 0.000000 0.000000 0.000000 -0.415408
39 11.182171 -0.000002 0.000017 -1.902216 0.094535 -0.333726
40 3.342029 -0.078177 1.535469 -0.066822 -0.142155 -0.247795
41 1.760565 0.000000 0.000000 -0.003707 -0.008347 -0.417902
42 0.946777 0.000000 0.000000 0.059844 0.161510 -0.356655
43 3.650023 0.193487 0.592403 -0.061796 -0.111438 -0.286498
44 1.940476 0.000000 -0.000000 0.063015 0.157361 -0.382781
45 1.194153 0.000000 -0.000000 -0.017478 -0.067896 -0.252168
46 3.920897 0.178574 -0.420632 -0.030866 0.002118 -0.237370
47 2.398545 -0.000000 -0.000000 0.016327 0.028042 -0.527349
48 1.228913 -0.000000 0.000000 -0.006292 -0.038933 -0.160270
49 3.969067 0.115063 -1.534794 -0.024555 0.031327 -0.228202
50 1.959841 0.000000 0.000000 -0.054600 -0.111020 -0.458274
51 1.099742 0.000000 0.000000 -0.010217 -0.062642 -0.161791
52 1.244767 -0.892595 -1.077153 -1.537577 0.432036 -0.185459
53 1.976136 0.000000 0.000000 -0.000000 0.068928 -0.257871
54 1.377138 0.000000 0.000000 -0.000000 0.022268 0.192117
time 107
0 0.000000 0.000000 0.000000 1.570796 0.000000 0.000000
1 3.403863 -1.325237 37.036076 1.368883 -0.203965 0.090151
2 0.000000 0.000000 0.000000 0.000000 0.000000 0.000000
3 3.890447 0.000000 0.000000 -1.757096 -0.139322 -1.541926
4 20.402582 0.000000 0.000000 -0.000000 0.000000 0.881288
5 17.754948 -0.000000 0.000000 -0.174194 0.198759 -1.652293
6 5.733515 0.000000 0.000000 0.009789 -0.018395 -0.328443
7 -3.890447 0.000000 -0.000000 -1.449464 -0.012501 -2.217140
8 20.402582 0.000000 0.000000 0.000000 -0.000000 0.777327
9 17.754948 -0.000000 0.000000 0.422024 -0.112220 -1.646655
10 5.733515 0.000000 0.000000 -0.098125 0.014759 -0.357252
11 0.000000 3.345132 -1.055022 1.577464 0.019496 1.714969
12 4.232848 -0.000000 0.000000 0.012905 0.140360 0.149765
13 4.327481 0.000000 0.000000 0.008593 0.046115 0.192594
14 6.430522 0.000000 0.000000 0.121373 0.247884 0.491128
15 5.754028 0.000000 0.000000 2.812193 0.021073 0.683787
16 4.208960 0.000000 0.000000 -0.174461 0.175268 1.047044
17 4.203462 1.484258 1.588960 -0.162378 -1.108797 -1.587658
18 5.124548 0.000000 -0.000000 -0.910460 -0.193931 -1.499100
19 11.580950 0.000000 0.000000 -0.000000 0.000000 -0.753413
20 11.182189 -0.000002 -0.000032 1.420778 -0.022017 -0.331581
21 3.342010 -0.071954 -1.535773 0.070874 0.142154 -0.247798
22 1.760565 0.000000 0.000000 0.003707 0.008347 -0.417902
23 0.946777 0.000000 -0.000000 -0.059844 -0.161510 -0.356655
24 3.650005 0.195886 -0.591614 0.065848 0.111437 -0.286501
25 1.940476 -0.000000 0.000000 -0.063015 -0.157361 -0.382781
26 1.194153 0.000000 0.000000 0.017478 0.067896 -0.252168
27 3.920878 0.176868 0.421353 0.034918 -0.002119 -0.237374
28 2.398545 -0.000000 0.000000 -0.016327 -0.028042 -0.527349
29 1.228913 -0.000000 0.000000 0.006292 0.038933 -0.160270
30 3.969047 0.108842 1.535248 0.028607 -0.031328 -0.228206
31 1.959841 0.000000 0.000000 0.054600 0.111020 -0.458274
32 1.099742 0.000000 0.000000 0.010217 0.062642 -0.161791
33 1.244744 -0.896944 1.073525 1.541960 -0.431286 -0.187296
34 1.976136 -0.000000 0.000000 -0.000000 -0.068928 -0.257871
35 1.377138 -0.000000 0.000000 -0.000000 -0.022268 0.192117
36 4.203462 1.484258 -1.588960 -0.324432 1.197037 -2.018885
37 5.124548 -0.000000 0.000000 2.439835 0.518993 -0.680279
38 11.580950 0.000000 0.000000 -0.000000 -0.000000 -0.436468
39 11.182171 -0.000002 0.000017 -1.896799 0.075212 -0.348704
40 3.342029 -0.078177 1.535469 -0.066822 -0.142155 -0.247795
41 1.760565 0.000000 0.000000 -0.003707 -0.008347 -0.417902
42 0.946777 -0.000000 0.000000 0.059844 0.161510 -0.356655
43 3.650023 0.193487 0.592403 -0.061796 -0.111438 -0.286498
44 1.940476 0.000000 -0.000000 0.063015 0.157361 -0.382781
45 1.194153 0.000000 0.000000 -0.017478 -0.067896 -0.252168
46 3.920897 0.178574 -0.420632 -0.030866 0.002118 -0.237370
47 2.398545 0.000000 0.000000 0.016327 0.028042 -0.527349
48 1.228913 0.000000 -0.000000 -0.006292 -0.038933 -0.160270
49 3.969067 0.115063 -1.534794 -0.024555 0.031327 -0.228202
50 1.959841 0.000000 0.000000 -0.054600 -0.111020 -0.458274
51 1.099742 0.000000 0.000000 -0.010217 -0.062642 -0.161791
52 1.244767 -0.892595 -1.077153 -1.537577 0.432036 -0.185459
53 1.976136 0.000000 -0.000000 0.000000 0.068928 -0.257871
54 1.377138 0.000000 0.000000 -0.000000 0.022268 0.192117
time 108
0 0.000000 0.000000 0.000000 1.570796 0.000000 0.000000
1 3.308400 -1.334633 37.124928 1.364824 -0.209504 0.080851
2 0.000000 0.000000 0.000000 0.000000 0.000000 0.000000
3 3.890447 -0.000000 -0.000000 -1.758839 -0.124233 -1.546466
4 20.402582 0.000000 0.000000 0.000000 -0.000000 0.863065
5 17.754948 0.000000 0.000000 -0.179623 0.193143 -1.647570
6 5.733515 -0.000000 0.000000 0.009793 -0.018376 -0.327312
7 -3.890447 0.000000 -0.000000 -1.458026 -0.008176 -2.218027
8 20.402582 -0.000000 0.000000 -0.000000 0.000000 0.765728
9 17.754948 -0.000000 0.000000 0.420676 -0.114380 -1.648356
10 5.733515 0.000000 0.000000 -0.098129 0.014734 -0.355760
11 0.000000 3.345132 -1.055022 1.576574 0.022898 1.714539
12 4.232848 0.000000 0.000000 0.012097 0.143149 0.147183
13 4.327481 0.000000 0.000000 0.008438 0.046699 0.189080
14 6.430522 0.000000 0.000000 0.124239 0.253006 0.487299
15 5.754028 -0.000000 0.000000 2.840176 0.010471 0.648503
16 4.208960 0.000000 -0.000000 -0.164750 0.171740 1.073080
17 4.203462 1.484258 1.588960 -0.187473 -1.110306 -1.566341
18 5.124548 0.000000 0.000000 -0.909614 -0.178687 -1.505048
19 11.580950 0.000000 -0.000000 0.000000 0.000000 -0.743039
20 11.182189 -0.000002 -0.000032 1.446056 -0.017238 -0.325814
21 3.342010 -0.071954 -1.535773 0.070874 0.142154 -0.247798
22 1.760565 0.000000 0.000000 0.003707 0.008347 -0.417902
23 0.946777 0.000000 0.000000 -0.059844 -0.161510 -0.356655
24 3.650005 0.195886 -0.591614 0.065848 0.111437 -0.286501
25 1.940476 0.000000 0.000000 -0.063015 -0.157361 -0.382781
26 1.194153 0.000000 -0.000000 0.017478 0.067896 -0.252168
27 3.920878 0.176868 0.421353 0.034918 -0.002119 -0.237374
28 2.398545 -0.000000 0.000000 -0.016327 -0.028042 -0.527349
29 1.228913 0.000000 0.000000 0.006292 0.038933 -0.160270
30 3.969047 0.108842 1.535248 0.028607 -0.031328 -0.228206
31 1.959841 0.000000 0.000000 0.054600 0.111020 -0.458274
32 1.099742 0.000000 0.000000 0.010217 0.062642 -0.161791
33 1.244744 -0.896944 1.073525 1.541960 -0.431286 -0.187296
34 1.976136 0.000000 0.000000 -0.000000 -0.068928 -0.257871
35 1.377138 0.000000 0.000000 0.000000 -0.022268 0.192117
36 4.203462 1.484258 -1.588960 -0.325800 1.199026 -2.024028
37 5.124548 0.000000 0.000000 2.395763 0.532645 -0.677097
38 11.580950 0.000000 0.000000 0.000000 -0.000000 -0.458957
39 11.182171 -0.000002 0.000017 -1.894503 0.054239 -0.362281
40 3.342029 -0.078177 1.535469 -0.066822 -0.142155 -0.247795
41 1.760565 0.000000 0.000000 -0.003707 -0.008347 -0.417902
42 0.946777 0.000000 0.000000 0.059844 0.161510 -0.356655
43 3.650023 0.193487 0.592403 -0.061796 -0.111438 -0.286498
44 1.940476 0.000000 0.000000 0.063015 0.157361 -0.382781
45 1.194153 0.000000 0.000000 -0.017478 -0.067896 -0.252168
46 3.920897 0.178574 -0.420632 -0.030866 0.002118 -0.237370
47 2.398545 0.000000 0.000000 0.016327 0.028042 -0.527349
48 1.228913 0.000000 0.000000 -0.006292 -0.038933 -0.160270
49 3.969067 0.115063 -1.534794 -0.024555 0.031327 -0.228202
50 1.959841 0.000000 0.000000 -0.054600 -0.111020 -0.458274
51 1.099742 0.000000 0.000000 -0.010217 -0.062642 -0.161791
52 1.244767 -0.892595 -1.077153 -1.537577 0.432036 -0.185459
53 1.976136 0.000000 -0.000000 -0.000000 0.068928 -0.257871
54 1.377138 0.000000 0.000000 -0.000000 0.022268 0.192117
time 109
0 0.000000 0.000000 0.000000 1.570796 0.000000 0.000000
1 3.160035 -1.323638 37.194073 1.361299 -0.216241 0.071547
2 0.000000 0.000000 0.000000 0.000000 0.000000 0.000000
3 3.890447 0.000000 0.000000 -1.761841 -0.110362 -1.550179
4 20.402582 -0.000000 0.000000 0.000000 0.000000 0.845223
5 17.754948 0.000000 0.000000 -0.186380 0.189228 -1.642830
6 5.733515 0.000000 -0.000000 0.009789 -0.018396 -0.328490
7 -3.890447 0.000000 -0.000000 -1.465665 -0.007020 -2.219793
8 20.402582 -0.000000 -0.000000 -0.000000 -0.000000 0.759431
9 17.754948 0.000000 -0.000000 0.419400 -0.117881 -1.653190
10 5.733515 -0.000000 0.000000 -0.098132 0.014717 -0.354754
11 0.000000 3.345132 -1.055022 1.574354 0.026652 1.714886
12 4.232848 0.000000 0.000000 0.009822 0.147159 0.145774
13 4.327481 0.000000 0.000000 0.007750 0.047461 0.187810
14 6.430522 0.000000 0.000000 0.124791 0.255291 0.484345
15 5.754028 0.000000 -0.000000 2.862509 0.000406 0.605119
16 4.208960 0.000000 0.000000 -0.156063 0.167859 1.100951
17 4.203462 1.484258 1.588960 -0.215247 -1.109786 -1.542629
18 5.124548 0.000000 0.000000 -0.905109 -0.167235 -1.511917
19 11.580950 0.000000 0.000000 0.000000 -0.000000 -0.728631
20 11.182189 -0.000002 -0.000032 1.462606 -0.004113 -0.323291
21 3.342010 -0.071954 -1.535773 0.070874 0.142154 -0.247798
22 1.760565 0.000000 -0.000000 0.003707 0.008347 -0.417902
23 0.946777 0.000000 0.000000 -0.059844 -0.161510 -0.356655
24 3.650005 0.195886 -0.591614 0.065848 0.111437 -0.286501
25 1.940476 0.000000 0.000000 -0.063015 -0.157361 -0.382781
26 1.194153 0.000000 0.000000 0.017478 0.067896 -0.252168
27 3.920878 0.176868 0.421353 0.034918 -0.002119 -0.237374
28 2.398545 -0.000000 0.000000 -0.016327 -0.028042 -0.527349
29 1.228913 -0.000000 -0.000000 0.006292 0.038933 -0.160270
30 3.969047 0.108842 1.535248 0.028607 -0.031328 -0.228206
31 1.959841 0.000000 0.000000 0.054600 0.111020 -0.458274
32 1.099742 0.000000 0.000000 0.010217 0.062642 -0.161791
33 1.244744 -0.896944 1.073525 1.541960 -0.431286 -0.187296
34 1.976136 0.000000 0.000000 0.000000 -0.068928 -0.257871
35 1.377138 -0.000000 0.000000 0.000000 -0.022268 0.192117
36 4.203462 1.484258 -1.588960 -0.332664 1.203812 -2.039661
37 5.124548 0.000000 0.000000 2.347492 0.538951 -0.674923
38 11.580950 0.000000 0.000000 0.000000 -0.000000 -0.486516
39 11.182171 -0.000002 0.000017 -1.882785 0.039071 -0.367392
40 3.342029 -0.078177 1.535469 -0.066822 -0.142155 -0.247795
41 1.760565 0.000000 0.000000 -0.003707 -0.008347 -0.417902
42 0.946777 0.000000 0.000000 0.059844 0.161510 -0.356655
43 3.650023 0.193487 0.592403 -0.061796 -0.111438 -0.286498
44 1.940476 -0.000000 0.000000 0.063015 0.157361 -0.382781
45 1.194153 0.000000 -0.000000 -0.017478 -0.067896 -0.252168
46 3.920897 0.178574 -0.420632 -0.030866 0.002118 -0.237370
47 2.398545 0.000000 0.000000 0.016327 0.028042 -0.527349
48 1.228913 0.000000 0.000000 -0.006292 -0.038933 -0.160270
49 3.969067 0.115063 -1.534794 -0.024555 0.031327 -0.228202
50 1.959841 0.000000 -0.000000 -0.054600 -0.111020 -0.458274
51 1.099742 0.000000 0.000000 -0.010217 -0.062642 -0.161791
52 1.244767 -0.892595 -1.077153 -1.537577 0.432036 -0.185459
53 1.976136 0.000000 0.000000 -0.000000 0.068928 -0.257871
54 1.377138 0.000000 -0.000000 -0.000000 0.022268 0.192117
time 110
0 0.000000 0.000000 0.000000 1.570796 0.000000 0.000000
1 2.964809 -1.206743 37.211342 1.359271 -0.222876 0.062762
2 0.000000 0.000000 0.000000 0.000000 0.000000 0.000000
3 3.890447 0.000000 0.000000 -1.764632 -0.103770 -1.551981
4 20.402582 0.000000 0.000000 0.000000 0.000000 0.833468
5 17.754948 0.000000 0.000000 -0.194299 0.185909 -1.639049
6 5.733515 0.000000 0.000000 0.009780 -0.018443 -0.331383
7 -3.890447 0.000000 -0.000000 -1.471809 -0.014906 -2.221491
8 20.402582 -0.000000 0.000000 0.000000 -0.000000 0.764964
9 17.754948 0.000000 0.000000 0.419353 -0.121556 -1.661500
10 5.733515 -0.000000 -0.000000 -0.098135 0.014697 -0.353551
11 -0.000000 3.345132 -1.055022 1.571041 0.027654 1.716410
12 4.232848 0.000000 0.000000 0.007277 0.149031 0.144983
13 4.327481 0.000000 0.000000 0.006736 0.047724 0.185983
14 6.430522 0.000000 -0.000000 0.125269 0.257987 0.482115
15 5.754028 0.000000 0.000000 2.864486 -0.012070 0.569317
16 4.208960 0.000000 0.000000 -0.150459 0.166063 1.118154
17 4.203462 1.484258 1.588960 -0.229911 -1.112720 -1.530556
18 5.124548 0.000000 0.000000 -0.904281 -0.160871 -1.515246
19 11.580950 0.000000 0.000000 -0.000000 -0.000000 -0.713285
20 11.182189 -0.000002 -0.000032 1.470105 0.013060 -0.322563
21 3.342010 -0.071954 -1.535773 0.070874 0.142154 -0.247798
22 1.760565 0.000000 0.000000 0.003707 0.008347 -0.417902
23 0.946777 -0.000000 -0.000000 -0.059844 -0.161510 -0.356655
24 3.650005 0.195886 -0.591614 0.065848 0.111437 -0.286501
25 1.940476 0.000000 0.000000 -0.063015 -0.157361 -0.382781
26 1.194153 0.000000 -0.000000 0.017478 0.067896 -0.252168
27 3.920878 0.176868 0.421353 0.034918 -0.002119 -0.237374
28 2.398545 0.000000 0.000000 -0.016327 -0.028042 -0.527349
29 1.228913 -0.000000 0.000000 0.006292 0.038933 -0.160270
30 3.969047 0.108842 1.535248 0.028607 -0.031328 -0.228206
31 1.959841 0.000000 -0.000000 0.054600 0.111020 -0.458274
32 1.099742 0.000000 0.000000 0.010217 0.062642 -0.161791
33 1.244744 -0.896944 1.073525 1.541960 -0.431286 -0.187296
34 1.976136 0.000000 0.000000 -0.000000 -0.068928 -0.257871
35 1.377138 -0.000000 -0.000000 -0.000000 -0.022268 0.192117
36 4.203462 1.484258 -1.588960 -0.353285 1.213505 -2.064430
37 5.124548 0.000000 0.000000 2.306720 0.541497 -0.667261
38 11.580950 -0.000000 -0.000000 0.000000 0.000000 -0.510662
39 11.182171 -0.000002 0.000017 -1.864337 0.033723 -0.374377
40 3.342029 -0.078177 1.535469 -0.066822 -0.142155 -0.247795
41 1.760565 0.000000 0.000000 -0.003707 -0.008347 -0.417902
42 0.946777 -0.000000 -0.000000 0.059844 0.161510 -0.356655
43 3.650023 0.193487 0.592403 -0.061796 -0.111438 -0.286498
44 1.940476 0.000000 0.000000 0.063015 0.157361 -0.382781
45 1.194153 0.000000 -0.000000 -0.017478 -0.067896 -0.252168
46 3.920897 0.178574 -0.420632 -0.030866 0.002118 -0.237370
47 2.398545 -0.000000 0.000000 0.016327 0.028042 -0.527349
48 1.228913 0.000000 0.000000 -0.006292 -0.038933 -0.160270
49 3.969067 0.115063 -1.534794 -0.024555 0.031327 -0.228202
50 1.959841 0.000000 0.000000 -0.054600 -0.111020 -0.458274
51 1.099742 0.000000 -0.000000 -0.010217 -0.062642 -0.161791
52 1.244767 -0.892595 -1.077153 -1.537577 0.432036 -0.185459
53 1.976136 0.000000 0.000000 -0.000000 0.068928 -0.257871
54 1.377138 0.000000 -0.000000 -0.000000 0.022268 0.192117
time 111
0 0.000000 0.000000 0.000000 1.570796 0.000000 0.000000
1 2.727110 -1.045730 37.189800 1.360433 -0.228073 0.055230
2 0.000000 0.000000 0.000000 0.000000 0.000000 0.000000
3 3.890447 0.000000 0.000000 -1.766750 -0.103943 -1.550741
4 20.402582 0.000000 -0.000000 0.000000 -0.000000 0.826384
5 17.754948 0.000000 0.000000 -0.203225 0.184108 -1.636494
6 5.733515 -0.000000 0.000000 0.009770 -0.018499 -0.334798
7 -3.890447 0.000000 -0.000000 -1.467913 -0.028793 -2.224025
8 20.402582 0.000000 -0.000000 -0.000000 -0.000000 0.778363
9 17.754948 0.000000 0.000000 0.417699 -0.132097 -1.671993
10 5.733515 0.000000 -0.000000 -0.098138 0.014678 -0.352376
11 0.000000 3.345132 -1.055022 1.567048 0.028725 1.718489
12 4.232848 0.000000 0.000000 0.004556 0.148840 0.143687
13 4.327481 0.000000 0.000000 0.005544 0.047554 0.184385
14 6.430522 0.000000 0.000000 0.126463 0.262225 0.481215
15 5.754028 0.000000 -0.000000 2.856076 -0.017824 0.549415
16 4.208960 -0.000000 0.000000 -0.151064 0.169379 1.128094
17 4.203462 1.484258 1.588960 -0.225758 -1.118896 -1.530967
18 5.124548 -0.000000 0.000000 -0.910206 -0.161868 -1.516079
19 11.580950 0.000000 0.000000 0.000000 0.000000 -0.701420
20 11.182189 -0.000002 -0.000032 1.474588 0.028228 -0.319537
21 3.342010 -0.071954 -1.535773 0.070874 0.142154 -0.247798
22 1.760565 0.000000 0.000000 0.003707 0.008347 -0.417902
23 0.946777 0.000000 -0.000000 -0.059844 -0.161510 -0.356655
24 3.650005 0.195886 -0.591614 0.065848 0.111437 -0.286501
25 1.940476 0.000000 0.000000 -0.063015 -0.157361 -0.382781
26 1.194153 0.000000 0.000000 0.017478 0.067896 -0.252168
27 3.920878 0.176868 0.421353 0.034918 -0.002119 -0.237374
28 2.398545 -0.000000 0.000000 -0.016327 -0.028042 -0.527349
29 1.228913 0.000000 0.000000 0.006292 0.038933 -0.160270
30 3.969047 0.108842 1.535248 0.028607 -0.031328 -0.228206
31 1.959841 0.000000 0.000000 0.054600 0.111020 -0.458274
32 1.099742 0.000000 -0.000000 0.010217 0.062642 -0.161791
33 1.244744 -0.896944 1.073525 1.541960 -0.431286 -0.187296
34 1.976136 0.000000 0.000000 -0.000000 -0.068928 -0.257871
35 1.377138 0.000000 0.000000 0.000000 -0.022268 0.192117
36 4.203462 1.484258 -1.588960 -0.368333 1.224096 -2.077037
37 5.124548 0.000000 0.000000 2.281825 0.545678 -0.664778
38 11.580950 0.000000 0.000000 0.000000 0.000000 -0.528707
39 11.182171 -0.000002 0.000017 -1.851526 0.029021 -0.385727
40 3.342029 -0.078177 1.535469 -0.066822 -0.142155 -0.247795
41 1.760565 0.000000 0.000000 -0.003707 -0.008347 -0.417902
42 0.946777 0.000000 0.000000 0.059844 0.161510 -0.356655
43 3.650023 0.193487 0.592403 -0.061796 -0.111438 -0.286498
44 1.940476 -0.000000 0.000000 0.063015 0.157361 -0.382781
45 1.194153 0.000000 0.000000 -0.017478 -0.067896 -0.252168
46 3.920897 0.178574 -0.420632 -0.030866 0.002118 -0.237370
47 2.398545 0.000000 -0.000000 0.016327 0.028042 -0.527349
48 1.228913 0.000000 0.000000 -0.006292 -0.038933 -0.160270
49 3.969067 0.115063 -1.534794 -0.024555 0.031327 -0.228202
50 1.959841 0.000000 0.000000 -0.054600 -0.111020 -0.458274
51 1.099742 0.000000 0.000000 -0.010217 -0.062642 -0.161791
52 1.244767 -0.892595 -1.077153 -1.537577 0.432036 -0.185459
53 1.976136 0.000000 0.000000 0.000000 0.068928 -0.257871
54 1.377138 0.000000 0.000000 -0.000000 0.022268 0.192117
time 112
0 0.000000 0.000000 0.000000 1.570796 0.000000 0.000000
1 2.455407 -0.874614 37.189228 1.361075 -0.230246 0.049237
2 0.000000 0.000000 0.000000 0.000000 0.000000 0.000000
3 3.890447 0.000000 0.000000 -1.768136 -0.103452 -1.545844
4 20.402582 0.000000 0.000000 0.000000 0.000000 0.817546
5 17.754948 -0.000000 0.000000 -0.211970 0.184124 -1.632419
6 5.733515 0.000000 0.000000 0.009762 -0.018544 -0.337531
7 -3.890447 0.000000 -0.000000 -1.460958 -0.041044 -2.222994
8 20.402582 0.000000 0.000000 0.000000 -0.000000 0.790371
9 17.754948 -0.000000 0.000000 0.412769 -0.143138 -1.679127
10 5.733515 0.000000 0.000000 -0.098137 0.014682 -0.352646
11 0.000000 3.345132 -1.055022 1.563291 0.028653 1.720561
12 4.232848 0.000000 0.000000 0.001876 0.150265 0.143694
13 4.327481 -0.000000 0.000000 0.004366 0.047917 0.183348
14 6.430522 0.000000 -0.000000 0.127092 0.265618 0.480149
15 5.754028 0.000000 -0.000000 2.857204 -0.016493 0.549932
16 4.208960 -0.000000 0.000000 -0.149700 0.170834 1.127421
17 4.203462 1.484258 1.588960 -0.218161 -1.123599 -1.533368
18 5.124548 0.000000 0.000000 -0.911471 -0.164476 -1.518680
19 11.580950 0.000000 0.000000 0.000000 0.000000 -0.696366
20 11.182189 -0.000002 -0.000032 1.487507 0.031381 -0.316603
21 3.342010 -0.071954 -1.535773 0.070874 0.142154 -0.247798
22 1.760565 0.000000 -0.000000 0.003707 0.008347 -0.417902
23 0.946777 0.000000 -0.000000 -0.059844 -0.161510 -0.356655
24 3.650005 0.195886 -0.591614 0.065848 0.111437 -0.286501
25 1.940476 0.000000 0.000000 -0.063015 -0.157361 -0.382781
26 1.194153 0.000000 0.000000 0.017478 0.067896 -0.252168
27 3.920878 0.176868 0.421353 0.034918 -0.002119 -0.237374
28 2.398545 0.000000 0.000000 -0.016327 -0.028042 -0.527349
29 1.228913 0.000000 -0.000000 0.006292 0.038933 -0.160270
30 3.969047 0.108842 1.535248 0.028607 -0.031328 -0.228206
31 1.959841 0.000000 0.000000 0.054600 0.111020 -0.458274
32 1.099742 0.000000 -0.000000 0.010217 0.062642 -0.161791
33 1.244744 -0.896944 1.073525 1.541960 -0.431286 -0.187296
34 1.976136 0.000000 0.000000 -0.000000 -0.068928 -0.257871
35 1.377138 0.000000 0.000000 -0.000000 -0.022268 0.192117
36 4.203462 1.484258 -1.588960 -0.358868 1.231091 -2.066254
37 5.124548 -0.000000 -0.000000 2.260244 0.547884 -0.674498
38 11.580950 0.000000 -0.000000 -0.000000 -0.000000 -0.540512
39 11.182171 -0.000002 0.000017 -1.847418 0.029073 -0.391687
40 3.342029 -0.078177 1.535469 -0.066822 -0.142155 -0.247795
41 1.760565 0.000000 0.000000 -0.003707 -0.008347 -0.417902
42 0.946777 0.000000 0.000000 0.059844 0.161510 -0.356655
43 3.650023 0.193487 0.592403 -0.061796 -0.111438 -0.286498
44 1.940476 0.000000 0.000000 0.063015 0.157361 -0.382781
45 1.194153 0.000000 0.000000 -0.017478 -0.067896 -0.252168
46 3.920897 0.178574 -0.420632 -0.030866 0.002118 -0.237370
47 2.398545 0.000000 0.000000 0.016327 0.028042 -0.527349
48 1.228913 0.000000 -0.000000 -0.006292 -0.038933 -0.160270
49 3.969067 0.115063 -1.534794 -0.024555 0.031327 -0.228202
50 1.959841 0.000000 -0.000000 -0.054600 -0.111020 -0.458274
51 1.099742 0.000000 -0.000000 -0.010217 -0.062642 -0.161791
52 1.244767 -0.892595 -1.077153 -1.537577 0.432036 -0.185459
53 1.976136 -0.000000 0.000000 -0.000000 0.068928 -0.257871
54 1.377138 0.000000 0.000000 -0.000000 0.022268 0.192117
time 113
0 0.000000 0.000000 0.000000 1.570796 0.000000 0.000000
1 2.164098 -0.696991 37.229118 1.362119 -0.230727 0.045324
2 0.000000 0.000000 0.000000 0.000000 0.000000 0.000000
3 3.890447 -0.000000 0.000000 -1.768622 -0.102103 -1.539603
4 20.402582 -0.000000 0.000000 0.000000 -0.000000 0.803826
5 17.754948 0.000000 0.000000 -0.219128 0.185138 -1.624630
6 5.733515 0.000000 0.000000 0.009757 -0.018570 -0.339082
7 -3.890447 -0.000000 -0.000000 -1.454078 -0.051221 -2.218584
8 20.402582 0.000000 0.000000 0.000000 -0.000000 0.799295
9 17.754948 -0.000000 0.000000 0.406642 -0.150729 -1.682744
10 5.733515 0.000000 0.000000 -0.098133 0.014707 -0.354111
11 0.000000 3.345132 -1.055022 1.560421 0.027605 1.721102
12 4.232848 -0.000000 0.000000 -0.000274 0.152355 0.144520
13 4.327481 -0.000000 -0.000000 0.003411 0.048316 0.182215
14 6.430522 0.000000 0.000000 0.127456 0.268122 0.478472
15 5.754028 -0.000000 0.000000 2.866456 -0.011532 0.556382
16 4.208960 -0.000000 0.000000 -0.146152 0.167250 1.122612
17 4.203462 1.484258 1.588960 -0.219725 -1.123411 -1.525183
18 5.124548 0.000000 0.000000 -0.904963 -0.166449 -1.525285
19 11.580950 -0.000000 0.000000 0.000000 0.000000 -0.704528
20 11.182189 -0.000002 -0.000032 1.495583 0.032012 -0.313979
21 3.342010 -0.071954 -1.535773 0.070874 0.142154 -0.247798
22 1.760565 0.000000 0.000000 0.003707 0.008347 -0.417902
23 0.946777 0.000000 -0.000000 -0.059844 -0.161510 -0.356655
24 3.650005 0.195886 -0.591614 0.065848 0.111437 -0.286501
25 1.940476 0.000000 0.000000 -0.063015 -0.157361 -0.382781
26 1.194153 0.000000 0.000000 0.017478 0.067896 -0.252168
27 3.920878 0.176868 0.421353 0.034918 -0.002119 -0.237374
28 2.398545 -0.000000 0.000000 -0.016327 -0.028042 -0.527349
29 1.228913 0.000000 0.000000 0.006292 0.038933 -0.160270
30 3.969047 0.108842 1.535248 0.028607 -0.031328 -0.228206
31 1.959841 0.000000 0.000000 0.054600 0.111020 -0.458274
32 1.099742 0.000000 -0.000000 0.010217 0.062642 -0.161791
33 1.244744 -0.896944 1.073525 1.541960 -0.431286 -0.187296
34 1.976136 -0.000000 0.000000 -0.000000 -0.068928 -0.257871
35 1.377138 -0.000000 0.000000 -0.000000 -0.022268 0.192117
36 4.203462 1.484258 -1.588960 -0.337863 1.228905 -2.044471
37 5.124548 0.000000 0.000000 2.243198 0.548186 -0.690595
38 11.580950 0.000000 0.000000 -0.000000 -0.000000 -0.545113
39 11.182171 -0.000002 0.000017 -1.847695 0.030308 -0.396292
40 3.342029 -0.078177 1.535469 -0.066822 -0.142155 -0.247795
41 1.760565 0.000000 0.000000 -0.003707 -0.008347 -0.417902
42 0.946777 0.000000 0.000000 0.059844 0.161510 -0.356655
43 3.650023 0.193487 0.592403 -0.061796 -0.111438 -0.286498
44 1.940476 0.000000 0.000000 0.063015 0.157361 -0.382781
45 1.194153 0.000000 0.000000 -0.017478 -0.067896 -0.252168
46 3.920897 0.178574 -0.420632 -0.030866 0.002118 -0.237370
47 2.398545 0.000000 0.000000 0.016327 0.028042 -0.527349
48 1.228913 -0.000000 0.000000 -0.006292 -0.038933 -0.160270
49 3.969067 0.115063 -1.534794 -0.024555 0.031327 -0.228202
50 1.959841 -0.000000 0.000000 -0.054600 -0.111020 -0.458274
51 1.099742 0.000000 0.000000 -0.010217 -0.062642 -0.161791
52 1.244767 -0.892595 -1.077153 -1.537577 0.432036 -0.185459
53 1.976136 -0.000000 -0.000000 -0.000000 0.068928 -0.257871
54 1.377138 0.000000 0.000000 0.000000 0.022268 0.192117
time 114
0 0.000000 0.000000 0.000000 1.570796 0.000000 0.000000
1 1.871021 -0.515519 37.291721 1.363981 -0.230314 0.044099
2 0.000000 0.000000 0.000000 0.000000 0.000000 0.000000
3 3.890447 0.000000 0.000000 -1.767273 -0.101497 -1.533389
4 20.402582 0.000000 0.000000 0.000000 -0.000000 0.787381
5 17.754948 0.000000 0.000000 -0.225467 0.186715 -1.613783
6 5.733515 -0.000000 0.000000 0.009755 -0.018581 -0.339746
7 -3.890447 0.000000 -0.000000 -1.448810 -0.059688 -2.211668
8 20.402582 -0.000000 -0.000000 0.000000 0.000000 0.804956
9 17.754948 0.000000 0.000000 0.401414 -0.152970 -1.683714
10 5.733515 0.000000 0.000000 -0.098130 0.014725 -0.355198
11 0.000000 3.345132 -1.055022 1.558451 0.026771 1.721480
12 4.232848 0.000000 0.000000 -0.001633 0.153156 0.144977
13 4.327481 0.000000 0.000000 0.002775 0.048277 0.181234
14 6.430522 0.000000 0.000000 0.125794 0.266443 0.476920
15 5.754028 -0.000000 -0.000000 2.867634 -0.007442 0.573511
16 4.208960 0.000000 0.000000 -0.142423 0.158867 1.113860
17 4.203462 1.484258 1.588960 -0.236260 -1.121197 -1.501849
18 5.124548 0.000000 0.000000 -0.893108 -0.171989 -1.534152
19 11.580950 0.000000 0.000000 -0.000000 -0.000000 -0.716432
20 11.182189 -0.000002 -0.000032 1.490650 0.032518 -0.316550
21 3.342010 -0.071954 -1.535773 0.070874 0.142154 -0.247798
22 1.760565 0.000000 -0.000000 0.003707 0.008347 -0.417902
23 0.946777 0.000000 0.000000 -0.059844 -0.161510 -0.356655
24 3.650005 0.195886 -0.591614 0.065848 0.111437 -0.286501
25 1.940476 0.000000 0.000000 -0.063015 -0.157361 -0.382781
26 1.194153 0.000000 -0.000000 0.017478 0.067896 -0.252168
27 3.920878 0.176868 0.421353 0.034918 -0.002119 -0.237374
28 2.398545 -0.000000 -0.000000 -0.016327 -0.028042 -0.527349
29 1.228913 0.000000 -0.000000 0.006292 0.038933 -0.160270
30 3.969047 0.108842 1.535248 0.028607 -0.031328 -0.228206
31 1.959841 0.000000 0.000000 0.054600 0.111020 -0.458274
32 1.099742 0.000000 0.000000 0.010217 0.062642 -0.161791
33 1.244744 -0.896944 1.073525 1.541960 -0.431286 -0.187296
34 1.976136 -0.000000 0.000000 -0.000000 -0.068928 -0.257871
35 1.377138 -0.000000 0.000000 -0.000000 -0.022268 0.192117
36 4.203462 1.484258 -1.588960 -0.330589 1.219772 -2.033478
37 5.124548 0.000000 0.000000 2.231197 0.546516 -0.704595
38 11.580950 0.000000 -0.000000 -0.000000 -0.000000 -0.538242
39 11.182171 -0.000002 0.000017 -1.841740 0.037096 -0.398481
40 3.342029 -0.078177 1.535469 -0.066822 -0.142155 -0.247795
41 1.760565 -0.000000 0.000000 -0.003707 -0.008347 -0.417902
42 0.946777 0.000000 0.000000 0.059844 0.161510 -0.356655
43 3.650023 0.193487 0.592403 -0.061796 -0.111438 -0.286498
44 1.940476 0.000000 -0.000000 0.063015 0.157361 -0.382781
45 1.194153 -0.000000 0.000000 -0.017478 -0.067896 -0.252168
46 3.920897 0.178574 -0.420632 -0.030866 0.002118 -0.237370
47 2.398545 0.000000 0.000000 0.016327 0.028042 -0.527349
48 1.228913 -0.000000 0.000000 -0.006292 -0.038933 -0.160270
49 3.969067 0.115063 -1.534794 -0.024555 0.031327 -0.228202
50 1.959841 0.000000 0.000000 -0.054600 -0.111020 -0.458274
51 1.099742 0.000000 -0.000000 -0.010217 -0.062642 -0.161791
52 1.244767 -0.892595 -1.077153 -1.537577 0.432036 -0.185459
53 1.976136 0.000000 0.000000 0.000000 0.068928 -0.257871
54 1.377138 0.000000 0.000000 -0.000000 0.022268 0.192117
time 115
0 0.000000 0.000000 0.000000 1.570796 0.000000 0.000000
1 1.579424 -0.327718 37.372971 1.366557 -0.228614 0.047177
2 0.000000 0.000000 0.000000 0.000000 0.000000 0.000000
3 3.890447 0.000000 0.000000 -1.762003 -0.102789 -1.527418
4 20.402582 0.000000 0.000000 0.000000 0.000000 0.769288
5 17.754948 0.000000 -0.000000 -0.231183 0.188770 -1.599435
6 5.733515 0.000000 -0.000000 0.009758 -0.018568 -0.338939
7 -3.890447 0.000000 0.000000 -1.439964 -0.065394 -2.203793
8 20.402582 0.000000 0.000000 0.000000 0.000000 0.807606
9 17.754948 -0.000000 0.000000 0.396534 -0.153745 -1.682937
10 5.733515 -0.000000 -0.000000 -0.098128 0.014737 -0.355964
11 0.000000 3.345132 -1.055022 1.556355 0.026039 1.721854
12 4.232848 0.000000 -0.000000 -0.002972 0.151443 0.144450
13 4.327481 -0.000000 0.000000 0.002022 0.047676 0.179824
14 6.430522 0.000000 0.000000 0.125030 0.266269 0.476174
15 5.754028 0.000000 -0.000000 2.871175 -0.006604 0.586603
16 4.208960 0.000000 0.000000 -0.137208 0.153319 1.109224
17 4.203462 1.484258 1.588960 -0.241488 -1.121080 -1.490078
18 5.124548 0.000000 -0.000000 -0.885423 -0.180525 -1.539831
19 11.580950 0.000000 -0.000000 -0.000000 -0.000000 -0.726400
20 11.182189 -0.000002 -0.000032 1.481275 0.041340 -0.324258
21 3.342010 -0.071954 -1.535773 0.070874 0.142154 -0.247798
22 1.760565 0.000000 -0.000000 0.003707 0.008347 -0.417902
23 0.946777 0.000000 0.000000 -0.059844 -0.161510 -0.356655
24 3.650005 0.195886 -0.591614 0.065848 0.111437 -0.286501
25 1.940476 0.000000 0.000000 -0.063015 -0.157361 -0.382781
26 1.194153 -0.000000 0.000000 0.017478 0.067896 -0.252168
27 3.920878 0.176868 0.421353 0.034918 -0.002119 -0.237374
28 2.398545 0.000000 0.000000 -0.016327 -0.028042 -0.527349
29 1.228913 0.000000 0.000000 0.006292 0.038933 -0.160270
30 3.969047 0.108842 1.535248 0.028607 -0.031328 -0.228206
31 1.959841 0.000000 -0.000000 0.054600 0.111020 -0.458274
32 1.099742 0.000000 0.000000 0.010217 0.062642 -0.161791
33 1.244744 -0.896944 1.073525 1.541960 -0.431286 -0.187296
34 1.976136 0.000000 0.000000 0.000000 -0.068928 -0.257871
35 1.377138 -0.000000 0.000000 0.000000 -0.022268 0.192117
36 4.203462 1.484258 -1.588960 -0.323704 1.207713 -2.019375
37 5.124548 0.000000 0.000000 2.230860 0.544874 -0.717398
38 11.580950 0.000000 -0.000000 -0.000000 0.000000 -0.517874
39 11.182171 -0.000002 0.000017 -1.837280 0.048212 -0.393124
40 3.342029 -0.078177 1.535469 -0.066822 -0.142155 -0.247795
41 1.760565 0.000000 0.000000 -0.003707 -0.008347 -0.417902
42 0.946777 -0.000000 0.000000 0.059844 0.161510 -0.356655
43 3.650023 0.193487 0.592403 -0.061796 -0.111438 -0.286498
44 1.940476 0.000000 -0.000000 0.063015 0.157361 -0.382781
45 1.194153 0.000000 0.000000 -0.017478 -0.067896 -0.252168
46 3.920897 0.178574 -0.420632 -0.030866 0.002118 -0.237370
47 2.398545 0.000000 0.000000 0.016327 0.028042 -0.527349
48 1.228913 0.000000 0.000000 -0.006292 -0.038933 -0.160270
49 3.969067 0.115063 -1.534794 -0.024555 0.031327 -0.228202
50 1.959841 0.000000 0.000000 -0.054600 -0.111020 -0.458274
51 1.099742 0.000000 0.000000 -0.010217 -0.062642 -0.161791
52 1.244767 -0.892595 -1.077153 -1.537577 0.432036 -0.185459
53 1.976136 0.000000 -0.000000 -0.000000 0.068928 -0.257871
54 1.377138 0.000000 0.000000 -0.000000 0.022268 0.192117
time 116
0 0.000000 0.000000 0.000000 1.570796 0.000000 0.000000
1 1.283904 -0.123428 37.474285 1.370610 -0.225456 0.054320
2 0.000000 0.000000 0.000000 0.000000 0.000000 0.000000
3 3.890447 0.000000 0.000000 -1.753494 -0.106930 -1.521282
4 20.402582 0.000000 0.000000 -0.000000 -0.000000 0.749411
5 17.754948 0.000000 0.000000 -0.233516 0.190964 -1.580916
6 5.733515 0.000000 0.000000 0.009758 -0.018565 -0.338754
7 -3.890447 0.000000 -0.000000 -1.425312 -0.068546 -2.195380
8 20.402582 0.000000 0.000000 0.000000 0.000000 0.805865
9 17.754948 0.000000 0.000000 0.391862 -0.155174 -1.680768
10 5.733515 0.000000 0.000000 -0.098131 0.014723 -0.355087
11 0.000000 3.345132 -1.055022 1.553952 0.025632 1.722103
12 4.232848 0.000000 0.000000 -0.004559 0.147706 0.143134
13 4.327481 0.000000 0.000000 0.001090 0.046704 0.178070
14 6.430522 0.000000 0.000000 0.126665 0.270804 0.476296
15 5.754028 0.000000 0.000000 2.870437 -0.009472 0.592854
16 4.208960 -0.000000 0.000000 -0.133604 0.152426 1.108076
17 4.203462 1.484258 1.588960 -0.232326 -1.125481 -1.496713
18 5.124548 0.000000 0.000000 -0.883006 -0.184830 -1.540096
19 11.580950 0.000000 0.000000 -0.000000 0.000000 -0.737524
20 11.182189 -0.000002 -0.000032 1.474882 0.046457 -0.328766
21 3.342010 -0.071954 -1.535773 0.070874 0.142154 -0.247798
22 1.760565 -0.000000 0.000000 0.003707 0.008347 -0.417902
23 0.946777 0.000000 0.000000 -0.059844 -0.161510 -0.356655
24 3.650005 0.195886 -0.591614 0.065848 0.111437 -0.286501
25 1.940476 0.000000 0.000000 -0.063015 -0.157361 -0.382781
26 1.194153 -0.000000 -0.000000 0.017478 0.067896 -0.252168
27 3.920878 0.176868 0.421353 0.034918 -0.002119 -0.237374
28 2.398545 -0.000000 0.000000 -0.016327 -0.028042 -0.527349
29 1.228913 0.000000 0.000000 0.006292 0.038933 -0.160270
30 3.969047 0.108842 1.535248 0.028607 -0.031328 -0.228206
31 1.959841 0.000000 0.000000 0.054600 0.111020 -0.458274
32 1.099742 0.000000 0.000000 0.010217 0.062642 -0.161791
33 1.244744 -0.896944 1.073525 1.541960 -0.431286 -0.187296
34 1.976136 0.000000 0.000000 0.000000 -0.068928 -0.257871
35 1.377138 0.000000 0.000000 0.000000 -0.022268 0.192117
36 4.203462 1.484258 -1.588960 -0.306196 1.201643 -1.998971
37 5.124548 -0.000000 0.000000 2.239098 0.529756 -0.730524
38 11.580950 0.000000 0.000000 -0.000000 -0.000000 -0.489857
39 11.182171 -0.000002 0.000017 -1.836307 0.060363 -0.381291
40 3.342029 -0.078177 1.535469 -0.066822 -0.142155 -0.247795
41 1.760565 -0.000000 0.000000 -0.003707 -0.008347 -0.417902
42 0.946777 0.000000 0.000000 0.059844 0.161510 -0.356655
43 3.650023 0.193487 0.592403 -0.061796 -0.111438 -0.286498
44 1.940476 0.000000 0.000000 0.063015 0.157361 -0.382781
45 1.194153 0.000000 0.000000 -0.017478 -0.067896 -0.252168
46 3.920897 0.178574 -0.420632 -0.030866 0.002118 -0.237370
47 2.398545 0.000000 0.000000 0.016327 0.028042 -0.527349
48 1.228913 -0.000000 0.000000 -0.006292 -0.038933 -0.160270
49 3.969067 0.115063 -1.534794 -0.024555 0.031327 -0.228202
50 1.959841 0.000000 0.000000 -0.054600 -0.111020 -0.458274
51 1.099742 0.000000 0.000000 -0.010217 -0.062642 -0.161791
52 1.244767 -0.892595 -1.077153 -1.537577 0.432036 -0.185459
53 1.976136 0.000000 0.000000 -0.000000 0.068928 -0.257871
54 1.377138 0.000000 0.000000 0.000000 0.022268 0.192117
time 117
0 0.000000 0.000000 0.000000 1.570796 0.000000 0.000000
1 0.970329 0.097318 37.606102 1.377393 -0.220851 0.063308
2 0.000000 0.000000 0.000000 0.000000 0.000000 0.000000
3 3.890447 0.000000 0.000000 -1.744539 -0.112983 -1.513809
4 20.402582 -0.000000 -0.000000 0.000000 -0.000000 0.724919
5 17.754948 -0.000000 0.000000 -0.232510 0.194158 -1.558371
6 5.733515 0.000000 0.000000 0.009755 -0.018580 -0.339657
7 -3.890447 0.000000 -0.000000 -1.409001 -0.071747 -2.184233
8 20.402582 0.000000 0.000000 -0.000000 0.000000 0.799768
9 17.754948 0.000000 -0.000000 0.386894 -0.153971 -1.675836
10 5.733515 0.000000 -0.000000 -0.098134 0.014701 -0.353777
11 0.000000 3.345132 -1.055022 1.551374 0.026251 1.722503
12 4.232848 0.000000 0.000000 -0.006463 0.145012 0.141694
13 4.327481 -0.000000 -0.000000 0.000121 0.046066 0.176742
14 6.430522 0.000000 0.000000 0.125928 0.271306 0.475757
15 5.754028 -0.000000 0.000000 2.867459 -0.016603 0.589996
16 4.208960 -0.000000 -0.000000 -0.130490 0.153397 1.108333
17 4.203462 1.484258 1.588960 -0.227515 -1.124037 -1.507315
18 5.124548 0.000000 -0.000000 -0.880046 -0.184479 -1.538527
19 11.580950 0.000000 -0.000000 -0.000000 -0.000000 -0.741208
20 11.182189 -0.000002 -0.000032 1.461864 0.046569 -0.334168
21 3.342010 -0.071954 -1.535773 0.070874 0.142154 -0.247798
22 1.760565 -0.000000 0.000000 0.003707 0.008347 -0.417902
23 0.946777 0.000000 0.000000 -0.059844 -0.161510 -0.356655
24 3.650005 0.195886 -0.591614 0.065848 0.111437 -0.286501
25 1.940476 0.000000 -0.000000 -0.063015 -0.157361 -0.382781
26 1.194153 0.000000 -0.000000 0.017478 0.067896 -0.252168
27 3.920878 0.176868 0.421353 0.034918 -0.002119 -0.237374
28 2.398545 0.000000 0.000000 -0.016327 -0.028042 -0.527349
29 1.228913 0.000000 0.000000 0.006292 0.038933 -0.160270
30 3.969047 0.108842 1.535248 0.028607 -0.031328 -0.228206
31 1.959841 0.000000 0.000000 0.054600 0.111020 -0.458274
32 1.099742 -0.000000 0.000000 0.010217 0.062642 -0.161791
33 1.244744 -0.896944 1.073525 1.541960 -0.431286 -0.187296
34 1.976136 -0.000000 -0.000000 -0.000000 -0.068928 -0.257871
35 1.377138 0.000000 0.000000 0.000000 -0.022268 0.192117
36 4.203462 1.484258 -1.588960 -0.306458 1.202653 -1.998905
37 5.124548 0.000000 -0.000000 2.260861 0.504515 -0.739766
38 11.580950 0.000000 0.000000 0.000000 -0.000000 -0.455889
39 11.182171 -0.000002 0.000017 -1.848060 0.071361 -0.365018
40 3.342029 -0.078177 1.535469 -0.066822 -0.142155 -0.247795
41 1.760565 0.000000 0.000000 -0.003707 -0.008347 -0.417902
42 0.946777 0.000000 0.000000 0.059844 0.161510 -0.356655
43 3.650023 0.193487 0.592403 -0.061796 -0.111438 -0.286498
44 1.940476 -0.000000 0.000000 0.063015 0.157361 -0.382781
45 1.194153 0.000000 0.000000 -0.017478 -0.067896 -0.252168
46 3.920897 0.178574 -0.420632 -0.030866 0.002118 -0.237370
47 2.398545 0.000000 0.000000 0.016327 0.028042 -0.527349
48 1.228913 -0.000000 0.000000 -0.006292 -0.038933 -0.160270
49 3.969067 0.115063 -1.534794 -0.024555 0.031327 -0.228202
50 1.959841 0.000000 0.000000 -0.054600 -0.111020 -0.458274
51 1.099742 0.000000 0.000000 -0.010217 -0.062642 -0.161791
52 1.244767 -0.892595 -1.077153 -1.537577 0.432036 -0.185459
53 1.976136 0.000000 0.000000 -0.000000 0.068928 -0.257871
54 1.377138 -0.000000 0.000000 -0.000000 0.022268 0.192117
time 118
0 0.000000 0.000000 0.000000 1.570796 0.000000 0.000000
1 0.621770 0.323644 37.786091 1.387149 -0.212866 0.071534
2 0.000000 0.000000 0.000000 0.000000 0.000000 0.000000
3 3.890447 0.000000 0.000000 -1.733523 -0.122441 -1.503533
4 20.402582 0.000000 -0.000000 -0.000000 0.000000 0.700951
5 17.754948 0.000000 0.000000 -0.231054 0.192406 -1.532862
6 5.733515 0.000000 0.000000 0.009748 -0.018622 -0.342216
7 -3.890447 0.000000 -0.000000 -1.395267 -0.075672 -2.166109
8 20.402582 -0.000000 -0.000000 -0.000000 0.000000 0.787859
9 17.754948 0.000000 0.000000 0.381110 -0.147623 -1.666698
10 5.733515 0.000000 -0.000000 -0.098137 0.014686 -0.352893
11 0.000000 3.345132 -1.055022 1.549132 0.027072 1.723418
12 4.232848 -0.000000 0.000000 -0.008481 0.145316 0.141143
13 4.327481 -0.000000 0.000000 -0.000709 0.046395 0.175974
14 6.430522 0.000000 -0.000000 0.123702 0.269077 0.474224
15 5.754028 -0.000000 0.000000 2.862328 -0.031633 0.575155
16 4.208960 -0.000000 0.000000 -0.125259 0.158058 1.115701
17 4.203462 1.484258 1.588960 -0.218574 -1.119130 -1.525969
18 5.124548 0.000000 0.000000 -0.882700 -0.178850 -1.533874
19 11.580950 0.000000 0.000000 -0.000000 -0.000000 -0.739419
20 11.182189 -0.000002 -0.000032 1.449988 0.040095 -0.342889
21 3.342010 -0.071954 -1.535773 0.070874 0.142154 -0.247798
22 1.760565 0.000000 0.000000 0.003707 0.008347 -0.417902
23 0.946777 0.000000 0.000000 -0.059844 -0.161510 -0.356655
24 3.650005 0.195886 -0.591614 0.065848 0.111437 -0.286501
25 1.940476 -0.000000 0.000000 -0.063015 -0.157361 -0.382781
26 1.194153 0.000000 0.000000 0.017478 0.067896 -0.252168
27 3.920878 0.176868 0.421353 0.034918 -0.002119 -0.237374
28 2.398545 0.000000 0.000000 -0.016327 -0.028042 -0.527349
29 1.228913 0.000000 0.000000 0.006292 0.038933 -0.160270
30 3.969047 0.108842 1.535248 0.028607 -0.031328 -0.228206
31 1.959841 0.000000 0.000000 0.054600 0.111020 -0.458274
32 1.099742 0.000000 0.000000 0.010217 0.062642 -0.161791
33 1.244744 -0.896944 1.073525 1.541960 -0.431286 -0.187296
34 1.976136 0.000000 0.000000 -0.000000 -0.068928 -0.257871
35 1.377138 0.000000 0.000000 0.000000 -0.022268 0.192117
36 4.203462 1.484258 -1.588960 -0.308246 1.203781 -2.006266
37 5.124548 0.000000 -0.000000 2.290305 0.476681 -0.749326
38 11.580950 0.000000 -0.000000 -0.000000 -0.000000 -0.416562
39 11.182171 -0.000002 0.000017 -1.880017 0.077062 -0.344450
40 3.342029 -0.078177 1.535469 -0.066822 -0.142155 -0.247795
41 1.760565 0.000000 0.000000 -0.003707 -0.008347 -0.417902
42 0.946777 0.000000 0.000000 0.059844 0.161510 -0.356655
43 3.650023 0.193487 0.592403 -0.061796 -0.111438 -0.286498
44 1.940476 0.000000 0.000000 0.063015 0.157361 -0.382781
45 1.194153 0.000000 0.000000 -0.017478 -0.067896 -0.252168
46 3.920897 0.178574 -0.420632 -0.030866 0.002118 -0.237370
47 2.398545 0.000000 0.000000 0.016327 0.028042 -0.527349
48 1.228913 0.000000 -0.000000 -0.006292 -0.038933 -0.160270
49 3.969067 0.115063 -1.534794 -0.024555 0.031327 -0.228202
50 1.959841 0.000000 0.000000 -0.054600 -0.111020 -0.458274
51 1.099742 0.000000 -0.000000 -0.010217 -0.062642 -0.161791
52 1.244767 -0.892595 -1.077153 -1.537577 0.432036 -0.185459
53 1.976136 0.000000 0.000000 -0.000000 0.068928 -0.257871
54 1.377138 0.000000 0.000000 -0.000000 0.022268 0.192117
time 119
0 0.000000 0.000000 0.000000 1.570796 0.000000 0.000000
1 0.259971 0.549964 37.963505 1.397985 -0.201383 0.076954
2 0.000000 0.000000 0.000000 0.000000 0.000000 0.000000
3 3.890447 0.000000 0.000000 -1.726831 -0.133026 -1.489045
4 20.402582 -0.000000 0.000000 0.000000 -0.000000 0.679536
5 17.754948 0.000000 0.000000 -0.229666 0.189510 -1.507803
6 5.733515 0.000000 0.000000 0.009736 -0.018692 -0.346502
7 -3.890447 0.000000 -0.000000 -1.385468 -0.081760 -2.142571
8 20.402582 -0.000000 0.000000 0.000000 0.000000 0.775154
9 17.754948 -0.000000 0.000000 0.375131 -0.139080 -1.656252
10 5.733515 0.000000 0.000000 -0.098137 0.014683 -0.352654
11 -0.000000 3.345132 -1.055022 1.549077 0.025772 1.721325
12 4.232848 -0.000000 0.000000 -0.008828 0.143973 0.141827
13 4.327481 0.000000 -0.000000 -0.000971 0.045898 0.175013
14 6.430522 0.000000 0.000000 0.125075 0.271831 0.473066
15 5.754028 0.000000 0.000000 2.867543 -0.041480 0.558156
16 4.208960 0.000000 -0.000000 -0.119976 0.162815 1.126848
17 4.203462 1.484258 1.588960 -0.228749 -1.108601 -1.520336
18 5.124548 0.000000 0.000000 -0.889366 -0.171535 -1.542296
19 11.580950 0.000000 0.000000 -0.000000 -0.000000 -0.738785
20 11.182189 -0.000002 -0.000032 1.448745 0.037434 -0.343912
21 3.342010 -0.071954 -1.535773 0.070874 0.142154 -0.247798
22 1.760565 0.000000 -0.000000 0.003707 0.008347 -0.417902
23 0.946777 -0.000000 -0.000000 -0.059844 -0.161510 -0.356655
24 3.650005 0.195886 -0.591614 0.065848 0.111437 -0.286501
25 1.940476 0.000000 0.000000 -0.063015 -0.157361 -0.382781
26 1.194153 0.000000 0.000000 0.017478 0.067896 -0.252168
27 3.920878 0.176868 0.421353 0.034918 -0.002119 -0.237374
28 2.398545 0.000000 0.000000 -0.016327 -0.028042 -0.527349
29 1.228913 0.000000 0.000000 0.006292 0.038933 -0.160270
30 3.969047 0.108842 1.535248 0.028607 -0.031328 -0.228206
31 1.959841 0.000000 -0.000000 0.054600 0.111020 -0.458274
32 1.099742 0.000000 -0.000000 0.010217 0.062642 -0.161791
33 1.244744 -0.896944 1.073525 1.541960 -0.431286 -0.187296
34 1.976136 0.000000 0.000000 0.000000 -0.068928 -0.257871
35 1.377138 0.000000 0.000000 0.000000 -0.022268 0.192117
36 4.203462 1.484258 -1.588960 -0.272506 1.201035 -1.970606
37 5.124548 0.000000 0.000000 2.325012 0.457127 -0.774458
38 11.580950 0.000000 0.000000 0.000000 0.000000 -0.376930
39 11.182171 -0.000002 0.000017 -1.929000 0.082179 -0.319473
40 3.342029 -0.078177 1.535469 -0.066822 -0.142155 -0.247795
41 1.760565 0.000000 0.000000 -0.003707 -0.008347 -0.417902
42 0.946777 -0.000000 0.000000 0.059844 0.161510 -0.356655
43 3.650023 0.193487 0.592403 -0.061796 -0.111438 -0.286498
44 1.940476 0.000000 0.000000 0.063015 0.157361 -0.382781
45 1.194153 0.000000 0.000000 -0.017478 -0.067896 -0.252168
46 3.920897 0.178574 -0.420632 -0.030866 0.002118 -0.237370
47 2.398545 0.000000 0.000000 0.016327 0.028042 -0.527349
48 1.228913 -0.000000 0.000000 -0.006292 -0.038933 -0.160270
49 3.969067 0.115063 -1.534794 -0.024555 0.031327 -0.228202
50 1.959841 0.000000 0.000000 -0.054600 -0.111020 -0.458274
51 1.099742 0.000000 0.000000 -0.010217 -0.062642 -0.161791
52 1.244767 -0.892595 -1.077153 -1.537577 0.432036 -0.185459
53 1.976136 0.000000 0.000000 0.000000 0.068928 -0.257871
54 1.377138 0.000000 0.000000 0.000000 0.022268 0.192117
time 120
0 0.000000 0.000000 0.000000 1.570796 0.000000 0.000000
1 -0.016943 0.796803 38.084698 1.407868 -0.188967 0.080015
2 0.000000 0.000000 0.000000 0.000000 0.000000 0.000000
3 3.890447 0.000000 0.000000 -1.725810 -0.148486 -1.474069
4 20.402582 0.000000 0.000000 -0.000000 -0.000000 0.673543
5 17.754948 0.000000 0.000000 -0.227586 0.183255 -1.493052
6 5.733515 -0.000000 0.000000 0.009711 -0.018845 -0.355709
7 -3.890447 0.000000 -0.000000 -1.377435 -0.090354 -2.121079
8 20.402582 -0.000000 0.000000 0.000000 0.000000 0.765563
9 17.754948 0.000000 -0.000000 0.370167 -0.133188 -1.646374
10 5.733515 0.000000 -0.000000 -0.098139 0.014672 -0.351999
11 0.000000 3.345132 -1.055022 1.549567 0.022012 1.721556
12 4.232848 0.000000 -0.000000 -0.007831 0.141269 0.142580
13 4.327481 -0.000000 0.000000 -0.000796 0.045437 0.173530
14 6.430522 0.000000 0.000000 0.125630 0.272334 0.473309
15 5.754028 -0.000000 0.000000 2.870639 -0.046998 0.554681
16 4.208960 0.000000 -0.000000 -0.115682 0.164587 1.131132
17 4.203462 1.484258 1.588960 -0.235600 -1.103207 -1.507842
18 5.124548 0.000000 -0.000000 -0.893454 -0.175933 -1.547803
19 11.580950 0.000000 -0.000000 0.000000 -0.000000 -0.736720
20 11.182189 -0.000002 -0.000032 1.448950 0.023443 -0.334735
21 3.342010 -0.071954 -1.535773 0.070874 0.142154 -0.247798
22 1.760565 0.000000 0.000000 0.003707 0.008347 -0.417902
23 0.946777 -0.000000 -0.000000 -0.059844 -0.161510 -0.356655
24 3.650005 0.195886 -0.591614 0.065848 0.111437 -0.286501
25 1.940476 -0.000000 0.000000 -0.063015 -0.157361 -0.382781
26 1.194153 0.000000 -0.000000 0.017478 0.067896 -0.252168
27 3.920878 0.176868 0.421353 0.034918 -0.002119 -0.237374
28 2.398545 0.000000 0.000000 -0.016327 -0.028042 -0.527349
29 1.228913 -0.000000 -0.000000 0.006292 0.038933 -0.160270
30 3.969047 0.108842 1.535248 0.028607 -0.031328 -0.228206
31 1.959841 0.000000 0.000000 0.054600 0.111020 -0.458274
32 1.099742 -0.000000 0.000000 0.010217 0.062642 -0.161791
33 1.244744 -0.896944 1.073525 1.541960 -0.431286 -0.187296
34 1.976136 0.000000 0.000000 -0.000000 -0.068928 -0.257871
35 1.377138 0.000000 0.000000 -0.000000 -0.022268 0.192117
36 4.203462 1.484258 -1.588960 -0.252131 1.197698 -1.936849
37 5.124548 0.000000 0.000000 2.374968 0.449010 -0.795139
38 11.580950 -0.000000 0.000000 0.000000 0.000000 -0.341066
39 11.182171 -0.000002 0.000017 -1.981334 0.090860 -0.295518
40 3.342029 -0.078177 1.535469 -0.066822 -0.142155 -0.247795
41 1.760565 -0.000000 0.000000 -0.003707 -0.008347 -0.417902
42 0.946777 0.000000 0.000000 0.059844 0.161510 -0.356655
43 3.650023 0.193487 0.592403 -0.061796 -0.111438 -0.286498
44 1.940476 0.000000 -0.000000 0.063015 0.157361 -0.382781
45 1.194153 -0.000000 0.000000 -0.017478 -0.067896 -0.252168
46 3.920897 0.178574 -0.420632 -0.030866 0.002118 -0.237370
47 2.398545 -0.000000 0.000000 0.016327 0.028042 -0.527349
48 1.228913 0.000000 0.000000 -0.006292 -0.038933 -0.160270
49 3.969067 0.115063 -1.534794 -0.024555 0.031327 -0.228202
50 1.959841 -0.000000 -0.000000 -0.054600 -0.111020 -0.458274
51 1.099742 0.000000 0.000000 -0.010217 -0.062642 -0.161791
52 1.244767 -0.892595 -1.077153 -1.537577 0.432036 -0.185459
53 1.976136 -0.000000 0.000000 -0.000000 0.068928 -0.257871
54 1.377138 0.000000 -0.000000 -0.000000 0.022268 0.192117
time 121
0 0.000000 0.000000 0.000000 1.570796 0.000000 0.000000
1 -0.186931 1.037375 38.115383 1.415139 -0.177760 0.082750
2 0.000000 0.000000 0.000000 0.000000 0.000000 0.000000
3 3.890447 0.000000 0.000000 -1.725962 -0.168603 -1.463830
4 20.402582 -0.000000 -0.000000 -0.000000 -0.000000 0.690513
5 17.754948 -0.000000 -0.000000 -0.209694 0.171913 -1.499539
6 5.733515 0.000000 0.000000 0.009705 -0.018883 -0.358009
7 -3.890447 0.000000 -0.000000 -1.368112 -0.099864 -2.106348
8 20.402582 -0.000000 0.000000 0.000000 0.000000 0.763307
9 17.754948 -0.000000 -0.000000 0.367099 -0.132776 -1.641119
10 5.733515 0.000000 0.000000 -0.098144 0.014642 -0.350220
11 0.000000 3.345132 -1.055022 1.550333 0.017083 1.723500
12 4.232848 0.000000 0.000000 -0.006113 0.138551 0.144072
13 4.327481 0.000000 -0.000000 -0.000361 0.045166 0.173291
14 6.430522 0.000000 0.000000 0.121435 0.264288 0.474435
15 5.754028 -0.000000 -0.000000 2.869019 -0.046535 0.559350
16 4.208960 0.000000 0.000000 -0.116569 0.164931 1.129297
17 4.203462 1.484258 1.588960 -0.239980 -1.102522 -1.498588
18 5.124548 0.000000 0.000000 -0.902359 -0.182411 -1.540632
19 11.580950 0.000000 0.000000 0.000000 -0.000000 -0.738024
20 11.182189 -0.000002 -0.000032 1.449408 0.018334 -0.330062
21 3.342010 -0.071954 -1.535773 0.070874 0.142154 -0.247798
22 1.760565 0.000000 -0.000000 0.003707 0.008347 -0.417902
23 0.946777 0.000000 0.000000 -0.059844 -0.161510 -0.356655
24 3.650005 0.195886 -0.591614 0.065848 0.111437 -0.286501
25 1.940476 0.000000 0.000000 -0.063015 -0.157361 -0.382781
26 1.194153 0.000000 -0.000000 0.017478 0.067896 -0.252168
27 3.920878 0.176868 0.421353 0.034918 -0.002119 -0.237374
28 2.398545 0.000000 0.000000 -0.016327 -0.028042 -0.527349
29 1.228913 0.000000 0.000000 0.006292 0.038933 -0.160270
30 3.969047 0.108842 1.535248 0.028607 -0.031328 -0.228206
31 1.959841 0.000000 -0.000000 0.054600 0.111020 -0.458274
32 1.099742 0.000000 0.000000 0.010217 0.062642 -0.161791
33 1.244744 -0.896944 1.073525 1.541960 -0.431286 -0.187296
34 1.976136 0.000000 0.000000 -0.000000 -0.068928 -0.257871
35 1.377138 0.000000 0.000000 0.000000 -0.022268 0.192117
36 4.203462 1.484258 -1.588960 -0.275282 1.196344 -1.953885
37 5.124548 0.000000 -0.000000 2.423431 0.433066 -0.802125
38 11.580950 0.000000 0.000000 0.000000 -0.000000 -0.315066
39 11.182171 -0.000002 0.000017 -2.022028 0.099141 -0.276155
40 3.342029 -0.078177 1.535469 -0.066822 -0.142155 -0.247795
41 1.760565 0.000000 0.000000 -0.003707 -0.008347 -0.417902
42 0.946777 -0.000000 0.000000 0.059844 0.161510 -0.356655
43 3.650023 0.193487 0.592403 -0.061796 -0.111438 -0.286498
44 1.940476 0.000000 -0.000000 0.063015 0.157361 -0.382781
45 1.194153 -0.000000 0.000000 -0.017478 -0.067896 -0.252168
46 3.920897 0.178574 -0.420632 -0.030866 0.002118 -0.237370
47 2.398545 0.000000 0.000000 0.016327 0.028042 -0.527349
48 1.228913 -0.000000 0.000000 -0.006292 -0.038933 -0.160270
49 3.969067 0.115063 -1.534794 -0.024555 0.031327 -0.228202
50 1.959841 0.000000 0.000000 -0.054600 -0.111020 -0.458274
51 1.099742 0.000000 0.000000 -0.010217 -0.062642 -0.161791
52 1.244767 -0.892595 -1.077153 -1.537577 0.432036 -0.185459
53 1.976136 0.000000 0.000000 -0.000000 0.068928 -0.257871
54 1.377138 0.000000 0.000000 0.000000 0.022268 0.192117
time 122
0 0.000000 0.000000 0.000000 1.570796 0.000000 0.000000
1 -0.295488 1.217259 38.074001 1.419380 -0.166725 0.086357
2 0.000000 0.000000 0.000000 0.000000 0.000000 0.000000
3 3.890447 0.000000 0.000000 -1.729369 -0.186581 -1.457362
4 20.402582 0.000000 -0.000000 0.000000 -0.000000 0.719464
5 17.754948 -0.000000 0.000000 -0.196860 0.183856 -1.520330
6 5.733515 0.000000 0.000000 0.009712 -0.018835 -0.355105
7 -3.890447 0.000000 -0.000000 -1.357104 -0.107067 -2.095650
8 20.402582 -0.000000 0.000000 0.000000 0.000000 0.766959
9 17.754948 0.000000 -0.000000 0.364953 -0.136234 -1.641058
10 5.733515 -0.000000 0.000000 -0.098147 0.014622 -0.348977
11 0.000000 3.345132 -1.055022 1.552173 0.014797 1.724422
12 4.232848 0.000000 0.000000 -0.004346 0.134947 0.146306
13 4.327481 0.000000 0.000000 0.000199 0.044444 0.177919
14 6.430522 0.000000 0.000000 0.118773 0.258803 0.479721
15 5.754028 -0.000000 0.000000 2.857806 -0.046870 0.569887
16 4.208960 0.000000 0.000000 -0.120142 0.164655 1.122084
17 4.203462 1.484258 1.588960 -0.223163 -1.110959 -1.519350
18 5.124548 -0.000000 -0.000000 -0.918289 -0.189446 -1.520797
19 11.580950 0.000000 0.000000 0.000000 0.000000 -0.737172
20 11.182189 -0.000002 -0.000032 1.455077 0.027285 -0.324989
21 3.342010 -0.071954 -1.535773 0.070874 0.142154 -0.247798
22 1.760565 0.000000 0.000000 0.003707 0.008347 -0.417902
23 0.946777 0.000000 0.000000 -0.059844 -0.161510 -0.356655
24 3.650005 0.195886 -0.591614 0.065848 0.111437 -0.286501
25 1.940476 0.000000 0.000000 -0.063015 -0.157361 -0.382781
26 1.194153 0.000000 -0.000000 0.017478 0.067896 -0.252168
27 3.920878 0.176868 0.421353 0.034918 -0.002119 -0.237374
28 2.398545 0.000000 0.000000 -0.016327 -0.028042 -0.527349
29 1.228913 0.000000 -0.000000 0.006292 0.038933 -0.160270
30 3.969047 0.108842 1.535248 0.028607 -0.031328 -0.228206
31 1.959841 0.000000 -0.000000 0.054600 0.111020 -0.458274
32 1.099742 0.000000 0.000000 0.010217 0.062642 -0.161791
33 1.244744 -0.896944 1.073525 1.541960 -0.431286 -0.187296
34 1.976136 0.000000 0.000000 0.000000 -0.068928 -0.257871
35 1.377138 0.000000 0.000000 0.000000 -0.022268 0.192117
36 4.203462 1.484258 -1.588960 -0.304914 1.192093 -1.984597
37 5.124548 -0.000000 0.000000 2.469634 0.418532 -0.800967
38 11.580950 -0.000000 0.000000 -0.000000 0.000000 -0.296021
39 11.182171 -0.000002 0.000017 -2.048005 0.098130 -0.259215
40 3.342029 -0.078177 1.535469 -0.066822 -0.142155 -0.247795
41 1.760565 0.000000 0.000000 -0.003707 -0.008347 -0.417902
42 0.946777 0.000000 0.000000 0.059844 0.161510 -0.356655
43 3.650023 0.193487 0.592403 -0.061796 -0.111438 -0.286498
44 1.940476 0.000000 0.000000 0.063015 0.157361 -0.382781
45 1.194153 0.000000 -0.000000 -0.017478 -0.067896 -0.252168
46 3.920897 0.178574 -0.420632 -0.030866 0.002118 -0.237370
47 2.398545 0.000000 0.000000 0.016327 0.028042 -0.527349
48 1.228913 -0.000000 0.000000 -0.006292 -0.038933 -0.160270
49 3.969067 0.115063 -1.534794 -0.024555 0.031327 -0.228202
50 1.959841 0.000000 0.000000 -0.054600 -0.111020 -0.458274
51 1.099742 -0.000000 0.000000 -0.010217 -0.062642 -0.161791
52 1.244767 -0.892595 -1.077153 -1.537577 0.432036 -0.185459
53 1.976136 0.000000 -0.000000 -0.000000 0.068928 -0.257871
54 1.377138 0.000000 0.000000 -0.000000 0.022268 0.192117
time 123
0 0.000000 0.000000 0.000000 1.570796 0.000000 0.000000
1 -0.353344 1.319410 37.966545 1.419964 -0.153700 0.091986
2 0.000000 0.000000 0.000000 0.000000 0.000000 0.000000
3 3.890447 0.000000 0.000000 -1.724613 -0.198085 -1.450714
4 20.402582 0.000000 -0.000000 0.000000 -0.000000 0.746906
5 17.754948 -0.000000 -0.000000 -0.174844 0.226020 -1.546562
6 5.733515 0.000000 0.000000 0.009711 -0.018843 -0.355632
7 -3.890447 0.000000 -0.000000 -1.343888 -0.109793 -2.086304
8 20.402582 -0.000000 0.000000 0.000000 -0.000000 0.775461
9 17.754948 -0.000000 0.000000 0.363536 -0.142452 -1.645869
10 5.733515 0.000000 0.000000 -0.098152 0.014597 -0.347499
11 0.000000 3.345132 -1.055022 1.554688 0.015916 1.723433
12 4.232848 0.000000 0.000000 -0.003476 0.132050 0.149201
13 4.327481 0.000000 0.000000 0.000643 0.043707 0.186486
14 6.430522 -0.000000 0.000000 0.117809 0.256550 0.486868
15 5.754028 0.000000 0.000000 2.849648 -0.043221 0.586992
16 4.208960 0.000000 0.000000 -0.123833 0.164116 1.113567
17 4.203462 1.484258 1.588960 -0.217981 -1.118198 -1.535280
18 5.124548 -0.000000 0.000000 -0.929611 -0.194566 -1.510123
19 11.580950 0.000000 0.000000 0.000000 0.000000 -0.726373
20 11.182189 -0.000002 -0.000032 1.464281 0.027551 -0.323895
21 3.342010 -0.071954 -1.535773 0.070874 0.142154 -0.247798
22 1.760565 0.000000 -0.000000 0.003707 0.008347 -0.417902
23 0.946777 0.000000 -0.000000 -0.059844 -0.161510 -0.356655
24 3.650005 0.195886 -0.591614 0.065848 0.111437 -0.286501
25 1.940476 0.000000 -0.000000 -0.063015 -0.157361 -0.382781
26 1.194153 0.000000 -0.000000 0.017478 0.067896 -0.252168
27 3.920878 0.176868 0.421353 0.034918 -0.002119 -0.237374
28 2.398545 0.000000 0.000000 -0.016327 -0.028042 -0.527349
29 1.228913 0.000000 0.000000 0.006292 0.038933 -0.160270
30 3.969047 0.108842 1.535248 0.028607 -0.031328 -0.228206
31 1.959841 0.000000 0.000000 0.054600 0.111020 -0.458274
32 1.099742 0.000000 0.000000 0.010217 0.062642 -0.161791
33 1.244744 -0.896944 1.073525 1.541960 -0.431286 -0.187296
34 1.976136 0.000000 0.000000 -0.000000 -0.068928 -0.257871
35 1.377138 0.000000 0.000000 0.000000 -0.022268 0.192117
36 4.203462 1.484258 -1.588960 -0.325832 1.187292 -2.006086
37 5.124548 0.000000 0.000000 2.507957 0.407680 -0.797262
38 11.580950 0.000000 0.000000 0.000000 -0.000000 -0.285168
39 11.182171 -0.000002 0.000017 -2.060391 0.097339 -0.244055
40 3.342029 -0.078177 1.535469 -0.066822 -0.142155 -0.247795
41 1.760565 0.000000 -0.000000 -0.003707 -0.008347 -0.417902
42 0.946777 0.000000 0.000000 0.059844 0.161510 -0.356655
43 3.650023 0.193487 0.592403 -0.061796 -0.111438 -0.286498
44 1.940476 0.000000 -0.000000 0.063015 0.157361 -0.382781
45 1.194153 0.000000 0.000000 -0.017478 -0.067896 -0.252168
46 3.920897 0.178574 -0.420632 -0.030866 0.002118 -0.237370
47 2.398545 0.000000 0.000000 0.016327 0.028042 -0.527349
48 1.228913 0.000000 0.000000 -0.006292 -0.038933 -0.160270
49 3.969067 0.115063 -1.534794 -0.024555 0.031327 -0.228202
50 1.959841 -0.000000 0.000000 -0.054600 -0.111020 -0.458274
51 1.099742 0.000000 0.000000 -0.010217 -0.062642 -0.161791
52 1.244767 -0.892595 -1.077153 -1.537577 0.432036 -0.185459
53 1.976136 0.000000 0.000000 -0.000000 0.068928 -0.257871
54 1.377138 -0.000000 0.000000 -0.000000 0.022268 0.192117
time 124
0 0.000000 0.000000 0.000000 1.570796 0.000000 0.000000
1 -0.358314 1.383234 37.821064 1.416821 -0.140643 0.101246
2 0.000000 0.000000 0.000000 0.000000 0.000000 0.000000
3 3.890447 0.000000 0.000000 -1.705887 -0.204652 -1.444291
4 20.402582 0.000000 0.000000 -0.000000 0.000000 0.763359
5 17.754948 -0.000000 0.000000 -0.179807 0.223658 -1.562272
6 5.733515 -0.000000 0.000000 0.009719 -0.018794 -0.352670
7 -3.890447 0.000000 -0.000000 -1.329564 -0.108292 -2.079583
8 20.402582 0.000000 0.000000 -0.000000 0.000000 0.787749
9 17.754948 -0.000000 0.000000 0.362639 -0.148542 -1.652676
10 5.733515 0.000000 0.000000 -0.098152 0.014596 -0.347392
11 0.000000 3.345132 -1.055022 1.556172 0.016325 1.718776
12 4.232848 0.000000 0.000000 -0.003925 0.129635 0.152854
13 4.327481 0.000000 0.000000 0.000437 0.042370 0.193685
14 6.430522 0.000000 0.000000 0.118479 0.258261 0.491485
15 5.754028 -0.000000 -0.000000 2.852443 -0.037019 0.617161
16 4.208960 0.000000 0.000000 -0.122819 0.163105 1.098814
17 4.203462 1.484258 1.588960 -0.218218 -1.118005 -1.537808
18 5.124548 0.000000 0.000000 -0.935759 -0.202004 -1.512170
19 11.580950 -0.000000 0.000000 -0.000000 0.000000 -0.712334
20 11.182189 -0.000002 -0.000032 1.475745 0.020481 -0.323362
21 3.342010 -0.071954 -1.535773 0.070874 0.142154 -0.247798
22 1.760565 -0.000000 0.000000 0.003707 0.008347 -0.417902
23 0.946777 0.000000 0.000000 -0.059844 -0.161510 -0.356655
24 3.650005 0.195886 -0.591614 0.065848 0.111437 -0.286501
25 1.940476 0.000000 0.000000 -0.063015 -0.157361 -0.382781
26 1.194153 -0.000000 -0.000000 0.017478 0.067896 -0.252168
27 3.920878 0.176868 0.421353 0.034918 -0.002119 -0.237374
28 2.398545 0.000000 0.000000 -0.016327 -0.028042 -0.527349
29 1.228913 0.000000 0.000000 0.006292 0.038933 -0.160270
30 3.969047 0.108842 1.535248 0.028607 -0.031328 -0.228206
31 1.959841 0.000000 -0.000000 0.054600 0.111020 -0.458274
32 1.099742 0.000000 0.000000 0.010217 0.062642 -0.161791
33 1.244744 -0.896944 1.073525 1.541960 -0.431286 -0.187296
34 1.976136 -0.000000 0.000000 -0.000000 -0.068928 -0.257871
35 1.377138 -0.000000 0.000000 -0.000000 -0.022268 0.192117
36 4.203462 1.484258 -1.588960 -0.313063 1.180958 -1.988505
37 5.124548 -0.000000 -0.000000 2.529867 0.401907 -0.801687
38 11.580950 -0.000000 0.000000 0.000000 -0.000000 -0.276492
39 11.182171 -0.000002 0.000017 -2.060587 0.100844 -0.244015
40 3.342029 -0.078177 1.535469 -0.066822 -0.142155 -0.247795
41 1.760565 0.000000 -0.000000 -0.003707 -0.008347 -0.417902
42 0.946777 0.000000 -0.000000 0.059844 0.161510 -0.356655
43 3.650023 0.193487 0.592403 -0.061796 -0.111438 -0.286498
44 1.940476 0.000000 -0.000000 0.063015 0.157361 -0.382781
45 1.194153 0.000000 0.000000 -0.017478 -0.067896 -0.252168
46 3.920897 0.178574 -0.420632 -0.030866 0.002118 -0.237370
47 2.398545 0.000000 -0.000000 0.016327 0.028042 -0.527349
48 1.228913 0.000000 0.000000 -0.006292 -0.038933 -0.160270
49 3.969067 0.115063 -1.534794 -0.024555 0.031327 -0.228202
50 1.959841 0.000000 -0.000000 -0.054600 -0.111020 -0.458274
51 1.099742 -0.000000 0.000000 -0.010217 -0.062642 -0.161791
52 1.244767 -0.892595 -1.077153 -1.537577 0.432036 -0.185459
53 1.976136 -0.000000 0.000000 -0.000000 0.068928 -0.257871
54 1.377138 -0.000000 0.000000 -0.000000 0.022268 0.192117
time 125
0 0.000000 0.000000 0.000000 1.570796 0.000000 0.000000
1 -0.272078 1.415602 37.673946 1.411014 -0.130295 0.112505
2 0.000000 0.000000 0.000000 0.000000 0.000000 0.000000
3 3.890447 0.000000 0.000000 -1.684019 -0.209726 -1.441099
4 20.402582 0.000000 0.000000 0.000000 -0.000000 0.777349
5 17.754948 -0.000000 0.000000 -0.197921 0.211228 -1.573161
6 5.733515 0.000000 0.000000 0.009721 -0.018783 -0.351992
7 -3.890447 0.000000 0.000000 -1.315988 -0.102830 -2.078182
8 20.402582 -0.000000 -0.000000 0.000000 -0.000000 0.799680
9 17.754948 0.000000 -0.000000 0.362762 -0.154478 -1.657905
10 5.733515 0.000000 -0.000000 -0.098147 0.014627 -0.349297
11 0.000000 3.345132 -1.055022 1.555269 0.015220 1.714441
12 4.232848 0.000000 0.000000 -0.005694 0.128130 0.155702
13 4.327481 0.000000 0.000000 -0.000452 0.041310 0.197225
14 6.430522 0.000000 0.000000 0.116793 0.257084 0.492848
15 5.754028 0.000000 -0.000000 2.861441 -0.029161 0.663622
16 4.208960 0.000000 0.000000 -0.117521 0.161331 1.077493
17 4.203462 1.484258 1.588960 -0.202730 -1.117864 -1.543888
18 5.124548 -0.000000 0.000000 -0.943297 -0.217435 -1.513423
19 11.580950 0.000000 0.000000 -0.000000 0.000000 -0.691884
20 11.182189 -0.000002 -0.000032 1.483254 0.014471 -0.321414
21 3.342010 -0.071954 -1.535773 0.070874 0.142154 -0.247798
22 1.760565 -0.000000 0.000000 0.003707 0.008347 -0.417902
23 0.946777 0.000000 0.000000 -0.059844 -0.161510 -0.356655
24 3.650005 0.195886 -0.591614 0.065848 0.111437 -0.286501
25 1.940476 0.000000 0.000000 -0.063015 -0.157361 -0.382781
26 1.194153 0.000000 -0.000000 0.017478 0.067896 -0.252168
27 3.920878 0.176868 0.421353 0.034918 -0.002119 -0.237374
28 2.398545 -0.000000 -0.000000 -0.016327 -0.028042 -0.527349
29 1.228913 0.000000 0.000000 0.006292 0.038933 -0.160270
30 3.969047 0.108842 1.535248 0.028607 -0.031328 -0.228206
31 1.959841 0.000000 0.000000 0.054600 0.111020 -0.458274
32 1.099742 0.000000 0.000000 0.010217 0.062642 -0.161791
33 1.244744 -0.896944 1.073525 1.541960 -0.431286 -0.187296
34 1.976136 -0.000000 0.000000 0.000000 -0.068928 -0.257871
35 1.377138 -0.000000 0.000000 -0.000000 -0.022268 0.192117
36 4.203462 1.484258 -1.588960 -0.316314 1.179460 -1.979133
37 5.124548 0.000000 0.000000 2.543673 0.395512 -0.798137
38 11.580950 0.000000 -0.000000 -0.000000 -0.000000 -0.276755
39 11.182171 -0.000002 0.000017 -2.056761 0.108921 -0.252876
40 3.342029 -0.078177 1.535469 -0.066822 -0.142155 -0.247795
41 1.760565 0.000000 0.000000 -0.003707 -0.008347 -0.417902
42 0.946777 0.000000 0.000000 0.059844 0.161510 -0.356655
43 3.650023 0.193487 0.592403 -0.061796 -0.111438 -0.286498
44 1.940476 0.000000 -0.000000 0.063015 0.157361 -0.382781
45 1.194153 0.000000 -0.000000 -0.017478 -0.067896 -0.252168
46 3.920897 0.178574 -0.420632 -0.030866 0.002118 -0.237370
47 2.398545 0.000000 -0.000000 0.016327 0.028042 -0.527349
48 1.228913 0.000000 -0.000000 -0.006292 -0.038933 -0.160270
49 3.969067 0.115063 -1.534794 -0.024555 0.031327 -0.228202
50 1.959841 0.000000 -0.000000 -0.054600 -0.111020 -0.458274
51 1.099742 0.000000 -0.000000 -0.010217 -0.062642 -0.161791
52 1.244767 -0.892595 -1.077153 -1.537577 0.432036 -0.185459
53 1.976136 0.000000 0.000000 0.000000 0.068928 -0.257871
54 1.377138 -0.000000 -0.000000 -0.000000 0.022268 0.192117
time 126
0 0.000000 0.000000 0.000000 1.570796 0.000000 0.000000
1 -0.079467 1.410160 37.509438 1.401772 -0.123994 0.122877
2 0.000000 0.000000 0.000000 0.000000 0.000000 0.000000
3 3.890447 0.000000 0.000000 -1.677730 -0.213054 -1.438758
4 20.402582 -0.000000 0.000000 0.000000 0.000000 0.797493
5 17.754948 0.000000 -0.000000 -0.208581 0.218560 -1.584272
6 5.733515 0.000000 -0.000000 0.009714 -0.018822 -0.354330
7 -3.890447 0.000000 -0.000000 -1.305896 -0.094122 -2.083567
8 20.402582 0.000000 0.000000 -0.000000 -0.000000 0.812198
9 17.754948 0.000000 0.000000 0.364953 -0.161363 -1.663148
10 5.733515 0.000000 0.000000 -0.098140 0.014668 -0.351760
11 0.000000 3.345132 -1.055022 1.555046 0.012940 1.710812
12 4.232848 0.000000 0.000000 -0.006319 0.126100 0.157879
13 4.327481 -0.000000 0.000000 -0.000922 0.040183 0.199239
14 6.430522 0.000000 -0.000000 0.114682 0.254294 0.494027
15 5.754028 -0.000000 0.000000 2.861776 -0.024529 0.703779
16 4.208960 -0.000000 0.000000 -0.114955 0.159486 1.056699
17 4.203462 1.484258 1.588960 -0.188408 -1.121750 -1.547391
18 5.124548 0.000000 0.000000 -0.951587 -0.230777 -1.512909
19 11.580950 -0.000000 -0.000000 0.000000 0.000000 -0.674666
20 11.182189 -0.000002 -0.000032 1.487453 0.009090 -0.317363
21 3.342010 -0.071954 -1.535773 0.070874 0.142154 -0.247798
22 1.760565 -0.000000 0.000000 0.003707 0.008347 -0.417902
23 0.946777 0.000000 -0.000000 -0.059844 -0.161510 -0.356655
24 3.650005 0.195886 -0.591614 0.065848 0.111437 -0.286501
25 1.940476 -0.000000 -0.000000 -0.063015 -0.157361 -0.382781
26 1.194153 0.000000 -0.000000 0.017478 0.067896 -0.252168
27 3.920878 0.176868 0.421353 0.034918 -0.002119 -0.237374
28 2.398545 0.000000 0.000000 -0.016327 -0.028042 -0.527349
29 1.228913 -0.000000 0.000000 0.006292 0.038933 -0.160270
30 3.969047 0.108842 1.535248 0.028607 -0.031328 -0.228206
31 1.959841 0.000000 -0.000000 0.054600 0.111020 -0.458274
32 1.099742 0.000000 0.000000 0.010217 0.062642 -0.161791
33 1.244744 -0.896944 1.073525 1.541960 -0.431286 -0.187296
34 1.976136 0.000000 0.000000 0.000000 -0.068928 -0.257871
35 1.377138 0.000000 0.000000 -0.000000 -0.022268 0.192117
36 4.203462 1.484258 -1.588960 -0.348303 1.178143 -2.006758
37 5.124548 0.000000 0.000000 2.552403 0.380873 -0.778603
38 11.580950 -0.000000 0.000000 -0.000000 -0.000000 -0.282708
39 11.182171 -0.000002 0.000017 -2.049091 0.113327 -0.265689
40 3.342029 -0.078177 1.535469 -0.066822 -0.142155 -0.247795
41 1.760565 0.000000 0.000000 -0.003707 -0.008347 -0.417902
42 0.946777 0.000000 0.000000 0.059844 0.161510 -0.356655
43 3.650023 0.193487 0.592403 -0.061796 -0.111438 -0.286498
44 1.940476 0.000000 -0.000000 0.063015 0.157361 -0.382781
45 1.194153 0.000000 0.000000 -0.017478 -0.067896 -0.252168
46 3.920897 0.178574 -0.420632 -0.030866 0.002118 -0.237370
47 2.398545 0.000000 -0.000000 0.016327 0.028042 -0.527349
48 1.228913 0.000000 0.000000 -0.006292 -0.038933 -0.160270
49 3.969067 0.115063 -1.534794 -0.024555 0.031327 -0.228202
50 1.959841 -0.000000 0.000000 -0.054600 -0.111020 -0.458274
51 1.099742 0.000000 0.000000 -0.010217 -0.062642 -0.161791
52 1.244767 -0.892595 -1.077153 -1.537577 0.432036 -0.185459
53 1.976136 0.000000 0.000000 0.000000 0.068928 -0.257871
54 1.377138 0.000000 -0.000000 0.000000 0.022268 0.192117
time 127
0 0.000000 0.000000 0.000000 1.570796 0.000000 0.000000
1 0.187872 1.357532 37.325859 1.387187 -0.120679 0.130231
2 0.000000 0.000000 0.000000 0.000000 0.000000 0.000000
3 3.890447 0.000000 0.000000 -1.676589 -0.211864 -1.439042
4 20.402582 0.000000 0.000000 -0.000000 -0.000000 0.825842
5 17.754948 0.000000 0.000000 -0.211235 0.226946 -1.599616
6 5.733515 -0.000000 0.000000 0.009706 -0.018876 -0.357631
7 -3.890447 0.000000 -0.000000 -1.302015 -0.080917 -2.093322
8 20.402582 -0.000000 0.000000 -0.000000 -0.000000 0.824994
9 17.754948 0.000000 -0.000000 0.369090 -0.169287 -1.669621
10 5.733515 0.000000 0.000000 -0.098135 0.014695 -0.353435
11 0.000000 3.345132 -1.055022 1.556201 0.008539 1.709444
12 4.232848 0.000000 0.000000 -0.004914 0.123590 0.159588
13 4.327481 0.000000 0.000000 -0.000627 0.039317 0.200205
14 6.430522 0.000000 0.000000 0.112621 0.250236 0.496290
15 5.754028 -0.000000 -0.000000 2.856835 -0.027459 0.732343
16 4.208960 0.000000 0.000000 -0.110726 0.159186 1.042187
17 4.203462 1.484258 1.588960 -0.177542 -1.126633 -1.545671
18 5.124548 0.000000 0.000000 -0.959179 -0.243190 -1.511710
19 11.580950 -0.000000 -0.000000 -0.000000 0.000000 -0.663139
20 11.182189 -0.000002 -0.000032 1.493761 0.015288 -0.317696
21 3.342010 -0.071954 -1.535773 0.070874 0.142154 -0.247798
22 1.760565 0.000000 -0.000000 0.003707 0.008347 -0.417902
23 0.946777 0.000000 0.000000 -0.059844 -0.161510 -0.356655
24 3.650005 0.195886 -0.591614 0.065848 0.111437 -0.286501
25 1.940476 0.000000 0.000000 -0.063015 -0.157361 -0.382781
26 1.194153 0.000000 -0.000000 0.017478 0.067896 -0.252168
27 3.920878 0.176868 0.421353 0.034918 -0.002119 -0.237374
28 2.398545 0.000000 0.000000 -0.016327 -0.028042 -0.527349
29 1.228913 0.000000 0.000000 0.006292 0.038933 -0.160270
30 3.969047 0.108842 1.535248 0.028607 -0.031328 -0.228206
31 1.959841 -0.000000 0.000000 0.054600 0.111020 -0.458274
32 1.099742 0.000000 -0.000000 0.010217 0.062642 -0.161791
33 1.244744 -0.896944 1.073525 1.541960 -0.431286 -0.187296
34 1.976136 0.000000 0.000000 0.000000 -0.068928 -0.257871
35 1.377138 0.000000 -0.000000 0.000000 -0.022268 0.192117
36 4.203462 1.484258 -1.588960 -0.392786 1.175408 -2.046687
37 5.124548 0.000000 0.000000 2.562593 0.368681 -0.756038
38 11.580950 0.000000 0.000000 -0.000000 0.000000 -0.292144
39 11.182171 -0.000002 0.000017 -2.038585 0.129140 -0.286474
40 3.342029 -0.078177 1.535469 -0.066822 -0.142155 -0.247795
41 1.760565 0.000000 -0.000000 -0.003707 -0.008347 -0.417902
42 0.946777 0.000000 0.000000 0.059844 0.161510 -0.356655
43 3.650023 0.193487 0.592403 -0.061796 -0.111438 -0.286498
44 1.940476 0.000000 -0.000000 0.063015 0.157361 -0.382781
45 1.194153 0.000000 0.000000 -0.017478 -0.067896 -0.252168
46 3.920897 0.178574 -0.420632 -0.030866 0.002118 -0.237370
47 2.398545 0.000000 0.000000 0.016327 0.028042 -0.527349
48 1.228913 0.000000 0.000000 -0.006292 -0.038933 -0.160270
49 3.969067 0.115063 -1.534794 -0.024555 0.031327 -0.228202
50 1.959841 0.000000 -0.000000 -0.054600 -0.111020 -0.458274
51 1.099742 0.000000 -0.000000 -0.010217 -0.062642 -0.161791
52 1.244767 -0.892595 -1.077153 -1.537577 0.432036 -0.185459
53 1.976136 0.000000 0.000000 0.000000 0.068928 -0.257871
54 1.377138 0.000000 -0.000000 0.000000 0.022268 0.192117
time 128
0 0.000000 0.000000 0.000000 1.570796 0.000000 0.000000
1 0.455130 1.296605 37.214157 1.377911 -0.117593 0.135434
2 0.000000 0.000000 0.000000 0.000000 0.000000 0.000000
3 3.890447 -0.000000 0.000000 -1.676926 -0.210834 -1.440238
4 20.402582 -0.000000 0.000000 0.000000 -0.000000 0.845895
5 17.754948 -0.000000 0.000000 -0.209871 0.232570 -1.611345
6 5.733515 0.000000 0.000000 0.009700 -0.018911 -0.359719
7 -3.890447 0.000000 -0.000000 -1.301092 -0.070335 -2.099980
8 20.402582 0.000000 0.000000 -0.000000 -0.000000 0.829766
9 17.754948 -0.000000 0.000000 0.372741 -0.173064 -1.670668
10 5.733515 0.000000 0.000000 -0.098129 0.014731 -0.355584
11 0.000000 3.345132 -1.055022 1.558545 0.008435 1.708955
12 4.232848 -0.000000 -0.000000 -0.002824 0.123263 0.159390
13 4.327481 0.000000 0.000000 0.000297 0.039419 0.200900
14 6.430522 0.000000 0.000000 0.110681 0.245026 0.497209
15 5.754028 0.000000 0.000000 2.849191 -0.034332 0.751676
16 4.208960 -0.000000 -0.000000 -0.105203 0.160715 1.036207
17 4.203462 1.484258 1.588960 -0.161771 -1.132019 -1.553232
18 5.124548 -0.000000 -0.000000 -0.965375 -0.248954 -1.506634
19 11.580950 0.000000 -0.000000 0.000000 0.000000 -0.656535
20 11.182189 -0.000002 -0.000032 1.498500 0.016618 -0.321097
21 3.342010 -0.071954 -1.535773 0.070874 0.142154 -0.247798
22 1.760565 0.000000 0.000000 0.003707 0.008347 -0.417902
23 0.946777 0.000000 0.000000 -0.059844 -0.161510 -0.356655
24 3.650005 0.195886 -0.591614 0.065848 0.111437 -0.286501
25 1.940476 0.000000 -0.000000 -0.063015 -0.157361 -0.382781
26 1.194153 0.000000 0.000000 0.017478 0.067896 -0.252168
27 3.920878 0.176868 0.421353 0.034918 -0.002119 -0.237374
28 2.398545 0.000000 -0.000000 -0.016327 -0.028042 -0.527349
29 1.228913 0.000000 -0.000000 0.006292 0.038933 -0.160270
30 3.969047 0.108842 1.535248 0.028607 -0.031328 -0.228206
31 1.959841 0.000000 0.000000 0.054600 0.111020 -0.458274
32 1.099742 -0.000000 -0.000000 0.010217 0.062642 -0.161791
33 1.244744 -0.896944 1.073525 1.541960 -0.431286 -0.187296
34 1.976136 0.000000 0.000000 -0.000000 -0.068928 -0.257871
35 1.377138 -0.000000 0.000000 0.000000 -0.022268 0.192117
36 4.203462 1.484258 -1.588960 -0.414024 1.175208 -2.059054
37 5.124548 0.000000 -0.000000 2.578231 0.365599 -0.746559
38 11.580950 0.000000 0.000000 0.000000 0.000000 -0.303308
39 11.182171 -0.000002 0.000017 -2.025669 0.145799 -0.296695
40 3.342029 -0.078177 1.535469 -0.066822 -0.142155 -0.247795
41 1.760565 -0.000000 -0.000000 -0.003707 -0.008347 -0.417902
42 0.946777 0.000000 -0.000000 0.059844 0.161510 -0.356655
43 3.650023 0.193487 0.592403 -0.061796 -0.111438 -0.286498
44 1.940476 0.000000 0.000000 0.063015 0.157361 -0.382781
45 1.194153 -0.000000 0.000000 -0.017478 -0.067896 -0.252168
46 3.920897 0.178574 -0.420632 -0.030866 0.002118 -0.237370
47 2.398545 0.000000 0.000000 0.016327 0.028042 -0.527349
48 1.228913 0.000000 0.000000 -0.006292 -0.038933 -0.160270
49 3.969067 0.115063 -1.534794 -0.024555 0.031327 -0.228202
50 1.959841 0.000000 0.000000 -0.054600 -0.111020 -0.458274
51 1.099742 -0.000000 -0.000000 -0.010217 -0.062642 -0.161791
52 1.244767 -0.892595 -1.077153 -1.537577 0.432036 -0.185459
53 1.976136 -0.000000 -0.000000 -0.000000 0.068928 -0.257871
54 1.377138 0.000000 0.000000 -0.000000 0.022268 0.192117
time 129
0 0.000000 0.000000 0.000000 1.570796 0.000000 0.000000
1 0.699462 1.192347 37.173939 1.372140 -0.114990 0.139144
2 0.000000 0.000000 0.000000 0.000000 0.000000 0.000000
3 3.890447 0.000000 0.000000 -1.679484 -0.207186 -1.441485
4 20.402582 0.000000 -0.000000 0.000000 0.000000 0.856569
5 17.754948 0.000000 0.000000 -0.206956 0.238022 -1.618855
6 5.733515 -0.000000 0.000000 0.009693 -0.018957 -0.362486
7 -3.890447 0.000000 0.000000 -1.301373 -0.058874 -2.103924
8 20.402582 0.000000 0.000000 0.000000 0.000000 0.826162
9 17.754948 -0.000000 0.000000 0.374753 -0.174125 -1.668792
10 5.733515 -0.000000 0.000000 -0.098127 0.014744 -0.356391
11 0.000000 3.345132 -1.055022 1.561761 0.012605 1.707786
12 4.232848 -0.000000 0.000000 -0.000559 0.123802 0.157643
13 4.327481 0.000000 0.000000 0.001558 0.039653 0.202234
14 6.430522 0.000000 -0.000000 0.110301 0.241916 0.497884
15 5.754028 0.000000 -0.000000 2.848784 -0.038309 0.754597
16 4.208960 0.000000 0.000000 -0.103171 0.163282 1.038279
17 4.203462 1.484258 1.588960 -0.156326 -1.128756 -1.562220
18 5.124548 0.000000 0.000000 -0.964914 -0.241490 -1.509490
19 11.580950 0.000000 0.000000 0.000000 0.000000 -0.647376
20 11.182189 -0.000002 -0.000032 1.501560 0.009774 -0.322489
21 3.342010 -0.071954 -1.535773 0.070874 0.142154 -0.247798
22 1.760565 0.000000 0.000000 0.003707 0.008347 -0.417902
23 0.946777 -0.000000 0.000000 -0.059844 -0.161510 -0.356655
24 3.650005 0.195886 -0.591614 0.065848 0.111437 -0.286501
25 1.940476 0.000000 0.000000 -0.063015 -0.157361 -0.382781
26 1.194153 0.000000 0.000000 0.017478 0.067896 -0.252168
27 3.920878 0.176868 0.421353 0.034918 -0.002119 -0.237374
28 2.398545 0.000000 0.000000 -0.016327 -0.028042 -0.527349
29 1.228913 0.000000 0.000000 0.006292 0.038933 -0.160270
30 3.969047 0.108842 1.535248 0.028607 -0.031328 -0.228206
31 1.959841 0.000000 0.000000 0.054600 0.111020 -0.458274
32 1.099742 0.000000 -0.000000 0.010217 0.062642 -0.161791
33 1.244744 -0.896944 1.073525 1.541960 -0.431286 -0.187296
34 1.976136 0.000000 0.000000 -0.000000 -0.068928 -0.257871
35 1.377138 -0.000000 -0.000000 0.000000 -0.022268 0.192117
36 4.203462 1.484258 -1.588960 -0.415132 1.174934 -2.057628
37 5.124548 0.000000 0.000000 2.595036 0.369375 -0.743395
38 11.580950 -0.000000 0.000000 0.000000 0.000000 -0.308011
39 11.182171 -0.000002 0.000017 -2.019338 0.161329 -0.296605
40 3.342029 -0.078177 1.535469 -0.066822 -0.142155 -0.247795
41 1.760565 0.000000 0.000000 -0.003707 -0.008347 -0.417902
42 0.946777 0.000000 -0.000000 0.059844 0.161510 -0.356655
43 3.650023 0.193487 0.592403 -0.061796 -0.111438 -0.286498
44 1.940476 -0.000000 0.000000 0.063015 0.157361 -0.382781
45 1.194153 0.000000 0.000000 -0.017478 -0.067896 -0.252168
46 3.920897 0.178574 -0.420632 -0.030866 0.002118 -0.237370
47 2.398545 0.000000 -0.000000 0.016327 0.028042 -0.527349
48 1.228913 -0.000000 0.000000 -0.006292 -0.038933 -0.160270
49 3.969067 0.115063 -1.534794 -0.024555 0.031327 -0.228202
50 1.959841 0.000000 0.000000 -0.054600 -0.111020 -0.458274
51 1.099742 -0.000000 0.000000 -0.010217 -0.062642 -0.161791
52 1.244767 -0.892595 -1.077153 -1.537577 0.432036 -0.185459
53 1.976136 0.000000 -0.000000 0.000000 0.068928 -0.257871
54 1.377138 0.000000 0.000000 -0.000000 0.022268 0.192117
time 130
0 0.000000 0.000000 0.000000 1.570796 0.000000 0.000000
1 0.918216 1.097401 37.181816 1.368276 -0.113354 0.141290
2 0.000000 0.000000 0.000000 0.000000 0.000000 0.000000
3 3.890447 0.000000 0.000000 -1.675519 -0.202676 -1.446489
4 20.402582 0.000000 0.000000 -0.000000 -0.000000 0.860947
5 17.754948 0.000000 0.000000 -0.205889 0.235175 -1.623432
6 5.733515 0.000000 0.000000 0.009686 -0.019003 -0.365299
7 -3.890447 0.000000 0.000000 -1.301289 -0.047274 -2.106858
8 20.402582 0.000000 -0.000000 0.000000 0.000000 0.816351
9 17.754948 -0.000000 0.000000 0.375157 -0.174808 -1.665242
10 5.733515 0.000000 -0.000000 -0.098133 0.014707 -0.354144
11 0.000000 3.345132 -1.055022 1.565419 0.017591 1.706324
12 4.232848 0.000000 0.000000 0.002026 0.123880 0.154970
13 4.327481 0.000000 0.000000 0.002974 0.039649 0.202652
14 6.430522 0.000000 -0.000000 0.111554 0.241404 0.498073
15 5.754028 0.000000 -0.000000 2.852114 -0.042867 0.741176
16 4.208960 -0.000000 0.000000 -0.103153 0.166434 1.046779
17 4.203462 1.484258 1.588960 -0.163295 -1.127320 -1.559686
18 5.124548 0.000000 0.000000 -0.974825 -0.225153 -1.517542
19 11.580950 0.000000 0.000000 -0.000000 -0.000000 -0.642488
20 11.182189 -0.000002 -0.000032 1.506056 0.013182 -0.317448
21 3.342010 -0.071954 -1.535773 0.070874 0.142154 -0.247798
22 1.760565 0.000000 0.000000 0.003707 0.008347 -0.417902
23 0.946777 0.000000 0.000000 -0.059844 -0.161510 -0.356655
24 3.650005 0.195886 -0.591614 0.065848 0.111437 -0.286501
25 1.940476 -0.000000 0.000000 -0.063015 -0.157361 -0.382781
26 1.194153 -0.000000 -0.000000 0.017478 0.067896 -0.252168
27 3.920878 0.176868 0.421353 0.034918 -0.002119 -0.237374
28 2.398545 0.000000 -0.000000 -0.016327 -0.028042 -0.527349
29 1.228913 0.000000 0.000000 0.006292 0.038933 -0.160270
30 3.969047 0.108842 1.535248 0.028607 -0.031328 -0.228206
31 1.959841 0.000000 0.000000 0.054600 0.111020 -0.458274
32 1.099742 0.000000 0.000000 0.010217 0.062642 -0.161791
33 1.244744 -0.896944 1.073525 1.541960 -0.431286 -0.187296
34 1.976136 0.000000 0.000000 0.000000 -0.068928 -0.257871
35 1.377138 0.000000 0.000000 -0.000000 -0.022268 0.192117
36 4.203462 1.484258 -1.588960 -0.401716 1.175674 -2.051024
37 5.124548 0.000000 0.000000 2.610421 0.376468 -0.743468
38 11.580950 0.000000 -0.000000 0.000000 0.000000 -0.304039
39 11.182171 -0.000002 0.000017 -2.013379 0.163623 -0.295054
40 3.342029 -0.078177 1.535469 -0.066822 -0.142155 -0.247795
41 1.760565 0.000000 -0.000000 -0.003707 -0.008347 -0.417902
42 0.946777 -0.000000 -0.000000 0.059844 0.161510 -0.356655
43 3.650023 0.193487 0.592403 -0.061796 -0.111438 -0.286498
44 1.940476 -0.000000 0.000000 0.063015 0.157361 -0.382781
45 1.194153 -0.000000 0.000000 -0.017478 -0.067896 -0.252168
46 3.920897 0.178574 -0.420632 -0.030866 0.002118 -0.237370
47 2.398545 -0.000000 0.000000 0.016327 0.028042 -0.527349
48 1.228913 0.000000 0.000000 -0.006292 -0.038933 -0.160270
49 3.969067 0.115063 -1.534794 -0.024555 0.031327 -0.228202
50 1.959841 0.000000 0.000000 -0.054600 -0.111020 -0.458274
51 1.099742 0.000000 0.000000 -0.010217 -0.062642 -0.161791
52 1.244767 -0.892595 -1.077153 -1.537577 0.432036 -0.185459
53 1.976136 0.000000 0.000000 0.000000 0.068928 -0.257871
54 1.377138 0.000000 -0.000000 -0.000000 0.022268 0.192117
time 131
0 0.000000 0.000000 0.000000 1.570796 0.000000 0.000000
1 1.036312 1.047414 37.216343 1.365294 -0.112326 0.141736
2 0.000000 0.000000 0.000000 0.000000 0.000000 0.000000
3 3.890447 0.000000 0.000000 -1.673220 -0.198021 -1.449205
4 20.402582 0.000000 0.000000 0.000000 0.000000 0.860399
5 17.754948 0.000000 0.000000 -0.205846 0.233330 -1.623586
6 5.733515 0.000000 0.000000 0.009680 -0.019042 -0.367615
7 -3.890447 0.000000 -0.000000 -1.305113 -0.039004 -2.106140
8 20.402582 0.000000 0.000000 0.000000 0.000000 0.806763
9 17.754948 0.000000 0.000000 0.375267 -0.171748 -1.661723
10 5.733515 0.000000 0.000000 -0.098139 0.014672 -0.351992
11 -0.000000 3.345132 -1.055022 1.569299 0.021131 1.702939
12 4.232848 0.000000 0.000000 0.004867 0.122896 0.152706
13 4.327481 0.000000 -0.000000 0.004351 0.038930 0.201505
14 6.430522 0.000000 0.000000 0.115506 0.245553 0.497005
15 5.754028 0.000000 -0.000000 2.864232 -0.045226 0.715347
16 4.208960 0.000000 0.000000 -0.104794 0.170271 1.060190
17 4.203462 1.484258 1.588960 -0.173310 -1.125239 -1.551885
18 5.124548 0.000000 0.000000 -0.984505 -0.207784 -1.528172
19 11.580950 -0.000000 0.000000 -0.000000 -0.000000 -0.637705
20 11.182189 -0.000002 -0.000032 1.508827 0.018952 -0.314124
21 3.342010 -0.071954 -1.535773 0.070874 0.142154 -0.247798
22 1.760565 0.000000 0.000000 0.003707 0.008347 -0.417902
23 0.946777 0.000000 0.000000 -0.059844 -0.161510 -0.356655
24 3.650005 0.195886 -0.591614 0.065848 0.111437 -0.286501
25 1.940476 0.000000 0.000000 -0.063015 -0.157361 -0.382781
26 1.194153 0.000000 -0.000000 0.017478 0.067896 -0.252168
27 3.920878 0.176868 0.421353 0.034918 -0.002119 -0.237374
28 2.398545 0.000000 -0.000000 -0.016327 -0.028042 -0.527349
29 1.228913 0.000000 -0.000000 0.006292 0.038933 -0.160270
30 3.969047 0.108842 1.535248 0.028607 -0.031328 -0.228206
31 1.959841 0.000000 -0.000000 0.054600 0.111020 -0.458274
32 1.099742 0.000000 0.000000 0.010217 0.062642 -0.161791
33 1.244744 -0.896944 1.073525 1.541960 -0.431286 -0.187296
34 1.976136 -0.000000 0.000000 0.000000 -0.068928 -0.257871
35 1.377138 0.000000 -0.000000 0.000000 -0.022268 0.192117
36 4.203462 1.484258 -1.588960 -0.380354 1.178696 -2.041403
37 5.124548 -0.000000 -0.000000 2.614207 0.387882 -0.745669
38 11.580950 0.000000 0.000000 0.000000 0.000000 -0.298070
39 11.182171 -0.000002 0.000017 -2.006222 0.156197 -0.288687
40 3.342029 -0.078177 1.535469 -0.066822 -0.142155 -0.247795
41 1.760565 0.000000 0.000000 -0.003707 -0.008347 -0.417902
42 0.946777 -0.000000 0.000000 0.059844 0.161510 -0.356655
43 3.650023 0.193487 0.592403 -0.061796 -0.111438 -0.286498
44 1.940476 0.000000 0.000000 0.063015 0.157361 -0.382781
45 1.194153 -0.000000 0.000000 -0.017478 -0.067896 -0.252168
46 3.920897 0.178574 -0.420632 -0.030866 0.002118 -0.237370
47 2.398545 0.000000 0.000000 0.016327 0.028042 -0.527349
48 1.228913 0.000000 0.000000 -0.006292 -0.038933 -0.160270
49 3.969067 0.115063 -1.534794 -0.024555 0.031327 -0.228202
50 1.959841 0.000000 0.000000 -0.054600 -0.111020 -0.458274
51 1.099742 -0.000000 -0.000000 -0.010217 -0.062642 -0.161791
52 1.244767 -0.892595 -1.077153 -1.537577 0.432036 -0.185459
53 1.976136 0.000000 0.000000 -0.000000 0.068928 -0.257871
54 1.377138 0.000000 0.000000 -0.000000 0.022268 0.192117
time 132
0 0.000000 0.000000 0.000000 1.570796 0.000000 0.000000
1 1.117320 1.018741 37.267426 1.363609 -0.112332 0.140664
2 0.000000 0.000000 0.000000 0.000000 0.000000 0.000000
3 3.890447 0.000000 0.000000 -1.672023 -0.193156 -1.452097
4 20.402582 0.000000 0.000000 0.000000 0.000000 0.856339
5 17.754948 -0.000000 0.000000 -0.205778 0.230797 -1.622198
6 5.733515 -0.000000 0.000000 0.009677 -0.019061 -0.368783
7 -3.890447 -0.000000 -0.000000 -1.311576 -0.033534 -2.104321
8 20.402582 0.000000 -0.000000 0.000000 -0.000000 0.797137
9 17.754948 -0.000000 0.000000 0.375508 -0.166432 -1.657815
10 5.733515 0.000000 0.000000 -0.098145 0.014634 -0.349728
11 -0.000000 3.345132 -1.055022 1.571230 0.022618 1.700464
12 4.232848 0.000000 0.000000 0.006768 0.121936 0.149342
13 4.327481 0.000000 0.000000 0.005139 0.038124 0.195999
14 6.430522 0.000000 0.000000 0.118108 0.248187 0.492754
15 5.754028 -0.000000 0.000000 2.876699 -0.047769 0.691188
16 4.208960 0.000000 0.000000 -0.105556 0.172803 1.069011
17 4.203462 1.484258 1.588960 -0.181255 -1.122155 -1.538583
18 5.124548 0.000000 0.000000 -0.987723 -0.195408 -1.536126
19 11.580950 0.000000 0.000000 -0.000000 0.000000 -0.634141
20 11.182189 -0.000002 -0.000032 1.507105 0.030894 -0.300245
21 3.342010 -0.071954 -1.535773 0.070874 0.142154 -0.247798
22 1.760565 0.000000 0.000000 0.003707 0.008347 -0.417902
23 0.946777 0.000000 0.000000 -0.059844 -0.161510 -0.356655
24 3.650005 0.195886 -0.591614 0.065848 0.111437 -0.286501
25 1.940476 0.000000 0.000000 -0.063015 -0.157361 -0.382781
26 1.194153 0.000000 -0.000000 0.017478 0.067896 -0.252168
27 3.920878 0.176868 0.421353 0.034918 -0.002119 -0.237374
28 2.398545 -0.000000 -0.000000 -0.016327 -0.028042 -0.527349
29 1.228913 -0.000000 0.000000 0.006292 0.038933 -0.160270
30 3.969047 0.108842 1.535248 0.028607 -0.031328 -0.228206
31 1.959841 0.000000 -0.000000 0.054600 0.111020 -0.458274
32 1.099742 0.000000 -0.000000 0.010217 0.062642 -0.161791
33 1.244744 -0.896944 1.073525 1.541960 -0.431286 -0.187296
34 1.976136 0.000000 0.000000 0.000000 -0.068928 -0.257871
35 1.377138 -0.000000 -0.000000 -0.000000 -0.022268 0.192117
36 4.203462 1.484258 -1.588960 -0.377945 1.181303 -2.043478
37 5.124548 0.000000 0.000000 2.603085 0.408702 -0.741750
38 11.580950 0.000000 0.000000 0.000000 0.000000 -0.295021
39 11.182171 -0.000002 0.000017 -1.999599 0.151424 -0.279373
40 3.342029 -0.078177 1.535469 -0.066822 -0.142155 -0.247795
41 1.760565 0.000000 0.000000 -0.003707 -0.008347 -0.417902
42 0.946777 0.000000 0.000000 0.059844 0.161510 -0.356655
43 3.650023 0.193487 0.592403 -0.061796 -0.111438 -0.286498
44 1.940476 0.000000 -0.000000 0.063015 0.157361 -0.382781
45 1.194153 0.000000 0.000000 -0.017478 -0.067896 -0.252168
46 3.920897 0.178574 -0.420632 -0.030866 0.002118 -0.237370
47 2.398545 0.000000 -0.000000 0.016327 0.028042 -0.527349
48 1.228913 0.000000 0.000000 -0.006292 -0.038933 -0.160270
49 3.969067 0.115063 -1.534794 -0.024555 0.031327 -0.228202
50 1.959841 0.000000 0.000000 -0.054600 -0.111020 -0.458274
51 1.099742 -0.000000 0.000000 -0.010217 -0.062642 -0.161791
52 1.244767 -0.892595 -1.077153 -1.537577 0.432036 -0.185459
53 1.976136 -0.000000 0.000000 -0.000000 0.068928 -0.257871
54 1.377138 0.000000 0.000000 -0.000000 0.022268 0.192117
time 133
0 0.000000 0.000000 0.000000 1.570796 0.000000 0.000000
1 1.171598 0.997792 37.322666 1.363270 -0.113352 0.136432
2 0.000000 0.000000 0.000000 0.000000 0.000000 0.000000
3 3.890447 0.000000 0.000000 -1.673656 -0.187651 -1.454416
4 20.402582 0.000000 0.000000 -0.000000 -0.000000 0.850334
5 17.754948 0.000000 0.000000 -0.206304 0.227711 -1.621319
6 5.733515 0.000000 0.000000 0.009681 -0.019036 -0.367252
7 -3.890447 0.000000 -0.000000 -1.317599 -0.030991 -2.103492
8 20.402582 0.000000 0.000000 0.000000 0.000000 0.787802
9 17.754948 0.000000 0.000000 0.375303 -0.164167 -1.653263
10 5.733515 0.000000 0.000000 -0.098149 0.014610 -0.348253
11 0.000000 3.345132 -1.055022 1.572112 0.023737 1.701358
12 4.232848 0.000000 0.000000 0.008353 0.122264 0.145442
13 4.327481 -0.000000 0.000000 0.005863 0.038242 0.189546
14 6.430522 0.000000 -0.000000 0.117548 0.245528 0.487978
15 5.754028 -0.000000 -0.000000 2.882359 -0.054410 0.667350
16 4.208960 0.000000 0.000000 -0.104217 0.174240 1.077901
17 4.203462 1.484258 1.588960 -0.184508 -1.121943 -1.529063
18 5.124548 -0.000000 0.000000 -0.985901 -0.189253 -1.536286
19 11.580950 0.000000 0.000000 0.000000 -0.000000 -0.625482
20 11.182189 -0.000002 -0.000032 1.503459 0.040580 -0.293052
21 3.342010 -0.071954 -1.535773 0.070874 0.142154 -0.247798
22 1.760565 0.000000 0.000000 0.003707 0.008347 -0.417902
23 0.946777 0.000000 0.000000 -0.059844 -0.161510 -0.356655
24 3.650005 0.195886 -0.591614 0.065848 0.111437 -0.286501
25 1.940476 0.000000 0.000000 -0.063015 -0.157361 -0.382781
26 1.194153 0.000000 -0.000000 0.017478 0.067896 -0.252168
27 3.920878 0.176868 0.421353 0.034918 -0.002119 -0.237374
28 2.398545 0.000000 0.000000 -0.016327 -0.028042 -0.527349
29 1.228913 0.000000 -0.000000 0.006292 0.038933 -0.160270
30 3.969047 0.108842 1.535248 0.028607 -0.031328 -0.228206
31 1.959841 0.000000 0.000000 0.054600 0.111020 -0.458274
32 1.099742 -0.000000 0.000000 0.010217 0.062642 -0.161791
33 1.244744 -0.896944 1.073525 1.541960 -0.431286 -0.187296
34 1.976136 0.000000 -0.000000 0.000000 -0.068928 -0.257871
35 1.377138 -0.000000 0.000000 0.000000 -0.022268 0.192117
36 4.203462 1.484258 -1.588960 -0.405372 1.183192 -2.074996
37 5.124548 0.000000 0.000000 2.580496 0.434191 -0.731266
38 11.580950 0.000000 0.000000 0.000000 -0.000000 -0.297607
39 11.182171 -0.000002 0.000017 -1.993288 0.144628 -0.274636
40 3.342029 -0.078177 1.535469 -0.066822 -0.142155 -0.247795
41 1.760565 0.000000 0.000000 -0.003707 -0.008347 -0.417902
42 0.946777 0.000000 0.000000 0.059844 0.161510 -0.356655
43 3.650023 0.193487 0.592403 -0.061796 -0.111438 -0.286498
44 1.940476 0.000000 0.000000 0.063015 0.157361 -0.382781
45 1.194153 0.000000 -0.000000 -0.017478 -0.067896 -0.252168
46 3.920897 0.178574 -0.420632 -0.030866 0.002118 -0.237370
47 2.398545 -0.000000 0.000000 0.016327 0.028042 -0.527349
48 1.228913 -0.000000 -0.000000 -0.006292 -0.038933 -0.160270
49 3.969067 0.115063 -1.534794 -0.024555 0.031327 -0.228202
50 1.959841 -0.000000 0.000000 -0.054600 -0.111020 -0.458274
51 1.099742 -0.000000 0.000000 -0.010217 -0.062642 -0.161791
52 1.244767 -0.892595 -1.077153 -1.537577 0.432036 -0.185459
53 1.976136 0.000000 0.000000 -0.000000 0.068928 -0.257871
54 1.377138 0.000000 0.000000 0.000000 0.022268 0.192117
time 134
0 0.000000 0.000000 0.000000 1.570796 0.000000 0.000000
1 1.200291 0.978062 37.381104 1.363527 -0.115140 0.129360
2 0.000000 0.000000 0.000000 0.000000 0.000000 0.000000
3 3.890447 0.000000 0.000000 -1.679005 -0.181137 -1.455545
4 20.402582 0.000000 -0.000000 -0.000000 0.000000 0.842305
5 17.754948 -0.000000 0.000000 -0.206659 0.225380 -1.619888
6 5.733515 0.000000 -0.000000 0.009687 -0.018994 -0.364712
7 -3.890447 0.000000 -0.000000 -1.321749 -0.031074 -2.103794
8 20.402582 0.000000 0.000000 -0.000000 -0.000000 0.780512
9 17.754948 -0.000000 0.000000 0.374209 -0.166490 -1.648734
10 5.733515 0.000000 0.000000 -0.098150 0.014609 -0.348207
11 -0.000000 3.345132 -1.055022 1.573140 0.026203 1.703481
12 4.232848 0.000000 0.000000 0.009759 0.123927 0.142729
13 4.327481 0.000000 0.000000 0.006579 0.039082 0.186776
14 6.430522 0.000000 -0.000000 0.115763 0.240855 0.485475
15 5.754028 -0.000000 0.000000 2.886530 -0.063846 0.641470
16 4.208960 0.000000 0.000000 -0.100449 0.175326 1.090773
17 4.203462 1.484258 1.588960 -0.196317 -1.120017 -1.519941
18 5.124548 0.000000 0.000000 -0.977336 -0.182047 -1.536039
19 11.580950 0.000000 0.000000 0.000000 0.000000 -0.616019
20 11.182189 -0.000002 -0.000032 1.510787 0.047464 -0.293518
21 3.342010 -0.071954 -1.535773 0.070874 0.142154 -0.247798
22 1.760565 0.000000 0.000000 0.003707 0.008347 -0.417902
23 0.946777 0.000000 -0.000000 -0.059844 -0.161510 -0.356655
24 3.650005 0.195886 -0.591614 0.065848 0.111437 -0.286501
25 1.940476 0.000000 0.000000 -0.063015 -0.157361 -0.382781
26 1.194153 0.000000 0.000000 0.017478 0.067896 -0.252168
27 3.920878 0.176868 0.421353 0.034918 -0.002119 -0.237374
28 2.398545 0.000000 0.000000 -0.016327 -0.028042 -0.527349
29 1.228913 0.000000 0.000000 0.006292 0.038933 -0.160270
30 3.969047 0.108842 1.535248 0.028607 -0.031328 -0.228206
31 1.959841 0.000000 0.000000 0.054600 0.111020 -0.458274
32 1.099742 0.000000 0.000000 0.010217 0.062642 -0.161791
33 1.244744 -0.896944 1.073525 1.541960 -0.431286 -0.187296
34 1.976136 -0.000000 0.000000 0.000000 -0.068928 -0.257871
35 1.377138 0.000000 0.000000 0.000000 -0.022268 0.192117
36 4.203462 1.484258 -1.588960 -0.428657 1.186843 -2.106532
37 5.124548 -0.000000 0.000000 2.544603 0.463619 -0.727321
38 11.580950 0.000000 0.000000 -0.000000 -0.000000 -0.307298
39 11.182171 -0.000002 0.000017 -1.980485 0.127231 -0.272036
40 3.342029 -0.078177 1.535469 -0.066822 -0.142155 -0.247795
41 1.760565 0.000000 0.000000 -0.003707 -0.008347 -0.417902
42 0.946777 0.000000 0.000000 0.059844 0.161510 -0.356655
43 3.650023 0.193487 0.592403 -0.061796 -0.111438 -0.286498
44 1.940476 0.000000 0.000000 0.063015 0.157361 -0.382781
45 1.194153 -0.000000 0.000000 -0.017478 -0.067896 -0.252168
46 3.920897 0.178574 -0.420632 -0.030866 0.002118 -0.237370
47 2.398545 -0.000000 0.000000 0.016327 0.028042 -0.527349
48 1.228913 -0.000000 0.000000 -0.006292 -0.038933 -0.160270
49 3.969067 0.115063 -1.534794 -0.024555 0.031327 -0.228202
50 1.959841 0.000000 0.000000 -0.054600 -0.111020 -0.458274
51 1.099742 0.000000 0.000000 -0.010217 -0.062642 -0.161791
52 1.244767 -0.892595 -1.077153 -1.537577 0.432036 -0.185459
53 1.976136 0.000000 0.000000 0.000000 0.068928 -0.257871
54 1.377138 0.000000 0.000000 -0.000000 0.022268 0.192117
time 135
0 0.000000 0.000000 0.000000 1.570796 0.000000 0.000000
1 1.169056 0.981122 37.433041 1.363411 -0.117109 0.125263
2 0.000000 0.000000 0.000000 0.000000 0.000000 0.000000
3 3.890447 0.000000 0.000000 -1.681994 -0.175696 -1.456325
4 20.402582 0.000000 0.000000 0.000000 0.000000 0.833470
5 17.754948 0.000000 0.000000 -0.207101 0.224271 -1.616367
6 5.733515 0.000000 0.000000 0.009693 -0.018956 -0.362452
7 -3.890447 0.000000 -0.000000 -1.323283 -0.031055 -2.103973
8 20.402582 0.000000 -0.000000 -0.000000 -0.000000 0.775723
9 17.754948 0.000000 -0.000000 0.373331 -0.168806 -1.645681
10 5.733515 0.000000 0.000000 -0.098148 0.014617 -0.348676
11 0.000000 3.345132 -1.055022 1.571180 0.027913 1.705207
12 4.232848 0.000000 0.000000 0.008398 0.125237 0.140632
13 4.327481 0.000000 0.000000 0.006072 0.039697 0.183995
14 6.430522 0.000000 0.000000 0.114519 0.239547 0.482783
15 5.754028 0.000000 0.000000 2.886015 -0.075902 0.619993
16 4.208960 0.000000 -0.000000 -0.094177 0.174963 1.101793
17 4.203462 1.484258 1.588960 -0.206680 -1.115744 -1.516369
18 5.124548 0.000000 0.000000 -0.968057 -0.171630 -1.534246
19 11.580950 0.000000 0.000000 -0.000000 0.000000 -0.608621
20 11.182189 -0.000002 -0.000032 1.516896 0.055833 -0.294365
21 3.342010 -0.071954 -1.535773 0.070874 0.142154 -0.247798
22 1.760565 0.000000 0.000000 0.003707 0.008347 -0.417902
23 0.946777 0.000000 0.000000 -0.059844 -0.161510 -0.356655
24 3.650005 0.195886 -0.591614 0.065848 0.111437 -0.286501
25 1.940476 0.000000 0.000000 -0.063015 -0.157361 -0.382781
26 1.194153 0.000000 -0.000000 0.017478 0.067896 -0.252168
27 3.920878 0.176868 0.421353 0.034918 -0.002119 -0.237374
28 2.398545 -0.000000 -0.000000 -0.016327 -0.028042 -0.527349
29 1.228913 0.000000 0.000000 0.006292 0.038933 -0.160270
30 3.969047 0.108842 1.535248 0.028607 -0.031328 -0.228206
31 1.959841 0.000000 0.000000 0.054600 0.111020 -0.458274
32 1.099742 0.000000 0.000000 0.010217 0.062642 -0.161791
33 1.244744 -0.896944 1.073525 1.541960 -0.431286 -0.187296
34 1.976136 0.000000 0.000000 -0.000000 -0.068928 -0.257871
35 1.377138 0.000000 0.000000 0.000000 -0.022268 0.192117
36 4.203462 1.484258 -1.588960 -0.441050 1.195955 -2.124793
37 5.124548 0.000000 0.000000 2.494718 0.494123 -0.730827
38 11.580950 0.000000 0.000000 0.000000 0.000000 -0.319603
39 11.182171 -0.000002 0.000017 -1.963913 0.110457 -0.280845
40 3.342029 -0.078177 1.535469 -0.066822 -0.142155 -0.247795
41 1.760565 0.000000 -0.000000 -0.003707 -0.008347 -0.417902
42 0.946777 0.000000 0.000000 0.059844 0.161510 -0.356655
43 3.650023 0.193487 0.592403 -0.061796 -0.111438 -0.286498
44 1.940476 0.000000 0.000000 0.063015 0.157361 -0.382781
45 1.194153 0.000000 0.000000 -0.017478 -0.067896 -0.252168
46 3.920897 0.178574 -0.420632 -0.030866 0.002118 -0.237370
47 2.398545 0.000000 0.000000 0.016327 0.028042 -0.527349
48 1.228913 -0.000000 0.000000 -0.006292 -0.038933 -0.160270
49 3.969067 0.115063 -1.534794 -0.024555 0.031327 -0.228202
50 1.959841 0.000000 0.000000 -0.054600 -0.111020 -0.458274
51 1.099742 -0.000000 0.000000 -0.010217 -0.062642 -0.161791
52 1.244767 -0.892595 -1.077153 -1.537577 0.432036 -0.185459
53 1.976136 0.000000 0.000000 -0.000000 0.068928 -0.257871
54 1.377138 -0.000000 0.000000 -0.000000 0.022268 0.192117
time 136
0 0.000000 0.000000 0.000000 1.570796 0.000000 0.000000
1 1.083302 0.995801 37.474190 1.363126 -0.119559 0.121923
2 0.000000 0.000000 0.000000 0.000000 0.000000 0.000000
3 3.890447 -0.000000 0.000000 -1.686557 -0.171040 -1.455535
4 20.402582 -0.000000 0.000000 0.000000 0.000000 0.825207
5 17.754948 -0.000000 0.000000 -0.207363 0.226098 -1.612387
6 5.733515 0.000000 0.000000 0.009699 -0.018918 -0.360176
7 -3.890447 0.000000 -0.000000 -1.325315 -0.032370 -2.103511
8 20.402582 0.000000 -0.000000 0.000000 0.000000 0.774287
9 17.754948 -0.000000 -0.000000 0.372897 -0.169798 -1.644917
10 5.733515 0.000000 0.000000 -0.098147 0.014625 -0.349190
11 -0.000000 3.345132 -1.055022 1.568835 0.028705 1.706159
12 4.232848 0.000000 0.000000 0.006755 0.125955 0.139074
13 4.327481 -0.000000 -0.000000 0.005360 0.039958 0.181113
14 6.430522 0.000000 0.000000 0.114106 0.240065 0.480086
15 5.754028 -0.000000 -0.000000 2.885727 -0.084465 0.595425
16 4.208960 0.000000 0.000000 -0.091703 0.174943 1.111311
17 4.203462 1.484258 1.588960 -0.221019 -1.111720 -1.509192
18 5.124548 0.000000 -0.000000 -0.960408 -0.163657 -1.532844
19 11.580950 0.000000 0.000000 0.000000 0.000000 -0.605702
20 11.182189 -0.000002 -0.000032 1.522945 0.065021 -0.288687
21 3.342010 -0.071954 -1.535773 0.070874 0.142154 -0.247798
22 1.760565 0.000000 0.000000 0.003707 0.008347 -0.417902
23 0.946777 0.000000 -0.000000 -0.059844 -0.161510 -0.356655
24 3.650005 0.195886 -0.591614 0.065848 0.111437 -0.286501
25 1.940476 0.000000 -0.000000 -0.063015 -0.157361 -0.382781
26 1.194153 0.000000 0.000000 0.017478 0.067896 -0.252168
27 3.920878 0.176868 0.421353 0.034918 -0.002119 -0.237374
28 2.398545 0.000000 0.000000 -0.016327 -0.028042 -0.527349
29 1.228913 -0.000000 -0.000000 0.006292 0.038933 -0.160270
30 3.969047 0.108842 1.535248 0.028607 -0.031328 -0.228206
31 1.959841 0.000000 -0.000000 0.054600 0.111020 -0.458274
32 1.099742 0.000000 0.000000 0.010217 0.062642 -0.161791
33 1.244744 -0.896944 1.073525 1.541960 -0.431286 -0.187296
34 1.976136 -0.000000 0.000000 -0.000000 -0.068928 -0.257871
35 1.377138 0.000000 -0.000000 -0.000000 -0.022268 0.192117
36 4.203462 1.484258 -1.588960 -0.449732 1.202751 -2.137323
37 5.124548 0.000000 0.000000 2.426181 0.525630 -0.738350
38 11.580950 0.000000 0.000000 -0.000000 -0.000000 -0.337347
39 11.182171 -0.000002 0.000017 -1.939522 0.096833 -0.295890
40 3.342029 -0.078177 1.535469 -0.066822 -0.142155 -0.247795
41 1.760565 0.000000 -0.000000 -0.003707 -0.008347 -0.417902
42 0.946777 0.000000 0.000000 0.059844 0.161510 -0.356655
43 3.650023 0.193487 0.592403 -0.061796 -0.111438 -0.286498
44 1.940476 0.000000 0.000000 0.063015 0.157361 -0.382781
45 1.194153 0.000000 0.000000 -0.017478 -0.067896 -0.252168
46 3.920897 0.178574 -0.420632 -0.030866 0.002118 -0.237370
47 2.398545 -0.000000 0.000000 0.016327 0.028042 -0.527349
48 1.228913 0.000000 0.000000 -0.006292 -0.038933 -0.160270
49 3.969067 0.115063 -1.534794 -0.024555 0.031327 -0.228202
50 1.959841 0.000000 0.000000 -0.054600 -0.111020 -0.458274
51 1.099742 0.000000 -0.000000 -0.010217 -0.062642 -0.161791
52 1.244767 -0.892595 -1.077153 -1.537577 0.432036 -0.185459
53 1.976136 0.000000 0.000000 -0.000000 0.068928 -0.257871
54 1.377138 -0.000000 0.000000 -0.000000 0.022268 0.192117
time 137
0 0.000000 0.000000 0.000000 1.570796 0.000000 0.000000
1 0.959298 1.041484 37.512417 1.362438 -0.122195 0.119350
2 0.000000 0.000000 0.000000 0.000000 0.000000 0.000000
3 3.890447 0.000000 0.000000 -1.686185 -0.167612 -1.455945
4 20.402582 0.000000 0.000000 -0.000000 0.000000 0.817535
5 17.754948 0.000000 0.000000 -0.209467 0.224194 -1.608425
6 5.733515 -0.000000 -0.000000 0.009707 -0.018869 -0.357171
7 -3.890447 0.000000 -0.000000 -1.327647 -0.034911 -2.102395
8 20.402582 0.000000 0.000000 0.000000 -0.000000 0.775123
9 17.754948 0.000000 0.000000 0.372195 -0.169561 -1.644683
10 5.733515 0.000000 0.000000 -0.098144 0.014640 -0.350094
11 0.000000 3.345132 -1.055022 1.567676 0.028295 1.705865
12 4.232848 -0.000000 -0.000000 0.006213 0.126024 0.137795
13 4.327481 -0.000000 -0.000000 0.005041 0.039836 0.177525
14 6.430522 0.000000 -0.000000 0.116574 0.244824 0.477468
15 5.754028 -0.000000 -0.000000 2.887789 -0.086098 0.570631
16 4.208960 0.000000 0.000000 -0.094788 0.176439 1.119334
17 4.203462 1.484258 1.588960 -0.238830 -1.112247 -1.496691
18 5.124548 0.000000 0.000000 -0.958748 -0.161400 -1.535604
19 11.580950 0.000000 0.000000 -0.000000 0.000000 -0.604833
20 11.182189 -0.000002 -0.000032 1.531271 0.077495 -0.281576
21 3.342010 -0.071954 -1.535773 0.070874 0.142154 -0.247798
22 1.760565 -0.000000 0.000000 0.003707 0.008347 -0.417902
23 0.946777 0.000000 0.000000 -0.059844 -0.161510 -0.356655
24 3.650005 0.195886 -0.591614 0.065848 0.111437 -0.286501
25 1.940476 0.000000 -0.000000 -0.063015 -0.157361 -0.382781
26 1.194153 0.000000 0.000000 0.017478 0.067896 -0.252168
27 3.920878 0.176868 0.421353 0.034918 -0.002119 -0.237374
28 2.398545 0.000000 -0.000000 -0.016327 -0.028042 -0.527349
29 1.228913 -0.000000 0.000000 0.006292 0.038933 -0.160270
30 3.969047 0.108842 1.535248 0.028607 -0.031328 -0.228206
31 1.959841 0.000000 -0.000000 0.054600 0.111020 -0.458274
32 1.099742 0.000000 0.000000 0.010217 0.062642 -0.161791
33 1.244744 -0.896944 1.073525 1.541960 -0.431286 -0.187296
34 1.976136 0.000000 0.000000 0.000000 -0.068928 -0.257871
35 1.377138 -0.000000 0.000000 0.000000 -0.022268 0.192117
36 4.203462 1.484258 -1.588960 -0.443055 1.206056 -2.136510
37 5.124548 0.000000 0.000000 2.350189 0.553410 -0.750928
38 11.580950 0.000000 0.000000 0.000000 0.000000 -0.360396
39 11.182171 -0.000002 0.000017 -1.916335 0.077465 -0.313026
40 3.342029 -0.078177 1.535469 -0.066822 -0.142155 -0.247795
41 1.760565 0.000000 0.000000 -0.003707 -0.008347 -0.417902
42 0.946777 -0.000000 0.000000 0.059844 0.161510 -0.356655
43 3.650023 0.193487 0.592403 -0.061796 -0.111438 -0.286498
44 1.940476 0.000000 0.000000 0.063015 0.157361 -0.382781
45 1.194153 -0.000000 0.000000 -0.017478 -0.067896 -0.252168
46 3.920897 0.178574 -0.420632 -0.030866 0.002118 -0.237370
47 2.398545 0.000000 0.000000 0.016327 0.028042 -0.527349
48 1.228913 0.000000 0.000000 -0.006292 -0.038933 -0.160270
49 3.969067 0.115063 -1.534794 -0.024555 0.031327 -0.228202
50 1.959841 0.000000 0.000000 -0.054600 -0.111020 -0.458274
51 1.099742 0.000000 -0.000000 -0.010217 -0.062642 -0.161791
52 1.244767 -0.892595 -1.077153 -1.537577 0.432036 -0.185459
53 1.976136 0.000000 0.000000 -0.000000 0.068928 -0.257871
54 1.377138 0.000000 0.000000 -0.000000 0.022268 0.192117
time 138
0 0.000000 0.000000 0.000000 1.570796 0.000000 0.000000
1 0.820375 1.088431 37.546844 1.361581 -0.125059 0.117576
2 0.000000 0.000000 0.000000 0.000000 0.000000 0.000000
3 3.890447 -0.000000 0.000000 -1.686499 -0.163048 -1.455941
4 20.402582 0.000000 0.000000 -0.000000 -0.000000 0.806847
5 17.754948 -0.000000 0.000000 -0.211460 0.223952 -1.602378
6 5.733515 0.000000 0.000000 0.009716 -0.018812 -0.353750
7 -3.890447 0.000000 -0.000000 -1.329549 -0.037315 -2.101439
8 20.402582 0.000000 0.000000 -0.000000 0.000000 0.776830
9 17.754948 0.000000 0.000000 0.371477 -0.169336 -1.645226
10 5.733515 0.000000 0.000000 -0.098142 0.014654 -0.350926
11 0.000000 3.345132 -1.055022 1.566625 0.027887 1.705395
12 4.232848 0.000000 0.000000 0.005806 0.125723 0.136523
13 4.327481 0.000000 0.000000 0.004827 0.039558 0.174150
14 6.430522 -0.000000 0.000000 0.120177 0.251631 0.475314
15 5.754028 0.000000 -0.000000 2.892089 -0.084784 0.550572
16 4.208960 0.000000 0.000000 -0.097766 0.177692 1.126624
17 4.203462 1.484258 1.588960 -0.255596 -1.114104 -1.483321
18 5.124548 -0.000000 -0.000000 -0.958470 -0.163480 -1.540249
19 11.580950 0.000000 0.000000 0.000000 -0.000000 -0.607693
20 11.182189 -0.000002 -0.000032 1.538494 0.082755 -0.279425
21 3.342010 -0.071954 -1.535773 0.070874 0.142154 -0.247798
22 1.760565 -0.000000 0.000000 0.003707 0.008347 -0.417902
23 0.946777 0.000000 0.000000 -0.059844 -0.161510 -0.356655
24 3.650005 0.195886 -0.591614 0.065848 0.111437 -0.286501
25 1.940476 0.000000 0.000000 -0.063015 -0.157361 -0.382781
26 1.194153 -0.000000 0.000000 0.017478 0.067896 -0.252168
27 3.920878 0.176868 0.421353 0.034918 -0.002119 -0.237374
28 2.398545 0.000000 -0.000000 -0.016327 -0.028042 -0.527349
29 1.228913 0.000000 0.000000 0.006292 0.038933 -0.160270
30 3.969047 0.108842 1.535248 0.028607 -0.031328 -0.228206
31 1.959841 0.000000 0.000000 0.054600 0.111020 -0.458274
32 1.099742 0.000000 0.000000 0.010217 0.062642 -0.161791
33 1.244744 -0.896944 1.073525 1.541960 -0.431286 -0.187296
34 1.976136 0.000000 0.000000 -0.000000 -0.068928 -0.257871
35 1.377138 0.000000 0.000000 -0.000000 -0.022268 0.192117
36 4.203462 1.484258 -1.588960 -0.426646 1.209453 -2.125519
37 5.124548 -0.000000 0.000000 2.266616 0.573952 -0.765896
38 11.580950 -0.000000 0.000000 0.000000 0.000000 -0.392129
39 11.182171 -0.000002 0.000017 -1.897282 0.052952 -0.326948
40 3.342029 -0.078177 1.535469 -0.066822 -0.142155 -0.247795
41 1.760565 0.000000 0.000000 -0.003707 -0.008347 -0.417902
42 0.946777 0.000000 0.000000 0.059844 0.161510 -0.356655
43 3.650023 0.193487 0.592403 -0.061796 -0.111438 -0.286498
44 1.940476 0.000000 0.000000 0.063015 0.157361 -0.382781
45 1.194153 0.000000 0.000000 -0.017478 -0.067896 -0.252168
46 3.920897 0.178574 -0.420632 -0.030866 0.002118 -0.237370
47 2.398545 0.000000 -0.000000 0.016327 0.028042 -0.527349
48 1.228913 -0.000000 -0.000000 -0.006292 -0.038933 -0.160270
49 3.969067 0.115063 -1.534794 -0.024555 0.031327 -0.228202
50 1.959841 0.000000 0.000000 -0.054600 -0.111020 -0.458274
51 1.099742 0.000000 0.000000 -0.010217 -0.062642 -0.161791
52 1.244767 -0.892595 -1.077153 -1.537577 0.432036 -0.185459
53 1.976136 -0.000000 -0.000000 -0.000000 0.068928 -0.257871
54 1.377138 0.000000 0.000000 -0.000000 0.022268 0.192117
time 139
0 0.000000 0.000000 0.000000 1.570796 0.000000 0.000000
1 0.686148 1.118925 37.578346 1.360529 -0.127980 0.116570
2 0.000000 0.000000 0.000000 0.000000 0.000000 0.000000
3 3.890447 0.000000 0.000000 -1.688590 -0.159842 -1.455215
4 20.402582 0.000000 0.000000 0.000000 0.000000 0.800479
5 17.754948 -0.000000 0.000000 -0.212603 0.225664 -1.598950
6 5.733515 -0.000000 0.000000 0.009725 -0.018755 -0.350312
7 -3.890447 0.000000 -0.000000 -1.330521 -0.038613 -2.100990
8 20.402582 0.000000 0.000000 0.000000 -0.000000 0.778402
9 17.754948 -0.000000 0.000000 0.370635 -0.169381 -1.646196
10 5.733515 0.000000 -0.000000 -0.098140 0.014666 -0.351657
11 0.000000 3.345132 -1.055022 1.565049 0.028198 1.707029
12 4.232848 0.000000 0.000000 0.004968 0.126282 0.134993
13 4.327481 0.000000 0.000000 0.004357 0.039689 0.171184
14 6.430522 0.000000 0.000000 0.122041 0.255433 0.473598
15 5.754028 0.000000 0.000000 2.898474 -0.084825 0.536141
16 4.208960 0.000000 0.000000 -0.097125 0.177012 1.132344
17 4.203462 1.484258 1.588960 -0.266226 -1.118237 -1.473866
18 5.124548 0.000000 -0.000000 -0.955661 -0.170089 -1.539708
19 11.580950 -0.000000 0.000000 -0.000000 -0.000000 -0.615326
20 11.182189 -0.000002 -0.000032 1.537220 0.068037 -0.286699
21 3.342010 -0.071954 -1.535773 0.070874 0.142154 -0.247798
22 1.760565 0.000000 0.000000 0.003707 0.008347 -0.417902
23 0.946777 -0.000000 0.000000 -0.059844 -0.161510 -0.356655
24 3.650005 0.195886 -0.591614 0.065848 0.111437 -0.286501
25 1.940476 0.000000 -0.000000 -0.063015 -0.157361 -0.382781
26 1.194153 0.000000 0.000000 0.017478 0.067896 -0.252168
27 3.920878 0.176868 0.421353 0.034918 -0.002119 -0.237374
28 2.398545 0.000000 0.000000 -0.016327 -0.028042 -0.527349
29 1.228913 0.000000 0.000000 0.006292 0.038933 -0.160270
30 3.969047 0.108842 1.535248 0.028607 -0.031328 -0.228206
31 1.959841 0.000000 0.000000 0.054600 0.111020 -0.458274
32 1.099742 0.000000 0.000000 0.010217 0.062642 -0.161791
33 1.244744 -0.896944 1.073525 1.541960 -0.431286 -0.187296
34 1.976136 0.000000 0.000000 0.000000 -0.068928 -0.257871
35 1.377138 -0.000000 0.000000 0.000000 -0.022268 0.192117
36 4.203462 1.484258 -1.588960 -0.427931 1.213499 -2.126830
37 5.124548 0.000000 0.000000 2.184107 0.587624 -0.771539
38 11.580950 0.000000 0.000000 -0.000000 -0.000000 -0.429507
39 11.182171 -0.000002 0.000017 -1.869390 0.044359 -0.342754
40 3.342029 -0.078177 1.535469 -0.066822 -0.142155 -0.247795
41 1.760565 0.000000 0.000000 -0.003707 -0.008347 -0.417902
42 0.946777 0.000000 0.000000 0.059844 0.161510 -0.356655
43 3.650023 0.193487 0.592403 -0.061796 -0.111438 -0.286498
44 1.940476 0.000000 0.000000 0.063015 0.157361 -0.382781
45 1.194153 -0.000000 0.000000 -0.017478 -0.067896 -0.252168
46 3.920897 0.178574 -0.420632 -0.030866 0.002118 -0.237370
47 2.398545 0.000000 0.000000 0.016327 0.028042 -0.527349
48 1.228913 0.000000 -0.000000 -0.006292 -0.038933 -0.160270
49 3.969067 0.115063 -1.534794 -0.024555 0.031327 -0.228202
50 1.959841 0.000000 0.000000 -0.054600 -0.111020 -0.458274
51 1.099742 0.000000 0.000000 -0.010217 -0.062642 -0.161791
52 1.244767 -0.892595 -1.077153 -1.537577 0.432036 -0.185459
53 1.976136 0.000000 0.000000 -0.000000 0.068928 -0.257871
54 1.377138 0.000000 -0.000000 -0.000000 0.022268 0.192117
time 140
0 0.000000 0.000000 0.000000 1.570796 0.000000 0.000000
1 0.570388 1.150689 37.607635 1.359816 -0.130822 0.116307
2 0.000000 0.000000 0.000000 0.000000 0.000000 0.000000
3 3.890447 0.000000 0.000000 -1.690453 -0.154848 -1.455262
4 20.402582 0.000000 0.000000 0.000000 -0.000000 0.789178
5 17.754948 0.000000 0.000000 -0.212758 0.226899 -1.592769
6 5.733515 0.000000 0.000000 0.009714 -0.018821 -0.354304
7 -3.890447 0.000000 -0.000000 -1.330605 -0.039804 -2.101123
8 20.402582 0.000000 0.000000 -0.000000 0.000000 0.779786
9 17.754948 0.000000 0.000000 0.369841 -0.169482 -1.646850
10 5.733515 0.000000 0.000000 -0.098139 0.014672 -0.351992
11 0.000000 3.345132 -1.055022 1.562849 0.029002 1.710054
12 4.232848 0.000000 0.000000 0.003692 0.128045 0.133406
13 4.327481 0.000000 -0.000000 0.003869 0.040460 0.168561
14 6.430522 0.000000 0.000000 0.122204 0.256654 0.471567
15 5.754028 0.000000 0.000000 2.903533 -0.088261 0.524074
16 4.208960 -0.000000 0.000000 -0.093102 0.174450 1.139087
17 4.203462 1.484258 1.588960 -0.280758 -1.116267 -1.459932
18 5.124548 0.000000 0.000000 -0.949134 -0.178119 -1.543511
19 11.580950 0.000000 -0.000000 -0.000000 -0.000000 -0.625861
20 11.182189 -0.000002 -0.000032 1.529718 0.041994 -0.300595
21 3.342010 -0.071954 -1.535773 0.070874 0.142154 -0.247798
22 1.760565 0.000000 -0.000000 0.003707 0.008347 -0.417902
23 0.946777 0.000000 0.000000 -0.059844 -0.161510 -0.356655
24 3.650005 0.195886 -0.591614 0.065848 0.111437 -0.286501
25 1.940476 -0.000000 0.000000 -0.063015 -0.157361 -0.382781
26 1.194153 0.000000 0.000000 0.017478 0.067896 -0.252168
27 3.920878 0.176868 0.421353 0.034918 -0.002119 -0.237374
28 2.398545 0.000000 0.000000 -0.016327 -0.028042 -0.527349
29 1.228913 0.000000 -0.000000 0.006292 0.038933 -0.160270
30 3.969047 0.108842 1.535248 0.028607 -0.031328 -0.228206
31 1.959841 0.000000 -0.000000 0.054600 0.111020 -0.458274
32 1.099742 0.000000 0.000000 0.010217 0.062642 -0.161791
33 1.244744 -0.896944 1.073525 1.541960 -0.431286 -0.187296
34 1.976136 0.000000 -0.000000 -0.000000 -0.068928 -0.257871
35 1.377138 0.000000 -0.000000 0.000000 -0.022268 0.192117
36 4.203462 1.484258 -1.588960 -0.426050 1.218770 -2.123014
37 5.124548 0.000000 -0.000000 2.107907 0.591225 -0.775039
38 11.580950 0.000000 0.000000 0.000000 -0.000000 -0.470070
39 11.182171 -0.000002 0.000017 -1.838485 0.031372 -0.363463
40 3.342029 -0.078177 1.535469 -0.066822 -0.142155 -0.247795
41 1.760565 0.000000 0.000000 -0.003707 -0.008347 -0.417902
42 0.946777 0.000000 0.000000 0.059844 0.161510 -0.356655
43 3.650023 0.193487 0.592403 -0.061796 -0.111438 -0.286498
44 1.940476 0.000000 -0.000000 0.063015 0.157361 -0.382781
45 1.194153 -0.000000 0.000000 -0.017478 -0.067896 -0.252168
46 3.920897 0.178574 -0.420632 -0.030866 0.002118 -0.237370
47 2.398545 0.000000 -0.000000 0.016327 0.028042 -0.527349
48 1.228913 0.000000 0.000000 -0.006292 -0.038933 -0.160270
49 3.969067 0.115063 -1.534794 -0.024555 0.031327 -0.228202
50 1.959841 0.000000 0.000000 -0.054600 -0.111020 -0.458274
51 1.099742 0.000000 0.000000 -0.010217 -0.062642 -0.161791
52 1.244767 -0.892595 -1.077153 -1.537577 0.432036 -0.185459
53 1.976136 0.000000 -0.000000 -0.000000 0.068928 -0.257871
54 1.377138 -0.000000 -0.000000 -0.000000 0.022268 0.192117
time 141
0 0.000000 0.000000 0.000000 1.570796 0.000000 0.000000
1 0.460021 1.180256 37.640831 1.359184 -0.134876 0.116697
2 0.000000 0.000000 0.000000 0.000000 0.000000 0.000000
3 3.890447 0.000000 0.000000 -1.691672 -0.150926 -1.456656
4 20.402582 0.000000 0.000000 0.000000 -0.000000 0.780104
5 17.754948 0.000000 0.000000 -0.215132 0.227029 -1.589270
6 5.733515 0.000000 0.000000 0.009702 -0.018898 -0.358918
7 -3.890447 0.000000 -0.000000 -1.331322 -0.040923 -2.102321
8 20.402582 0.000000 0.000000 0.000000 -0.000000 0.781188
9 17.754948 0.000000 0.000000 0.368961 -0.168232 -1.647649
10 5.733515 0.000000 -0.000000 -0.098139 0.014671 -0.351967
11 0.000000 3.345132 -1.055022 1.560503 0.029913 1.713086
12 4.232848 0.000000 0.000000 0.002235 0.129439 0.131696
13 4.327481 -0.000000 0.000000 0.003306 0.041203 0.165977
14 6.430522 0.000000 0.000000 0.121828 0.256972 0.469608
15 5.754028 0.000000 -0.000000 2.906312 -0.096191 0.512325
16 4.208960 0.000000 0.000000 -0.086616 0.171231 1.145725
17 4.203462 1.484258 1.588960 -0.286785 -1.113472 -1.452702
18 5.124548 0.000000 -0.000000 -0.950765 -0.187125 -1.545949
19 11.580950 0.000000 0.000000 -0.000000 0.000000 -0.642568
20 11.182189 -0.000002 -0.000032 1.519620 0.033144 -0.305128
21 3.342010 -0.071954 -1.535773 0.070874 0.142154 -0.247798
22 1.760565 0.000000 0.000000 0.003707 0.008347 -0.417902
23 0.946777 -0.000000 0.000000 -0.059844 -0.161510 -0.356655
24 3.650005 0.195886 -0.591614 0.065848 0.111437 -0.286501
25 1.940476 0.000000 0.000000 -0.063015 -0.157361 -0.382781
26 1.194153 0.000000 0.000000 0.017478 0.067896 -0.252168
27 3.920878 0.176868 0.421353 0.034918 -0.002119 -0.237374
28 2.398545 0.000000 0.000000 -0.016327 -0.028042 -0.527349
29 1.228913 0.000000 0.000000 0.006292 0.038933 -0.160270
30 3.969047 0.108842 1.535248 0.028607 -0.031328 -0.228206
31 1.959841 0.000000 0.000000 0.054600 0.111020 -0.458274
32 1.099742 0.000000 0.000000 0.010217 0.062642 -0.161791
33 1.244744 -0.896944 1.073525 1.541960 -0.431286 -0.187296
34 1.976136 0.000000 0.000000 -0.000000 -0.068928 -0.257871
35 1.377138 -0.000000 0.000000 0.000000 -0.022268 0.192117
36 4.203462 1.484258 -1.588960 -0.428662 1.224909 -2.123023
37 5.124548 0.000000 0.000000 2.050823 0.588141 -0.773790
38 11.580950 0.000000 -0.000000 -0.000000 -0.000000 -0.507940
39 11.182171 -0.000002 0.000017 -1.813572 0.020139 -0.377162
40 3.342029 -0.078177 1.535469 -0.066822 -0.142155 -0.247795
41 1.760565 0.000000 0.000000 -0.003707 -0.008347 -0.417902
42 0.946777 0.000000 0.000000 0.059844 0.161510 -0.356655
43 3.650023 0.193487 0.592403 -0.061796 -0.111438 -0.286498
44 1.940476 -0.000000 0.000000 0.063015 0.157361 -0.382781
45 1.194153 -0.000000 0.000000 -0.017478 -0.067896 -0.252168
46 3.920897 0.178574 -0.420632 -0.030866 0.002118 -0.237370
47 2.398545 0.000000 -0.000000 0.016327 0.028042 -0.527349
48 1.228913 -0.000000 0.000000 -0.006292 -0.038933 -0.160270
49 3.969067 0.115063 -1.534794 -0.024555 0.031327 -0.228202
50 1.959841 0.000000 0.000000 -0.054600 -0.111020 -0.458274
51 1.099742 -0.000000 -0.000000 -0.010217 -0.062642 -0.161791
52 1.244767 -0.892595 -1.077153 -1.537577 0.432036 -0.185459
53 1.976136 0.000000 0.000000 -0.000000 0.068928 -0.257871
54 1.377138 0.000000 -0.000000 -0.000000 0.022268 0.192117
time 142
0 0.000000 0.000000 0.000000 1.570796 0.000000 0.000000
1 0.338246 1.213523 37.662994 1.358434 -0.137261 0.119354
2 0.000000 0.000000 0.000000 0.000000 0.000000 0.000000
3 3.890447 0.000000 0.000000 -1.690975 -0.148488 -1.456124
4 20.402582 -0.000000 0.000000 0.000000 0.000000 0.772804
5 17.754948 0.000000 0.000000 -0.220779 0.226122 -1.587796
6 5.733515 0.000000 0.000000 0.009692 -0.018965 -0.362992
7 -3.890447 0.000000 -0.000000 -1.332481 -0.041300 -2.101171
8 20.402582 -0.000000 0.000000 0.000000 0.000000 0.783323
9 17.754948 0.000000 -0.000000 0.368795 -0.163818 -1.649540
10 5.733515 -0.000000 0.000000 -0.098141 0.014661 -0.351340
11 0.000000 3.345132 -1.055022 1.557278 0.030812 1.717329
12 4.232848 0.000000 -0.000000 0.000212 0.130625 0.129715
13 4.327481 -0.000000 -0.000000 0.002479 0.042040 0.163018
14 6.430522 0.000000 0.000000 0.121152 0.257299 0.467505
15 5.754028 0.000000 0.000000 2.911055 -0.107234 0.496860
16 4.208960 -0.000000 -0.000000 -0.078506 0.169145 1.152960
17 4.203462 1.484258 1.588960 -0.279632 -1.114148 -1.457541
18 5.124548 0.000000 0.000000 -0.954955 -0.196336 -1.542494
19 11.580950 0.000000 0.000000 0.000000 0.000000 -0.661387
20 11.182189 -0.000002 -0.000032 1.508437 0.017548 -0.309368
21 3.342010 -0.071954 -1.535773 0.070874 0.142154 -0.247798
22 1.760565 0.000000 0.000000 0.003707 0.008347 -0.417902
23 0.946777 0.000000 0.000000 -0.059844 -0.161510 -0.356655
24 3.650005 0.195886 -0.591614 0.065848 0.111437 -0.286501
25 1.940476 -0.000000 -0.000000 -0.063015 -0.157361 -0.382781
26 1.194153 0.000000 0.000000 0.017478 0.067896 -0.252168
27 3.920878 0.176868 0.421353 0.034918 -0.002119 -0.237374
28 2.398545 0.000000 0.000000 -0.016327 -0.028042 -0.527349
29 1.228913 0.000000 -0.000000 0.006292 0.038933 -0.160270
30 3.969047 0.108842 1.535248 0.028607 -0.031328 -0.228206
31 1.959841 0.000000 -0.000000 0.054600 0.111020 -0.458274
32 1.099742 0.000000 0.000000 0.010217 0.062642 -0.161791
33 1.244744 -0.896944 1.073525 1.541960 -0.431286 -0.187296
34 1.976136 0.000000 0.000000 -0.000000 -0.068928 -0.257871
35 1.377138 -0.000000 0.000000 0.000000 -0.022268 0.192117
36 4.203462 1.484258 -1.588960 -0.441381 1.231680 -2.133038
37 5.124548 0.000000 -0.000000 2.018663 0.581579 -0.766973
38 11.580950 0.000000 -0.000000 0.000000 -0.000000 -0.535322
39 11.182171 -0.000002 0.000017 -1.801722 0.015947 -0.385301
40 3.342029 -0.078177 1.535469 -0.066822 -0.142155 -0.247795
41 1.760565 0.000000 0.000000 -0.003707 -0.008347 -0.417902
42 0.946777 0.000000 0.000000 0.059844 0.161510 -0.356655
43 3.650023 0.193487 0.592403 -0.061796 -0.111438 -0.286498
44 1.940476 0.000000 -0.000000 0.063015 0.157361 -0.382781
45 1.194153 -0.000000 0.000000 -0.017478 -0.067896 -0.252168
46 3.920897 0.178574 -0.420632 -0.030866 0.002118 -0.237370
47 2.398545 0.000000 0.000000 0.016327 0.028042 -0.527349
48 1.228913 0.000000 -0.000000 -0.006292 -0.038933 -0.160270
49 3.969067 0.115063 -1.534794 -0.024555 0.031327 -0.228202
50 1.959841 0.000000 0.000000 -0.054600 -0.111020 -0.458274
51 1.099742 0.000000 0.000000 -0.010217 -0.062642 -0.161791
52 1.244767 -0.892595 -1.077153 -1.537577 0.432036 -0.185459
53 1.976136 -0.000000 0.000000 -0.000000 0.068928 -0.257871
54 1.377138 0.000000 0.000000 -0.000000 0.022268 0.192117
time 143
0 0.000000 0.000000 0.000000 1.570796 0.000000 0.000000
1 0.223278 1.243021 37.678329 1.357494 -0.138953 0.123405
2 0.000000 0.000000 0.000000 0.000000 0.000000 0.000000
3 3.890447 0.000000 0.000000 -1.690220 -0.147081 -1.454714
4 20.402582 -0.000000 0.000000 0.000000 -0.000000 0.767429
5 17.754948 0.000000 0.000000 -0.230072 0.223883 -1.587438
6 5.733515 0.000000 0.000000 0.009669 -0.019120 -0.372347
7 -3.890447 0.000000 -0.000000 -1.333167 -0.040816 -2.099587
8 20.402582 0.000000 -0.000000 0.000000 -0.000000 0.785619
9 17.754948 0.000000 -0.000000 0.368885 -0.158623 -1.651825
10 5.733515 0.000000 0.000000 -0.098143 0.014647 -0.350507
11 0.000000 3.345132 -1.055022 1.554013 0.031633 1.720651
12 4.232848 -0.000000 0.000000 -0.001910 0.131175 0.127706
13 4.327481 0.000000 0.000000 0.001570 0.042614 0.159820
14 6.430522 0.000000 0.000000 0.121253 0.259183 0.465288
15 5.754028 -0.000000 0.000000 2.921122 -0.119017 0.475594
16 4.208960 0.000000 0.000000 -0.069351 0.169067 1.162837
17 4.203462 1.484258 1.588960 -0.268196 -1.116153 -1.468906
18 5.124548 0.000000 0.000000 -0.956553 -0.201041 -1.535571
19 11.580950 0.000000 0.000000 0.000000 -0.000000 -0.683654
20 11.182189 -0.000002 -0.000032 1.487863 -0.000583 -0.316292
21 3.342010 -0.071954 -1.535773 0.070874 0.142154 -0.247798
22 1.760565 0.000000 0.000000 0.003707 0.008347 -0.417902
23 0.946777 0.000000 -0.000000 -0.059844 -0.161510 -0.356655
24 3.650005 0.195886 -0.591614 0.065848 0.111437 -0.286501
25 1.940476 0.000000 0.000000 -0.063015 -0.157361 -0.382781
26 1.194153 -0.000000 0.000000 0.017478 0.067896 -0.252168
27 3.920878 0.176868 0.421353 0.034918 -0.002119 -0.237374
28 2.398545 0.000000 -0.000000 -0.016327 -0.028042 -0.527349
29 1.228913 0.000000 0.000000 0.006292 0.038933 -0.160270
30 3.969047 0.108842 1.535248 0.028607 -0.031328 -0.228206
31 1.959841 0.000000 -0.000000 0.054600 0.111020 -0.458274
32 1.099742 0.000000 0.000000 0.010217 0.062642 -0.161791
33 1.244744 -0.896944 1.073525 1.541960 -0.431286 -0.187296
34 1.976136 0.000000 -0.000000 -0.000000 -0.068928 -0.257871
35 1.377138 -0.000000 0.000000 0.000000 -0.022268 0.192117
36 4.203462 1.484258 -1.588960 -0.442892 1.236988 -2.131819
37 5.124548 0.000000 0.000000 2.003895 0.570818 -0.763144
38 11.580950 0.000000 0.000000 0.000000 0.000000 -0.549269
39 11.182171 -0.000002 0.000017 -1.793209 0.018141 -0.394211
40 3.342029 -0.078177 1.535469 -0.066822 -0.142155 -0.247795
41 1.760565 0.000000 0.000000 -0.003707 -0.008347 -0.417902
42 0.946777 0.000000 0.000000 0.059844 0.161510 -0.356655
43 3.650023 0.193487 0.592403 -0.061796 -0.111438 -0.286498
44 1.940476 0.000000 -0.000000 0.063015 0.157361 -0.382781
45 1.194153 -0.000000 0.000000 -0.017478 -0.067896 -0.252168
46 3.920897 0.178574 -0.420632 -0.030866 0.002118 -0.237370
47 2.398545 0.000000 0.000000 0.016327 0.028042 -0.527349
48 1.228913 0.000000 0.000000 -0.006292 -0.038933 -0.160270
49 3.969067 0.115063 -1.534794 -0.024555 0.031327 -0.228202
50 1.959841 -0.000000 0.000000 -0.054600 -0.111020 -0.458274
51 1.099742 -0.000000 0.000000 -0.010217 -0.062642 -0.161791
52 1.244767 -0.892595 -1.077153 -1.537577 0.432036 -0.185459
53 1.976136 0.000000 0.000000 -0.000000 0.068928 -0.257871
54 1.377138 0.000000 0.000000 -0.000000 0.022268 0.192117
time 144
0 0.000000 0.000000 0.000000 1.570796 0.000000 0.000000
1 0.132280 1.259270 37.686634 1.356246 -0.140098 0.127637
2 0.000000 0.000000 0.000000 0.000000 0.000000 0.000000
3 3.890447 0.000000 0.000000 -1.688060 -0.145654 -1.453608
4 20.402582 0.000000 0.000000 0.000000 0.000000 0.762996
5 17.754948 0.000000 -0.000000 -0.241963 0.218604 -1.587180
6 5.733515 0.000000 -0.000000 0.009641 -0.019318 -0.384276
7 -3.890447 0.000000 -0.000000 -1.333502 -0.039583 -2.098284
8 20.402582 0.000000 -0.000000 -0.000000 -0.000000 0.787918
9 17.754948 -0.000000 -0.000000 0.369204 -0.154067 -1.653956
10 5.733515 0.000000 0.000000 -0.098145 0.014635 -0.349779
11 0.000000 3.345132 -1.055022 1.551439 0.032558 1.721842
12 4.232848 -0.000000 -0.000000 -0.003683 0.131262 0.125872
13 4.327481 0.000000 -0.000000 0.000785 0.042791 0.156791
14 6.430522 0.000000 0.000000 0.122777 0.263287 0.463101
15 5.754028 0.000000 0.000000 2.933644 -0.127025 0.459873
16 4.208960 0.000000 0.000000 -0.060321 0.169320 1.172354
17 4.203462 1.484258 1.588960 -0.265268 -1.115911 -1.473199
18 5.124548 -0.000000 0.000000 -0.952084 -0.202453 -1.532731
19 11.580950 0.000000 0.000000 0.000000 -0.000000 -0.706746
20 11.182189 -0.000002 -0.000032 1.475613 0.001160 -0.318119
21 3.342010 -0.071954 -1.535773 0.070874 0.142154 -0.247798
22 1.760565 0.000000 0.000000 0.003707 0.008347 -0.417902
23 0.946777 -0.000000 -0.000000 -0.059844 -0.161510 -0.356655
24 3.650005 0.195886 -0.591614 0.065848 0.111437 -0.286501
25 1.940476 0.000000 0.000000 -0.063015 -0.157361 -0.382781
26 1.194153 0.000000 0.000000 0.017478 0.067896 -0.252168
27 3.920878 0.176868 0.421353 0.034918 -0.002119 -0.237374
28 2.398545 0.000000 -0.000000 -0.016327 -0.028042 -0.527349
29 1.228913 0.000000 0.000000 0.006292 0.038933 -0.160270
30 3.969047 0.108842 1.535248 0.028607 -0.031328 -0.228206
31 1.959841 0.000000 0.000000 0.054600 0.111020 -0.458274
32 1.099742 0.000000 0.000000 0.010217 0.062642 -0.161791
33 1.244744 -0.896944 1.073525 1.541960 -0.431286 -0.187296
34 1.976136 0.000000 0.000000 -0.000000 -0.068928 -0.257871
35 1.377138 0.000000 0.000000 -0.000000 -0.022268 0.192117
36 4.203462 1.484258 -1.588960 -0.412237 1.240136 -2.100282
37 5.124548 0.000000 0.000000 2.005308 0.562491 -0.767170
38 11.580950 0.000000 0.000000 -0.000000 -0.000000 -0.541703
39 11.182171 -0.000002 0.000017 -1.789052 0.018927 -0.393981
40 3.342029 -0.078177 1.535469 -0.066822 -0.142155 -0.247795
41 1.760565 0.000000 0.000000 -0.003707 -0.008347 -0.417902
42 0.946777 -0.000000 0.000000 0.059844 0.161510 -0.356655
43 3.650023 0.193487 0.592403 -0.061796 -0.111438 -0.286498
44 1.940476 0.000000 0.000000 0.063015 0.157361 -0.382781
45 1.194153 0.000000 0.000000 -0.017478 -0.067896 -0.252168
46 3.920897 0.178574 -0.420632 -0.030866 0.002118 -0.237370
47 2.398545 -0.000000 0.000000 0.016327 0.028042 -0.527349
48 1.228913 0.000000 0.000000 -0.006292 -0.038933 -0.160270
49 3.969067 0.115063 -1.534794 -0.024555 0.031327 -0.228202
50 1.959841 0.000000 0.000000 -0.054600 -0.111020 -0.458274
51 1.099742 -0.000000 0.000000 -0.010217 -0.062642 -0.161791
52 1.244767 -0.892595 -1.077153 -1.537577 0.432036 -0.185459
53 1.976136 0.000000 0.000000 -0.000000 0.068928 -0.257871
54 1.377138 -0.000000 0.000000 0.000000 0.022268 0.192117
time 145
0 0.000000 0.000000 0.000000 1.570796 0.000000 0.000000
1 0.080678 1.250541 37.688686 1.354794 -0.140849 0.130907
2 0.000000 0.000000 0.000000 0.000000 0.000000 0.000000
3 3.890447 0.000000 0.000000 -1.686956 -0.144403 -1.452437
4 20.402582 0.000000 -0.000000 -0.000000 0.000000 0.761637
5 17.754948 0.000000 -0.000000 -0.253143 0.213994 -1.587860
6 5.733515 0.000000 0.000000 0.009631 -0.019394 -0.388828
7 -3.890447 0.000000 -0.000000 -1.333917 -0.037679 -2.097735
8 20.402582 0.000000 0.000000 -0.000000 -0.000000 0.789745
9 17.754948 0.000000 -0.000000 0.369932 -0.151097 -1.655571
10 5.733515 0.000000 -0.000000 -0.098146 0.014629 -0.349393
11 0.000000 3.345132 -1.055022 1.549830 0.033993 1.722646
12 4.232848 0.000000 0.000000 -0.004730 0.131561 0.123884
13 4.327481 -0.000000 0.000000 0.000369 0.042959 0.154095
14 6.430522 0.000000 0.000000 0.124466 0.266899 0.461211
15 5.754028 0.000000 -0.000000 2.941631 -0.135020 0.450875
16 4.208960 0.000000 0.000000 -0.052321 0.169618 1.178953
17 4.203462 1.484258 1.588960 -0.267737 -1.117371 -1.474115
18 5.124548 -0.000000 0.000000 -0.947312 -0.201520 -1.531239
19 11.580950 0.000000 -0.000000 -0.000000 0.000000 -0.724046
20 11.182189 -0.000002 -0.000032 1.471025 0.014424 -0.321333
21 3.342010 -0.071954 -1.535773 0.070874 0.142154 -0.247798
22 1.760565 0.000000 0.000000 0.003707 0.008347 -0.417902
23 0.946777 0.000000 -0.000000 -0.059844 -0.161510 -0.356655
24 3.650005 0.195886 -0.591614 0.065848 0.111437 -0.286501
25 1.940476 0.000000 0.000000 -0.063015 -0.157361 -0.382781
26 1.194153 0.000000 -0.000000 0.017478 0.067896 -0.252168
27 3.920878 0.176868 0.421353 0.034918 -0.002119 -0.237374
28 2.398545 0.000000 0.000000 -0.016327 -0.028042 -0.527349
29 1.228913 -0.000000 0.000000 0.006292 0.038933 -0.160270
30 3.969047 0.108842 1.535248 0.028607 -0.031328 -0.228206
31 1.959841 -0.000000 -0.000000 0.054600 0.111020 -0.458274
32 1.099742 0.000000 0.000000 0.010217 0.062642 -0.161791
33 1.244744 -0.896944 1.073525 1.541960 -0.431286 -0.187296
34 1.976136 0.000000 0.000000 0.000000 -0.068928 -0.257871
35 1.377138 0.000000 0.000000 0.000000 -0.022268 0.192117
36 4.203462 1.484258 -1.588960 -0.373838 1.241143 -2.062156
37 5.124548 -0.000000 -0.000000 2.027234 0.555334 -0.770716
38 11.580950 0.000000 0.000000 -0.000000 0.000000 -0.514639
39 11.182171 -0.000002 0.000017 -1.796366 0.023912 -0.384438
40 3.342029 -0.078177 1.535469 -0.066822 -0.142155 -0.247795
41 1.760565 -0.000000 0.000000 -0.003707 -0.008347 -0.417902
42 0.946777 -0.000000 0.000000 0.059844 0.161510 -0.356655
43 3.650023 0.193487 0.592403 -0.061796 -0.111438 -0.286498
44 1.940476 0.000000 0.000000 0.063015 0.157361 -0.382781
45 1.194153 0.000000 -0.000000 -0.017478 -0.067896 -0.252168
46 3.920897 0.178574 -0.420632 -0.030866 0.002118 -0.237370
47 2.398545 0.000000 0.000000 0.016327 0.028042 -0.527349
48 1.228913 0.000000 0.000000 -0.006292 -0.038933 -0.160270
49 3.969067 0.115063 -1.534794 -0.024555 0.031327 -0.228202
50 1.959841 -0.000000 -0.000000 -0.054600 -0.111020 -0.458274
51 1.099742 0.000000 0.000000 -0.010217 -0.062642 -0.161791
52 1.244767 -0.892595 -1.077153 -1.537577 0.432036 -0.185459
53 1.976136 -0.000000 0.000000 -0.000000 0.068928 -0.257871
54 1.377138 0.000000 -0.000000 -0.000000 0.022268 0.192117
time 146
0 0.000000 0.000000 0.000000 1.570796 0.000000 0.000000
1 0.069488 1.205744 37.688145 1.353281 -0.141343 0.131711
2 0.000000 0.000000 0.000000 0.000000 0.000000 0.000000
3 3.890447 -0.000000 0.000000 -1.687447 -0.141576 -1.452037
4 20.402582 -0.000000 -0.000000 0.000000 0.000000 0.760812
5 17.754948 0.000000 0.000000 -0.258967 0.210635 -1.588292
6 5.733515 0.000000 0.000000 0.009624 -0.019455 -0.392526
7 -3.890447 0.000000 -0.000000 -1.334997 -0.034901 -2.097835
8 20.402582 -0.000000 0.000000 0.000000 0.000000 0.789847
9 17.754948 -0.000000 0.000000 0.371120 -0.150480 -1.656949
10 5.733515 0.000000 0.000000 -0.098148 0.014618 -0.348771
11 -0.000000 3.345132 -1.055022 1.549386 0.035674 1.723693
12 4.232848 0.000000 0.000000 -0.004768 0.131877 0.121663
13 4.327481 0.000000 0.000000 0.000424 0.043176 0.151502
14 6.430522 0.000000 0.000000 0.125917 0.269345 0.459542
15 5.754028 0.000000 0.000000 2.944090 -0.143951 0.446397
16 4.208960 0.000000 0.000000 -0.045791 0.170429 1.182133
17 4.203462 1.484258 1.588960 -0.268075 -1.121451 -1.476303
18 5.124548 -0.000000 0.000000 -0.944443 -0.200300 -1.531010
19 11.580950 0.000000 0.000000 0.000000 -0.000000 -0.730829
20 11.182189 -0.000002 -0.000032 1.473592 0.021616 -0.327279
21 3.342010 -0.071954 -1.535773 0.070874 0.142154 -0.247798
22 1.760565 0.000000 0.000000 0.003707 0.008347 -0.417902
23 0.946777 0.000000 0.000000 -0.059844 -0.161510 -0.356655
24 3.650005 0.195886 -0.591614 0.065848 0.111437 -0.286501
25 1.940476 0.000000 0.000000 -0.063015 -0.157361 -0.382781
26 1.194153 0.000000 0.000000 0.017478 0.067896 -0.252168
27 3.920878 0.176868 0.421353 0.034918 -0.002119 -0.237374
28 2.398545 0.000000 0.000000 -0.016327 -0.028042 -0.527349
29 1.228913 0.000000 -0.000000 0.006292 0.038933 -0.160270
30 3.969047 0.108842 1.535248 0.028607 -0.031328 -0.228206
31 1.959841 0.000000 0.000000 0.054600 0.111020 -0.458274
32 1.099742 0.000000 0.000000 0.010217 0.062642 -0.161791
33 1.244744 -0.896944 1.073525 1.541960 -0.431286 -0.187296
34 1.976136 -0.000000 0.000000 -0.000000 -0.068928 -0.257871
35 1.377138 0.000000 -0.000000 0.000000 -0.022268 0.192117
36 4.203462 1.484258 -1.588960 -0.338081 1.239351 -2.027244
37 5.124548 0.000000 0.000000 2.065583 0.545588 -0.772527
38 11.580950 0.000000 0.000000 0.000000 -0.000000 -0.477796
39 11.182171 -0.000002 0.000017 -1.817769 0.037511 -0.366158
40 3.342029 -0.078177 1.535469 -0.066822 -0.142155 -0.247795
41 1.760565 0.000000 0.000000 -0.003707 -0.008347 -0.417902
42 0.946777 0.000000 -0.000000 0.059844 0.161510 -0.356655
43 3.650023 0.193487 0.592403 -0.061796 -0.111438 -0.286498
44 1.940476 0.000000 0.000000 0.063015 0.157361 -0.382781
45 1.194153 0.000000 0.000000 -0.017478 -0.067896 -0.252168
46 3.920897 0.178574 -0.420632 -0.030866 0.002118 -0.237370
47 2.398545 0.000000 0.000000 0.016327 0.028042 -0.527349
48 1.228913 0.000000 0.000000 -0.006292 -0.038933 -0.160270
49 3.969067 0.115063 -1.534794 -0.024555 0.031327 -0.228202
50 1.959841 0.000000 -0.000000 -0.054600 -0.111020 -0.458274
51 1.099742 0.000000 0.000000 -0.010217 -0.062642 -0.161791
52 1.244767 -0.892595 -1.077153 -1.537577 0.432036 -0.185459
53 1.976136 0.000000 0.000000 -0.000000 0.068928 -0.257871
54 1.377138 0.000000 0.000000 0.000000 0.022268 0.192117
time 147
0 0.000000 0.000000 0.000000 1.570796 0.000000 0.000000
1 0.087649 1.140623 37.681259 1.351221 -0.141564 0.131164
2 0.000000 0.000000 0.000000 0.000000 0.000000 0.000000
3 3.890447 0.000000 0.000000 -1.689019 -0.138260 -1.452130
4 20.402582 0.000000 0.000000 0.000000 0.000000 0.761939
5 17.754948 0.000000 -0.000000 -0.254243 0.208578 -1.587338
6 5.733515 0.000000 0.000000 0.009614 -0.019534 -0.397283
7 -3.890447 -0.000000 -0.000000 -1.336525 -0.031339 -2.098490
8 20.402582 0.000000 0.000000 0.000000 -0.000000 0.789384
9 17.754948 0.000000 -0.000000 0.372594 -0.151416 -1.658280
10 5.733515 0.000000 0.000000 -0.098150 0.014608 -0.348152
11 0.000000 3.345132 -1.055022 1.549248 0.036882 1.724667
12 4.232848 -0.000000 -0.000000 -0.004502 0.131945 0.119648
13 4.327481 0.000000 -0.000000 0.000579 0.043382 0.148976
14 6.430522 0.000000 0.000000 0.126527 0.269834 0.457961
15 5.754028 -0.000000 -0.000000 2.945104 -0.152086 0.445712
16 4.208960 0.000000 0.000000 -0.039849 0.171259 1.182234
17 4.203462 1.484258 1.588960 -0.261749 -1.125103 -1.479932
18 5.124548 -0.000000 -0.000000 -0.945902 -0.202580 -1.531817
19 11.580950 0.000000 0.000000 0.000000 0.000000 -0.729465
20 11.182189 -0.000002 -0.000032 1.477970 0.030241 -0.328591
21 3.342010 -0.071954 -1.535773 0.070874 0.142154 -0.247798
22 1.760565 0.000000 0.000000 0.003707 0.008347 -0.417902
23 0.946777 0.000000 -0.000000 -0.059844 -0.161510 -0.356655
24 3.650005 0.195886 -0.591614 0.065848 0.111437 -0.286501
25 1.940476 -0.000000 -0.000000 -0.063015 -0.157361 -0.382781
26 1.194153 -0.000000 -0.000000 0.017478 0.067896 -0.252168
27 3.920878 0.176868 0.421353 0.034918 -0.002119 -0.237374
28 2.398545 0.000000 0.000000 -0.016327 -0.028042 -0.527349
29 1.228913 0.000000 0.000000 0.006292 0.038933 -0.160270
30 3.969047 0.108842 1.535248 0.028607 -0.031328 -0.228206
31 1.959841 0.000000 -0.000000 0.054600 0.111020 -0.458274
32 1.099742 0.000000 -0.000000 0.010217 0.062642 -0.161791
33 1.244744 -0.896944 1.073525 1.541960 -0.431286 -0.187296
34 1.976136 0.000000 0.000000 -0.000000 -0.068928 -0.257871
35 1.377138 0.000000 0.000000 -0.000000 -0.022268 0.192117
36 4.203462 1.484258 -1.588960 -0.327710 1.234772 -2.019159
37 5.124548 0.000000 0.000000 2.121566 0.532634 -0.763634
38 11.580950 0.000000 -0.000000 0.000000 0.000000 -0.432631
39 11.182171 -0.000002 0.000017 -1.846114 0.046544 -0.344512
40 3.342029 -0.078177 1.535469 -0.066822 -0.142155 -0.247795
41 1.760565 0.000000 0.000000 -0.003707 -0.008347 -0.417902
42 0.946777 -0.000000 0.000000 0.059844 0.161510 -0.356655
43 3.650023 0.193487 0.592403 -0.061796 -0.111438 -0.286498
44 1.940476 0.000000 -0.000000 0.063015 0.157361 -0.382781
45 1.194153 0.000000 0.000000 -0.017478 -0.067896 -0.252168
46 3.920897 0.178574 -0.420632 -0.030866 0.002118 -0.237370
47 2.398545 0.000000 -0.000000 0.016327 0.028042 -0.527349
48 1.228913 0.000000 0.000000 -0.006292 -0.038933 -0.160270
49 3.969067 0.115063 -1.534794 -0.024555 0.031327 -0.228202
50 1.959841 0.000000 0.000000 -0.054600 -0.111020 -0.458274
51 1.099742 0.000000 -0.000000 -0.010217 -0.062642 -0.161791
52 1.244767 -0.892595 -1.077153 -1.537577 0.432036 -0.185459
53 1.976136 -0.000000 0.000000 -0.000000 0.068928 -0.257871
54 1.377138 0.000000 0.000000 -0.000000 0.022268 0.192117
time 148
0 0.000000 0.000000 0.000000 1.570796 0.000000 0.000000
1 0.129023 1.058571 37.669338 1.348941 -0.141563 0.129697
2 0.000000 0.000000 0.000000 0.000000 0.000000 0.000000
3 3.890447 0.000000 0.000000 -1.690894 -0.134590 -1.452637
4 20.402582 0.000000 0.000000 -0.000000 0.000000 0.764682
5 17.754948 -0.000000 0.000000 -0.246836 0.207439 -1.587080
6 5.733515 0.000000 0.000000 0.009626 -0.019441 -0.391651
7 -3.890447 -0.000000 -0.000000 -1.338051 -0.027253 -2.099667
8 20.402582 0.000000 0.000000 -0.000000 0.000000 0.788544
9 17.754948 -0.000000 0.000000 0.374127 -0.153642 -1.659640
10 5.733515 0.000000 0.000000 -0.098151 0.014600 -0.347643
11 0.000000 3.345132 -1.055022 1.548833 0.037979 1.725538
12 4.232848 0.000000 -0.000000 -0.004563 0.132047 0.118180
13 4.327481 0.000000 -0.000000 0.000587 0.043520 0.147380
14 6.430522 0.000000 0.000000 0.125158 0.267447 0.456628
15 5.754028 0.000000 0.000000 2.946004 -0.158982 0.448192
16 4.208960 -0.000000 -0.000000 -0.033824 0.171182 1.180659
17 4.203462 1.484258 1.588960 -0.254420 -1.125191 -1.481946
18 5.124548 0.000000 -0.000000 -0.946575 -0.205318 -1.532974
19 11.580950 0.000000 0.000000 0.000000 0.000000 -0.723101
20 11.182189 -0.000002 -0.000032 1.481634 0.030095 -0.325252
21 3.342010 -0.071954 -1.535773 0.070874 0.142154 -0.247798
22 1.760565 0.000000 0.000000 0.003707 0.008347 -0.417902
23 0.946777 0.000000 -0.000000 -0.059844 -0.161510 -0.356655
24 3.650005 0.195886 -0.591614 0.065848 0.111437 -0.286501
25 1.940476 0.000000 0.000000 -0.063015 -0.157361 -0.382781
26 1.194153 0.000000 -0.000000 0.017478 0.067896 -0.252168
27 3.920878 0.176868 0.421353 0.034918 -0.002119 -0.237374
28 2.398545 0.000000 -0.000000 -0.016327 -0.028042 -0.527349
29 1.228913 0.000000 0.000000 0.006292 0.038933 -0.160270
30 3.969047 0.108842 1.535248 0.028607 -0.031328 -0.228206
31 1.959841 -0.000000 -0.000000 0.054600 0.111020 -0.458274
32 1.099742 0.000000 0.000000 0.010217 0.062642 -0.161791
33 1.244744 -0.896944 1.073525 1.541960 -0.431286 -0.187296
34 1.976136 0.000000 0.000000 0.000000 -0.068928 -0.257871
35 1.377138 0.000000 0.000000 0.000000 -0.022268 0.192117
36 4.203462 1.484258 -1.588960 -0.335975 1.231339 -2.029331
37 5.124548 0.000000 0.000000 2.191488 0.515126 -0.750133
38 11.580950 0.000000 0.000000 0.000000 -0.000000 -0.385802
39 11.182171 -0.000002 0.000017 -1.886276 0.060415 -0.324057
40 3.342029 -0.078177 1.535469 -0.066822 -0.142155 -0.247795
41 1.760565 -0.000000 -0.000000 -0.003707 -0.008347 -0.417902
42 0.946777 0.000000 0.000000 0.059844 0.161510 -0.356655
43 3.650023 0.193487 0.592403 -0.061796 -0.111438 -0.286498
44 1.940476 -0.000000 0.000000 0.063015 0.157361 -0.382781
45 1.194153 0.000000 0.000000 -0.017478 -0.067896 -0.252168
46 3.920897 0.178574 -0.420632 -0.030866 0.002118 -0.237370
47 2.398545 0.000000 0.000000 0.016327 0.028042 -0.527349
48 1.228913 -0.000000 0.000000 -0.006292 -0.038933 -0.160270
49 3.969067 0.115063 -1.534794 -0.024555 0.031327 -0.228202
50 1.959841 0.000000 0.000000 -0.054600 -0.111020 -0.458274
51 1.099742 0.000000 0.000000 -0.010217 -0.062642 -0.161791
52 1.244767 -0.892595 -1.077153 -1.537577 0.432036 -0.185459
53 1.976136 -0.000000 0.000000 -0.000000 0.068928 -0.257871
54 1.377138 -0.000000 0.000000 -0.000000 0.022268 0.192117
time 149
0 0.000000 0.000000 0.000000 1.570796 0.000000 0.000000
1 0.184058 0.999065 37.657928 1.348292 -0.140942 0.127292
2 0.000000 0.000000 0.000000 0.000000 0.000000 0.000000
3 3.890447 0.000000 0.000000 -1.693348 -0.133276 -1.452700
4 20.402582 0.000000 -0.000000 -0.000000 -0.000000 0.768387
5 17.754948 0.000000 0.000000 -0.240645 0.205564 -1.586326
6 5.733515 0.000000 0.000000 0.009651 -0.019247 -0.380010
7 -3.890447 0.000000 0.000000 -1.339402 -0.025580 -2.100365
8 20.402582 0.000000 0.000000 0.000000 0.000000 0.787543
9 17.754948 0.000000 0.000000 0.375310 -0.155861 -1.659726
10 5.733515 0.000000 -0.000000 -0.098151 0.014600 -0.347688
11 0.000000 3.345132 -1.055022 1.548537 0.038705 1.725892
12 4.232848 -0.000000 0.000000 -0.004669 0.132410 0.117208
13 4.327481 0.000000 0.000000 0.000589 0.043740 0.146165
14 6.430522 0.000000 0.000000 0.122185 0.262206 0.454978
15 5.754028 0.000000 0.000000 2.948894 -0.163386 0.453002
16 4.208960 0.000000 0.000000 -0.027697 0.169725 1.177730
17 4.203462 1.484258 1.588960 -0.251049 -1.121889 -1.480266
18 5.124548 0.000000 -0.000000 -0.946214 -0.205674 -1.535521
19 11.580950 0.000000 0.000000 -0.000000 -0.000000 -0.712578
20 11.182189 -0.000002 -0.000032 1.487743 0.021948 -0.327483
21 3.342010 -0.071954 -1.535773 0.070874 0.142154 -0.247798
22 1.760565 0.000000 -0.000000 0.003707 0.008347 -0.417902
23 0.946777 0.000000 0.000000 -0.059844 -0.161510 -0.356655
24 3.650005 0.195886 -0.591614 0.065848 0.111437 -0.286501
25 1.940476 0.000000 0.000000 -0.063015 -0.157361 -0.382781
26 1.194153 0.000000 -0.000000 0.017478 0.067896 -0.252168
27 3.920878 0.176868 0.421353 0.034918 -0.002119 -0.237374
28 2.398545 0.000000 -0.000000 -0.016327 -0.028042 -0.527349
29 1.228913 0.000000 -0.000000 0.006292 0.038933 -0.160270
30 3.969047 0.108842 1.535248 0.028607 -0.031328 -0.228206
31 1.959841 0.000000 -0.000000 0.054600 0.111020 -0.458274
32 1.099742 0.000000 -0.000000 0.010217 0.062642 -0.161791
33 1.244744 -0.896944 1.073525 1.541960 -0.431286 -0.187296
34 1.976136 0.000000 0.000000 0.000000 -0.068928 -0.257871
35 1.377138 0.000000 0.000000 0.000000 -0.022268 0.192117
36 4.203462 1.484258 -1.588960 -0.356128 1.229616 -2.047569
37 5.124548 0.000000 0.000000 2.270372 0.494769 -0.734895
38 11.580950 0.000000 0.000000 0.000000 0.000000 -0.346250
39 11.182171 -0.000002 0.000017 -1.932163 0.082439 -0.303122
40 3.342029 -0.078177 1.535469 -0.066822 -0.142155 -0.247795
41 1.760565 -0.000000 0.000000 -0.003707 -0.008347 -0.417902
42 0.946777 -0.000000 -0.000000 0.059844 0.161510 -0.356655
43 3.650023 0.193487 0.592403 -0.061796 -0.111438 -0.286498
44 1.940476 0.000000 0.000000 0.063015 0.157361 -0.382781
45 1.194153 -0.000000 0.000000 -0.017478 -0.067896 -0.252168
46 3.920897 0.178574 -0.420632 -0.030866 0.002118 -0.237370
47 2.398545 0.000000 -0.000000 0.016327 0.028042 -0.527349
48 1.228913 0.000000 0.000000 -0.006292 -0.038933 -0.160270
49 3.969067 0.115063 -1.534794 -0.024555 0.031327 -0.228202
50 1.959841 0.000000 -0.000000 -0.054600 -0.111020 -0.458274
51 1.099742 -0.000000 -0.000000 -0.010217 -0.062642 -0.161791
52 1.244767 -0.892595 -1.077153 -1.537577 0.432036 -0.185459
53 1.976136 0.000000 0.000000 -0.000000 0.068928 -0.257871
54 1.377138 0.000000 0.000000 -0.000000 0.022268 0.192117
time 150
0 0.000000 0.000000 0.000000 1.570796 0.000000 0.000000
1 0.251145 0.947077 37.644234 1.348179 -0.139969 0.124249
2 0.000000 0.000000 0.000000 0.000000 0.000000 0.000000
3 3.890447 0.000000 0.000000 -1.695111 -0.132864 -1.452726
4 20.402582 0.000000 0.000000 0.000000 0.000000 0.772764
5 17.754948 0.000000 0.000000 -0.236592 0.202864 -1.586598
6 5.733515 0.000000 0.000000 0.009659 -0.019186 -0.376345
7 -3.890447 0.000000 -0.000000 -1.340499 -0.024748 -2.101042
8 20.402582 0.000000 0.000000 -0.000000 0.000000 0.786393
9 17.754948 -0.000000 -0.000000 0.376203 -0.158571 -1.659388
10 5.733515 0.000000 0.000000 -0.098150 0.014607 -0.348065
11 0.000000 3.345132 -1.055022 1.548819 0.038734 1.724672
12 4.232848 -0.000000 -0.000000 -0.004489 0.132014 0.116896
13 4.327481 -0.000000 -0.000000 0.000641 0.043650 0.145492
14 6.430522 -0.000000 0.000000 0.120219 0.258585 0.453897
15 5.754028 0.000000 0.000000 2.951105 -0.167796 0.459180
16 4.208960 0.000000 0.000000 -0.021643 0.168426 1.173775
17 4.203462 1.484258 1.588960 -0.249208 -1.117770 -1.478874
18 5.124548 0.000000 -0.000000 -0.948833 -0.201761 -1.539574
19 11.580950 0.000000 0.000000 0.000000 0.000000 -0.699312
20 11.182189 -0.000002 -0.000032 1.495723 0.023043 -0.331439
21 3.342010 -0.071954 -1.535773 0.070874 0.142154 -0.247798
22 1.760565 0.000000 0.000000 0.003707 0.008347 -0.417902
23 0.946777 0.000000 -0.000000 -0.059844 -0.161510 -0.356655
24 3.650005 0.195886 -0.591614 0.065848 0.111437 -0.286501
25 1.940476 0.000000 0.000000 -0.063015 -0.157361 -0.382781
26 1.194153 0.000000 -0.000000 0.017478 0.067896 -0.252168
27 3.920878 0.176868 0.421353 0.034918 -0.002119 -0.237374
28 2.398545 0.000000 -0.000000 -0.016327 -0.028042 -0.527349
29 1.228913 0.000000 0.000000 0.006292 0.038933 -0.160270
30 3.969047 0.108842 1.535248 0.028607 -0.031328 -0.228206
31 1.959841 0.000000 0.000000 0.054600 0.111020 -0.458274
32 1.099742 0.000000 -0.000000 0.010217 0.062642 -0.161791
33 1.244744 -0.896944 1.073525 1.541960 -0.431286 -0.187296
34 1.976136 -0.000000 0.000000 -0.000000 -0.068928 -0.257871
35 1.377138 0.000000 0.000000 0.000000 -0.022268 0.192117
36 4.203462 1.484258 -1.588960 -0.365264 1.226839 -2.051878
37 5.124548 0.000000 -0.000000 2.347407 0.475723 -0.722861
38 11.580950 0.000000 0.000000 -0.000000 0.000000 -0.310053
39 11.182171 -0.000002 0.000017 -1.985700 0.114166 -0.290366
40 3.342029 -0.078177 1.535469 -0.066822 -0.142155 -0.247795
41 1.760565 -0.000000 0.000000 -0.003707 -0.008347 -0.417902
42 0.946777 0.000000 0.000000 0.059844 0.161510 -0.356655
43 3.650023 0.193487 0.592403 -0.061796 -0.111438 -0.286498
44 1.940476 -0.000000 0.000000 0.063015 0.157361 -0.382781
45 1.194153 0.000000 0.000000 -0.017478 -0.067896 -0.252168
46 3.920897 0.178574 -0.420632 -0.030866 0.002118 -0.237370
47 2.398545 -0.000000 0.000000 0.016327 0.028042 -0.527349
48 1.228913 0.000000 0.000000 -0.006292 -0.038933 -0.160270
49 3.969067 0.115063 -1.534794 -0.024555 0.031327 -0.228202
50 1.959841 0.000000 0.000000 -0.054600 -0.111020 -0.458274
51 1.099742 -0.000000 0.000000 -0.010217 -0.062642 -0.161791
52 1.244767 -0.892595 -1.077153 -1.537577 0.432036 -0.185459
53 1.976136 -0.000000 0.000000 -0.000000 0.068928 -0.257871
54 1.377138 0.000000 0.000000 -0.000000 0.022268 0.192117
time 151
0 0.000000 0.000000 0.000000 1.570796 0.000000 0.000000
1 0.325352 0.900399 37.629780 1.348558 -0.138657 0.120721
2 0.000000 0.000000 0.000000 0.000000 0.000000 0.000000
3 3.890447 0.000000 0.000000 -1.696688 -0.132988 -1.452445
4 20.402582 -0.000000 0.000000 0.000000 0.000000 0.777350
5 17.754948 -0.000000 0.000000 -0.234644 0.200214 -1.588128
6 5.733515 0.000000 0.000000 0.009654 -0.019225 -0.378659
7 -3.890447 0.000000 -0.000000 -1.341507 -0.024585 -2.101495
8 20.402582 0.000000 0.000000 0.000000 -0.000000 0.785026
9 17.754948 0.000000 0.000000 0.376791 -0.161415 -1.658755
10 5.733515 0.000000 -0.000000 -0.098148 0.014620 -0.348866
11 0.000000 3.345132 -1.055022 1.549653 0.038319 1.722082
12 4.232848 0.000000 0.000000 -0.004087 0.131233 0.117426
13 4.327481 -0.000000 0.000000 0.000749 0.043181 0.145920
14 6.430522 0.000000 0.000000 0.119269 0.256655 0.453700
15 5.754028 0.000000 -0.000000 2.953719 -0.172933 0.464474
16 4.208960 0.000000 -0.000000 -0.014833 0.167019 1.170707
17 4.203462 1.484258 1.588960 -0.249509 -1.114072 -1.479128
18 5.124548 0.000000 -0.000000 -0.951611 -0.191677 -1.542201
19 11.580950 -0.000000 0.000000 -0.000000 0.000000 -0.689251
20 11.182189 -0.000002 -0.000032 1.497043 0.019988 -0.325868
21 3.342010 -0.071954 -1.535773 0.070874 0.142154 -0.247798
22 1.760565 0.000000 -0.000000 0.003707 0.008347 -0.417902
23 0.946777 0.000000 0.000000 -0.059844 -0.161510 -0.356655
24 3.650005 0.195886 -0.591614 0.065848 0.111437 -0.286501
25 1.940476 0.000000 -0.000000 -0.063015 -0.157361 -0.382781
26 1.194153 0.000000 0.000000 0.017478 0.067896 -0.252168
27 3.920878 0.176868 0.421353 0.034918 -0.002119 -0.237374
28 2.398545 0.000000 0.000000 -0.016327 -0.028042 -0.527349
29 1.228913 0.000000 -0.000000 0.006292 0.038933 -0.160270
30 3.969047 0.108842 1.535248 0.028607 -0.031328 -0.228206
31 1.959841 0.000000 0.000000 0.054600 0.111020 -0.458274
32 1.099742 0.000000 0.000000 0.010217 0.062642 -0.161791
33 1.244744 -0.896944 1.073525 1.541960 -0.431286 -0.187296
34 1.976136 -0.000000 0.000000 0.000000 -0.068928 -0.257871
35 1.377138 0.000000 0.000000 0.000000 -0.022268 0.192117
36 4.203462 1.484258 -1.588960 -0.354970 1.221572 -2.037507
37 5.124548 0.000000 0.000000 2.413007 0.454993 -0.721703
38 11.580950 0.000000 -0.000000 -0.000000 0.000000 -0.285482
39 11.182171 -0.000002 0.000017 -2.031578 0.135068 -0.282404
40 3.342029 -0.078177 1.535469 -0.066822 -0.142155 -0.247795
41 1.760565 0.000000 0.000000 -0.003707 -0.008347 -0.417902
42 0.946777 0.000000 0.000000 0.059844 0.161510 -0.356655
43 3.650023 0.193487 0.592403 -0.061796 -0.111438 -0.286498
44 1.940476 0.000000 0.000000 0.063015 0.157361 -0.382781
45 1.194153 0.000000 0.000000 -0.017478 -0.067896 -0.252168
46 3.920897 0.178574 -0.420632 -0.030866 0.002118 -0.237370
47 2.398545 0.000000 0.000000 0.016327 0.028042 -0.527349
48 1.228913 -0.000000 0.000000 -0.006292 -0.038933 -0.160270
49 3.969067 0.115063 -1.534794 -0.024555 0.031327 -0.228202
50 1.959841 -0.000000 0.000000 -0.054600 -0.111020 -0.458274
51 1.099742 -0.000000 0.000000 -0.010217 -0.062642 -0.161791
52 1.244767 -0.892595 -1.077153 -1.537577 0.432036 -0.185459
53 1.976136 0.000000 0.000000 -0.000000 0.068928 -0.257871
54 1.377138 0.000000 0.000000 -0.000000 0.022268 0.192117
time 152
0 0.000000 0.000000 0.000000 1.570796 0.000000 0.000000
1 0.417320 0.859510 37.614269 1.349415 -0.136833 0.116867
2 0.000000 0.000000 0.000000 0.000000 0.000000 0.000000
3 3.890447 0.000000 0.000000 -1.697276 -0.133953 -1.452368
4 20.402582 -0.000000 -0.000000 0.000000 -0.000000 0.782792
5 17.754948 0.000000 -0.000000 -0.233882 0.196439 -1.591063
6 5.733515 0.000000 0.000000 0.009647 -0.019274 -0.381632
7 -3.890447 0.000000 0.000000 -1.341673 -0.024784 -2.102066
8 20.402582 -0.000000 -0.000000 -0.000000 0.000000 0.783047
9 17.754948 -0.000000 0.000000 0.376995 -0.165140 -1.657517
10 5.733515 0.000000 -0.000000 -0.098144 0.014641 -0.350131
11 0.000000 3.345132 -1.055022 1.550867 0.037649 1.719118
12 4.232848 0.000000 0.000000 -0.003593 0.130493 0.118752
13 4.327481 0.000000 0.000000 0.000906 0.042618 0.147657
14 6.430522 0.000000 -0.000000 0.118633 0.255215 0.454586
15 5.754028 0.000000 -0.000000 2.957227 -0.178195 0.466888
16 4.208960 0.000000 -0.000000 -0.007976 0.166833 1.170123
17 4.203462 1.484258 1.588960 -0.254838 -1.111835 -1.476024
18 5.124548 0.000000 0.000000 -0.955845 -0.178441 -1.545514
19 11.580950 0.000000 0.000000 -0.000000 -0.000000 -0.678747
20 11.182189 -0.000002 -0.000032 1.491250 0.018813 -0.319111
21 3.342010 -0.071954 -1.535773 0.070874 0.142154 -0.247798
22 1.760565 0.000000 -0.000000 0.003707 0.008347 -0.417902
23 0.946777 0.000000 0.000000 -0.059844 -0.161510 -0.356655
24 3.650005 0.195886 -0.591614 0.065848 0.111437 -0.286501
25 1.940476 0.000000 -0.000000 -0.063015 -0.157361 -0.382781
26 1.194153 0.000000 -0.000000 0.017478 0.067896 -0.252168
27 3.920878 0.176868 0.421353 0.034918 -0.002119 -0.237374
28 2.398545 0.000000 0.000000 -0.016327 -0.028042 -0.527349
29 1.228913 0.000000 0.000000 0.006292 0.038933 -0.160270
30 3.969047 0.108842 1.535248 0.028607 -0.031328 -0.228206
31 1.959841 0.000000 0.000000 0.054600 0.111020 -0.458274
32 1.099742 0.000000 0.000000 0.010217 0.062642 -0.161791
33 1.244744 -0.896944 1.073525 1.541960 -0.431286 -0.187296
34 1.976136 -0.000000 0.000000 0.000000 -0.068928 -0.257871
35 1.377138 -0.000000 0.000000 0.000000 -0.022268 0.192117
36 4.203462 1.484258 -1.588960 -0.332376 1.214176 -2.011893
37 5.124548 0.000000 -0.000000 2.460578 0.436624 -0.727522
38 11.580950 0.000000 -0.000000 -0.000000 -0.000000 -0.273252
39 11.182171 -0.000002 0.000017 -2.060518 0.146038 -0.271569
40 3.342029 -0.078177 1.535469 -0.066822 -0.142155 -0.247795
41 1.760565 0.000000 0.000000 -0.003707 -0.008347 -0.417902
42 0.946777 0.000000 0.000000 0.059844 0.161510 -0.356655
43 3.650023 0.193487 0.592403 -0.061796 -0.111438 -0.286498
44 1.940476 0.000000 0.000000 0.063015 0.157361 -0.382781
45 1.194153 0.000000 0.000000 -0.017478 -0.067896 -0.252168
46 3.920897 0.178574 -0.420632 -0.030866 0.002118 -0.237370
47 2.398545 0.000000 0.000000 0.016327 0.028042 -0.527349
48 1.228913 0.000000 0.000000 -0.006292 -0.038933 -0.160270
49 3.969067 0.115063 -1.534794 -0.024555 0.031327 -0.228202
50 1.959841 -0.000000 0.000000 -0.054600 -0.111020 -0.458274
51 1.099742 0.000000 -0.000000 -0.010217 -0.062642 -0.161791
52 1.244767 -0.892595 -1.077153 -1.537577 0.432036 -0.185459
53 1.976136 0.000000 0.000000 -0.000000 0.068928 -0.257871
54 1.377138 0.000000 0.000000 -0.000000 0.022268 0.192117
time 153
0 0.000000 0.000000 0.000000 1.570796 0.000000 0.000000
1 0.527809 0.825255 37.592915 1.350837 -0.133510 0.112744
2 0.000000 0.000000 0.000000 0.000000 0.000000 0.000000
3 3.890447 0.000000 0.000000 -1.696381 -0.136550 -1.451674
4 20.402582 0.000000 0.000000 -0.000000 -0.000000 0.790478
5 17.754948 -0.000000 -0.000000 -0.233386 0.190978 -1.595852
6 5.733515 0.000000 0.000000 0.009646 -0.019282 -0.382078
7 -3.890447 0.000000 -0.000000 -1.340653 -0.025252 -2.101847
8 20.402582 0.000000 0.000000 -0.000000 -0.000000 0.780384
9 17.754948 0.000000 0.000000 0.376996 -0.169899 -1.655738
10 5.733515 0.000000 0.000000 -0.098140 0.014665 -0.351579
11 0.000000 3.345132 -1.055022 1.552060 0.036764 1.717205
12 4.232848 0.000000 0.000000 -0.003096 0.130082 0.120565
13 4.327481 0.000000 -0.000000 0.001093 0.042276 0.150331
14 6.430522 0.000000 0.000000 0.117553 0.253018 0.456321
15 5.754028 0.000000 0.000000 2.959352 -0.184781 0.472099
16 4.208960 0.000000 0.000000 0.000037 0.166035 1.168612
17 4.203462 1.484258 1.588960 -0.264596 -1.108701 -1.469155
18 5.124548 0.000000 0.000000 -0.960158 -0.165950 -1.551950
19 11.580950 0.000000 0.000000 -0.000000 0.000000 -0.663223
20 11.182189 -0.000002 -0.000032 1.487350 0.030401 -0.314478
21 3.342010 -0.071954 -1.535773 0.070874 0.142154 -0.247798
22 1.760565 0.000000 0.000000 0.003707 0.008347 -0.417902
23 0.946777 0.000000 -0.000000 -0.059844 -0.161510 -0.356655
24 3.650005 0.195886 -0.591614 0.065848 0.111437 -0.286501
25 1.940476 0.000000 0.000000 -0.063015 -0.157361 -0.382781
26 1.194153 0.000000 0.000000 0.017478 0.067896 -0.252168
27 3.920878 0.176868 0.421353 0.034918 -0.002119 -0.237374
28 2.398545 -0.000000 0.000000 -0.016327 -0.028042 -0.527349
29 1.228913 0.000000 0.000000 0.006292 0.038933 -0.160270
30 3.969047 0.108842 1.535248 0.028607 -0.031328 -0.228206
31 1.959841 0.000000 -0.000000 0.054600 0.111020 -0.458274
32 1.099742 0.000000 0.000000 0.010217 0.062642 -0.161791
33 1.244744 -0.896944 1.073525 1.541960 -0.431286 -0.187296
34 1.976136 -0.000000 0.000000 -0.000000 -0.068928 -0.257871
35 1.377138 -0.000000 0.000000 0.000000 -0.022268 0.192117
36 4.203462 1.484258 -1.588960 -0.309352 1.205454 -1.986008
37 5.124548 0.000000 0.000000 2.488439 0.419130 -0.739376
38 11.580950 -0.000000 -0.000000 0.000000 0.000000 -0.267662
39 11.182171 -0.000002 0.000017 -2.070238 0.150838 -0.270202
40 3.342029 -0.078177 1.535469 -0.066822 -0.142155 -0.247795
41 1.760565 -0.000000 0.000000 -0.003707 -0.008347 -0.417902
42 0.946777 0.000000 0.000000 0.059844 0.161510 -0.356655
43 3.650023 0.193487 0.592403 -0.061796 -0.111438 -0.286498
44 1.940476 0.000000 0.000000 0.063015 0.157361 -0.382781
45 1.194153 0.000000 0.000000 -0.017478 -0.067896 -0.252168
46 3.920897 0.178574 -0.420632 -0.030866 0.002118 -0.237370
47 2.398545 0.000000 0.000000 0.016327 0.028042 -0.527349
48 1.228913 0.000000 0.000000 -0.006292 -0.038933 -0.160270
49 3.969067 0.115063 -1.534794 -0.024555 0.031327 -0.228202
50 1.959841 0.000000 0.000000 -0.054600 -0.111020 -0.458274
51 1.099742 0.000000 0.000000 -0.010217 -0.062642 -0.161791
52 1.244767 -0.892595 -1.077153 -1.537577 0.432036 -0.185459
53 1.976136 0.000000 0.000000 -0.000000 0.068928 -0.257871
54 1.377138 0.000000 -0.000000 0.000000 0.022268 0.192117
time 154
0 0.000000 0.000000 0.000000 1.570796 0.000000 0.000000
1 0.650197 0.793307 37.573433 1.353232 -0.129472 0.106920
2 0.000000 0.000000 0.000000 0.000000 0.000000 0.000000
3 3.890447 0.000000 0.000000 -1.697427 -0.139165 -1.449942
4 20.402582 0.000000 -0.000000 0.000000 0.000000 0.797684
5 17.754948 0.000000 -0.000000 -0.233098 0.185910 -1.601956
6 5.733515 0.000000 0.000000 0.009649 -0.019260 -0.380771
7 -3.890447 0.000000 -0.000000 -1.340401 -0.026846 -2.100703
8 20.402582 0.000000 0.000000 -0.000000 -0.000000 0.776530
9 17.754948 0.000000 0.000000 0.377026 -0.174887 -1.653240
10 5.733515 0.000000 0.000000 -0.098137 0.014686 -0.352886
11 0.000000 3.345132 -1.055022 1.553632 0.035774 1.716658
12 4.232848 0.000000 0.000000 -0.002161 0.130143 0.122699
13 4.327481 0.000000 0.000000 0.001454 0.042189 0.153687
14 6.430522 0.000000 0.000000 0.115119 0.248192 0.458599
15 5.754028 0.000000 0.000000 2.956904 -0.189844 0.483682
16 4.208960 -0.000000 0.000000 0.014714 0.162942 1.166231
17 4.203462 1.484258 1.588960 -0.270061 -1.106236 -1.463688
18 5.124548 -0.000000 -0.000000 -0.964315 -0.159237 -1.557923
19 11.580950 -0.000000 0.000000 0.000000 -0.000000 -0.643613
20 11.182189 -0.000002 -0.000032 1.498227 0.034026 -0.307512
21 3.342010 -0.071954 -1.535773 0.070874 0.142154 -0.247798
22 1.760565 0.000000 0.000000 0.003707 0.008347 -0.417902
23 0.946777 0.000000 0.000000 -0.059844 -0.161510 -0.356655
24 3.650005 0.195886 -0.591614 0.065848 0.111437 -0.286501
25 1.940476 0.000000 -0.000000 -0.063015 -0.157361 -0.382781
26 1.194153 0.000000 -0.000000 0.017478 0.067896 -0.252168
27 3.920878 0.176868 0.421353 0.034918 -0.002119 -0.237374
28 2.398545 0.000000 0.000000 -0.016327 -0.028042 -0.527349
29 1.228913 0.000000 0.000000 0.006292 0.038933 -0.160270
30 3.969047 0.108842 1.535248 0.028607 -0.031328 -0.228206
31 1.959841 0.000000 0.000000 0.054600 0.111020 -0.458274
32 1.099742 0.000000 -0.000000 0.010217 0.062642 -0.161791
33 1.244744 -0.896944 1.073525 1.541960 -0.431286 -0.187296
34 1.976136 0.000000 0.000000 0.000000 -0.068928 -0.257871
35 1.377138 0.000000 0.000000 0.000000 -0.022268 0.192117
36 4.203462 1.484258 -1.588960 -0.304465 1.196170 -1.978897
37 5.124548 0.000000 -0.000000 2.501801 0.403856 -0.750077
38 11.580950 -0.000000 0.000000 -0.000000 -0.000000 -0.269078
39 11.182171 -0.000002 0.000017 -2.064964 0.150150 -0.271918
40 3.342029 -0.078177 1.535469 -0.066822 -0.142155 -0.247795
41 1.760565 0.000000 0.000000 -0.003707 -0.008347 -0.417902
42 0.946777 -0.000000 0.000000 0.059844 0.161510 -0.356655
43 3.650023 0.193487 0.592403 -0.061796 -0.111438 -0.286498
44 1.940476 0.000000 -0.000000 0.063015 0.157361 -0.382781
45 1.194153 0.000000 -0.000000 -0.017478 -0.067896 -0.252168
46 3.920897 0.178574 -0.420632 -0.030866 0.002118 -0.237370
47 2.398545 0.000000 0.000000 0.016327 0.028042 -0.527349
48 1.228913 0.000000 0.000000 -0.006292 -0.038933 -0.160270
49 3.969067 0.115063 -1.534794 -0.024555 0.031327 -0.228202
50 1.959841 0.000000 0.000000 -0.054600 -0.111020 -0.458274
51 1.099742 0.000000 0.000000 -0.010217 -0.062642 -0.161791
52 1.244767 -0.892595 -1.077153 -1.537577 0.432036 -0.185459
53 1.976136 0.000000 0.000000 -0.000000 0.068928 -0.257871
54 1.377138 0.000000 0.000000 0.000000 0.022268 0.192117
time 155
0 0.000000 0.000000 0.000000 1.570796 0.000000 0.000000
1 0.771247 0.764518 37.561348 1.356318 -0.125652 0.099826
2 0.000000 0.000000 0.000000 0.000000 0.000000 0.000000
3 3.890447 0.000000 0.000000 -1.700218 -0.141325 -1.447908
4 20.402582 0.000000 0.000000 -0.000000 -0.000000 0.803418
5 17.754948 0.000000 -0.000000 -0.232939 0.181311 -1.608033
6 5.733515 0.000000 0.000000 0.009654 -0.019222 -0.378511
7 -3.890447 0.000000 -0.000000 -1.342046 -0.029298 -2.098828
8 20.402582 0.000000 -0.000000 -0.000000 0.000000 0.771424
9 17.754948 -0.000000 0.000000 0.377485 -0.178711 -1.650368
10 5.733515 0.000000 0.000000 -0.098135 0.014698 -0.353593
11 0.000000 3.345132 -1.055022 1.555272 0.034236 1.717002
12 4.232848 0.000000 0.000000 -0.000944 0.129249 0.124822
13 4.327481 0.000000 0.000000 0.001991 0.042008 0.157280
14 6.430522 0.000000 -0.000000 0.111670 0.241403 0.461481
15 5.754028 -0.000000 0.000000 2.944582 -0.184066 0.501977
16 4.208960 0.000000 0.000000 0.034371 0.153224 1.160445
17 4.203462 1.484258 1.588960 -0.266155 -1.106001 -1.464566
18 5.124548 0.000000 0.000000 -0.974218 -0.157633 -1.559505
19 11.580950 0.000000 0.000000 -0.000000 0.000000 -0.622658
20 11.182189 -0.000002 -0.000032 1.510595 0.044663 -0.298805
21 3.342010 -0.071954 -1.535773 0.070874 0.142154 -0.247798
22 1.760565 -0.000000 -0.000000 0.003707 0.008347 -0.417902
23 0.946777 0.000000 0.000000 -0.059844 -0.161510 -0.356655
24 3.650005 0.195886 -0.591614 0.065848 0.111437 -0.286501
25 1.940476 0.000000 0.000000 -0.063015 -0.157361 -0.382781
26 1.194153 0.000000 0.000000 0.017478 0.067896 -0.252168
27 3.920878 0.176868 0.421353 0.034918 -0.002119 -0.237374
28 2.398545 0.000000 -0.000000 -0.016327 -0.028042 -0.527349
29 1.228913 0.000000 0.000000 0.006292 0.038933 -0.160270
30 3.969047 0.108842 1.535248 0.028607 -0.031328 -0.228206
31 1.959841 -0.000000 -0.000000 0.054600 0.111020 -0.458274
32 1.099742 0.000000 -0.000000 0.010217 0.062642 -0.161791
33 1.244744 -0.896944 1.073525 1.541960 -0.431286 -0.187296
34 1.976136 0.000000 0.000000 0.000000 -0.068928 -0.257871
35 1.377138 -0.000000 0.000000 -0.000000 -0.022268 0.192117
36 4.203462 1.484258 -1.588960 -0.337547 1.187045 -2.010345
37 5.124548 0.000000 0.000000 2.507321 0.391846 -0.750063
38 11.580950 0.000000 0.000000 0.000000 0.000000 -0.274494
39 11.182171 -0.000002 0.000017 -2.048546 0.145081 -0.272876
40 3.342029 -0.078177 1.535469 -0.066822 -0.142155 -0.247795
41 1.760565 0.000000 0.000000 -0.003707 -0.008347 -0.417902
42 0.946777 -0.000000 0.000000 0.059844 0.161510 -0.356655
43 3.650023 0.193487 0.592403 -0.061796 -0.111438 -0.286498
44 1.940476 0.000000 0.000000 0.063015 0.157361 -0.382781
45 1.194153 -0.000000 0.000000 -0.017478 -0.067896 -0.252168
46 3.920897 0.178574 -0.420632 -0.030866 0.002118 -0.237370
47 2.398545 0.000000 0.000000 0.016327 0.028042 -0.527349
48 1.228913 0.000000 -0.000000 -0.006292 -0.038933 -0.160270
49 3.969067 0.115063 -1.534794 -0.024555 0.031327 -0.228202
50 1.959841 0.000000 0.000000 -0.054600 -0.111020 -0.458274
51 1.099742 0.000000 0.000000 -0.010217 -0.062642 -0.161791
52 1.244767 -0.892595 -1.077153 -1.537577 0.432036 -0.185459
53 1.976136 0.000000 0.000000 -0.000000 0.068928 -0.257871
54 1.377138 0.000000 0.000000 -0.000000 0.022268 0.192117
time 156
0 0.000000 0.000000 0.000000 1.570796 0.000000 0.000000
1 0.885854 0.744338 37.555889 1.359771 -0.122326 0.092981
2 0.000000 0.000000 0.000000 0.000000 0.000000 0.000000
3 3.890447 0.000000 0.000000 -1.703034 -0.143656 -1.446373
4 20.402582 -0.000000 0.000000 -0.000000 -0.000000 0.807967
5 17.754948 -0.000000 0.000000 -0.232617 0.176729 -1.613120
6 5.733515 0.000000 0.000000 0.009659 -0.019184 -0.376211
7 -3.890447 0.000000 -0.000000 -1.343442 -0.031972 -2.097208
8 20.402582 0.000000 0.000000 0.000000 0.000000 0.765644
9 17.754948 -0.000000 -0.000000 0.378129 -0.182432 -1.647080
10 5.733515 0.000000 -0.000000 -0.098134 0.014701 -0.353751
11 0.000000 3.345132 -1.055022 1.556834 0.032428 1.715632
12 4.232848 0.000000 0.000000 0.000059 0.127042 0.127739
13 4.327481 -0.000000 0.000000 0.002030 0.041495 0.160286
14 6.430522 0.000000 -0.000000 0.110014 0.237915 0.465467
15 5.754028 0.000000 -0.000000 2.931674 -0.164152 0.524816
16 4.208960 -0.000000 -0.000000 0.058851 0.140290 1.153624
17 4.203462 1.484258 1.588960 -0.257169 -1.106440 -1.470458
18 5.124548 0.000000 0.000000 -0.987428 -0.155395 -1.561199
19 11.580950 0.000000 0.000000 0.000000 -0.000000 -0.603979
20 11.182189 -0.000002 -0.000032 1.520645 0.060580 -0.291696
21 3.342010 -0.071954 -1.535773 0.070874 0.142154 -0.247798
22 1.760565 0.000000 0.000000 0.003707 0.008347 -0.417902
23 0.946777 0.000000 0.000000 -0.059844 -0.161510 -0.356655
24 3.650005 0.195886 -0.591614 0.065848 0.111437 -0.286501
25 1.940476 0.000000 -0.000000 -0.063015 -0.157361 -0.382781
26 1.194153 0.000000 -0.000000 0.017478 0.067896 -0.252168
27 3.920878 0.176868 0.421353 0.034918 -0.002119 -0.237374
28 2.398545 0.000000 -0.000000 -0.016327 -0.028042 -0.527349
29 1.228913 0.000000 0.000000 0.006292 0.038933 -0.160270
30 3.969047 0.108842 1.535248 0.028607 -0.031328 -0.228206
31 1.959841 0.000000 0.000000 0.054600 0.111020 -0.458274
32 1.099742 0.000000 0.000000 0.010217 0.062642 -0.161791
33 1.244744 -0.896944 1.073525 1.541960 -0.431286 -0.187296
34 1.976136 0.000000 0.000000 -0.000000 -0.068928 -0.257871
35 1.377138 -0.000000 0.000000 0.000000 -0.022268 0.192117
36 4.203462 1.484258 -1.588960 -0.359693 1.178701 -2.031263
37 5.124548 -0.000000 0.000000 2.503907 0.385906 -0.754505
38 11.580950 0.000000 0.000000 -0.000000 0.000000 -0.280736
39 11.182171 -0.000002 0.000017 -2.026420 0.137628 -0.275977
40 3.342029 -0.078177 1.535469 -0.066822 -0.142155 -0.247795
41 1.760565 0.000000 0.000000 -0.003707 -0.008347 -0.417902
42 0.946777 0.000000 0.000000 0.059844 0.161510 -0.356655
43 3.650023 0.193487 0.592403 -0.061796 -0.111438 -0.286498
44 1.940476 -0.000000 0.000000 0.063015 0.157361 -0.382781
45 1.194153 0.000000 0.000000 -0.017478 -0.067896 -0.252168
46 3.920897 0.178574 -0.420632 -0.030866 0.002118 -0.237370
47 2.398545 0.000000 0.000000 0.016327 0.028042 -0.527349
48 1.228913 -0.000000 0.000000 -0.006292 -0.038933 -0.160270
49 3.969067 0.115063 -1.534794 -0.024555 0.031327 -0.228202
50 1.959841 0.000000 0.000000 -0.054600 -0.111020 -0.458274
51 1.099742 0.000000 0.000000 -0.010217 -0.062642 -0.161791
52 1.244767 -0.892595 -1.077153 -1.537577 0.432036 -0.185459
53 1.976136 -0.000000 0.000000 -0.000000 0.068928 -0.257871
54 1.377138 -0.000000 0.000000 -0.000000 0.022268 0.192117
time 157
0 0.000000 0.000000 0.000000 1.570796 0.000000 0.000000
1 0.962232 0.741480 37.551098 1.363299 -0.118578 0.087833
2 0.000000 0.000000 0.000000 0.000000 0.000000 0.000000
3 3.890447 0.000000 0.000000 -1.705293 -0.147106 -1.443566
4 20.402582 0.000000 0.000000 0.000000 -0.000000 0.812019
5 17.754948 0.000000 0.000000 -0.232372 0.173673 -1.616610
6 5.733515 0.000000 0.000000 0.009664 -0.019156 -0.374489
7 -3.890447 0.000000 -0.000000 -1.344202 -0.034775 -2.094218
8 20.402582 0.000000 0.000000 0.000000 -0.000000 0.760798
9 17.754948 -0.000000 0.000000 0.378558 -0.184481 -1.644541
10 5.733515 0.000000 0.000000 -0.098137 0.014685 -0.352812
11 0.000000 3.345132 -1.055022 1.557338 0.029693 1.712901
12 4.232848 0.000000 0.000000 0.000015 0.124141 0.129791
13 4.327481 -0.000000 0.000000 0.002044 0.040370 0.164224
14 6.430522 0.000000 -0.000000 0.110721 0.239708 0.468164
15 5.754028 0.000000 0.000000 2.909497 -0.136578 0.547887
16 4.208960 0.000000 0.000000 0.086396 0.127699 1.147649
17 4.203462 1.484258 1.588960 -0.250881 -1.105522 -1.470087
18 5.124548 0.000000 0.000000 -0.999220 -0.155169 -1.567389
19 11.580950 -0.000000 0.000000 0.000000 0.000000 -0.587591
20 11.182189 -0.000002 -0.000032 1.531506 0.066501 -0.286894
21 3.342010 -0.071954 -1.535773 0.070874 0.142154 -0.247798
22 1.760565 0.000000 0.000000 0.003707 0.008347 -0.417902
23 0.946777 0.000000 0.000000 -0.059844 -0.161510 -0.356655
24 3.650005 0.195886 -0.591614 0.065848 0.111437 -0.286501
25 1.940476 0.000000 0.000000 -0.063015 -0.157361 -0.382781
26 1.194153 0.000000 0.000000 0.017478 0.067896 -0.252168
27 3.920878 0.176868 0.421353 0.034918 -0.002119 -0.237374
28 2.398545 0.000000 0.000000 -0.016327 -0.028042 -0.527349
29 1.228913 -0.000000 -0.000000 0.006292 0.038933 -0.160270
30 3.969047 0.108842 1.535248 0.028607 -0.031328 -0.228206
31 1.959841 -0.000000 0.000000 0.054600 0.111020 -0.458274
32 1.099742 0.000000 0.000000 0.010217 0.062642 -0.161791
33 1.244744 -0.896944 1.073525 1.541960 -0.431286 -0.187296
34 1.976136 0.000000 0.000000 -0.000000 -0.068928 -0.257871
35 1.377138 0.000000 0.000000 -0.000000 -0.022268 0.192117
36 4.203462 1.484258 -1.588960 -0.358376 1.174691 -2.029145
37 5.124548 0.000000 0.000000 2.496090 0.382589 -0.767537
38 11.580950 0.000000 0.000000 -0.000000 -0.000000 -0.287254
39 11.182171 -0.000002 0.000017 -2.006963 0.130986 -0.277291
40 3.342029 -0.078177 1.535469 -0.066822 -0.142155 -0.247795
41 1.760565 -0.000000 0.000000 -0.003707 -0.008347 -0.417902
42 0.946777 0.000000 0.000000 0.059844 0.161510 -0.356655
43 3.650023 0.193487 0.592403 -0.061796 -0.111438 -0.286498
44 1.940476 0.000000 0.000000 0.063015 0.157361 -0.382781
45 1.194153 -0.000000 0.000000 -0.017478 -0.067896 -0.252168
46 3.920897 0.178574 -0.420632 -0.030866 0.002118 -0.237370
47 2.398545 0.000000 0.000000 0.016327 0.028042 -0.527349
48 1.228913 0.000000 0.000000 -0.006292 -0.038933 -0.160270
49 3.969067 0.115063 -1.534794 -0.024555 0.031327 -0.228202
50 1.959841 0.000000 0.000000 -0.054600 -0.111020 -0.458274
51 1.099742 0.000000 0.000000 -0.010217 -0.062642 -0.161791
52 1.244767 -0.892595 -1.077153 -1.537577 0.432036 -0.185459
53 1.976136 0.000000 0.000000 -0.000000 0.068928 -0.257871
54 1.377138 0.000000 0.000000 0.000000 0.022268 0.192117
time 158
0 0.000000 0.000000 0.000000 1.570796 0.000000 0.000000
1 1.013480 0.785698 37.548714 1.367871 -0.114436 0.085737
2 0.000000 0.000000 0.000000 0.000000 0.000000 0.000000
3 3.890447 0.000000 0.000000 -1.705021 -0.154159 -1.440827
4 20.402582 0.000000 0.000000 0.000000 0.000000 0.816109
5 17.754948 0.000000 0.000000 -0.231721 0.170973 -1.617484
6 5.733515 -0.000000 -0.000000 0.009665 -0.019146 -0.373935
7 -3.890447 0.000000 -0.000000 -1.342717 -0.038930 -2.090570
8 20.402582 0.000000 0.000000 -0.000000 0.000000 0.757156
9 17.754948 -0.000000 -0.000000 0.378433 -0.184791 -1.641481
10 5.733515 0.000000 0.000000 -0.098140 0.014664 -0.351552
11 -0.000000 3.345132 -1.055022 1.557990 0.026357 1.709913
12 4.232848 -0.000000 0.000000 0.000067 0.121166 0.131795
13 4.327481 -0.000000 -0.000000 0.001593 0.039370 0.165105
14 6.430522 0.000000 0.000000 0.112901 0.243623 0.470085
15 5.754028 -0.000000 -0.000000 2.881385 -0.101942 0.563673
16 4.208960 0.000000 0.000000 0.113350 0.117285 1.140653
17 4.203462 1.484258 1.588960 -0.243932 -1.109988 -1.470478
18 5.124548 0.000000 0.000000 -1.009408 -0.155969 -1.570335
19 11.580950 -0.000000 0.000000 0.000000 -0.000000 -0.573462
20 11.182189 -0.000002 -0.000032 1.541047 0.062923 -0.282558
21 3.342010 -0.071954 -1.535773 0.070874 0.142154 -0.247798
22 1.760565 0.000000 0.000000 0.003707 0.008347 -0.417902
23 0.946777 0.000000 0.000000 -0.059844 -0.161510 -0.356655
24 3.650005 0.195886 -0.591614 0.065848 0.111437 -0.286501
25 1.940476 -0.000000 0.000000 -0.063015 -0.157361 -0.382781
26 1.194153 0.000000 0.000000 0.017478 0.067896 -0.252168
27 3.920878 0.176868 0.421353 0.034918 -0.002119 -0.237374
28 2.398545 0.000000 0.000000 -0.016327 -0.028042 -0.527349
29 1.228913 0.000000 -0.000000 0.006292 0.038933 -0.160270
30 3.969047 0.108842 1.535248 0.028607 -0.031328 -0.228206
31 1.959841 0.000000 0.000000 0.054600 0.111020 -0.458274
32 1.099742 0.000000 0.000000 0.010217 0.062642 -0.161791
33 1.244744 -0.896944 1.073525 1.541960 -0.431286 -0.187296
34 1.976136 0.000000 0.000000 -0.000000 -0.068928 -0.257871
35 1.377138 0.000000 0.000000 -0.000000 -0.022268 0.192117
36 4.203462 1.484258 -1.588960 -0.351142 1.172082 -2.016312
37 5.124548 0.000000 0.000000 2.490962 0.384890 -0.782858
38 11.580950 -0.000000 0.000000 0.000000 -0.000000 -0.291051
39 11.182171 -0.000002 0.000017 -1.990289 0.125899 -0.275214
40 3.342029 -0.078177 1.535469 -0.066822 -0.142155 -0.247795
41 1.760565 0.000000 0.000000 -0.003707 -0.008347 -0.417902
42 0.946777 0.000000 -0.000000 0.059844 0.161510 -0.356655
43 3.650023 0.193487 0.592403 -0.061796 -0.111438 -0.286498
44 1.940476 0.000000 0.000000 0.063015 0.157361 -0.382781
45 1.194153 -0.000000 0.000000 -0.017478 -0.067896 -0.252168
46 3.920897 0.178574 -0.420632 -0.030866 0.002118 -0.237370
47 2.398545 0.000000 0.000000 0.016327 0.028042 -0.527349
48 1.228913 0.000000 0.000000 -0.006292 -0.038933 -0.160270
49 3.969067 0.115063 -1.534794 -0.024555 0.031327 -0.228202
50 1.959841 0.000000 0.000000 -0.054600 -0.111020 -0.458274
51 1.099742 0.000000 0.000000 -0.010217 -0.062642 -0.161791
52 1.244767 -0.892595 -1.077153 -1.537577 0.432036 -0.185459
53 1.976136 0.000000 0.000000 -0.000000 0.068928 -0.257871
54 1.377138 -0.000000 0.000000 -0.000000 0.022268 0.192117
time 159
0 0.000000 0.000000 0.000000 1.570796 0.000000 0.000000
1 1.048989 0.819122 37.555012 1.374220 -0.110678 0.085840
2 0.000000 0.000000 0.000000 0.000000 0.000000 0.000000
3 3.890447 0.000000 0.000000 -1.703415 -0.162787 -1.438709
4 20.402582 0.000000 0.000000 -0.000000 0.000000 0.818687
5 17.754948 0.000000 -0.000000 -0.230858 0.168798 -1.617159
6 5.733515 0.000000 0.000000 0.009665 -0.019146 -0.373926
7 -3.890447 0.000000 -0.000000 -1.339683 -0.043343 -2.086924
8 20.402582 0.000000 0.000000 -0.000000 -0.000000 0.753273
9 17.754948 -0.000000 0.000000 0.378266 -0.183675 -1.638516
10 5.733515 0.000000 0.000000 -0.098144 0.014645 -0.350385
11 0.000000 3.345132 -1.055022 1.557791 0.024896 1.708201
12 4.232848 0.000000 0.000000 0.000021 0.118562 0.132564
13 4.327481 0.000000 0.000000 0.001549 0.038534 0.165809
14 6.430522 -0.000000 -0.000000 0.114399 0.246949 0.471699
15 5.754028 0.000000 0.000000 2.850901 -0.063241 0.567379
16 4.208960 -0.000000 0.000000 0.139829 0.108191 1.134732
17 4.203462 1.484258 1.588960 -0.235389 -1.118116 -1.475615
18 5.124548 0.000000 -0.000000 -1.018363 -0.156049 -1.566326
19 11.580950 0.000000 -0.000000 0.000000 -0.000000 -0.563282
20 11.182189 -0.000002 -0.000032 1.546222 0.057074 -0.280580
21 3.342010 -0.071954 -1.535773 0.070874 0.142154 -0.247798
22 1.760565 0.000000 0.000000 0.003707 0.008347 -0.417902
23 0.946777 0.000000 -0.000000 -0.059844 -0.161510 -0.356655
24 3.650005 0.195886 -0.591614 0.065848 0.111437 -0.286501
25 1.940476 0.000000 0.000000 -0.063015 -0.157361 -0.382781
26 1.194153 0.000000 -0.000000 0.017478 0.067896 -0.252168
27 3.920878 0.176868 0.421353 0.034918 -0.002119 -0.237374
28 2.398545 0.000000 0.000000 -0.016327 -0.028042 -0.527349
29 1.228913 0.000000 0.000000 0.006292 0.038933 -0.160270
30 3.969047 0.108842 1.535248 0.028607 -0.031328 -0.228206
31 1.959841 0.000000 0.000000 0.054600 0.111020 -0.458274
32 1.099742 0.000000 0.000000 0.010217 0.062642 -0.161791
33 1.244744 -0.896944 1.073525 1.541960 -0.431286 -0.187296
34 1.976136 0.000000 0.000000 0.000000 -0.068928 -0.257871
35 1.377138 -0.000000 0.000000 0.000000 -0.022268 0.192117
36 4.203462 1.484258 -1.588960 -0.358636 1.172323 -2.017063
37 5.124548 0.000000 -0.000000 2.486620 0.387505 -0.792902
38 11.580950 0.000000 0.000000 -0.000000 -0.000000 -0.294407
39 11.182171 -0.000002 0.000017 -1.976376 0.119608 -0.275607
40 3.342029 -0.078177 1.535469 -0.066822 -0.142155 -0.247795
41 1.760565 0.000000 -0.000000 -0.003707 -0.008347 -0.417902
42 0.946777 -0.000000 0.000000 0.059844 0.161510 -0.356655
43 3.650023 0.193487 0.592403 -0.061796 -0.111438 -0.286498
44 1.940476 0.000000 -0.000000 0.063015 0.157361 -0.382781
45 1.194153 0.000000 -0.000000 -0.017478 -0.067896 -0.252168
46 3.920897 0.178574 -0.420632 -0.030866 0.002118 -0.237370
47 2.398545 0.000000 0.000000 0.016327 0.028042 -0.527349
48 1.228913 -0.000000 0.000000 -0.006292 -0.038933 -0.160270
49 3.969067 0.115063 -1.534794 -0.024555 0.031327 -0.228202
50 1.959841 0.000000 0.000000 -0.054600 -0.111020 -0.458274
51 1.099742 0.000000 0.000000 -0.010217 -0.062642 -0.161791
52 1.244767 -0.892595 -1.077153 -1.537577 0.432036 -0.185459
53 1.976136 0.000000 -0.000000 -0.000000 0.068928 -0.257871
54 1.377138 0.000000 0.000000 -0.000000 0.022268 0.192117
time 160
0 0.000000 0.000000 0.000000 1.570796 0.000000 0.000000
1 1.076242 0.841426 37.563656 1.379702 -0.107734 0.087337
2 0.000000 0.000000 0.000000 0.000000 0.000000 0.000000
3 3.890447 0.000000 0.000000 -1.701045 -0.170251 -1.437523
4 20.402582 -0.000000 0.000000 -0.000000 -0.000000 0.820300
5 17.754948 0.000000 0.000000 -0.229910 0.167156 -1.616366
6 5.733515 0.000000 0.000000 0.009665 -0.019143 -0.373700
7 -3.890447 0.000000 -0.000000 -1.336796 -0.046294 -2.083932
8 20.402582 -0.000000 0.000000 0.000000 -0.000000 0.749626
9 17.754948 -0.000000 0.000000 0.378300 -0.181615 -1.636014
10 5.733515 0.000000 0.000000 -0.098147 0.014625 -0.349196
11 0.000000 3.345132 -1.055022 1.558937 0.024155 1.706975
12 4.232848 -0.000000 0.000000 0.000932 0.116771 0.133081
13 4.327481 0.000000 0.000000 0.001928 0.038049 0.167181
14 6.430522 0.000000 0.000000 0.116079 0.249481 0.473358
15 5.754028 0.000000 -0.000000 2.821337 -0.019268 0.561276
16 4.208960 0.000000 0.000000 0.164756 0.097860 1.131217
17 4.203462 1.484258 1.588960 -0.233531 -1.128807 -1.479117
18 5.124548 0.000000 -0.000000 -1.026983 -0.154528 -1.558829
19 11.580950 0.000000 -0.000000 0.000000 0.000000 -0.559848
20 11.182189 -0.000002 -0.000032 1.548178 0.054782 -0.278396
21 3.342010 -0.071954 -1.535773 0.070874 0.142154 -0.247798
22 1.760565 0.000000 0.000000 0.003707 0.008347 -0.417902
23 0.946777 0.000000 -0.000000 -0.059844 -0.161510 -0.356655
24 3.650005 0.195886 -0.591614 0.065848 0.111437 -0.286501
25 1.940476 0.000000 0.000000 -0.063015 -0.157361 -0.382781
26 1.194153 0.000000 0.000000 0.017478 0.067896 -0.252168
27 3.920878 0.176868 0.421353 0.034918 -0.002119 -0.237374
28 2.398545 -0.000000 0.000000 -0.016327 -0.028042 -0.527349
29 1.228913 0.000000 0.000000 0.006292 0.038933 -0.160270
30 3.969047 0.108842 1.535248 0.028607 -0.031328 -0.228206
31 1.959841 0.000000 0.000000 0.054600 0.111020 -0.458274
32 1.099742 0.000000 0.000000 0.010217 0.062642 -0.161791
33 1.244744 -0.896944 1.073525 1.541960 -0.431286 -0.187296
34 1.976136 0.000000 0.000000 0.000000 -0.068928 -0.257871
35 1.377138 -0.000000 0.000000 0.000000 -0.022268 0.192117
36 4.203462 1.484258 -1.588960 -0.367138 1.170918 -2.022083
37 5.124548 -0.000000 0.000000 2.479648 0.392070 -0.802208
38 11.580950 -0.000000 0.000000 0.000000 -0.000000 -0.295534
39 11.182171 -0.000002 0.000017 -1.972052 0.120515 -0.275641
40 3.342029 -0.078177 1.535469 -0.066822 -0.142155 -0.247795
41 1.760565 0.000000 0.000000 -0.003707 -0.008347 -0.417902
42 0.946777 0.000000 0.000000 0.059844 0.161510 -0.356655
43 3.650023 0.193487 0.592403 -0.061796 -0.111438 -0.286498
44 1.940476 0.000000 0.000000 0.063015 0.157361 -0.382781
45 1.194153 0.000000 0.000000 -0.017478 -0.067896 -0.252168
46 3.920897 0.178574 -0.420632 -0.030866 0.002118 -0.237370
47 2.398545 -0.000000 0.000000 0.016327 0.028042 -0.527349
48 1.228913 0.000000 0.000000 -0.006292 -0.038933 -0.160270
49 3.969067 0.115063 -1.534794 -0.024555 0.031327 -0.228202
50 1.959841 0.000000 -0.000000 -0.054600 -0.111020 -0.458274
51 1.099742 0.000000 -0.000000 -0.010217 -0.062642 -0.161791
52 1.244767 -0.892595 -1.077153 -1.537577 0.432036 -0.185459
53 1.976136 0.000000 -0.000000 0.000000 0.068928 -0.257871
54 1.377138 -0.000000 -0.000000 -0.000000 0.022268 0.192117
time 161
0 0.000000 0.000000 0.000000 1.570796 0.000000 0.000000
1 1.099569 0.851353 37.568737 1.382392 -0.106131 0.090232
2 0.000000 0.000000 0.000000 0.000000 0.000000 0.000000
3 3.890447 0.000000 0.000000 -1.697865 -0.174855 -1.437782
4 20.402582 0.000000 0.000000 -0.000000 -0.000000 0.821447
5 17.754948 0.000000 0.000000 -0.229023 0.166264 -1.615564
6 5.733515 0.000000 0.000000 0.009667 -0.019132 -0.373046
7 -3.890447 -0.000000 -0.000000 -1.334263 -0.046170 -2.082555
8 20.402582 0.000000 0.000000 -0.000000 0.000000 0.746651
9 17.754948 -0.000000 0.000000 0.378439 -0.179548 -1.634649
10 5.733515 0.000000 0.000000 -0.098151 0.014601 -0.347722
11 0.000000 3.345132 -1.055022 1.560298 0.022640 1.705734
12 4.232848 -0.000000 0.000000 0.001836 0.115810 0.134578
13 4.327481 0.000000 0.000000 0.002234 0.037608 0.168803
14 6.430522 0.000000 -0.000000 0.117607 0.251658 0.474949
15 5.754028 0.000000 -0.000000 2.794406 0.024699 0.548666
16 4.208960 0.000000 -0.000000 0.191008 0.084340 1.125333
17 4.203462 1.484258 1.588960 -0.235888 -1.133976 -1.479832
18 5.124548 0.000000 0.000000 -1.033141 -0.153315 -1.553962
19 11.580950 0.000000 -0.000000 0.000000 0.000000 -0.561488
20 11.182189 -0.000002 -0.000032 1.547324 0.052285 -0.275178
21 3.342010 -0.071954 -1.535773 0.070874 0.142154 -0.247798
22 1.760565 -0.000000 0.000000 0.003707 0.008347 -0.417902
23 0.946777 0.000000 0.000000 -0.059844 -0.161510 -0.356655
24 3.650005 0.195886 -0.591614 0.065848 0.111437 -0.286501
25 1.940476 0.000000 0.000000 -0.063015 -0.157361 -0.382781
26 1.194153 -0.000000 -0.000000 0.017478 0.067896 -0.252168
27 3.920878 0.176868 0.421353 0.034918 -0.002119 -0.237374
28 2.398545 0.000000 0.000000 -0.016327 -0.028042 -0.527349
29 1.228913 0.000000 0.000000 0.006292 0.038933 -0.160270
30 3.969047 0.108842 1.535248 0.028607 -0.031328 -0.228206
31 1.959841 0.000000 0.000000 0.054600 0.111020 -0.458274
32 1.099742 0.000000 -0.000000 0.010217 0.062642 -0.161791
33 1.244744 -0.896944 1.073525 1.541960 -0.431286 -0.187296
34 1.976136 0.000000 0.000000 -0.000000 -0.068928 -0.257871
35 1.377138 0.000000 0.000000 0.000000 -0.022268 0.192117
36 4.203462 1.484258 -1.588960 -0.370163 1.169820 -2.025289
37 5.124548 0.000000 0.000000 2.471027 0.397341 -0.812490
38 11.580950 0.000000 0.000000 0.000000 0.000000 -0.295357
39 11.182171 -0.000002 0.000017 -1.974401 0.124002 -0.273341
40 3.342029 -0.078177 1.535469 -0.066822 -0.142155 -0.247795
41 1.760565 0.000000 0.000000 -0.003707 -0.008347 -0.417902
42 0.946777 0.000000 -0.000000 0.059844 0.161510 -0.356655
43 3.650023 0.193487 0.592403 -0.061796 -0.111438 -0.286498
44 1.940476 0.000000 0.000000 0.063015 0.157361 -0.382781
45 1.194153 0.000000 0.000000 -0.017478 -0.067896 -0.252168
46 3.920897 0.178574 -0.420632 -0.030866 0.002118 -0.237370
47 2.398545 0.000000 0.000000 0.016327 0.028042 -0.527349
48 1.228913 0.000000 0.000000 -0.006292 -0.038933 -0.160270
49 3.969067 0.115063 -1.534794 -0.024555 0.031327 -0.228202
50 1.959841 0.000000 0.000000 -0.054600 -0.111020 -0.458274
51 1.099742 -0.000000 -0.000000 -0.010217 -0.062642 -0.161791
52 1.244767 -0.892595 -1.077153 -1.537577 0.432036 -0.185459
53 1.976136 0.000000 0.000000 -0.000000 0.068928 -0.257871
54 1.377138 0.000000 0.000000 -0.000000 0.022268 0.192117
time 162
0 0.000000 0.000000 0.000000 1.570796 0.000000 0.000000
1 1.117123 0.856181 37.578403 1.384335 -0.106047 0.094345
2 0.000000 0.000000 0.000000 0.000000 0.000000 0.000000
3 3.890447 0.000000 0.000000 -1.693513 -0.178147 -1.439881
4 20.402582 0.000000 0.000000 -0.000000 0.000000 0.821130
5 17.754948 -0.000000 0.000000 -0.228646 0.165466 -1.614230
6 5.733515 0.000000 -0.000000 0.009669 -0.019116 -0.372122
7 -3.890447 0.000000 -0.000000 -1.331916 -0.045068 -2.082628
8 20.402582 0.000000 0.000000 0.000000 -0.000000 0.744101
9 17.754948 0.000000 0.000000 0.378547 -0.176871 -1.633552
10 5.733515 0.000000 0.000000 -0.098154 0.014581 -0.346508
11 -0.000000 3.345132 -1.055022 1.561785 0.021428 1.704613
12 4.232848 0.000000 0.000000 0.002796 0.115421 0.136092
13 4.327481 -0.000000 0.000000 0.002606 0.037254 0.170537
14 6.430522 0.000000 0.000000 0.118955 0.253386 0.476646
15 5.754028 0.000000 0.000000 2.769548 0.066705 0.534667
16 4.208960 0.000000 -0.000000 0.217929 0.071942 1.116913
17 4.203462 1.484258 1.588960 -0.239955 -1.132327 -1.476461
18 5.124548 0.000000 -0.000000 -1.036475 -0.158105 -1.554637
19 11.580950 0.000000 -0.000000 0.000000 0.000000 -0.563595
20 11.182189 -0.000002 -0.000032 1.544565 0.052162 -0.272949
21 3.342010 -0.071954 -1.535773 0.070874 0.142154 -0.247798
22 1.760565 0.000000 0.000000 0.003707 0.008347 -0.417902
23 0.946777 0.000000 -0.000000 -0.059844 -0.161510 -0.356655
24 3.650005 0.195886 -0.591614 0.065848 0.111437 -0.286501
25 1.940476 0.000000 -0.000000 -0.063015 -0.157361 -0.382781
26 1.194153 0.000000 -0.000000 0.017478 0.067896 -0.252168
27 3.920878 0.176868 0.421353 0.034918 -0.002119 -0.237374
28 2.398545 0.000000 -0.000000 -0.016327 -0.028042 -0.527349
29 1.228913 0.000000 -0.000000 0.006292 0.038933 -0.160270
30 3.969047 0.108842 1.535248 0.028607 -0.031328 -0.228206
31 1.959841 0.000000 0.000000 0.054600 0.111020 -0.458274
32 1.099742 0.000000 -0.000000 0.010217 0.062642 -0.161791
33 1.244744 -0.896944 1.073525 1.541960 -0.431286 -0.187296
34 1.976136 0.000000 0.000000 -0.000000 -0.068928 -0.257871
35 1.377138 0.000000 0.000000 -0.000000 -0.022268 0.192117
36 4.203462 1.484258 -1.588960 -0.376068 1.173221 -2.034484
37 5.124548 0.000000 -0.000000 2.465431 0.399332 -0.818654
38 11.580950 -0.000000 0.000000 -0.000000 -0.000000 -0.293319
39 11.182171 -0.000002 0.000017 -1.974075 0.121986 -0.271251
40 3.342029 -0.078177 1.535469 -0.066822 -0.142155 -0.247795
41 1.760565 0.000000 0.000000 -0.003707 -0.008347 -0.417902
42 0.946777 0.000000 0.000000 0.059844 0.161510 -0.356655
43 3.650023 0.193487 0.592403 -0.061796 -0.111438 -0.286498
44 1.940476 0.000000 0.000000 0.063015 0.157361 -0.382781
45 1.194153 -0.000000 0.000000 -0.017478 -0.067896 -0.252168
46 3.920897 0.178574 -0.420632 -0.030866 0.002118 -0.237370
47 2.398545 0.000000 0.000000 0.016327 0.028042 -0.527349
48 1.228913 0.000000 0.000000 -0.006292 -0.038933 -0.160270
49 3.969067 0.115063 -1.534794 -0.024555 0.031327 -0.228202
50 1.959841 0.000000 0.000000 -0.054600 -0.111020 -0.458274
51 1.099742 0.000000 0.000000 -0.010217 -0.062642 -0.161791
52 1.244767 -0.892595 -1.077153 -1.537577 0.432036 -0.185459
53 1.976136 0.000000 0.000000 -0.000000 0.068928 -0.257871
54 1.377138 0.000000 0.000000 -0.000000 0.022268 0.192117
time 163
0 0.000000 0.000000 0.000000 1.570796 0.000000 0.000000
1 1.127145 0.856111 37.589859 1.385620 -0.107046 0.099600
2 0.000000 0.000000 0.000000 0.000000 0.000000 0.000000
3 3.890447 0.000000 0.000000 -1.689657 -0.180460 -1.442797
4 20.402582 0.000000 0.000000 -0.000000 0.000000 0.819347
5 17.754948 -0.000000 0.000000 -0.228146 0.166283 -1.612031
6 5.733515 0.000000 0.000000 0.009672 -0.019095 -0.370852
7 -3.890447 0.000000 -0.000000 -1.329957 -0.043339 -2.083624
8 20.402582 0.000000 0.000000 0.000000 0.000000 0.742486
9 17.754948 -0.000000 0.000000 0.378625 -0.173257 -1.632757
10 5.733515 0.000000 0.000000 -0.098156 0.014570 -0.345840
11 0.000000 3.345132 -1.055022 1.563247 0.020440 1.704145
12 4.232848 -0.000000 0.000000 0.003815 0.115774 0.137457
13 4.327481 0.000000 0.000000 0.003047 0.037178 0.172049
14 6.430522 0.000000 0.000000 0.119622 0.253765 0.477788
15 5.754028 0.000000 0.000000 2.747031 0.103536 0.521401
16 4.208960 0.000000 0.000000 0.244923 0.060691 1.107443
17 4.203462 1.484258 1.588960 -0.241806 -1.127795 -1.476687
18 5.124548 0.000000 0.000000 -1.039158 -0.163781 -1.554996
19 11.580950 0.000000 0.000000 0.000000 0.000000 -0.566177
20 11.182189 -0.000002 -0.000032 1.539656 0.052166 -0.274998
21 3.342010 -0.071954 -1.535773 0.070874 0.142154 -0.247798
22 1.760565 0.000000 -0.000000 0.003707 0.008347 -0.417902
23 0.946777 -0.000000 0.000000 -0.059844 -0.161510 -0.356655
24 3.650005 0.195886 -0.591614 0.065848 0.111437 -0.286501
25 1.940476 0.000000 0.000000 -0.063015 -0.157361 -0.382781
26 1.194153 0.000000 0.000000 0.017478 0.067896 -0.252168
27 3.920878 0.176868 0.421353 0.034918 -0.002119 -0.237374
28 2.398545 0.000000 0.000000 -0.016327 -0.028042 -0.527349
29 1.228913 0.000000 0.000000 0.006292 0.038933 -0.160270
30 3.969047 0.108842 1.535248 0.028607 -0.031328 -0.228206
31 1.959841 0.000000 -0.000000 0.054600 0.111020 -0.458274
32 1.099742 0.000000 -0.000000 0.010217 0.062642 -0.161791
33 1.244744 -0.896944 1.073525 1.541960 -0.431286 -0.187296
34 1.976136 0.000000 0.000000 0.000000 -0.068928 -0.257871
35 1.377138 0.000000 0.000000 0.000000 -0.022268 0.192117
36 4.203462 1.484258 -1.588960 -0.387105 1.177482 -2.049434
37 5.124548 0.000000 0.000000 2.462454 0.401062 -0.820124
38 11.580950 -0.000000 0.000000 -0.000000 0.000000 -0.290271
39 11.182171 -0.000002 0.000017 -1.966383 0.112006 -0.270059
40 3.342029 -0.078177 1.535469 -0.066822 -0.142155 -0.247795
41 1.760565 0.000000 0.000000 -0.003707 -0.008347 -0.417902
42 0.946777 0.000000 0.000000 0.059844 0.161510 -0.356655
43 3.650023 0.193487 0.592403 -0.061796 -0.111438 -0.286498
44 1.940476 0.000000 -0.000000 0.063015 0.157361 -0.382781
45 1.194153 0.000000 0.000000 -0.017478 -0.067896 -0.252168
46 3.920897 0.178574 -0.420632 -0.030866 0.002118 -0.237370
47 2.398545 0.000000 0.000000 0.016327 0.028042 -0.527349
48 1.228913 0.000000 0.000000 -0.006292 -0.038933 -0.160270
49 3.969067 0.115063 -1.534794 -0.024555 0.031327 -0.228202
50 1.959841 0.000000 0.000000 -0.054600 -0.111020 -0.458274
51 1.099742 -0.000000 -0.000000 -0.010217 -0.062642 -0.161791
52 1.244767 -0.892595 -1.077153 -1.537577 0.432036 -0.185459
53 1.976136 0.000000 0.000000 -0.000000 0.068928 -0.257871
54 1.377138 0.000000 0.000000 -0.000000 0.022268 0.192117
time 164
0 0.000000 0.000000 0.000000 1.570796 0.000000 0.000000
1 1.129215 0.851260 37.602077 1.386301 -0.108940 0.105876
2 0.000000 0.000000 0.000000 0.000000 0.000000 0.000000
3 3.890447 0.000000 0.000000 -1.685229 -0.181895 -1.446546
4 20.402582 0.000000 0.000000 -0.000000 -0.000000 0.816818
5 17.754948 0.000000 0.000000 -0.227917 0.167633 -1.609665
6 5.733515 0.000000 -0.000000 0.009675 -0.019076 -0.369698
7 -3.890447 0.000000 -0.000000 -1.328389 -0.041118 -2.085340
8 20.402582 -0.000000 -0.000000 -0.000000 -0.000000 0.741902
9 17.754948 -0.000000 -0.000000 0.378761 -0.168717 -1.632321
10 5.733515 0.000000 0.000000 -0.098157 0.014565 -0.345550
11 0.000000 3.345132 -1.055022 1.564613 0.019709 1.704803
12 4.232848 0.000000 0.000000 0.004887 0.116991 0.138510
13 4.327481 -0.000000 0.000000 0.003561 0.037453 0.173103
14 6.430522 0.000000 -0.000000 0.119418 0.252498 0.478352
15 5.754028 -0.000000 0.000000 2.729291 0.135032 0.508409
16 4.208960 -0.000000 0.000000 0.269382 0.050077 1.098190
17 4.203462 1.484258 1.588960 -0.240995 -1.122874 -1.481302
18 5.124548 0.000000 0.000000 -1.039766 -0.167910 -1.553403
19 11.580950 0.000000 -0.000000 -0.000000 0.000000 -0.572603
20 11.182189 -0.000002 -0.000032 1.535958 0.042497 -0.279827
21 3.342010 -0.071954 -1.535773 0.070874 0.142154 -0.247798
22 1.760565 0.000000 0.000000 0.003707 0.008347 -0.417902
23 0.946777 0.000000 -0.000000 -0.059844 -0.161510 -0.356655
24 3.650005 0.195886 -0.591614 0.065848 0.111437 -0.286501
25 1.940476 0.000000 0.000000 -0.063015 -0.157361 -0.382781
26 1.194153 0.000000 0.000000 0.017478 0.067896 -0.252168
27 3.920878 0.176868 0.421353 0.034918 -0.002119 -0.237374
28 2.398545 0.000000 -0.000000 -0.016327 -0.028042 -0.527349
29 1.228913 0.000000 -0.000000 0.006292 0.038933 -0.160270
30 3.969047 0.108842 1.535248 0.028607 -0.031328 -0.228206
31 1.959841 0.000000 0.000000 0.054600 0.111020 -0.458274
32 1.099742 0.000000 0.000000 0.010217 0.062642 -0.161791
33 1.244744 -0.896944 1.073525 1.541960 -0.431286 -0.187296
34 1.976136 0.000000 0.000000 -0.000000 -0.068928 -0.257871
35 1.377138 0.000000 0.000000 0.000000 -0.022268 0.192117
36 4.203462 1.484258 -1.588960 -0.396860 1.184638 -2.059922
37 5.124548 0.000000 0.000000 2.464181 0.405686 -0.822063
38 11.580950 0.000000 -0.000000 -0.000000 -0.000000 -0.288607
39 11.182171 -0.000002 0.000017 -1.962370 0.108565 -0.268340
40 3.342029 -0.078177 1.535469 -0.066822 -0.142155 -0.247795
41 1.760565 0.000000 0.000000 -0.003707 -0.008347 -0.417902
42 0.946777 -0.000000 -0.000000 0.059844 0.161510 -0.356655
43 3.650023 0.193487 0.592403 -0.061796 -0.111438 -0.286498
44 1.940476 -0.000000 -0.000000 0.063015 0.157361 -0.382781
45 1.194153 -0.000000 0.000000 -0.017478 -0.067896 -0.252168
46 3.920897 0.178574 -0.420632 -0.030866 0.002118 -0.237370
47 2.398545 0.000000 0.000000 0.016327 0.028042 -0.527349
48 1.228913 0.000000 0.000000 -0.006292 -0.038933 -0.160270
49 3.969067 0.115063 -1.534794 -0.024555 0.031327 -0.228202
50 1.959841 -0.000000 0.000000 -0.054600 -0.111020 -0.458274
51 1.099742 0.000000 -0.000000 -0.010217 -0.062642 -0.161791
52 1.244767 -0.892595 -1.077153 -1.537577 0.432036 -0.185459
53 1.976136 -0.000000 0.000000 0.000000 0.068928 -0.257871
54 1.377138 0.000000 0.000000 -0.000000 0.022268 0.192117
time 165
0 0.000000 0.000000 0.000000 1.570796 0.000000 0.000000
1 1.123155 0.842396 37.615330 1.386491 -0.111564 0.113059
2 0.000000 0.000000 0.000000 0.000000 0.000000 0.000000
3 3.890447 0.000000 0.000000 -1.681370 -0.182603 -1.450705
4 20.402582 0.000000 -0.000000 0.000000 -0.000000 0.813355
5 17.754948 -0.000000 0.000000 -0.227492 0.170360 -1.606910
6 5.733515 0.000000 -0.000000 0.009678 -0.019053 -0.368322
7 -3.890447 0.000000 -0.000000 -1.326983 -0.038385 -2.087630
8 20.402582 0.000000 0.000000 0.000000 -0.000000 0.742045
9 17.754948 0.000000 0.000000 0.378970 -0.163537 -1.632247
10 5.733515 0.000000 0.000000 -0.098157 0.014567 -0.345645
11 -0.000000 3.345132 -1.055022 1.565878 0.019372 1.706957
12 4.232848 -0.000000 -0.000000 0.006072 0.119179 0.139065
13 4.327481 -0.000000 -0.000000 0.004192 0.038166 0.173579
14 6.430522 -0.000000 0.000000 0.118527 0.249801 0.478389
15 5.754028 0.000000 0.000000 2.717286 0.159566 0.498840
16 4.208960 0.000000 0.000000 0.290002 0.040841 1.089048
17 4.203462 1.484258 1.588960 -0.236711 -1.118779 -1.489266
18 5.124548 -0.000000 0.000000 -1.039477 -0.172704 -1.549919
19 11.580950 0.000000 0.000000 0.000000 0.000000 -0.582057
20 11.182189 -0.000002 -0.000032 1.531877 0.031807 -0.280765
21 3.342010 -0.071954 -1.535773 0.070874 0.142154 -0.247798
22 1.760565 -0.000000 0.000000 0.003707 0.008347 -0.417902
23 0.946777 0.000000 0.000000 -0.059844 -0.161510 -0.356655
24 3.650005 0.195886 -0.591614 0.065848 0.111437 -0.286501
25 1.940476 0.000000 0.000000 -0.063015 -0.157361 -0.382781
26 1.194153 0.000000 0.000000 0.017478 0.067896 -0.252168
27 3.920878 0.176868 0.421353 0.034918 -0.002119 -0.237374
28 2.398545 0.000000 0.000000 -0.016327 -0.028042 -0.527349
29 1.228913 -0.000000 -0.000000 0.006292 0.038933 -0.160270
30 3.969047 0.108842 1.535248 0.028607 -0.031328 -0.228206
31 1.959841 0.000000 0.000000 0.054600 0.111020 -0.458274
32 1.099742 0.000000 0.000000 0.010217 0.062642 -0.161791
33 1.244744 -0.896944 1.073525 1.541960 -0.431286 -0.187296
34 1.976136 0.000000 0.000000 -0.000000 -0.068928 -0.257871
35 1.377138 0.000000 0.000000 0.000000 -0.022268 0.192117
36 4.203462 1.484258 -1.588960 -0.401580 1.190906 -2.066165
37 5.124548 0.000000 -0.000000 2.463338 0.412012 -0.824831
38 11.580950 -0.000000 0.000000 -0.000000 -0.000000 -0.289619
39 11.182171 -0.000002 0.000017 -1.963334 0.114353 -0.268331
40 3.342029 -0.078177 1.535469 -0.066822 -0.142155 -0.247795
41 1.760565 0.000000 0.000000 -0.003707 -0.008347 -0.417902
42 0.946777 0.000000 0.000000 0.059844 0.161510 -0.356655
43 3.650023 0.193487 0.592403 -0.061796 -0.111438 -0.286498
44 1.940476 0.000000 0.000000 0.063015 0.157361 -0.382781
45 1.194153 0.000000 0.000000 -0.017478 -0.067896 -0.252168
46 3.920897 0.178574 -0.420632 -0.030866 0.002118 -0.237370
47 2.398545 0.000000 0.000000 0.016327 0.028042 -0.527349
48 1.228913 -0.000000 0.000000 -0.006292 -0.038933 -0.160270
49 3.969067 0.115063 -1.534794 -0.024555 0.031327 -0.228202
50 1.959841 0.000000 0.000000 -0.054600 -0.111020 -0.458274
51 1.099742 0.000000 -0.000000 -0.010217 -0.062642 -0.161791
52 1.244767 -0.892595 -1.077153 -1.537577 0.432036 -0.185459
53 1.976136 0.000000 0.000000 -0.000000 0.068928 -0.257871
54 1.377138 0.000000 -0.000000 0.000000 0.022268 0.192117
time 166
0 0.000000 0.000000 0.000000 1.570796 0.000000 0.000000
1 1.108158 0.822506 37.630054 1.386376 -0.114838 0.121247
2 0.000000 0.000000 0.000000 0.000000 0.000000 0.000000
3 3.890447 0.000000 0.000000 -1.677484 -0.182405 -1.455189
4 20.402582 0.000000 0.000000 -0.000000 -0.000000 0.808818
5 17.754948 0.000000 0.000000 -0.227279 0.174120 -1.604134
6 5.733515 0.000000 0.000000 0.009682 -0.019030 -0.366886
7 -3.890447 0.000000 -0.000000 -1.325385 -0.034881 -2.090438
8 20.402582 0.000000 -0.000000 0.000000 -0.000000 0.742592
9 17.754948 0.000000 -0.000000 0.379419 -0.157946 -1.632759
10 5.733515 0.000000 0.000000 -0.098156 0.014570 -0.345818
11 0.000000 3.345132 -1.055022 1.568132 0.019556 1.709521
12 4.232848 0.000000 0.000000 0.008279 0.121565 0.138581
13 4.327481 -0.000000 -0.000000 0.005296 0.039053 0.172648
14 6.430522 0.000000 0.000000 0.119672 0.249677 0.477813
15 5.754028 0.000000 0.000000 2.704258 0.180472 0.493474
16 4.208960 0.000000 0.000000 0.305994 0.035489 1.080110
17 4.203462 1.484258 1.588960 -0.231003 -1.118805 -1.496236
18 5.124548 0.000000 0.000000 -1.039414 -0.178876 -1.547343
19 11.580950 0.000000 0.000000 -0.000000 0.000000 -0.589397
20 11.182189 -0.000002 -0.000032 1.525441 0.025564 -0.285689
21 3.342010 -0.071954 -1.535773 0.070874 0.142154 -0.247798
22 1.760565 0.000000 0.000000 0.003707 0.008347 -0.417902
23 0.946777 -0.000000 0.000000 -0.059844 -0.161510 -0.356655
24 3.650005 0.195886 -0.591614 0.065848 0.111437 -0.286501
25 1.940476 0.000000 0.000000 -0.063015 -0.157361 -0.382781
26 1.194153 0.000000 0.000000 0.017478 0.067896 -0.252168
27 3.920878 0.176868 0.421353 0.034918 -0.002119 -0.237374
28 2.398545 0.000000 0.000000 -0.016327 -0.028042 -0.527349
29 1.228913 0.000000 0.000000 0.006292 0.038933 -0.160270
30 3.969047 0.108842 1.535248 0.028607 -0.031328 -0.228206
31 1.959841 -0.000000 -0.000000 0.054600 0.111020 -0.458274
32 1.099742 0.000000 -0.000000 0.010217 0.062642 -0.161791
33 1.244744 -0.896944 1.073525 1.541960 -0.431286 -0.187296
34 1.976136 -0.000000 0.000000 0.000000 -0.068928 -0.257871
35 1.377138 0.000000 0.000000 0.000000 -0.022268 0.192117
36 4.203462 1.484258 -1.588960 -0.393369 1.192311 -2.062959
37 5.124548 -0.000000 -0.000000 2.459821 0.417337 -0.826640
38 11.580950 0.000000 0.000000 -0.000000 -0.000000 -0.291198
39 11.182171 -0.000002 0.000017 -1.968232 0.119698 -0.273409
40 3.342029 -0.078177 1.535469 -0.066822 -0.142155 -0.247795
41 1.760565 -0.000000 0.000000 -0.003707 -0.008347 -0.417902
42 0.946777 0.000000 0.000000 0.059844 0.161510 -0.356655
43 3.650023 0.193487 0.592403 -0.061796 -0.111438 -0.286498
44 1.940476 0.000000 0.000000 0.063015 0.157361 -0.382781
45 1.194153 0.000000 0.000000 -0.017478 -0.067896 -0.252168
46 3.920897 0.178574 -0.420632 -0.030866 0.002118 -0.237370
47 2.398545 0.000000 0.000000 0.016327 0.028042 -0.527349
48 1.228913 -0.000000 0.000000 -0.006292 -0.038933 -0.160270
49 3.969067 0.115063 -1.534794 -0.024555 0.031327 -0.228202
50 1.959841 0.000000 0.000000 -0.054600 -0.111020 -0.458274
51 1.099742 -0.000000 0.000000 -0.010217 -0.062642 -0.161791
52 1.244767 -0.892595 -1.077153 -1.537577 0.432036 -0.185459
53 1.976136 0.000000 0.000000 -0.000000 0.068928 -0.257871
54 1.377138 0.000000 0.000000 -0.000000 0.022268 0.192117
time 167
0 0.000000 0.000000 0.000000 1.570796 0.000000 0.000000
1 1.078764 0.790340 37.646851 1.386042 -0.118594 0.131258
2 0.000000 0.000000 0.000000 0.000000 0.000000 0.000000
3 3.890447 0.000000 0.000000 -1.673619 -0.181808 -1.459753
4 20.402582 0.000000 0.000000 0.000000 0.000000 0.803310
5 17.754948 0.000000 -0.000000 -0.226814 0.179664 -1.600838
6 5.733515 0.000000 0.000000 0.009685 -0.019011 -0.365746
7 -3.890447 0.000000 -0.000000 -1.322924 -0.030120 -2.093552
8 20.402582 0.000000 0.000000 -0.000000 -0.000000 0.743351
9 17.754948 -0.000000 0.000000 0.380316 -0.151806 -1.634134
10 5.733515 0.000000 0.000000 -0.098157 0.014566 -0.345596
11 0.000000 3.345132 -1.055022 1.569902 0.020554 1.712563
12 4.232848 0.000000 -0.000000 0.010232 0.124197 0.137147
13 4.327481 0.000000 0.000000 0.006314 0.040029 0.170598
14 6.430522 -0.000000 0.000000 0.120862 0.249779 0.476342
15 5.754028 -0.000000 0.000000 2.686698 0.201520 0.489262
16 4.208960 0.000000 0.000000 0.319038 0.034608 1.070500
17 4.203462 1.484258 1.588960 -0.225430 -1.118395 -1.498744
18 5.124548 0.000000 -0.000000 -1.040871 -0.187253 -1.547473
19 11.580950 0.000000 0.000000 0.000000 -0.000000 -0.595138
20 11.182189 -0.000002 -0.000032 1.515247 0.026987 -0.288624
21 3.342010 -0.071954 -1.535773 0.070874 0.142154 -0.247798
22 1.760565 0.000000 0.000000 0.003707 0.008347 -0.417902
23 0.946777 0.000000 0.000000 -0.059844 -0.161510 -0.356655
24 3.650005 0.195886 -0.591614 0.065848 0.111437 -0.286501
25 1.940476 -0.000000 0.000000 -0.063015 -0.157361 -0.382781
26 1.194153 0.000000 -0.000000 0.017478 0.067896 -0.252168
27 3.920878 0.176868 0.421353 0.034918 -0.002119 -0.237374
28 2.398545 0.000000 0.000000 -0.016327 -0.028042 -0.527349
29 1.228913 0.000000 0.000000 0.006292 0.038933 -0.160270
30 3.969047 0.108842 1.535248 0.028607 -0.031328 -0.228206
31 1.959841 0.000000 0.000000 0.054600 0.111020 -0.458274
32 1.099742 0.000000 0.000000 0.010217 0.062642 -0.161791
33 1.244744 -0.896944 1.073525 1.541960 -0.431286 -0.187296
34 1.976136 0.000000 0.000000 -0.000000 -0.068928 -0.257871
35 1.377138 0.000000 -0.000000 0.000000 -0.022268 0.192117
36 4.203462 1.484258 -1.588960 -0.389062 1.194089 -2.062215
37 5.124548 0.000000 0.000000 2.455863 0.422386 -0.822668
38 11.580950 0.000000 0.000000 0.000000 0.000000 -0.294033
39 11.182171 -0.000002 0.000017 -1.973111 0.120847 -0.277403
40 3.342029 -0.078177 1.535469 -0.066822 -0.142155 -0.247795
41 1.760565 0.000000 0.000000 -0.003707 -0.008347 -0.417902
42 0.946777 -0.000000 -0.000000 0.059844 0.161510 -0.356655
43 3.650023 0.193487 0.592403 -0.061796 -0.111438 -0.286498
44 1.940476 0.000000 0.000000 0.063015 0.157361 -0.382781
45 1.194153 0.000000 0.000000 -0.017478 -0.067896 -0.252168
46 3.920897 0.178574 -0.420632 -0.030866 0.002118 -0.237370
47 2.398545 0.000000 -0.000000 0.016327 0.028042 -0.527349
48 1.228913 0.000000 0.000000 -0.006292 -0.038933 -0.160270
49 3.969067 0.115063 -1.534794 -0.024555 0.031327 -0.228202
50 1.959841 0.000000 0.000000 -0.054600 -0.111020 -0.458274
51 1.099742 0.000000 0.000000 -0.010217 -0.062642 -0.161791
52 1.244767 -0.892595 -1.077153 -1.537577 0.432036 -0.185459
53 1.976136 0.000000 0.000000 0.000000 0.068928 -0.257871
54 1.377138 -0.000000 0.000000 -0.000000 0.022268 0.192117
time 168
0 0.000000 0.000000 0.000000 1.570796 0.000000 0.000000
1 1.034206 0.768529 37.662674 1.385283 -0.122550 0.142746
2 0.000000 0.000000 0.000000 0.000000 0.000000 0.000000
3 3.890447 0.000000 0.000000 -1.669925 -0.181910 -1.463898
4 20.402582 0.000000 0.000000 -0.000000 0.000000 0.798037
5 17.754948 -0.000000 -0.000000 -0.226028 0.186813 -1.596682
6 5.733515 -0.000000 0.000000 0.009686 -0.019001 -0.365181
7 -3.890447 0.000000 -0.000000 -1.320029 -0.025026 -2.096643
8 20.402582 -0.000000 0.000000 0.000000 -0.000000 0.744946
9 17.754948 -0.000000 -0.000000 0.381497 -0.144968 -1.635888
10 5.733515 0.000000 0.000000 -0.098158 0.014560 -0.345212
11 0.000000 3.345132 -1.055022 1.571773 0.021500 1.715795
12 4.232848 -0.000000 0.000000 0.012415 0.126820 0.135140
13 4.327481 0.000000 0.000000 0.007430 0.041038 0.167346
14 6.430522 0.000000 -0.000000 0.121304 0.248302 0.473820
15 5.754028 -0.000000 0.000000 2.673166 0.226088 0.487245
16 4.208960 0.000000 -0.000000 0.329794 0.033970 1.061919
17 4.203462 1.484258 1.588960 -0.230850 -1.116210 -1.491352
18 5.124548 -0.000000 -0.000000 -1.041927 -0.190280 -1.551561
19 11.580950 0.000000 0.000000 -0.000000 0.000000 -0.601987
20 11.182189 -0.000002 -0.000032 1.506454 0.022788 -0.290534
21 3.342010 -0.071954 -1.535773 0.070874 0.142154 -0.247798
22 1.760565 0.000000 0.000000 0.003707 0.008347 -0.417902
23 0.946777 0.000000 0.000000 -0.059844 -0.161510 -0.356655
24 3.650005 0.195886 -0.591614 0.065848 0.111437 -0.286501
25 1.940476 0.000000 0.000000 -0.063015 -0.157361 -0.382781
26 1.194153 0.000000 0.000000 0.017478 0.067896 -0.252168
27 3.920878 0.176868 0.421353 0.034918 -0.002119 -0.237374
28 2.398545 0.000000 0.000000 -0.016327 -0.028042 -0.527349
29 1.228913 0.000000 0.000000 0.006292 0.038933 -0.160270
30 3.969047 0.108842 1.535248 0.028607 -0.031328 -0.228206
31 1.959841 -0.000000 0.000000 0.054600 0.111020 -0.458274
32 1.099742 0.000000 -0.000000 0.010217 0.062642 -0.161791
33 1.244744 -0.896944 1.073525 1.541960 -0.431286 -0.187296
34 1.976136 -0.000000 -0.000000 -0.000000 -0.068928 -0.257871
35 1.377138 0.000000 0.000000 0.000000 -0.022268 0.192117
36 4.203462 1.484258 -1.588960 -0.389814 1.193960 -2.063808
37 5.124548 -0.000000 0.000000 2.445833 0.429755 -0.815375
38 11.580950 0.000000 -0.000000 0.000000 0.000000 -0.298244
39 11.182171 -0.000002 0.000017 -1.971900 0.121342 -0.279150
40 3.342029 -0.078177 1.535469 -0.066822 -0.142155 -0.247795
41 1.760565 -0.000000 0.000000 -0.003707 -0.008347 -0.417902
42 0.946777 0.000000 0.000000 0.059844 0.161510 -0.356655
43 3.650023 0.193487 0.592403 -0.061796 -0.111438 -0.286498
44 1.940476 0.000000 0.000000 0.063015 0.157361 -0.382781
45 1.194153 0.000000 0.000000 -0.017478 -0.067896 -0.252168
46 3.920897 0.178574 -0.420632 -0.030866 0.002118 -0.237370
47 2.398545 0.000000 0.000000 0.016327 0.028042 -0.527349
48 1.228913 0.000000 0.000000 -0.006292 -0.038933 -0.160270
49 3.969067 0.115063 -1.534794 -0.024555 0.031327 -0.228202
50 1.959841 0.000000 0.000000 -0.054600 -0.111020 -0.458274
51 1.099742 0.000000 0.000000 -0.010217 -0.062642 -0.161791
52 1.244767 -0.892595 -1.077153 -1.537577 0.432036 -0.185459
53 1.976136 0.000000 0.000000 -0.000000 0.068928 -0.257871
54 1.377138 0.000000 0.000000 0.000000 0.022268 0.192117
time 169
0 0.000000 0.000000 0.000000 1.570796 0.000000 0.000000
1 0.969705 0.764520 37.676357 1.384133 -0.126488 0.155176
2 0.000000 0.000000 0.000000 0.000000 0.000000 0.000000
3 3.890447 0.000000 0.000000 -1.667226 -0.181992 -1.467442
4 20.402582 0.000000 0.000000 -0.000000 -0.000000 0.792265
5 17.754948 -0.000000 0.000000 -0.224500 0.195778 -1.591454
6 5.733515 -0.000000 0.000000 0.009686 -0.019005 -0.365391
7 -3.890447 0.000000 -0.000000 -1.317342 -0.020235 -2.099203
8 20.402582 0.000000 -0.000000 0.000000 -0.000000 0.747641
9 17.754948 -0.000000 -0.000000 0.382823 -0.137033 -1.638052
10 5.733515 0.000000 0.000000 -0.098160 0.014550 -0.344623
11 0.000000 3.345132 -1.055022 1.573977 0.021983 1.718403
12 4.232848 0.000000 -0.000000 0.014991 0.128791 0.132844
13 4.327481 -0.000000 -0.000000 0.008670 0.041848 0.163154
14 6.430522 0.000000 -0.000000 0.122497 0.247897 0.470815
15 5.754028 0.000000 -0.000000 2.666044 0.251914 0.490187
16 4.208960 0.000000 0.000000 0.339552 0.032717 1.053415
17 4.203462 1.484258 1.588960 -0.238258 -1.114601 -1.481606
18 5.124548 -0.000000 -0.000000 -1.041812 -0.191334 -1.556860
19 11.580950 -0.000000 0.000000 0.000000 -0.000000 -0.606969
20 11.182189 -0.000002 -0.000032 1.498863 0.018426 -0.292425
21 3.342010 -0.071954 -1.535773 0.070874 0.142154 -0.247798
22 1.760565 0.000000 0.000000 0.003707 0.008347 -0.417902
23 0.946777 0.000000 0.000000 -0.059844 -0.161510 -0.356655
24 3.650005 0.195886 -0.591614 0.065848 0.111437 -0.286501
25 1.940476 0.000000 0.000000 -0.063015 -0.157361 -0.382781
26 1.194153 0.000000 -0.000000 0.017478 0.067896 -0.252168
27 3.920878 0.176868 0.421353 0.034918 -0.002119 -0.237374
28 2.398545 -0.000000 0.000000 -0.016327 -0.028042 -0.527349
29 1.228913 0.000000 -0.000000 0.006292 0.038933 -0.160270
30 3.969047 0.108842 1.535248 0.028607 -0.031328 -0.228206
31 1.959841 -0.000000 0.000000 0.054600 0.111020 -0.458274
32 1.099742 0.000000 0.000000 0.010217 0.062642 -0.161791
33 1.244744 -0.896944 1.073525 1.541960 -0.431286 -0.187296
34 1.976136 0.000000 -0.000000 -0.000000 -0.068928 -0.257871
35 1.377138 0.000000 -0.000000 0.000000 -0.022268 0.192117
36 4.203462 1.484258 -1.588960 -0.386549 1.191752 -2.059828
37 5.124548 0.000000 0.000000 2.433118 0.440158 -0.807676
38 11.580950 0.000000 -0.000000 -0.000000 -0.000000 -0.303015
39 11.182171 -0.000002 0.000017 -1.968339 0.123048 -0.282515
40 3.342029 -0.078177 1.535469 -0.066822 -0.142155 -0.247795
41 1.760565 0.000000 0.000000 -0.003707 -0.008347 -0.417902
42 0.946777 0.000000 0.000000 0.059844 0.161510 -0.356655
43 3.650023 0.193487 0.592403 -0.061796 -0.111438 -0.286498
44 1.940476 0.000000 0.000000 0.063015 0.157361 -0.382781
45 1.194153 0.000000 0.000000 -0.017478 -0.067896 -0.252168
46 3.920897 0.178574 -0.420632 -0.030866 0.002118 -0.237370
47 2.398545 -0.000000 0.000000 0.016327 0.028042 -0.527349
48 1.228913 0.000000 0.000000 -0.006292 -0.038933 -0.160270
49 3.969067 0.115063 -1.534794 -0.024555 0.031327 -0.228202
50 1.959841 -0.000000 0.000000 -0.054600 -0.111020 -0.458274
51 1.099742 -0.000000 0.000000 -0.010217 -0.062642 -0.161791
52 1.244767 -0.892595 -1.077153 -1.537577 0.432036 -0.185459
53 1.976136 0.000000 0.000000 -0.000000 0.068928 -0.257871
54 1.377138 0.000000 0.000000 -0.000000 0.022268 0.192117
time 170
0 0.000000 0.000000 0.000000 1.570796 0.000000 0.000000
1 0.890268 0.775510 37.690266 1.382800 -0.130769 0.168050
2 0.000000 0.000000 0.000000 0.000000 0.000000 0.000000
3 3.890447 0.000000 0.000000 -1.664045 -0.182748 -1.471202
4 20.402582 0.000000 0.000000 -0.000000 0.000000 0.786451
5 17.754948 -0.000000 0.000000 -0.223212 0.204652 -1.585342
6 5.733515 -0.000000 0.000000 0.009683 -0.019025 -0.366584
7 -3.890447 0.000000 -0.000000 -1.314933 -0.015979 -2.101715
8 20.402582 -0.000000 0.000000 0.000000 -0.000000 0.751141
9 17.754948 0.000000 0.000000 0.384306 -0.128448 -1.640464
10 5.733515 0.000000 0.000000 -0.098161 0.014541 -0.344083
11 0.000000 3.345132 -1.055022 1.576208 0.022412 1.721099
12 4.232848 0.000000 0.000000 0.017630 0.130628 0.130483
13 4.327481 -0.000000 0.000000 0.009912 0.042674 0.158847
14 6.430522 -0.000000 0.000000 0.123388 0.246889 0.467745
15 5.754028 0.000000 0.000000 2.663089 0.274864 0.498084
16 4.208960 0.000000 0.000000 0.348368 0.031438 1.044999
17 4.203462 1.484258 1.588960 -0.239729 -1.116360 -1.476001
18 5.124548 0.000000 -0.000000 -1.042413 -0.192754 -1.557704
19 11.580950 0.000000 0.000000 -0.000000 0.000000 -0.610950
20 11.182189 -0.000002 -0.000032 1.495291 0.014972 -0.292173
21 3.342010 -0.071954 -1.535773 0.070874 0.142154 -0.247798
22 1.760565 0.000000 0.000000 0.003707 0.008347 -0.417902
23 0.946777 0.000000 0.000000 -0.059844 -0.161510 -0.356655
24 3.650005 0.195886 -0.591614 0.065848 0.111437 -0.286501
25 1.940476 0.000000 0.000000 -0.063015 -0.157361 -0.382781
26 1.194153 0.000000 0.000000 0.017478 0.067896 -0.252168
27 3.920878 0.176868 0.421353 0.034918 -0.002119 -0.237374
28 2.398545 0.000000 0.000000 -0.016327 -0.028042 -0.527349
29 1.228913 0.000000 -0.000000 0.006292 0.038933 -0.160270
30 3.969047 0.108842 1.535248 0.028607 -0.031328 -0.228206
31 1.959841 0.000000 0.000000 0.054600 0.111020 -0.458274
32 1.099742 0.000000 0.000000 0.010217 0.062642 -0.161791
33 1.244744 -0.896944 1.073525 1.541960 -0.431286 -0.187296
34 1.976136 0.000000 0.000000 0.000000 -0.068928 -0.257871
35 1.377138 0.000000 0.000000 0.000000 -0.022268 0.192117
36 4.203462 1.484258 -1.588960 -0.392324 1.190732 -2.066330
37 5.124548 -0.000000 0.000000 2.419532 0.448080 -0.794934
38 11.580950 -0.000000 0.000000 0.000000 0.000000 -0.309440
39 11.182171 -0.000002 0.000017 -1.961627 0.123667 -0.290600
40 3.342029 -0.078177 1.535469 -0.066822 -0.142155 -0.247795
41 1.760565 0.000000 -0.000000 -0.003707 -0.008347 -0.417902
42 0.946777 -0.000000 0.000000 0.059844 0.161510 -0.356655
43 3.650023 0.193487 0.592403 -0.061796 -0.111438 -0.286498
44 1.940476 -0.000000 0.000000 0.063015 0.157361 -0.382781
45 1.194153 0.000000 0.000000 -0.017478 -0.067896 -0.252168
46 3.920897 0.178574 -0.420632 -0.030866 0.002118 -0.237370
47 2.398545 0.000000 0.000000 0.016327 0.028042 -0.527349
48 1.228913 -0.000000 0.000000 -0.006292 -0.038933 -0.160270
49 3.969067 0.115063 -1.534794 -0.024555 0.031327 -0.228202
50 1.959841 0.000000 0.000000 -0.054600 -0.111020 -0.458274
51 1.099742 0.000000 -0.000000 -0.010217 -0.062642 -0.161791
52 1.244767 -0.892595 -1.077153 -1.537577 0.432036 -0.185459
53 1.976136 0.000000 0.000000 -0.000000 0.068928 -0.257871
54 1.377138 0.000000 -0.000000 -0.000000 0.022268 0.192117
time 171
0 0.000000 0.000000 0.000000 1.570796 0.000000 0.000000
1 0.804055 0.787028 37.708405 1.381311 -0.136022 0.180835
2 0.000000 0.000000 0.000000 0.000000 0.000000 0.000000
3 3.890447 0.000000 0.000000 -1.660811 -0.182570 -1.475984
4 20.402582 0.000000 0.000000 0.000000 0.000000 0.779208
5 17.754948 0.000000 -0.000000 -0.221997 0.213172 -1.578654
6 5.733515 0.000000 0.000000 0.009679 -0.019050 -0.368109
7 -3.890447 0.000000 0.000000 -1.312107 -0.011717 -2.105210
8 20.402582 0.000000 0.000000 0.000000 -0.000000 0.754658
9 17.754948 0.000000 0.000000 0.385305 -0.120488 -1.643078
10 5.733515 0.000000 0.000000 -0.098164 0.014524 -0.343057
11 0.000000 3.345132 -1.055022 1.578712 0.023362 1.722065
12 4.232848 -0.000000 0.000000 0.020097 0.132657 0.128742
13 4.327481 -0.000000 -0.000000 0.011120 0.043355 0.155631
14 6.430522 0.000000 0.000000 0.124226 0.245929 0.464776
15 5.754028 0.000000 -0.000000 2.663263 0.291786 0.505995
16 4.208960 0.000000 0.000000 0.356504 0.027376 1.037827
17 4.203462 1.484258 1.588960 -0.252153 -1.116662 -1.464399
18 5.124548 -0.000000 -0.000000 -1.043050 -0.185938 -1.560424
19 11.580950 -0.000000 -0.000000 -0.000000 -0.000000 -0.613055
20 11.182189 -0.000002 -0.000032 1.493410 0.015902 -0.294329
21 3.342010 -0.071954 -1.535773 0.070874 0.142154 -0.247798
22 1.760565 0.000000 0.000000 0.003707 0.008347 -0.417902
23 0.946777 -0.000000 0.000000 -0.059844 -0.161510 -0.356655
24 3.650005 0.195886 -0.591614 0.065848 0.111437 -0.286501
25 1.940476 0.000000 -0.000000 -0.063015 -0.157361 -0.382781
26 1.194153 0.000000 0.000000 0.017478 0.067896 -0.252168
27 3.920878 0.176868 0.421353 0.034918 -0.002119 -0.237374
28 2.398545 0.000000 0.000000 -0.016327 -0.028042 -0.527349
29 1.228913 0.000000 0.000000 0.006292 0.038933 -0.160270
30 3.969047 0.108842 1.535248 0.028607 -0.031328 -0.228206
31 1.959841 0.000000 0.000000 0.054600 0.111020 -0.458274
32 1.099742 0.000000 -0.000000 0.010217 0.062642 -0.161791
33 1.244744 -0.896944 1.073525 1.541960 -0.431286 -0.187296
34 1.976136 0.000000 -0.000000 -0.000000 -0.068928 -0.257871
35 1.377138 0.000000 0.000000 0.000000 -0.022268 0.192117
36 4.203462 1.484258 -1.588960 -0.372200 1.191863 -2.047740
37 5.124548 0.000000 0.000000 2.401077 0.455320 -0.792589
38 11.580950 0.000000 0.000000 -0.000000 -0.000000 -0.317469
39 11.182171 -0.000002 0.000017 -1.953176 0.120045 -0.299397
40 3.342029 -0.078177 1.535469 -0.066822 -0.142155 -0.247795
41 1.760565 -0.000000 0.000000 -0.003707 -0.008347 -0.417902
42 0.946777 -0.000000 -0.000000 0.059844 0.161510 -0.356655
43 3.650023 0.193487 0.592403 -0.061796 -0.111438 -0.286498
44 1.940476 0.000000 -0.000000 0.063015 0.157361 -0.382781
45 1.194153 0.000000 0.000000 -0.017478 -0.067896 -0.252168
46 3.920897 0.178574 -0.420632 -0.030866 0.002118 -0.237370
47 2.398545 0.000000 0.000000 0.016327 0.028042 -0.527349
48 1.228913 0.000000 0.000000 -0.006292 -0.038933 -0.160270
49 3.969067 0.115063 -1.534794 -0.024555 0.031327 -0.228202
50 1.959841 0.000000 0.000000 -0.054600 -0.111020 -0.458274
51 1.099742 0.000000 0.000000 -0.010217 -0.062642 -0.161791
52 1.244767 -0.892595 -1.077153 -1.537577 0.432036 -0.185459
53 1.976136 0.000000 0.000000 -0.000000 0.068928 -0.257871
54 1.377138 0.000000 0.000000 0.000000 0.022268 0.192117
time 172
0 0.000000 0.000000 0.000000 1.570796 0.000000 0.000000
1 0.704631 0.799616 37.714230 1.379854 -0.139001 0.193322
2 0.000000 0.000000 0.000000 0.000000 0.000000 0.000000
3 3.890447 -0.000000 0.000000 -1.657606 -0.183255 -1.477921
4 20.402582 0.000000 -0.000000 0.000000 0.000000 0.773871
5 17.754948 -0.000000 0.000000 -0.221943 0.222204 -1.573801
6 5.733515 0.000000 0.000000 0.009673 -0.019086 -0.370306
7 -3.890447 0.000000 -0.000000 -1.309318 -0.007714 -2.106029
8 20.402582 0.000000 0.000000 0.000000 0.000000 0.758737
9 17.754948 -0.000000 -0.000000 0.386321 -0.112203 -1.646563
10 5.733515 0.000000 0.000000 -0.098168 0.014504 -0.341812
11 0.000000 3.345132 -1.055022 1.581251 0.024523 1.724245
12 4.232848 0.000000 0.000000 0.022674 0.134950 0.127021
13 4.327481 0.000000 0.000000 0.012418 0.044077 0.152955
14 6.430522 -0.000000 -0.000000 0.125097 0.244883 0.462479
15 5.754028 0.000000 0.000000 2.667734 0.306079 0.516672
16 4.208960 0.000000 0.000000 0.364357 0.024304 1.030931
17 4.203462 1.484258 1.588960 -0.262555 -1.117339 -1.455973
18 5.124548 0.000000 0.000000 -1.045088 -0.178051 -1.561896
19 11.580950 0.000000 0.000000 0.000000 0.000000 -0.610849
20 11.182189 -0.000002 -0.000032 1.494948 0.019295 -0.297064
21 3.342010 -0.071954 -1.535773 0.070874 0.142154 -0.247798
22 1.760565 0.000000 0.000000 0.003707 0.008347 -0.417902
23 0.946777 0.000000 0.000000 -0.059844 -0.161510 -0.356655
24 3.650005 0.195886 -0.591614 0.065848 0.111437 -0.286501
25 1.940476 0.000000 -0.000000 -0.063015 -0.157361 -0.382781
26 1.194153 0.000000 0.000000 0.017478 0.067896 -0.252168
27 3.920878 0.176868 0.421353 0.034918 -0.002119 -0.237374
28 2.398545 0.000000 0.000000 -0.016327 -0.028042 -0.527349
29 1.228913 0.000000 -0.000000 0.006292 0.038933 -0.160270
30 3.969047 0.108842 1.535248 0.028607 -0.031328 -0.228206
31 1.959841 -0.000000 0.000000 0.054600 0.111020 -0.458274
32 1.099742 0.000000 -0.000000 0.010217 0.062642 -0.161791
33 1.244744 -0.896944 1.073525 1.541960 -0.431286 -0.187296
34 1.976136 -0.000000 -0.000000 0.000000 -0.068928 -0.257871
35 1.377138 0.000000 0.000000 0.000000 -0.022268 0.192117
36 4.203462 1.484258 -1.588960 -0.361700 1.192373 -2.041599
37 5.124548 -0.000000 0.000000 2.384610 0.460151 -0.785771
38 11.580950 0.000000 0.000000 0.000000 0.000000 -0.327875
39 11.182171 -0.000002 0.000017 -1.938643 0.114362 -0.306598
40 3.342029 -0.078177 1.535469 -0.066822 -0.142155 -0.247795
41 1.760565 0.000000 -0.000000 -0.003707 -0.008347 -0.417902
42 0.946777 0.000000 0.000000 0.059844 0.161510 -0.356655
43 3.650023 0.193487 0.592403 -0.061796 -0.111438 -0.286498
44 1.940476 0.000000 0.000000 0.063015 0.157361 -0.382781
45 1.194153 0.000000 0.000000 -0.017478 -0.067896 -0.252168
46 3.920897 0.178574 -0.420632 -0.030866 0.002118 -0.237370
47 2.398545 0.000000 0.000000 0.016327 0.028042 -0.527349
48 1.228913 0.000000 0.000000 -0.006292 -0.038933 -0.160270
49 3.969067 0.115063 -1.534794 -0.024555 0.031327 -0.228202
50 1.959841 0.000000 0.000000 -0.054600 -0.111020 -0.458274
51 1.099742 0.000000 0.000000 -0.010217 -0.062642 -0.161791
52 1.244767 -0.892595 -1.077153 -1.537577 0.432036 -0.185459
53 1.976136 0.000000 0.000000 -0.000000 0.068928 -0.257871
54 1.377138 0.000000 -0.000000 0.000000 0.022268 0.192117
time 173
0 0.000000 0.000000 0.000000 1.570796 0.000000 0.000000
1 0.591144 0.817255 37.710827 1.377074 -0.141331 0.207504
2 0.000000 0.000000 0.000000 0.000000 0.000000 0.000000
3 3.890447 0.000000 0.000000 -1.653119 -0.184106 -1.479297
4 20.402582 -0.000000 -0.000000 -0.000000 -0.000000 0.769745
5 17.754948 0.000000 0.000000 -0.222069 0.231811 -1.569142
6 5.733515 0.000000 -0.000000 0.009667 -0.019131 -0.373027
7 -3.890447 -0.000000 -0.000000 -1.305503 -0.002348 -2.106368
8 20.402582 0.000000 0.000000 -0.000000 0.000000 0.763933
9 17.754948 0.000000 0.000000 0.387189 -0.103919 -1.651070
10 5.733515 0.000000 0.000000 -0.098171 0.014485 -0.340704
11 0.000000 3.345132 -1.055022 1.582091 0.024810 1.726607
12 4.232848 0.000000 0.000000 0.023850 0.136287 0.125700
13 4.327481 -0.000000 0.000000 0.013000 0.044640 0.150497
14 6.430522 0.000000 0.000000 0.125258 0.243999 0.460631
15 5.754028 -0.000000 0.000000 2.678055 0.317826 0.529243
16 4.208960 -0.000000 -0.000000 0.373498 0.022274 1.022683
17 4.203462 1.484258 1.588960 -0.261853 -1.116434 -1.456696
18 5.124548 -0.000000 -0.000000 -1.048183 -0.171496 -1.561098
19 11.580950 0.000000 -0.000000 -0.000000 -0.000000 -0.605785
20 11.182189 -0.000002 -0.000032 1.499978 0.022058 -0.295731
21 3.342010 -0.071954 -1.535773 0.070874 0.142154 -0.247798
22 1.760565 0.000000 0.000000 0.003707 0.008347 -0.417902
23 0.946777 -0.000000 0.000000 -0.059844 -0.161510 -0.356655
24 3.650005 0.195886 -0.591614 0.065848 0.111437 -0.286501
25 1.940476 0.000000 -0.000000 -0.063015 -0.157361 -0.382781
26 1.194153 0.000000 -0.000000 0.017478 0.067896 -0.252168
27 3.920878 0.176868 0.421353 0.034918 -0.002119 -0.237374
28 2.398545 0.000000 -0.000000 -0.016327 -0.028042 -0.527349
29 1.228913 0.000000 0.000000 0.006292 0.038933 -0.160270
30 3.969047 0.108842 1.535248 0.028607 -0.031328 -0.228206
31 1.959841 0.000000 0.000000 0.054600 0.111020 -0.458274
32 1.099742 -0.000000 0.000000 0.010217 0.062642 -0.161791
33 1.244744 -0.896944 1.073525 1.541960 -0.431286 -0.187296
34 1.976136 0.000000 -0.000000 -0.000000 -0.068928 -0.257871
35 1.377138 0.000000 -0.000000 -0.000000 -0.022268 0.192117
36 4.203462 1.484258 -1.588960 -0.361841 1.194768 -2.044099
37 5.124548 0.000000 -0.000000 2.369797 0.464840 -0.775986
38 11.580950 0.000000 0.000000 0.000000 -0.000000 -0.342097
39 11.182171 -0.000002 0.000017 -1.921560 0.108707 -0.310890
40 3.342029 -0.078177 1.535469 -0.066822 -0.142155 -0.247795
41 1.760565 0.000000 0.000000 -0.003707 -0.008347 -0.417902
42 0.946777 -0.000000 -0.000000 0.059844 0.161510 -0.356655
43 3.650023 0.193487 0.592403 -0.061796 -0.111438 -0.286498
44 1.940476 0.000000 0.000000 0.063015 0.157361 -0.382781
45 1.194153 0.000000 0.000000 -0.017478 -0.067896 -0.252168
46 3.920897 0.178574 -0.420632 -0.030866 0.002118 -0.237370
47 2.398545 0.000000 0.000000 0.016327 0.028042 -0.527349
48 1.228913 0.000000 0.000000 -0.006292 -0.038933 -0.160270
49 3.969067 0.115063 -1.534794 -0.024555 0.031327 -0.228202
50 1.959841 -0.000000 0.000000 -0.054600 -0.111020 -0.458274
51 1.099742 0.000000 0.000000 -0.010217 -0.062642 -0.161791
52 1.244767 -0.892595 -1.077153 -1.537577 0.432036 -0.185459
53 1.976136 -0.000000 0.000000 -0.000000 0.068928 -0.257871
54 1.377138 0.000000 0.000000 -0.000000 0.022268 0.192117
time 174
0 0.000000 0.000000 0.000000 1.570796 0.000000 0.000000
1 0.476231 0.837505 37.707314 1.374852 -0.143093 0.221200
2 0.000000 0.000000 0.000000 0.000000 0.000000 0.000000
3 3.890447 -0.000000 0.000000 -1.648910 -0.185738 -1.480053
4 20.402582 0.000000 0.000000 0.000000 0.000000 0.766030
5 17.754948 0.000000 0.000000 -0.222071 0.241104 -1.564537
6 5.733515 0.000000 0.000000 0.009660 -0.019180 -0.375981
7 -3.890447 0.000000 -0.000000 -1.301087 0.002567 -2.106099
8 20.402582 -0.000000 0.000000 0.000000 0.000000 0.768460
9 17.754948 0.000000 0.000000 0.387864 -0.096213 -1.655429
10 5.733515 0.000000 -0.000000 -0.098174 0.014469 -0.339694
11 0.000000 3.345132 -1.055022 1.582028 0.025265 1.729163
12 4.232848 0.000000 0.000000 0.024197 0.137426 0.124609
13 4.327481 0.000000 0.000000 0.013222 0.045182 0.148673
14 6.430522 -0.000000 -0.000000 0.124559 0.242314 0.459090
15 5.754028 -0.000000 -0.000000 2.691090 0.327094 0.541062
16 4.208960 0.000000 0.000000 0.382793 0.020484 1.013437
17 4.203462 1.484258 1.588960 -0.258321 -1.114313 -1.459055
18 5.124548 0.000000 0.000000 -1.053335 -0.164653 -1.561019
19 11.580950 -0.000000 -0.000000 -0.000000 0.000000 -0.597856
20 11.182189 -0.000002 -0.000032 1.505364 0.024171 -0.289703
21 3.342010 -0.071954 -1.535773 0.070874 0.142154 -0.247798
22 1.760565 -0.000000 0.000000 0.003707 0.008347 -0.417902
23 0.946777 0.000000 -0.000000 -0.059844 -0.161510 -0.356655
24 3.650005 0.195886 -0.591614 0.065848 0.111437 -0.286501
25 1.940476 0.000000 -0.000000 -0.063015 -0.157361 -0.382781
26 1.194153 -0.000000 0.000000 0.017478 0.067896 -0.252168
27 3.920878 0.176868 0.421353 0.034918 -0.002119 -0.237374
28 2.398545 0.000000 -0.000000 -0.016327 -0.028042 -0.527349
29 1.228913 0.000000 0.000000 0.006292 0.038933 -0.160270
30 3.969047 0.108842 1.535248 0.028607 -0.031328 -0.228206
31 1.959841 0.000000 0.000000 0.054600 0.111020 -0.458274
32 1.099742 0.000000 0.000000 0.010217 0.062642 -0.161791
33 1.244744 -0.896944 1.073525 1.541960 -0.431286 -0.187296
34 1.976136 0.000000 0.000000 0.000000 -0.068928 -0.257871
35 1.377138 0.000000 0.000000 0.000000 -0.022268 0.192117
36 4.203462 1.484258 -1.588960 -0.364681 1.198305 -2.046980
37 5.124548 -0.000000 -0.000000 2.357007 0.470941 -0.766686
38 11.580950 0.000000 -0.000000 -0.000000 0.000000 -0.357496
39 11.182171 -0.000002 0.000017 -1.904029 0.101625 -0.311775
40 3.342029 -0.078177 1.535469 -0.066822 -0.142155 -0.247795
41 1.760565 0.000000 -0.000000 -0.003707 -0.008347 -0.417902
42 0.946777 -0.000000 0.000000 0.059844 0.161510 -0.356655
43 3.650023 0.193487 0.592403 -0.061796 -0.111438 -0.286498
44 1.940476 0.000000 0.000000 0.063015 0.157361 -0.382781
45 1.194153 0.000000 0.000000 -0.017478 -0.067896 -0.252168
46 3.920897 0.178574 -0.420632 -0.030866 0.002118 -0.237370
47 2.398545 0.000000 0.000000 0.016327 0.028042 -0.527349
48 1.228913 0.000000 0.000000 -0.006292 -0.038933 -0.160270
49 3.969067 0.115063 -1.534794 -0.024555 0.031327 -0.228202
50 1.959841 0.000000 0.000000 -0.054600 -0.111020 -0.458274
51 1.099742 0.000000 0.000000 -0.010217 -0.062642 -0.161791
52 1.244767 -0.892595 -1.077153 -1.537577 0.432036 -0.185459
53 1.976136 0.000000 0.000000 0.000000 0.068928 -0.257871
54 1.377138 0.000000 -0.000000 -0.000000 0.022268 0.192117
time 175
0 0.000000 0.000000 0.000000 1.570796 0.000000 0.000000
1 0.384193 0.846228 37.705730 1.373331 -0.144688 0.230958
2 0.000000 0.000000 0.000000 0.000000 0.000000 0.000000
3 3.890447 0.000000 0.000000 -1.647254 -0.186382 -1.480292
4 20.402582 -0.000000 -0.000000 0.000000 0.000000 0.762501
5 17.754948 0.000000 -0.000000 -0.222102 0.248926 -1.561160
6 5.733515 0.000000 0.000000 0.009654 -0.019221 -0.378453
7 -3.890447 0.000000 -0.000000 -1.298285 0.006116 -2.105816
8 20.402582 0.000000 0.000000 -0.000000 -0.000000 0.771632
9 17.754948 0.000000 0.000000 0.388521 -0.090281 -1.659104
10 5.733515 0.000000 0.000000 -0.098177 0.014451 -0.338635
11 -0.000000 3.345132 -1.055022 1.582620 0.026175 1.731830
12 4.232848 0.000000 0.000000 0.025032 0.138601 0.123779
13 4.327481 -0.000000 0.000000 0.013710 0.045649 0.148048
14 6.430522 0.000000 0.000000 0.123653 0.239804 0.458560
15 5.754028 0.000000 0.000000 2.705416 0.335689 0.552570
16 4.208960 -0.000000 -0.000000 0.391899 0.017983 1.004891
17 4.203462 1.484258 1.588960 -0.255155 -1.111942 -1.462317
18 5.124548 -0.000000 -0.000000 -1.062734 -0.155062 -1.562853
19 11.580950 0.000000 0.000000 0.000000 0.000000 -0.586298
20 11.182189 -0.000002 -0.000032 1.511690 0.029972 -0.286874
21 3.342010 -0.071954 -1.535773 0.070874 0.142154 -0.247798
22 1.760565 0.000000 0.000000 0.003707 0.008347 -0.417902
23 0.946777 0.000000 0.000000 -0.059844 -0.161510 -0.356655
24 3.650005 0.195886 -0.591614 0.065848 0.111437 -0.286501
25 1.940476 0.000000 0.000000 -0.063015 -0.157361 -0.382781
26 1.194153 0.000000 0.000000 0.017478 0.067896 -0.252168
27 3.920878 0.176868 0.421353 0.034918 -0.002119 -0.237374
28 2.398545 0.000000 -0.000000 -0.016327 -0.028042 -0.527349
29 1.228913 0.000000 -0.000000 0.006292 0.038933 -0.160270
30 3.969047 0.108842 1.535248 0.028607 -0.031328 -0.228206
31 1.959841 0.000000 0.000000 0.054600 0.111020 -0.458274
32 1.099742 -0.000000 -0.000000 0.010217 0.062642 -0.161791
33 1.244744 -0.896944 1.073525 1.541960 -0.431286 -0.187296
34 1.976136 0.000000 0.000000 -0.000000 -0.068928 -0.257871
35 1.377138 0.000000 0.000000 0.000000 -0.022268 0.192117
36 4.203462 1.484258 -1.588960 -0.360181 1.204350 -2.042448
37 5.124548 0.000000 0.000000 2.347083 0.475557 -0.760673
38 11.580950 0.000000 0.000000 0.000000 0.000000 -0.371783
39 11.182171 -0.000002 0.000017 -1.888441 0.093597 -0.311904
40 3.342029 -0.078177 1.535469 -0.066822 -0.142155 -0.247795
41 1.760565 0.000000 0.000000 -0.003707 -0.008347 -0.417902
42 0.946777 -0.000000 0.000000 0.059844 0.161510 -0.356655
43 3.650023 0.193487 0.592403 -0.061796 -0.111438 -0.286498
44 1.940476 0.000000 0.000000 0.063015 0.157361 -0.382781
45 1.194153 -0.000000 0.000000 -0.017478 -0.067896 -0.252168
46 3.920897 0.178574 -0.420632 -0.030866 0.002118 -0.237370
47 2.398545 0.000000 -0.000000 0.016327 0.028042 -0.527349
48 1.228913 0.000000 -0.000000 -0.006292 -0.038933 -0.160270
49 3.969067 0.115063 -1.534794 -0.024555 0.031327 -0.228202
50 1.959841 0.000000 -0.000000 -0.054600 -0.111020 -0.458274
51 1.099742 0.000000 0.000000 -0.010217 -0.062642 -0.161791
52 1.244767 -0.892595 -1.077153 -1.537577 0.432036 -0.185459
53 1.976136 0.000000 0.000000 -0.000000 0.068928 -0.257871
54 1.377138 0.000000 0.000000 0.000000 0.022268 0.192117
time 176
0 0.000000 0.000000 0.000000 1.570796 0.000000 0.000000
1 0.318024 0.843185 37.704243 1.372228 -0.146217 0.236896
2 0.000000 0.000000 0.000000 0.000000 0.000000 0.000000
3 3.890447 0.000000 0.000000 -1.647914 -0.186014 -1.480124
4 20.402582 0.000000 -0.000000 0.000000 0.000000 0.759615
5 17.754948 -0.000000 0.000000 -0.222266 0.255192 -1.559268
6 5.733515 0.000000 0.000000 0.009650 -0.019251 -0.380256
7 -3.890447 0.000000 0.000000 -1.297615 0.008307 -2.105698
8 20.402582 -0.000000 0.000000 0.000000 0.000000 0.773972
9 17.754948 0.000000 0.000000 0.389424 -0.085911 -1.661994
10 5.733515 0.000000 0.000000 -0.098179 0.014439 -0.337905
11 0.000000 3.345132 -1.055022 1.583770 0.027412 1.734124
12 4.232848 -0.000000 -0.000000 0.026092 0.139483 0.123255
13 4.327481 0.000000 0.000000 0.014301 0.046204 0.148683
14 6.430522 0.000000 0.000000 0.122715 0.236972 0.459094
15 5.754028 -0.000000 0.000000 2.721458 0.343103 0.563162
16 4.208960 0.000000 0.000000 0.401792 0.013457 0.997260
17 4.203462 1.484258 1.588960 -0.252123 -1.109333 -1.465865
18 5.124548 0.000000 0.000000 -1.069605 -0.144103 -1.565771
19 11.580950 0.000000 0.000000 0.000000 0.000000 -0.573990
20 11.182189 -0.000002 -0.000032 1.515207 0.037931 -0.282721
21 3.342010 -0.071954 -1.535773 0.070874 0.142154 -0.247798
22 1.760565 0.000000 -0.000000 0.003707 0.008347 -0.417902
23 0.946777 0.000000 -0.000000 -0.059844 -0.161510 -0.356655
24 3.650005 0.195886 -0.591614 0.065848 0.111437 -0.286501
25 1.940476 0.000000 0.000000 -0.063015 -0.157361 -0.382781
26 1.194153 0.000000 0.000000 0.017478 0.067896 -0.252168
27 3.920878 0.176868 0.421353 0.034918 -0.002119 -0.237374
28 2.398545 0.000000 0.000000 -0.016327 -0.028042 -0.527349
29 1.228913 0.000000 0.000000 0.006292 0.038933 -0.160270
30 3.969047 0.108842 1.535248 0.028607 -0.031328 -0.228206
31 1.959841 0.000000 0.000000 0.054600 0.111020 -0.458274
32 1.099742 0.000000 0.000000 0.010217 0.062642 -0.161791
33 1.244744 -0.896944 1.073525 1.541960 -0.431286 -0.187296
34 1.976136 0.000000 0.000000 -0.000000 -0.068928 -0.257871
35 1.377138 0.000000 0.000000 0.000000 -0.022268 0.192117
36 4.203462 1.484258 -1.588960 -0.351058 1.213357 -2.034022
37 5.124548 0.000000 0.000000 2.343328 0.477782 -0.757044
38 11.580950 0.000000 -0.000000 0.000000 0.000000 -0.385244
39 11.182171 -0.000002 0.000017 -1.878501 0.086699 -0.316075
40 3.342029 -0.078177 1.535469 -0.066822 -0.142155 -0.247795
41 1.760565 0.000000 0.000000 -0.003707 -0.008347 -0.417902
42 0.946777 0.000000 0.000000 0.059844 0.161510 -0.356655
43 3.650023 0.193487 0.592403 -0.061796 -0.111438 -0.286498
44 1.940476 0.000000 -0.000000 0.063015 0.157361 -0.382781
45 1.194153 0.000000 0.000000 -0.017478 -0.067896 -0.252168
46 3.920897 0.178574 -0.420632 -0.030866 0.002118 -0.237370
47 2.398545 0.000000 -0.000000 0.016327 0.028042 -0.527349
48 1.228913 0.000000 0.000000 -0.006292 -0.038933 -0.160270
49 3.969067 0.115063 -1.534794 -0.024555 0.031327 -0.228202
50 1.959841 -0.000000 -0.000000 -0.054600 -0.111020 -0.458274
51 1.099742 0.000000 0.000000 -0.010217 -0.062642 -0.161791
52 1.244767 -0.892595 -1.077153 -1.537577 0.432036 -0.185459
53 1.976136 -0.000000 -0.000000 -0.000000 0.068928 -0.257871
54 1.377138 0.000000 -0.000000 -0.000000 0.022268 0.192117
time 177
0 0.000000 0.000000 0.000000 1.570796 0.000000 0.000000
1 0.266904 0.838632 37.701206 1.371209 -0.147404 0.241426
2 0.000000 0.000000 0.000000 0.000000 0.000000 0.000000
3 3.890447 0.000000 0.000000 -1.648676 -0.185564 -1.479929
4 20.402582 0.000000 0.000000 -0.000000 0.000000 0.757599
5 17.754948 -0.000000 0.000000 -0.222332 0.260188 -1.558029
6 5.733515 0.000000 0.000000 0.009647 -0.019275 -0.381660
7 -3.890447 0.000000 -0.000000 -1.297132 0.010123 -2.105645
8 20.402582 0.000000 -0.000000 0.000000 0.000000 0.775926
9 17.754948 -0.000000 0.000000 0.390101 -0.082602 -1.664450
10 5.733515 -0.000000 -0.000000 -0.098181 0.014430 -0.337375
11 0.000000 3.345132 -1.055022 1.584574 0.028240 1.735479
12 4.232848 -0.000000 -0.000000 0.026778 0.139635 0.123113
13 4.327481 -0.000000 0.000000 0.014676 0.046352 0.149720
14 6.430522 0.000000 0.000000 0.122340 0.235663 0.460122
15 5.754028 0.000000 -0.000000 2.736522 0.348351 0.570946
16 4.208960 0.000000 -0.000000 0.410973 0.008520 0.988675
17 4.203462 1.484258 1.588960 -0.244433 -1.106942 -1.467983
18 5.124548 -0.000000 0.000000 -1.074716 -0.137251 -1.570690
19 11.580950 0.000000 -0.000000 -0.000000 0.000000 -0.564190
20 11.182189 -0.000002 -0.000032 1.523084 0.046332 -0.278013
21 3.342010 -0.071954 -1.535773 0.070874 0.142154 -0.247798
22 1.760565 0.000000 0.000000 0.003707 0.008347 -0.417902
23 0.946777 0.000000 -0.000000 -0.059844 -0.161510 -0.356655
24 3.650005 0.195886 -0.591614 0.065848 0.111437 -0.286501
25 1.940476 0.000000 0.000000 -0.063015 -0.157361 -0.382781
26 1.194153 0.000000 -0.000000 0.017478 0.067896 -0.252168
27 3.920878 0.176868 0.421353 0.034918 -0.002119 -0.237374
28 2.398545 0.000000 -0.000000 -0.016327 -0.028042 -0.527349
29 1.228913 0.000000 0.000000 0.006292 0.038933 -0.160270
30 3.969047 0.108842 1.535248 0.028607 -0.031328 -0.228206
31 1.959841 0.000000 0.000000 0.054600 0.111020 -0.458274
32 1.099742 0.000000 0.000000 0.010217 0.062642 -0.161791
33 1.244744 -0.896944 1.073525 1.541960 -0.431286 -0.187296
34 1.976136 0.000000 0.000000 -0.000000 -0.068928 -0.257871
35 1.377138 0.000000 0.000000 0.000000 -0.022268 0.192117
36 4.203462 1.484258 -1.588960 -0.341310 1.221944 -2.024841
37 5.124548 0.000000 0.000000 2.339725 0.478334 -0.752976
38 11.580950 0.000000 0.000000 -0.000000 0.000000 -0.397158
39 11.182171 -0.000002 0.000017 -1.870326 0.081925 -0.327203
40 3.342029 -0.078177 1.535469 -0.066822 -0.142155 -0.247795
41 1.760565 0.000000 0.000000 -0.003707 -0.008347 -0.417902
42 0.946777 0.000000 0.000000 0.059844 0.161510 -0.356655
43 3.650023 0.193487 0.592403 -0.061796 -0.111438 -0.286498
44 1.940476 0.000000 0.000000 0.063015 0.157361 -0.382781
45 1.194153 -0.000000 0.000000 -0.017478 -0.067896 -0.252168
46 3.920897 0.178574 -0.420632 -0.030866 0.002118 -0.237370
47 2.398545 0.000000 -0.000000 0.016327 0.028042 -0.527349
48 1.228913 -0.000000 0.000000 -0.006292 -0.038933 -0.160270
49 3.969067 0.115063 -1.534794 -0.024555 0.031327 -0.228202
50 1.959841 0.000000 0.000000 -0.054600 -0.111020 -0.458274
51 1.099742 -0.000000 -0.000000 -0.010217 -0.062642 -0.161791
52 1.244767 -0.892595 -1.077153 -1.537577 0.432036 -0.185459
53 1.976136 0.000000 0.000000 0.000000 0.068928 -0.257871
54 1.377138 0.000000 0.000000 -0.000000 0.022268 0.192117
time 178
0 0.000000 0.000000 0.000000 1.570796 0.000000 0.000000
1 0.234470 0.832866 37.697182 1.370377 -0.148220 0.244434
2 0.000000 0.000000 0.000000 0.000000 0.000000 0.000000
3 3.890447 0.000000 0.000000 -1.649350 -0.185156 -1.479807
4 20.402582 -0.000000 -0.000000 -0.000000 0.000000 0.756573
5 17.754948 -0.000000 0.000000 -0.222308 0.263567 -1.557488
6 5.733515 0.000000 0.000000 0.009643 -0.019302 -0.383340
7 -3.890447 0.000000 -0.000000 -1.296672 0.011511 -2.105783
8 20.402582 -0.000000 0.000000 0.000000 -0.000000 0.777350
9 17.754948 -0.000000 0.000000 0.390542 -0.080665 -1.666259
10 5.733515 -0.000000 -0.000000 -0.098181 0.014426 -0.337117
11 0.000000 3.345132 -1.055022 1.585138 0.028556 1.735592
12 4.232848 -0.000000 0.000000 0.027087 0.139164 0.123425
13 4.327481 0.000000 0.000000 0.014823 0.046282 0.151029
14 6.430522 0.000000 -0.000000 0.122474 0.235724 0.461210
15 5.754028 0.000000 -0.000000 2.751112 0.352017 0.575316
16 4.208960 -0.000000 0.000000 0.416855 0.003625 0.983062
17 4.203462 1.484258 1.588960 -0.239606 -1.105347 -1.466061
18 5.124548 -0.000000 -0.000000 -1.078283 -0.130858 -1.576938
19 11.580950 -0.000000 -0.000000 0.000000 0.000000 -0.555108
20 11.182189 -0.000002 -0.000032 1.531947 0.060159 -0.272355
21 3.342010 -0.071954 -1.535773 0.070874 0.142154 -0.247798
22 1.760565 0.000000 0.000000 0.003707 0.008347 -0.417902
23 0.946777 0.000000 -0.000000 -0.059844 -0.161510 -0.356655
24 3.650005 0.195886 -0.591614 0.065848 0.111437 -0.286501
25 1.940476 0.000000 -0.000000 -0.063015 -0.157361 -0.382781
26 1.194153 0.000000 -0.000000 0.017478 0.067896 -0.252168
27 3.920878 0.176868 0.421353 0.034918 -0.002119 -0.237374
28 2.398545 -0.000000 0.000000 -0.016327 -0.028042 -0.527349
29 1.228913 -0.000000 -0.000000 0.006292 0.038933 -0.160270
30 3.969047 0.108842 1.535248 0.028607 -0.031328 -0.228206
31 1.959841 -0.000000 0.000000 0.054600 0.111020 -0.458274
32 1.099742 0.000000 -0.000000 0.010217 0.062642 -0.161791
33 1.244744 -0.896944 1.073525 1.541960 -0.431286 -0.187296
34 1.976136 0.000000 0.000000 0.000000 -0.068928 -0.257871
35 1.377138 0.000000 0.000000 0.000000 -0.022268 0.192117
36 4.203462 1.484258 -1.588960 -0.342252 1.226388 -2.029061
37 5.124548 0.000000 0.000000 2.328130 0.476566 -0.743615
38 11.580950 -0.000000 0.000000 0.000000 0.000000 -0.410072
39 11.182171 -0.000002 0.000017 -1.856418 0.083556 -0.333614
40 3.342029 -0.078177 1.535469 -0.066822 -0.142155 -0.247795
41 1.760565 0.000000 0.000000 -0.003707 -0.008347 -0.417902
42 0.946777 0.000000 -0.000000 0.059844 0.161510 -0.356655
43 3.650023 0.193487 0.592403 -0.061796 -0.111438 -0.286498
44 1.940476 0.000000 -0.000000 0.063015 0.157361 -0.382781
45 1.194153 0.000000 0.000000 -0.017478 -0.067896 -0.252168
46 3.920897 0.178574 -0.420632 -0.030866 0.002118 -0.237370
47 2.398545 -0.000000 -0.000000 0.016327 0.028042 -0.527349
48 1.228913 0.000000 0.000000 -0.006292 -0.038933 -0.160270
49 3.969067 0.115063 -1.534794 -0.024555 0.031327 -0.228202
50 1.959841 -0.000000 0.000000 -0.054600 -0.111020 -0.458274
51 1.099742 0.000000 0.000000 -0.010217 -0.062642 -0.161791
52 1.244767 -0.892595 -1.077153 -1.537577 0.432036 -0.185459
53 1.976136 0.000000 0.000000 0.000000 0.068928 -0.257871
54 1.377138 -0.000000 -0.000000 -0.000000 0.022268 0.192117
time 179
0 0.000000 0.000000 0.000000 1.570796 0.000000 0.000000
1 0.224590 0.826376 37.692295 1.369818 -0.148666 0.245799
2 0.000000 0.000000 0.000000 0.000000 0.000000 0.000000
3 3.890447 0.000000 0.000000 -1.649774 -0.184885 -1.479914
4 20.402582 -0.000000 0.000000 0.000000 -0.000000 0.756667
5 17.754948 0.000000 0.000000 -0.222156 0.264939 -1.557725
6 5.733515 0.000000 0.000000 0.009640 -0.019330 -0.384985
7 -3.890447 0.000000 -0.000000 -1.296047 0.012425 -2.106295
8 20.402582 0.000000 0.000000 -0.000000 0.000000 0.778121
9 17.754948 -0.000000 0.000000 0.390812 -0.080472 -1.667290
10 5.733515 0.000000 0.000000 -0.098181 0.014427 -0.337161
11 0.000000 3.345132 -1.055022 1.585574 0.028451 1.734798
12 4.232848 -0.000000 -0.000000 0.027118 0.138295 0.124278
13 4.327481 -0.000000 0.000000 0.014729 0.045943 0.152314
14 6.430522 0.000000 0.000000 0.123279 0.237349 0.462947
15 5.754028 0.000000 0.000000 2.762868 0.354653 0.571379
16 4.208960 0.000000 0.000000 0.414612 -0.002345 0.987402
17 4.203462 1.484258 1.588960 -0.237354 -1.106764 -1.467350
18 5.124548 0.000000 -0.000000 -1.080005 -0.121093 -1.581235
19 11.580950 0.000000 -0.000000 -0.000000 0.000000 -0.542722
20 11.182189 -0.000002 -0.000032 1.541369 0.081431 -0.270137
21 3.342010 -0.071954 -1.535773 0.070874 0.142154 -0.247798
22 1.760565 0.000000 0.000000 0.003707 0.008347 -0.417902
23 0.946777 0.000000 0.000000 -0.059844 -0.161510 -0.356655
24 3.650005 0.195886 -0.591614 0.065848 0.111437 -0.286501
25 1.940476 0.000000 -0.000000 -0.063015 -0.157361 -0.382781
26 1.194153 0.000000 0.000000 0.017478 0.067896 -0.252168
27 3.920878 0.176868 0.421353 0.034918 -0.002119 -0.237374
28 2.398545 0.000000 -0.000000 -0.016327 -0.028042 -0.527349
29 1.228913 0.000000 0.000000 0.006292 0.038933 -0.160270
30 3.969047 0.108842 1.535248 0.028607 -0.031328 -0.228206
31 1.959841 0.000000 0.000000 0.054600 0.111020 -0.458274
32 1.099742 0.000000 0.000000 0.010217 0.062642 -0.161791
33 1.244744 -0.896944 1.073525 1.541960 -0.431286 -0.187296
34 1.976136 0.000000 0.000000 0.000000 -0.068928 -0.257871
35 1.377138 0.000000 0.000000 0.000000 -0.022268 0.192117
36 4.203462 1.484258 -1.588960 -0.343084 1.227499 -2.032597
37 5.124548 0.000000 0.000000 2.323627 0.477663 -0.734834
38 11.580950 0.000000 0.000000 0.000000 0.000000 -0.420929
39 11.182171 -0.000002 0.000017 -1.849712 0.084276 -0.336864
40 3.342029 -0.078177 1.535469 -0.066822 -0.142155 -0.247795
41 1.760565 0.000000 -0.000000 -0.003707 -0.008347 -0.417902
42 0.946777 -0.000000 -0.000000 0.059844 0.161510 -0.356655
43 3.650023 0.193487 0.592403 -0.061796 -0.111438 -0.286498
44 1.940476 -0.000000 0.000000 0.063015 0.157361 -0.382781
45 1.194153 -0.000000 -0.000000 -0.017478 -0.067896 -0.252168
46 3.920897 0.178574 -0.420632 -0.030866 0.002118 -0.237370
47 2.398545 0.000000 0.000000 0.016327 0.028042 -0.527349
48 1.228913 0.000000 0.000000 -0.006292 -0.038933 -0.160270
49 3.969067 0.115063 -1.534794 -0.024555 0.031327 -0.228202
50 1.959841 -0.000000 0.000000 -0.054600 -0.111020 -0.458274
51 1.099742 -0.000000 0.000000 -0.010217 -0.062642 -0.161791
52 1.244767 -0.892595 -1.077153 -1.537577 0.432036 -0.185459
53 1.976136 0.000000 0.000000 -0.000000 0.068928 -0.257871
54 1.377138 0.000000 0.000000 -0.000000 0.022268 0.192117
time 180
0 0.000000 0.000000 0.000000 1.570796 0.000000 0.000000
1 0.233713 0.821018 37.687042 1.369599 -0.148718 0.245605
2 0.000000 0.000000 0.000000 0.000000 0.000000 0.000000
3 3.890447 0.000000 0.000000 -1.649680 -0.184856 -1.480196
4 20.402582 0.000000 -0.000000 -0.000000 0.000000 0.757712
5 17.754948 -0.000000 0.000000 -0.222352 0.264412 -1.558708
6 5.733515 0.000000 0.000000 0.009640 -0.019331 -0.385073
7 -3.890447 -0.000000 -0.000000 -1.295601 0.012747 -2.106914
8 20.402582 -0.000000 0.000000 -0.000000 0.000000 0.778258
9 17.754948 -0.000000 0.000000 0.390902 -0.081438 -1.667564
10 5.733515 -0.000000 0.000000 -0.098180 0.014433 -0.337530
11 0.000000 3.345132 -1.055022 1.585585 0.027772 1.732602
12 4.232848 -0.000000 0.000000 0.026835 0.137975 0.125239
13 4.327481 0.000000 -0.000000 0.014640 0.045617 0.154218
14 6.430522 0.000000 0.000000 0.124338 0.239498 0.464176
15 5.754028 0.000000 0.000000 2.767574 0.357042 0.562870
16 4.208960 0.000000 0.000000 0.401845 -0.004200 0.994423
17 4.203462 1.484258 1.588960 -0.239338 -1.108223 -1.466968
18 5.124548 0.000000 -0.000000 -1.078990 -0.108407 -1.585192
19 11.580950 0.000000 0.000000 0.000000 -0.000000 -0.532823
20 11.182189 -0.000002 -0.000032 1.556347 0.100013 -0.271636
21 3.342010 -0.071954 -1.535773 0.070874 0.142154 -0.247798
22 1.760565 0.000000 0.000000 0.003707 0.008347 -0.417902
23 0.946777 0.000000 0.000000 -0.059844 -0.161510 -0.356655
24 3.650005 0.195886 -0.591614 0.065848 0.111437 -0.286501
25 1.940476 -0.000000 0.000000 -0.063015 -0.157361 -0.382781
26 1.194153 0.000000 0.000000 0.017478 0.067896 -0.252168
27 3.920878 0.176868 0.421353 0.034918 -0.002119 -0.237374
28 2.398545 0.000000 0.000000 -0.016327 -0.028042 -0.527349
29 1.228913 0.000000 0.000000 0.006292 0.038933 -0.160270
30 3.969047 0.108842 1.535248 0.028607 -0.031328 -0.228206
31 1.959841 0.000000 0.000000 0.054600 0.111020 -0.458274
32 1.099742 0.000000 0.000000 0.010217 0.062642 -0.161791
33 1.244744 -0.896944 1.073525 1.541960 -0.431286 -0.187296
34 1.976136 0.000000 0.000000 0.000000 -0.068928 -0.257871
35 1.377138 0.000000 -0.000000 0.000000 -0.022268 0.192117
36 4.203462 1.484258 -1.588960 -0.340143 1.224610 -2.028905
37 5.124548 0.000000 0.000000 2.328222 0.483899 -0.728830
38 11.580950 -0.000000 -0.000000 0.000000 0.000000 -0.426905
39 11.182171 -0.000002 0.000017 -1.849225 0.083196 -0.341758
40 3.342029 -0.078177 1.535469 -0.066822 -0.142155 -0.247795
41 1.760565 0.000000 0.000000 -0.003707 -0.008347 -0.417902
42 0.946777 0.000000 0.000000 0.059844 0.161510 -0.356655
43 3.650023 0.193487 0.592403 -0.061796 -0.111438 -0.286498
44 1.940476 0.000000 0.000000 0.063015 0.157361 -0.382781
45 1.194153 -0.000000 0.000000 -0.017478 -0.067896 -0.252168
46 3.920897 0.178574 -0.420632 -0.030866 0.002118 -0.237370
47 2.398545 0.000000 0.000000 0.016327 0.028042 -0.527349
48 1.228913 -0.000000 -0.000000 -0.006292 -0.038933 -0.160270
49 3.969067 0.115063 -1.534794 -0.024555 0.031327 -0.228202
50 1.959841 -0.000000 0.000000 -0.054600 -0.111020 -0.458274
51 1.099742 -0.000000 0.000000 -0.010217 -0.062642 -0.161791
52 1.244767 -0.892595 -1.077153 -1.537577 0.432036 -0.185459
53 1.976136 -0.000000 0.000000 0.000000 0.068928 -0.257871
54 1.377138 0.000000 0.000000 -0.000000 0.022268 0.192117
time 181
0 0.000000 0.000000 0.000000 1.570796 0.000000 0.000000
1 0.285054 0.812125 37.676746 1.369592 -0.148432 0.243127
2 0.000000 0.000000 0.000000 0.000000 0.000000 0.000000
3 3.890447 0.000000 0.000000 -1.649062 -0.185123 -1.481342
4 20.402582 -0.000000 0.000000 0.000000 0.000000 0.761176
5 17.754948 0.000000 -0.000000 -0.221242 0.260281 -1.560924
6 5.733515 0.000000 0.000000 0.009635 -0.019365 -0.387088
7 -3.890447 0.000000 -0.000000 -1.294895 0.012690 -2.108616
8 20.402582 0.000000 0.000000 -0.000000 0.000000 0.777479
9 17.754948 -0.000000 0.000000 0.391244 -0.085353 -1.667008
10 5.733515 -0.000000 0.000000 -0.098179 0.014437 -0.337798
11 0.000000 3.345132 -1.055022 1.585686 0.026963 1.731320
12 4.232848 0.000000 0.000000 0.026444 0.136638 0.126772
13 4.327481 -0.000000 0.000000 0.014363 0.045025 0.156079
14 6.430522 0.000000 0.000000 0.125317 0.241759 0.465752
15 5.754028 -0.000000 -0.000000 2.759353 0.356532 0.548557
16 4.208960 0.000000 -0.000000 0.376346 -0.000635 1.004230
17 4.203462 1.484258 1.588960 -0.245406 -1.109604 -1.463744
18 5.124548 -0.000000 0.000000 -1.075039 -0.095760 -1.587960
19 11.580950 0.000000 0.000000 -0.000000 -0.000000 -0.531736
20 11.182189 -0.000002 -0.000032 1.574061 0.120433 -0.256297
21 3.342010 -0.071954 -1.535773 0.070874 0.142154 -0.247798
22 1.760565 0.000000 -0.000000 0.003707 0.008347 -0.417902
23 0.946777 0.000000 0.000000 -0.059844 -0.161510 -0.356655
24 3.650005 0.195886 -0.591614 0.065848 0.111437 -0.286501
25 1.940476 0.000000 0.000000 -0.063015 -0.157361 -0.382781
26 1.194153 0.000000 -0.000000 0.017478 0.067896 -0.252168
27 3.920878 0.176868 0.421353 0.034918 -0.002119 -0.237374
28 2.398545 0.000000 0.000000 -0.016327 -0.028042 -0.527349
29 1.228913 -0.000000 0.000000 0.006292 0.038933 -0.160270
30 3.969047 0.108842 1.535248 0.028607 -0.031328 -0.228206
31 1.959841 0.000000 -0.000000 0.054600 0.111020 -0.458274
32 1.099742 0.000000 0.000000 0.010217 0.062642 -0.161791
33 1.244744 -0.896944 1.073525 1.541960 -0.431286 -0.187296
34 1.976136 0.000000 0.000000 0.000000 -0.068928 -0.257871
35 1.377138 0.000000 -0.000000 -0.000000 -0.022268 0.192117
36 4.203462 1.484258 -1.588960 -0.337170 1.218884 -2.022978
37 5.124548 -0.000000 0.000000 2.339284 0.492784 -0.724730
38 11.580950 0.000000 -0.000000 0.000000 -0.000000 -0.428763
39 11.182171 -0.000002 0.000017 -1.850127 0.080577 -0.345908
40 3.342029 -0.078177 1.535469 -0.066822 -0.142155 -0.247795
41 1.760565 0.000000 -0.000000 -0.003707 -0.008347 -0.417902
42 0.946777 0.000000 0.000000 0.059844 0.161510 -0.356655
43 3.650023 0.193487 0.592403 -0.061796 -0.111438 -0.286498
44 1.940476 -0.000000 0.000000 0.063015 0.157361 -0.382781
45 1.194153 0.000000 0.000000 -0.017478 -0.067896 -0.252168
46 3.920897 0.178574 -0.420632 -0.030866 0.002118 -0.237370
47 2.398545 0.000000 -0.000000 0.016327 0.028042 -0.527349
48 1.228913 0.000000 0.000000 -0.006292 -0.038933 -0.160270
49 3.969067 0.115063 -1.534794 -0.024555 0.031327 -0.228202
50 1.959841 0.000000 -0.000000 -0.054600 -0.111020 -0.458274
51 1.099742 -0.000000 0.000000 -0.010217 -0.062642 -0.161791
52 1.244767 -0.892595 -1.077153 -1.537577 0.432036 -0.185459
53 1.976136 0.000000 -0.000000 -0.000000 0.068928 -0.257871
54 1.377138 -0.000000 0.000000 -0.000000 0.022268 0.192117
time 182
0 0.000000 0.000000 0.000000 1.570796 0.000000 0.000000
1 0.354230 0.814572 37.669605 1.370329 -0.147674 0.238807
2 0.000000 0.000000 0.000000 0.000000 0.000000 0.000000
3 3.890447 0.000000 0.000000 -1.648063 -0.186052 -1.482603
4 20.402582 0.000000 0.000000 -0.000000 -0.000000 0.765115
5 17.754948 0.000000 0.000000 -0.220339 0.254142 -1.563136
6 5.733515 -0.000000 0.000000 0.009634 -0.019371 -0.387445
7 -3.890447 0.000000 -0.000000 -1.295035 0.011260 -2.110016
8 20.402582 -0.000000 0.000000 0.000000 0.000000 0.775870
9 17.754948 -0.000000 -0.000000 0.391639 -0.089762 -1.665200
10 5.733515 0.000000 0.000000 -0.098178 0.014446 -0.338338
11 0.000000 3.345132 -1.055022 1.585653 0.025464 1.729167
12 4.232848 0.000000 0.000000 0.025986 0.135809 0.128467
13 4.327481 -0.000000 0.000000 0.014056 0.044573 0.157641
14 6.430522 0.000000 -0.000000 0.126205 0.243794 0.466734
15 5.754028 0.000000 -0.000000 2.743133 0.354031 0.531599
16 4.208960 0.000000 0.000000 0.340933 0.006198 1.015417
17 4.203462 1.484258 1.588960 -0.254433 -1.110621 -1.456974
18 5.124548 -0.000000 -0.000000 -1.071289 -0.086972 -1.591163
19 11.580950 0.000000 0.000000 0.000000 -0.000000 -0.529247
20 11.182189 -0.000002 -0.000032 1.587537 0.140186 -0.246608
21 3.342010 -0.071954 -1.535773 0.070874 0.142154 -0.247798
22 1.760565 0.000000 -0.000000 0.003707 0.008347 -0.417902
23 0.946777 0.000000 0.000000 -0.059844 -0.161510 -0.356655
24 3.650005 0.195886 -0.591614 0.065848 0.111437 -0.286501
25 1.940476 0.000000 0.000000 -0.063015 -0.157361 -0.382781
26 1.194153 0.000000 0.000000 0.017478 0.067896 -0.252168
27 3.920878 0.176868 0.421353 0.034918 -0.002119 -0.237374
28 2.398545 0.000000 -0.000000 -0.016327 -0.028042 -0.527349
29 1.228913 0.000000 0.000000 0.006292 0.038933 -0.160270
30 3.969047 0.108842 1.535248 0.028607 -0.031328 -0.228206
31 1.959841 0.000000 0.000000 0.054600 0.111020 -0.458274
32 1.099742 0.000000 -0.000000 0.010217 0.062642 -0.161791
33 1.244744 -0.896944 1.073525 1.541960 -0.431286 -0.187296
34 1.976136 0.000000 0.000000 -0.000000 -0.068928 -0.257871
35 1.377138 -0.000000 0.000000 0.000000 -0.022268 0.192117
36 4.203462 1.484258 -1.588960 -0.335366 1.211126 -2.017405
37 5.124548 -0.000000 0.000000 2.350672 0.502277 -0.721716
38 11.580950 -0.000000 0.000000 0.000000 0.000000 -0.428817
39 11.182171 -0.000002 0.000017 -1.844832 0.084477 -0.339250
40 3.342029 -0.078177 1.535469 -0.066822 -0.142155 -0.247795
41 1.760565 0.000000 0.000000 -0.003707 -0.008347 -0.417902
42 0.946777 0.000000 -0.000000 0.059844 0.161510 -0.356655
43 3.650023 0.193487 0.592403 -0.061796 -0.111438 -0.286498
44 1.940476 0.000000 0.000000 0.063015 0.157361 -0.382781
45 1.194153 0.000000 0.000000 -0.017478 -0.067896 -0.252168
46 3.920897 0.178574 -0.420632 -0.030866 0.002118 -0.237370
47 2.398545 0.000000 -0.000000 0.016327 0.028042 -0.527349
48 1.228913 -0.000000 0.000000 -0.006292 -0.038933 -0.160270
49 3.969067 0.115063 -1.534794 -0.024555 0.031327 -0.228202
50 1.959841 0.000000 0.000000 -0.054600 -0.111020 -0.458274
51 1.099742 -0.000000 0.000000 -0.010217 -0.062642 -0.161791
52 1.244767 -0.892595 -1.077153 -1.537577 0.432036 -0.185459
53 1.976136 -0.000000 0.000000 -0.000000 0.068928 -0.257871
54 1.377138 0.000000 -0.000000 -0.000000 0.022268 0.192117
time 183
0 0.000000 0.000000 0.000000 1.570796 0.000000 0.000000
1 0.446211 0.823889 37.667732 1.372337 -0.146524 0.232159
2 0.000000 0.000000 0.000000 0.000000 0.000000 0.000000
3 3.890447 0.000000 0.000000 -1.647493 -0.187826 -1.483934
4 20.402582 -0.000000 0.000000 0.000000 0.000000 0.769443
5 17.754948 -0.000000 0.000000 -0.219202 0.245986 -1.565251
6 5.733515 0.000000 0.000000 0.009635 -0.019365 -0.387090
7 -3.890447 0.000000 -0.000000 -1.295927 0.008133 -2.111209
8 20.402582 0.000000 0.000000 0.000000 0.000000 0.772926
9 17.754948 -0.000000 0.000000 0.392130 -0.095030 -1.661997
10 5.733515 0.000000 0.000000 -0.098176 0.014456 -0.338948
11 0.000000 3.345132 -1.055022 1.585201 0.023887 1.727001
12 4.232848 0.000000 0.000000 0.025158 0.135390 0.130338
13 4.327481 0.000000 0.000000 0.013594 0.044202 0.159217
14 6.430522 0.000000 0.000000 0.127364 0.246925 0.468067
15 5.754028 -0.000000 -0.000000 2.718477 0.347695 0.511449
16 4.208960 0.000000 0.000000 0.296939 0.016089 1.032448
17 4.203462 1.484258 1.588960 -0.262977 -1.109479 -1.449235
18 5.124548 0.000000 0.000000 -1.064450 -0.083352 -1.595437
19 11.580950 -0.000000 0.000000 0.000000 0.000000 -0.524290
20 11.182189 -0.000002 -0.000032 1.592498 0.149893 -0.248735
21 3.342010 -0.071954 -1.535773 0.070874 0.142154 -0.247798
22 1.760565 0.000000 0.000000 0.003707 0.008347 -0.417902
23 0.946777 0.000000 0.000000 -0.059844 -0.161510 -0.356655
24 3.650005 0.195886 -0.591614 0.065848 0.111437 -0.286501
25 1.940476 0.000000 0.000000 -0.063015 -0.157361 -0.382781
26 1.194153 0.000000 0.000000 0.017478 0.067896 -0.252168
27 3.920878 0.176868 0.421353 0.034918 -0.002119 -0.237374
28 2.398545 0.000000 -0.000000 -0.016327 -0.028042 -0.527349
29 1.228913 0.000000 0.000000 0.006292 0.038933 -0.160270
30 3.969047 0.108842 1.535248 0.028607 -0.031328 -0.228206
31 1.959841 0.000000 -0.000000 0.054600 0.111020 -0.458274
32 1.099742 0.000000 0.000000 0.010217 0.062642 -0.161791
33 1.244744 -0.896944 1.073525 1.541960 -0.431286 -0.187296
34 1.976136 -0.000000 0.000000 0.000000 -0.068928 -0.257871
35 1.377138 -0.000000 0.000000 -0.000000 -0.022268 0.192117
36 4.203462 1.484258 -1.588960 -0.328211 1.204136 -2.009678
37 5.124548 -0.000000 -0.000000 2.361931 0.507718 -0.720737
38 11.580950 -0.000000 0.000000 0.000000 0.000000 -0.426645
39 11.182171 -0.000002 0.000017 -1.845056 0.086487 -0.336296
40 3.342029 -0.078177 1.535469 -0.066822 -0.142155 -0.247795
41 1.760565 0.000000 -0.000000 -0.003707 -0.008347 -0.417902
42 0.946777 0.000000 0.000000 0.059844 0.161510 -0.356655
43 3.650023 0.193487 0.592403 -0.061796 -0.111438 -0.286498
44 1.940476 0.000000 -0.000000 0.063015 0.157361 -0.382781
45 1.194153 0.000000 0.000000 -0.017478 -0.067896 -0.252168
46 3.920897 0.178574 -0.420632 -0.030866 0.002118 -0.237370
47 2.398545 0.000000 0.000000 0.016327 0.028042 -0.527349
48 1.228913 0.000000 0.000000 -0.006292 -0.038933 -0.160270
49 3.969067 0.115063 -1.534794 -0.024555 0.031327 -0.228202
50 1.959841 0.000000 -0.000000 -0.054600 -0.111020 -0.458274
51 1.099742 -0.000000 0.000000 -0.010217 -0.062642 -0.161791
52 1.244767 -0.892595 -1.077153 -1.537577 0.432036 -0.185459
53 1.976136 0.000000 -0.000000 -0.000000 0.068928 -0.257871
54 1.377138 0.000000 0.000000 -0.000000 0.022268 0.192117
time 184
0 0.000000 0.000000 0.000000 1.570796 0.000000 0.000000
1 0.576196 0.822247 37.673382 1.375675 -0.145302 0.220240
2 0.000000 0.000000 0.000000 0.000000 0.000000 0.000000
3 3.890447 0.000000 0.000000 -1.649464 -0.188763 -1.485045
4 20.402582 0.000000 0.000000 -0.000000 -0.000000 0.773831
5 17.754948 -0.000000 0.000000 -0.218437 0.234931 -1.568666
6 5.733515 -0.000000 0.000000 0.009639 -0.019337 -0.385436
7 -3.890447 0.000000 -0.000000 -1.299605 0.002847 -2.112389
8 20.402582 0.000000 0.000000 0.000000 -0.000000 0.767646
9 17.754948 0.000000 0.000000 0.392879 -0.102081 -1.657184
10 5.733515 -0.000000 0.000000 -0.098174 0.014466 -0.339524
11 0.000000 3.345132 -1.055022 1.585448 0.023198 1.725297
12 4.232848 -0.000000 0.000000 0.024838 0.135436 0.132192
13 4.327481 0.000000 0.000000 0.013449 0.044014 0.161804
14 6.430522 -0.000000 0.000000 0.128193 0.248747 0.469939
15 5.754028 0.000000 0.000000 2.685654 0.347441 0.495257
16 4.208960 0.000000 0.000000 0.240521 0.035693 1.055791
17 4.203462 1.484258 1.588960 -0.275252 -1.107743 -1.436093
18 5.124548 0.000000 -0.000000 -1.054021 -0.084516 -1.600380
19 11.580950 -0.000000 0.000000 -0.000000 0.000000 -0.523758
20 11.182189 -0.000002 -0.000032 1.595494 0.142512 -0.247447
21 3.342010 -0.071954 -1.535773 0.070874 0.142154 -0.247798
22 1.760565 0.000000 0.000000 0.003707 0.008347 -0.417902
23 0.946777 0.000000 0.000000 -0.059844 -0.161510 -0.356655
24 3.650005 0.195886 -0.591614 0.065848 0.111437 -0.286501
25 1.940476 0.000000 0.000000 -0.063015 -0.157361 -0.382781
26 1.194153 0.000000 -0.000000 0.017478 0.067896 -0.252168
27 3.920878 0.176868 0.421353 0.034918 -0.002119 -0.237374
28 2.398545 0.000000 -0.000000 -0.016327 -0.028042 -0.527349
29 1.228913 0.000000 0.000000 0.006292 0.038933 -0.160270
30 3.969047 0.108842 1.535248 0.028607 -0.031328 -0.228206
31 1.959841 0.000000 -0.000000 0.054600 0.111020 -0.458274
32 1.099742 0.000000 0.000000 0.010217 0.062642 -0.161791
33 1.244744 -0.896944 1.073525 1.541960 -0.431286 -0.187296
34 1.976136 -0.000000 0.000000 -0.000000 -0.068928 -0.257871
35 1.377138 0.000000 0.000000 -0.000000 -0.022268 0.192117
36 4.203462 1.484258 -1.588960 -0.338806 1.197489 -2.024177
37 5.124548 0.000000 0.000000 2.371616 0.507390 -0.712899
38 11.580950 -0.000000 -0.000000 0.000000 0.000000 -0.420596
39 11.182171 -0.000002 0.000017 -1.849093 0.089584 -0.344340
40 3.342029 -0.078177 1.535469 -0.066822 -0.142155 -0.247795
41 1.760565 -0.000000 -0.000000 -0.003707 -0.008347 -0.417902
42 0.946777 -0.000000 0.000000 0.059844 0.161510 -0.356655
43 3.650023 0.193487 0.592403 -0.061796 -0.111438 -0.286498
44 1.940476 0.000000 0.000000 0.063015 0.157361 -0.382781
45 1.194153 -0.000000 0.000000 -0.017478 -0.067896 -0.252168
46 3.920897 0.178574 -0.420632 -0.030866 0.002118 -0.237370
47 2.398545 0.000000 -0.000000 0.016327 0.028042 -0.527349
48 1.228913 -0.000000 -0.000000 -0.006292 -0.038933 -0.160270
49 3.969067 0.115063 -1.534794 -0.024555 0.031327 -0.228202
50 1.959841 0.000000 0.000000 -0.054600 -0.111020 -0.458274
51 1.099742 0.000000 0.000000 -0.010217 -0.062642 -0.161791
52 1.244767 -0.892595 -1.077153 -1.537577 0.432036 -0.185459
53 1.976136 0.000000 0.000000 -0.000000 0.068928 -0.257871
54 1.377138 -0.000000 0.000000 -0.000000 0.022268 0.192117
time 185
0 0.000000 0.000000 0.000000 1.570796 0.000000 0.000000
1 0.732172 0.806127 37.679085 1.379505 -0.143407 0.204369
2 0.000000 0.000000 0.000000 0.000000 0.000000 0.000000
3 3.890447 0.000000 0.000000 -1.655071 -0.188482 -1.484831
4 20.402582 -0.000000 0.000000 0.000000 0.000000 0.778487
5 17.754948 0.000000 0.000000 -0.217853 0.223412 -1.573888
6 5.733515 0.000000 0.000000 0.009649 -0.019261 -0.380823
7 -3.890447 0.000000 -0.000000 -1.305673 -0.003610 -2.112802
8 20.402582 0.000000 0.000000 0.000000 0.000000 0.760855
9 17.754948 0.000000 0.000000 0.393758 -0.110183 -1.651466
10 5.733515 0.000000 0.000000 -0.098172 0.014481 -0.340427
11 0.000000 3.345132 -1.055022 1.585368 0.022260 1.724563
12 4.232848 0.000000 0.000000 0.024372 0.135932 0.134257
13 4.327481 -0.000000 0.000000 0.013240 0.044056 0.164664
14 6.430522 0.000000 0.000000 0.128955 0.250610 0.472106
15 5.754028 0.000000 0.000000 2.647127 0.337195 0.485649
16 4.208960 0.000000 0.000000 0.183280 0.061476 1.070513
17 4.203462 1.484258 1.588960 -0.276268 -1.108468 -1.435775
18 5.124548 0.000000 0.000000 -1.053056 -0.085983 -1.597452
19 11.580950 -0.000000 0.000000 0.000000 -0.000000 -0.528336
20 11.182189 -0.000002 -0.000032 1.597042 0.139961 -0.247952
21 3.342010 -0.071954 -1.535773 0.070874 0.142154 -0.247798
22 1.760565 0.000000 -0.000000 0.003707 0.008347 -0.417902
23 0.946777 0.000000 -0.000000 -0.059844 -0.161510 -0.356655
24 3.650005 0.195886 -0.591614 0.065848 0.111437 -0.286501
25 1.940476 0.000000 -0.000000 -0.063015 -0.157361 -0.382781
26 1.194153 0.000000 0.000000 0.017478 0.067896 -0.252168
27 3.920878 0.176868 0.421353 0.034918 -0.002119 -0.237374
28 2.398545 0.000000 0.000000 -0.016327 -0.028042 -0.527349
29 1.228913 0.000000 0.000000 0.006292 0.038933 -0.160270
30 3.969047 0.108842 1.535248 0.028607 -0.031328 -0.228206
31 1.959841 0.000000 0.000000 0.054600 0.111020 -0.458274
32 1.099742 0.000000 -0.000000 0.010217 0.062642 -0.161791
33 1.244744 -0.896944 1.073525 1.541960 -0.431286 -0.187296
34 1.976136 -0.000000 0.000000 -0.000000 -0.068928 -0.257871
35 1.377138 0.000000 0.000000 0.000000 -0.022268 0.192117
36 4.203462 1.484258 -1.588960 -0.350492 1.195453 -2.035395
37 5.124548 0.000000 0.000000 2.381168 0.503668 -0.704695
38 11.580950 0.000000 -0.000000 0.000000 0.000000 -0.417016
39 11.182171 -0.000002 0.000017 -1.851771 0.095864 -0.348154
40 3.342029 -0.078177 1.535469 -0.066822 -0.142155 -0.247795
41 1.760565 0.000000 -0.000000 -0.003707 -0.008347 -0.417902
42 0.946777 0.000000 0.000000 0.059844 0.161510 -0.356655
43 3.650023 0.193487 0.592403 -0.061796 -0.111438 -0.286498
44 1.940476 0.000000 0.000000 0.063015 0.157361 -0.382781
45 1.194153 0.000000 0.000000 -0.017478 -0.067896 -0.252168
46 3.920897 0.178574 -0.420632 -0.030866 0.002118 -0.237370
47 2.398545 0.000000 0.000000 0.016327 0.028042 -0.527349
48 1.228913 -0.000000 0.000000 -0.006292 -0.038933 -0.160270
49 3.969067 0.115063 -1.534794 -0.024555 0.031327 -0.228202
50 1.959841 0.000000 0.000000 -0.054600 -0.111020 -0.458274
51 1.099742 -0.000000 0.000000 -0.010217 -0.062642 -0.161791
52 1.244767 -0.892595 -1.077153 -1.537577 0.432036 -0.185459
53 1.976136 -0.000000 0.000000 -0.000000 0.068928 -0.257871
54 1.377138 0.000000 0.000000 -0.000000 0.022268 0.192117
time 186
0 0.000000 0.000000 0.000000 1.570796 0.000000 0.000000
1 0.893341 0.782989 37.681419 1.382942 -0.141005 0.188198
2 0.000000 0.000000 0.000000 0.000000 0.000000 0.000000
3 3.890447 0.000000 0.000000 -1.662161 -0.187769 -1.483842
4 20.402582 0.000000 0.000000 -0.000000 -0.000000 0.783494
5 17.754948 0.000000 0.000000 -0.216039 0.212848 -1.579123
6 5.733515 0.000000 0.000000 0.009654 -0.019224 -0.378590
7 -3.890447 0.000000 -0.000000 -1.311829 -0.009392 -2.112838
8 20.402582 0.000000 0.000000 -0.000000 -0.000000 0.753531
9 17.754948 -0.000000 0.000000 0.395098 -0.118476 -1.645907
10 5.733515 0.000000 0.000000 -0.098173 0.014474 -0.340012
11 0.000000 3.345132 -1.055022 1.584066 0.021155 1.724269
12 4.232848 -0.000000 0.000000 0.022937 0.136423 0.136573
13 4.327481 0.000000 0.000000 0.012588 0.044111 0.167750
14 6.430522 0.000000 -0.000000 0.129417 0.252825 0.474432
15 5.754028 0.000000 0.000000 2.625740 0.319523 0.486879
16 4.208960 0.000000 -0.000000 0.137361 0.078419 1.076428
17 4.203462 1.484258 1.588960 -0.269459 -1.107622 -1.442241
18 5.124548 0.000000 -0.000000 -1.054796 -0.092898 -1.591781
19 11.580950 -0.000000 0.000000 0.000000 -0.000000 -0.529978
20 11.182189 -0.000002 -0.000032 1.589721 0.131945 -0.258377
21 3.342010 -0.071954 -1.535773 0.070874 0.142154 -0.247798
22 1.760565 0.000000 0.000000 0.003707 0.008347 -0.417902
23 0.946777 0.000000 -0.000000 -0.059844 -0.161510 -0.356655
24 3.650005 0.195886 -0.591614 0.065848 0.111437 -0.286501
25 1.940476 0.000000 0.000000 -0.063015 -0.157361 -0.382781
26 1.194153 0.000000 0.000000 0.017478 0.067896 -0.252168
27 3.920878 0.176868 0.421353 0.034918 -0.002119 -0.237374
28 2.398545 0.000000 0.000000 -0.016327 -0.028042 -0.527349
29 1.228913 0.000000 0.000000 0.006292 0.038933 -0.160270
30 3.969047 0.108842 1.535248 0.028607 -0.031328 -0.228206
31 1.959841 0.000000 0.000000 0.054600 0.111020 -0.458274
32 1.099742 0.000000 -0.000000 0.010217 0.062642 -0.161791
33 1.244744 -0.896944 1.073525 1.541960 -0.431286 -0.187296
34 1.976136 0.000000 0.000000 0.000000 -0.068928 -0.257871
35 1.377138 0.000000 0.000000 0.000000 -0.022268 0.192117
36 4.203462 1.484258 -1.588960 -0.361520 1.197945 -2.044384
37 5.124548 -0.000000 0.000000 2.392258 0.496136 -0.698118
38 11.580950 0.000000 -0.000000 -0.000000 -0.000000 -0.414038
39 11.182171 -0.000002 0.000017 -1.854399 0.103624 -0.343129
40 3.342029 -0.078177 1.535469 -0.066822 -0.142155 -0.247795
41 1.760565 0.000000 0.000000 -0.003707 -0.008347 -0.417902
42 0.946777 0.000000 0.000000 0.059844 0.161510 -0.356655
43 3.650023 0.193487 0.592403 -0.061796 -0.111438 -0.286498
44 1.940476 0.000000 -0.000000 0.063015 0.157361 -0.382781
45 1.194153 0.000000 0.000000 -0.017478 -0.067896 -0.252168
46 3.920897 0.178574 -0.420632 -0.030866 0.002118 -0.237370
47 2.398545 0.000000 -0.000000 0.016327 0.028042 -0.527349
48 1.228913 0.000000 0.000000 -0.006292 -0.038933 -0.160270
49 3.969067 0.115063 -1.534794 -0.024555 0.031327 -0.228202
50 1.959841 0.000000 0.000000 -0.054600 -0.111020 -0.458274
51 1.099742 0.000000 0.000000 -0.010217 -0.062642 -0.161791
52 1.244767 -0.892595 -1.077153 -1.537577 0.432036 -0.185459
53 1.976136 0.000000 0.000000 -0.000000 0.068928 -0.257871
54 1.377138 0.000000 0.000000 -0.000000 0.022268 0.192117
time 187
0 0.000000 0.000000 0.000000 1.570796 0.000000 0.000000
1 1.037293 0.762058 37.681137 1.386245 -0.137914 0.174659
2 0.000000 0.000000 0.000000 0.000000 0.000000 0.000000
3 3.890447 0.000000 0.000000 -1.667300 -0.188112 -1.482501
4 20.402582 0.000000 -0.000000 0.000000 -0.000000 0.789344
5 17.754948 0.000000 0.000000 -0.215236 0.203445 -1.584941
6 5.733515 0.000000 0.000000 0.009663 -0.019159 -0.374681
7 -3.890447 0.000000 0.000000 -1.316131 -0.014204 -2.111973
8 20.402582 0.000000 0.000000 0.000000 0.000000 0.746677
9 17.754948 -0.000000 0.000000 0.395925 -0.125639 -1.640778
10 5.733515 0.000000 0.000000 -0.098173 0.014474 -0.340053
11 0.000000 3.345132 -1.055022 1.582238 0.020524 1.723498
12 4.232848 0.000000 -0.000000 0.020936 0.136559 0.138724
13 4.327481 -0.000000 0.000000 0.011696 0.044067 0.170882
14 6.430522 0.000000 0.000000 0.130383 0.256395 0.476747
15 5.754028 0.000000 0.000000 2.625354 0.289442 0.495184
16 4.208960 0.000000 0.000000 0.105080 0.090326 1.078702
17 4.203462 1.484258 1.588960 -0.260884 -1.107372 -1.451348
18 5.124548 -0.000000 0.000000 -1.061930 -0.101863 -1.584865
19 11.580950 0.000000 0.000000 0.000000 -0.000000 -0.533004
20 11.182189 -0.000002 -0.000032 1.577692 0.112721 -0.267965
21 3.342010 -0.071954 -1.535773 0.070874 0.142154 -0.247798
22 1.760565 0.000000 0.000000 0.003707 0.008347 -0.417902
23 0.946777 0.000000 -0.000000 -0.059844 -0.161510 -0.356655
24 3.650005 0.195886 -0.591614 0.065848 0.111437 -0.286501
25 1.940476 0.000000 0.000000 -0.063015 -0.157361 -0.382781
26 1.194153 0.000000 -0.000000 0.017478 0.067896 -0.252168
27 3.920878 0.176868 0.421353 0.034918 -0.002119 -0.237374
28 2.398545 0.000000 -0.000000 -0.016327 -0.028042 -0.527349
29 1.228913 0.000000 -0.000000 0.006292 0.038933 -0.160270
30 3.969047 0.108842 1.535248 0.028607 -0.031328 -0.228206
31 1.959841 0.000000 0.000000 0.054600 0.111020 -0.458274
32 1.099742 0.000000 0.000000 0.010217 0.062642 -0.161791
33 1.244744 -0.896944 1.073525 1.541960 -0.431286 -0.187296
34 1.976136 0.000000 0.000000 0.000000 -0.068928 -0.257871
35 1.377138 0.000000 0.000000 0.000000 -0.022268 0.192117
36 4.203462 1.484258 -1.588960 -0.367988 1.199686 -2.050980
37 5.124548 0.000000 -0.000000 2.405717 0.485011 -0.696269
38 11.580950 -0.000000 -0.000000 0.000000 0.000000 -0.408516
39 11.182171 -0.000002 0.000017 -1.857098 0.104624 -0.337410
40 3.342029 -0.078177 1.535469 -0.066822 -0.142155 -0.247795
41 1.760565 0.000000 -0.000000 -0.003707 -0.008347 -0.417902
42 0.946777 -0.000000 0.000000 0.059844 0.161510 -0.356655
43 3.650023 0.193487 0.592403 -0.061796 -0.111438 -0.286498
44 1.940476 -0.000000 0.000000 0.063015 0.157361 -0.382781
45 1.194153 0.000000 -0.000000 -0.017478 -0.067896 -0.252168
46 3.920897 0.178574 -0.420632 -0.030866 0.002118 -0.237370
47 2.398545 0.000000 0.000000 0.016327 0.028042 -0.527349
48 1.228913 -0.000000 0.000000 -0.006292 -0.038933 -0.160270
49 3.969067 0.115063 -1.534794 -0.024555 0.031327 -0.228202
50 1.959841 -0.000000 0.000000 -0.054600 -0.111020 -0.458274
51 1.099742 -0.000000 0.000000 -0.010217 -0.062642 -0.161791
52 1.244767 -0.892595 -1.077153 -1.537577 0.432036 -0.185459
53 1.976136 0.000000 0.000000 -0.000000 0.068928 -0.257871
54 1.377138 0.000000 0.000000 -0.000000 0.022268 0.192117
time 188
0 0.000000 0.000000 0.000000 1.570796 0.000000 0.000000
1 1.190956 0.735734 37.679569 1.389621 -0.134450 0.162098
2 0.000000 0.000000 0.000000 0.000000 0.000000 0.000000
3 3.890447 0.000000 0.000000 -1.671567 -0.188842 -1.481239
4 20.402582 0.000000 0.000000 0.000000 -0.000000 0.795181
5 17.754948 -0.000000 -0.000000 -0.214834 0.194269 -1.591070
6 5.733515 0.000000 0.000000 0.009671 -0.019102 -0.371285
7 -3.890447 0.000000 -0.000000 -1.318925 -0.018216 -2.111335
8 20.402582 0.000000 0.000000 0.000000 -0.000000 0.739240
9 17.754948 -0.000000 -0.000000 0.396701 -0.133657 -1.635269
10 5.733515 0.000000 0.000000 -0.098172 0.014479 -0.340317
11 0.000000 3.345132 -1.055022 1.580482 0.020107 1.723399
12 4.232848 0.000000 0.000000 0.019122 0.136922 0.140422
13 4.327481 -0.000000 0.000000 0.010911 0.044060 0.173632
14 6.430522 0.000000 0.000000 0.130720 0.258605 0.478826
15 5.754028 -0.000000 0.000000 2.641875 0.255256 0.514027
16 4.208960 -0.000000 0.000000 0.081730 0.099028 1.077844
17 4.203462 1.484258 1.588960 -0.251717 -1.108185 -1.461343
18 5.124548 0.000000 0.000000 -1.071383 -0.113278 -1.575709
19 11.580950 0.000000 0.000000 0.000000 0.000000 -0.537741
20 11.182189 -0.000002 -0.000032 1.563837 0.091679 -0.268471
21 3.342010 -0.071954 -1.535773 0.070874 0.142154 -0.247798
22 1.760565 0.000000 -0.000000 0.003707 0.008347 -0.417902
23 0.946777 0.000000 0.000000 -0.059844 -0.161510 -0.356655
24 3.650005 0.195886 -0.591614 0.065848 0.111437 -0.286501
25 1.940476 0.000000 0.000000 -0.063015 -0.157361 -0.382781
26 1.194153 0.000000 -0.000000 0.017478 0.067896 -0.252168
27 3.920878 0.176868 0.421353 0.034918 -0.002119 -0.237374
28 2.398545 0.000000 0.000000 -0.016327 -0.028042 -0.527349
29 1.228913 0.000000 0.000000 0.006292 0.038933 -0.160270
30 3.969047 0.108842 1.535248 0.028607 -0.031328 -0.228206
31 1.959841 0.000000 0.000000 0.054600 0.111020 -0.458274
32 1.099742 0.000000 0.000000 0.010217 0.062642 -0.161791
33 1.244744 -0.896944 1.073525 1.541960 -0.431286 -0.187296
34 1.976136 0.000000 0.000000 -0.000000 -0.068928 -0.257871
35 1.377138 0.000000 -0.000000 0.000000 -0.022268 0.192117
36 4.203462 1.484258 -1.588960 -0.375038 1.198010 -2.056345
37 5.124548 0.000000 -0.000000 2.423228 0.475517 -0.699149
38 11.580950 0.000000 0.000000 -0.000000 -0.000000 -0.401303
39 11.182171 -0.000002 0.000017 -1.866220 0.105604 -0.331478
40 3.342029 -0.078177 1.535469 -0.066822 -0.142155 -0.247795
41 1.760565 0.000000 0.000000 -0.003707 -0.008347 -0.417902
42 0.946777 0.000000 0.000000 0.059844 0.161510 -0.356655
43 3.650023 0.193487 0.592403 -0.061796 -0.111438 -0.286498
44 1.940476 0.000000 0.000000 0.063015 0.157361 -0.382781
45 1.194153 0.000000 0.000000 -0.017478 -0.067896 -0.252168
46 3.920897 0.178574 -0.420632 -0.030866 0.002118 -0.237370
47 2.398545 -0.000000 -0.000000 0.016327 0.028042 -0.527349
48 1.228913 -0.000000 0.000000 -0.006292 -0.038933 -0.160270
49 3.969067 0.115063 -1.534794 -0.024555 0.031327 -0.228202
50 1.959841 0.000000 0.000000 -0.054600 -0.111020 -0.458274
51 1.099742 0.000000 0.000000 -0.010217 -0.062642 -0.161791
52 1.244767 -0.892595 -1.077153 -1.537577 0.432036 -0.185459
53 1.976136 0.000000 -0.000000 -0.000000 0.068928 -0.257871
54 1.377138 -0.000000 0.000000 -0.000000 0.022268 0.192117
time 189
0 0.000000 0.000000 0.000000 1.570796 0.000000 0.000000
1 1.355777 0.709989 37.678112 1.393015 -0.130978 0.149909
2 0.000000 0.000000 0.000000 0.000000 0.000000 0.000000
3 3.890447 0.000000 0.000000 -1.675589 -0.189641 -1.480385
4 20.402582 0.000000 0.000000 -0.000000 -0.000000 0.800881
5 17.754948 -0.000000 -0.000000 -0.214443 0.185209 -1.597517
6 5.733515 0.000000 -0.000000 0.009678 -0.019057 -0.368569
7 -3.890447 0.000000 -0.000000 -1.320143 -0.021656 -2.111507
8 20.402582 0.000000 -0.000000 0.000000 0.000000 0.731107
9 17.754948 0.000000 0.000000 0.397451 -0.143241 -1.629272
10 5.733515 0.000000 0.000000 -0.098171 0.014484 -0.340657
11 -0.000000 3.345132 -1.055022 1.578638 0.019535 1.723110
12 4.232848 0.000000 0.000000 0.017278 0.136981 0.141948
13 4.327481 -0.000000 0.000000 0.010092 0.044108 0.176032
14 6.430522 0.000000 0.000000 0.130834 0.260509 0.480716
15 5.754028 0.000000 -0.000000 2.669126 0.217509 0.535951
16 4.208960 0.000000 0.000000 0.063323 0.105283 1.076726
17 4.203462 1.484258 1.588960 -0.241881 -1.107331 -1.472186
18 5.124548 0.000000 0.000000 -1.080711 -0.125403 -1.567895
19 11.580950 0.000000 0.000000 -0.000000 -0.000000 -0.543231
20 11.182189 -0.000002 -0.000032 1.548512 0.072717 -0.266932
21 3.342010 -0.071954 -1.535773 0.070874 0.142154 -0.247798
22 1.760565 0.000000 0.000000 0.003707 0.008347 -0.417902
23 0.946777 0.000000 0.000000 -0.059844 -0.161510 -0.356655
24 3.650005 0.195886 -0.591614 0.065848 0.111437 -0.286501
25 1.940476 0.000000 0.000000 -0.063015 -0.157361 -0.382781
26 1.194153 0.000000 0.000000 0.017478 0.067896 -0.252168
27 3.920878 0.176868 0.421353 0.034918 -0.002119 -0.237374
28 2.398545 0.000000 0.000000 -0.016327 -0.028042 -0.527349
29 1.228913 0.000000 -0.000000 0.006292 0.038933 -0.160270
30 3.969047 0.108842 1.535248 0.028607 -0.031328 -0.228206
31 1.959841 -0.000000 0.000000 0.054600 0.111020 -0.458274
32 1.099742 0.000000 0.000000 0.010217 0.062642 -0.161791
33 1.244744 -0.896944 1.073525 1.541960 -0.431286 -0.187296
34 1.976136 0.000000 0.000000 0.000000 -0.068928 -0.257871
35 1.377138 0.000000 0.000000 0.000000 -0.022268 0.192117
36 4.203462 1.484258 -1.588960 -0.376347 1.196039 -2.054646
37 5.124548 0.000000 0.000000 2.443434 0.467544 -0.706606
38 11.580950 0.000000 -0.000000 0.000000 0.000000 -0.390011
39 11.182171 -0.000002 0.000017 -1.881455 0.108988 -0.324744
40 3.342029 -0.078177 1.535469 -0.066822 -0.142155 -0.247795
41 1.760565 0.000000 0.000000 -0.003707 -0.008347 -0.417902
42 0.946777 -0.000000 0.000000 0.059844 0.161510 -0.356655
43 3.650023 0.193487 0.592403 -0.061796 -0.111438 -0.286498
44 1.940476 0.000000 0.000000 0.063015 0.157361 -0.382781
45 1.194153 0.000000 0.000000 -0.017478 -0.067896 -0.252168
46 3.920897 0.178574 -0.420632 -0.030866 0.002118 -0.237370
47 2.398545 0.000000 0.000000 0.016327 0.028042 -0.527349
48 1.228913 0.000000 0.000000 -0.006292 -0.038933 -0.160270
49 3.969067 0.115063 -1.534794 -0.024555 0.031327 -0.228202
50 1.959841 -0.000000 0.000000 -0.054600 -0.111020 -0.458274
51 1.099742 0.000000 0.000000 -0.010217 -0.062642 -0.161791
52 1.244767 -0.892595 -1.077153 -1.537577 0.432036 -0.185459
53 1.976136 0.000000 0.000000 -0.000000 0.068928 -0.257871
54 1.377138 0.000000 0.000000 -0.000000 0.022268 0.192117
time 190
0 0.000000 0.000000 0.000000 1.570796 0.000000 0.000000
1 1.499199 0.683645 37.677578 1.396254 -0.127625 0.137934
2 0.000000 0.000000 0.000000 0.000000 0.000000 0.000000
3 3.890447 0.000000 0.000000 -1.680488 -0.190218 -1.478843
4 20.402582 -0.000000 0.000000 -0.000000 -0.000000 0.805949
5 17.754948 0.000000 -0.000000 -0.214034 0.177502 -1.603158
6 5.733515 0.000000 0.000000 0.009681 -0.019032 -0.367061
7 -3.890447 0.000000 -0.000000 -1.322214 -0.025381 -2.110803
8 20.402582 -0.000000 0.000000 0.000000 0.000000 0.723464
9 17.754948 -0.000000 0.000000 0.397999 -0.151396 -1.623813
10 5.733515 0.000000 0.000000 -0.098171 0.014485 -0.340707
11 0.000000 3.345132 -1.055022 1.576851 0.019072 1.722768
12 4.232848 -0.000000 -0.000000 0.015419 0.136613 0.143318
13 4.327481 -0.000000 0.000000 0.009127 0.044064 0.178191
14 6.430522 -0.000000 -0.000000 0.130999 0.262400 0.482672
15 5.754028 0.000000 -0.000000 2.698972 0.177488 0.558266
16 4.208960 0.000000 0.000000 0.046399 0.111958 1.076483
17 4.203462 1.484258 1.588960 -0.229111 -1.108398 -1.486178
18 5.124548 -0.000000 0.000000 -1.092629 -0.138760 -1.559905
19 11.580950 -0.000000 -0.000000 -0.000000 0.000000 -0.547086
20 11.182189 -0.000002 -0.000032 1.535346 0.052357 -0.268593
21 3.342010 -0.071954 -1.535773 0.070874 0.142154 -0.247798
22 1.760565 0.000000 0.000000 0.003707 0.008347 -0.417902
23 0.946777 0.000000 -0.000000 -0.059844 -0.161510 -0.356655
24 3.650005 0.195886 -0.591614 0.065848 0.111437 -0.286501
25 1.940476 0.000000 0.000000 -0.063015 -0.157361 -0.382781
26 1.194153 -0.000000 -0.000000 0.017478 0.067896 -0.252168
27 3.920878 0.176868 0.421353 0.034918 -0.002119 -0.237374
28 2.398545 0.000000 -0.000000 -0.016327 -0.028042 -0.527349
29 1.228913 0.000000 0.000000 0.006292 0.038933 -0.160270
30 3.969047 0.108842 1.535248 0.028607 -0.031328 -0.228206
31 1.959841 -0.000000 0.000000 0.054600 0.111020 -0.458274
32 1.099742 0.000000 0.000000 0.010217 0.062642 -0.161791
33 1.244744 -0.896944 1.073525 1.541960 -0.431286 -0.187296
34 1.976136 0.000000 0.000000 0.000000 -0.068928 -0.257871
35 1.377138 -0.000000 0.000000 0.000000 -0.022268 0.192117
36 4.203462 1.484258 -1.588960 -0.386403 1.195623 -2.061855
37 5.124548 -0.000000 0.000000 2.463496 0.457941 -0.711314
38 11.580950 0.000000 -0.000000 0.000000 0.000000 -0.375193
39 11.182171 -0.000002 0.000017 -1.897517 0.113008 -0.318501
40 3.342029 -0.078177 1.535469 -0.066822 -0.142155 -0.247795
41 1.760565 0.000000 0.000000 -0.003707 -0.008347 -0.417902
42 0.946777 0.000000 0.000000 0.059844 0.161510 -0.356655
43 3.650023 0.193487 0.592403 -0.061796 -0.111438 -0.286498
44 1.940476 0.000000 0.000000 0.063015 0.157361 -0.382781
45 1.194153 0.000000 0.000000 -0.017478 -0.067896 -0.252168
46 3.920897 0.178574 -0.420632 -0.030866 0.002118 -0.237370
47 2.398545 0.000000 0.000000 0.016327 0.028042 -0.527349
48 1.228913 -0.000000 0.000000 -0.006292 -0.038933 -0.160270
49 3.969067 0.115063 -1.534794 -0.024555 0.031327 -0.228202
50 1.959841 0.000000 0.000000 -0.054600 -0.111020 -0.458274
51 1.099742 0.000000 0.000000 -0.010217 -0.062642 -0.161791
52 1.244767 -0.892595 -1.077153 -1.537577 0.432036 -0.185459
53 1.976136 0.000000 -0.000000 0.000000 0.068928 -0.257871
54 1.377138 0.000000 0.000000 0.000000 0.022268 0.192117
time 191
0 0.000000 0.000000 0.000000 1.570796 0.000000 0.000000
1 1.604544 0.655642 37.679085 1.399242 -0.124490 0.126095
2 0.000000 0.000000 0.000000 0.000000 0.000000 0.000000
3 3.890447 0.000000 0.000000 -1.685309 -0.190469 -1.476491
4 20.402582 -0.000000 0.000000 0.000000 -0.000000 0.810199
5 17.754948 -0.000000 0.000000 -0.214270 0.170576 -1.607742
6 5.733515 0.000000 0.000000 0.009682 -0.019028 -0.366788
7 -3.890447 0.000000 -0.000000 -1.325211 -0.029186 -2.109210
8 20.402582 0.000000 0.000000 -0.000000 0.000000 0.716656
9 17.754948 -0.000000 -0.000000 0.398313 -0.158129 -1.619515
10 5.733515 0.000000 0.000000 -0.098172 0.014479 -0.340296
11 0.000000 3.345132 -1.055022 1.575082 0.018898 1.721648
12 4.232848 -0.000000 0.000000 0.013609 0.135390 0.144475
13 4.327481 0.000000 -0.000000 0.008408 0.043650 0.180560
14 6.430522 0.000000 0.000000 0.131741 0.265539 0.484553
15 5.754028 0.000000 0.000000 2.729064 0.135005 0.571637
16 4.208960 0.000000 -0.000000 0.028574 0.118876 1.076164
17 4.203462 1.484258 1.588960 -0.219728 -1.111155 -1.497202
18 5.124548 0.000000 0.000000 -1.105011 -0.151361 -1.554638
19 11.580950 0.000000 0.000000 0.000000 0.000000 -0.549100
20 11.182189 -0.000002 -0.000032 1.524923 0.033993 -0.270935
21 3.342010 -0.071954 -1.535773 0.070874 0.142154 -0.247798
22 1.760565 0.000000 -0.000000 0.003707 0.008347 -0.417902
23 0.946777 0.000000 -0.000000 -0.059844 -0.161510 -0.356655
24 3.650005 0.195886 -0.591614 0.065848 0.111437 -0.286501
25 1.940476 0.000000 0.000000 -0.063015 -0.157361 -0.382781
26 1.194153 -0.000000 0.000000 0.017478 0.067896 -0.252168
27 3.920878 0.176868 0.421353 0.034918 -0.002119 -0.237374
28 2.398545 0.000000 -0.000000 -0.016327 -0.028042 -0.527349
29 1.228913 -0.000000 -0.000000 0.006292 0.038933 -0.160270
30 3.969047 0.108842 1.535248 0.028607 -0.031328 -0.228206
31 1.959841 0.000000 0.000000 0.054600 0.111020 -0.458274
32 1.099742 0.000000 0.000000 0.010217 0.062642 -0.161791
33 1.244744 -0.896944 1.073525 1.541960 -0.431286 -0.187296
34 1.976136 0.000000 0.000000 0.000000 -0.068928 -0.257871
35 1.377138 -0.000000 0.000000 -0.000000 -0.022268 0.192117
36 4.203462 1.484258 -1.588960 -0.395329 1.196146 -2.068013
37 5.124548 0.000000 0.000000 2.486052 0.449927 -0.717833
38 11.580950 0.000000 0.000000 -0.000000 -0.000000 -0.357284
39 11.182171 -0.000002 0.000017 -1.918017 0.116336 -0.310838
40 3.342029 -0.078177 1.535469 -0.066822 -0.142155 -0.247795
41 1.760565 0.000000 0.000000 -0.003707 -0.008347 -0.417902
42 0.946777 0.000000 0.000000 0.059844 0.161510 -0.356655
43 3.650023 0.193487 0.592403 -0.061796 -0.111438 -0.286498
44 1.940476 -0.000000 -0.000000 0.063015 0.157361 -0.382781
45 1.194153 0.000000 0.000000 -0.017478 -0.067896 -0.252168
46 3.920897 0.178574 -0.420632 -0.030866 0.002118 -0.237370
47 2.398545 0.000000 -0.000000 0.016327 0.028042 -0.527349
48 1.228913 0.000000 0.000000 -0.006292 -0.038933 -0.160270
49 3.969067 0.115063 -1.534794 -0.024555 0.031327 -0.228202
50 1.959841 0.000000 0.000000 -0.054600 -0.111020 -0.458274
51 1.099742 -0.000000 0.000000 -0.010217 -0.062642 -0.161791
52 1.244767 -0.892595 -1.077153 -1.537577 0.432036 -0.185459
53 1.976136 0.000000 0.000000 -0.000000 0.068928 -0.257871
54 1.377138 -0.000000 0.000000 0.000000 0.022268 0.192117
time 192
0 0.000000 0.000000 0.000000 1.570796 0.000000 0.000000
1 1.695363 0.626588 37.680668 1.402107 -0.121338 0.114411
2 0.000000 0.000000 0.000000 0.000000 0.000000 0.000000
3 3.890447 0.000000 0.000000 -1.692426 -0.190161 -1.473058
4 20.402582 0.000000 0.000000 0.000000 0.000000 0.813537
5 17.754948 -0.000000 -0.000000 -0.213701 0.165951 -1.611628
6 5.733515 0.000000 0.000000 0.009681 -0.019033 -0.367085
7 -3.890447 0.000000 -0.000000 -1.328480 -0.033257 -2.107089
8 20.402582 0.000000 0.000000 -0.000000 0.000000 0.710596
9 17.754948 0.000000 0.000000 0.398437 -0.164303 -1.615624
10 5.733515 0.000000 0.000000 -0.098173 0.014473 -0.339980
11 0.000000 3.345132 -1.055022 1.573393 0.019282 1.720209
12 4.232848 -0.000000 0.000000 0.011756 0.134061 0.145376
13 4.327481 0.000000 0.000000 0.007571 0.043173 0.182892
14 6.430522 0.000000 0.000000 0.132691 0.268845 0.486545
15 5.754028 0.000000 0.000000 2.757183 0.095720 0.581480
16 4.208960 0.000000 0.000000 0.009506 0.125058 1.074401
17 4.203462 1.484258 1.588960 -0.215529 -1.114666 -1.503645
18 5.124548 0.000000 -0.000000 -1.113860 -0.161581 -1.552081
19 11.580950 0.000000 -0.000000 0.000000 0.000000 -0.551487
20 11.182189 -0.000002 -0.000032 1.515364 0.019288 -0.274116
21 3.342010 -0.071954 -1.535773 0.070874 0.142154 -0.247798
22 1.760565 0.000000 0.000000 0.003707 0.008347 -0.417902
23 0.946777 0.000000 -0.000000 -0.059844 -0.161510 -0.356655
24 3.650005 0.195886 -0.591614 0.065848 0.111437 -0.286501
25 1.940476 0.000000 0.000000 -0.063015 -0.157361 -0.382781
26 1.194153 -0.000000 0.000000 0.017478 0.067896 -0.252168
27 3.920878 0.176868 0.421353 0.034918 -0.002119 -0.237374
28 2.398545 0.000000 -0.000000 -0.016327 -0.028042 -0.527349
29 1.228913 0.000000 0.000000 0.006292 0.038933 -0.160270
30 3.969047 0.108842 1.535248 0.028607 -0.031328 -0.228206
31 1.959841 0.000000 0.000000 0.054600 0.111020 -0.458274
32 1.099742 0.000000 0.000000 0.010217 0.062642 -0.161791
33 1.244744 -0.896944 1.073525 1.541960 -0.431286 -0.187296
34 1.976136 0.000000 0.000000 0.000000 -0.068928 -0.257871
35 1.377138 0.000000 -0.000000 -0.000000 -0.022268 0.192117
36 4.203462 1.484258 -1.588960 -0.396429 1.197010 -2.067506
37 5.124548 -0.000000 0.000000 2.508001 0.442938 -0.728909
38 11.580950 0.000000 0.000000 0.000000 -0.000000 -0.340254
39 11.182171 -0.000002 0.000017 -1.940438 0.117324 -0.302688
40 3.342029 -0.078177 1.535469 -0.066822 -0.142155 -0.247795
41 1.760565 0.000000 0.000000 -0.003707 -0.008347 -0.417902
42 0.946777 -0.000000 0.000000 0.059844 0.161510 -0.356655
43 3.650023 0.193487 0.592403 -0.061796 -0.111438 -0.286498
44 1.940476 0.000000 0.000000 0.063015 0.157361 -0.382781
45 1.194153 -0.000000 0.000000 -0.017478 -0.067896 -0.252168
46 3.920897 0.178574 -0.420632 -0.030866 0.002118 -0.237370
47 2.398545 0.000000 -0.000000 0.016327 0.028042 -0.527349
48 1.228913 0.000000 0.000000 -0.006292 -0.038933 -0.160270
49 3.969067 0.115063 -1.534794 -0.024555 0.031327 -0.228202
50 1.959841 0.000000 -0.000000 -0.054600 -0.111020 -0.458274
51 1.099742 -0.000000 0.000000 -0.010217 -0.062642 -0.161791
52 1.244767 -0.892595 -1.077153 -1.537577 0.432036 -0.185459
53 1.976136 0.000000 0.000000 -0.000000 0.068928 -0.257871
54 1.377138 0.000000 0.000000 -0.000000 0.022268 0.192117
time 193
0 0.000000 0.000000 0.000000 1.570796 0.000000 0.000000
1 1.777503 0.595267 37.687855 1.404675 -0.119479 0.102797
2 0.000000 0.000000 0.000000 0.000000 0.000000 0.000000
3 3.890447 0.000000 0.000000 -1.697804 -0.189042 -1.471508
4 20.402582 0.000000 0.000000 0.000000 0.000000 0.815481
5 17.754948 -0.000000 0.000000 -0.213658 0.159508 -1.614746
6 5.733515 0.000000 -0.000000 0.009679 -0.019046 -0.367904
7 -3.890447 -0.000000 -0.000000 -1.332091 -0.037650 -2.105968
8 20.402582 -0.000000 0.000000 -0.000000 -0.000000 0.705421
9 17.754948 -0.000000 0.000000 0.398214 -0.170252 -1.611862
10 5.733515 0.000000 0.000000 -0.098173 0.014475 -0.340081
11 -0.000000 3.345132 -1.055022 1.571800 0.019783 1.717988
12 4.232848 0.000000 0.000000 0.009922 0.132456 0.146109
13 4.327481 0.000000 0.000000 0.006732 0.042601 0.185016
14 6.430522 0.000000 0.000000 0.133471 0.271866 0.488278
15 5.754028 0.000000 0.000000 2.780468 0.059955 0.591417
16 4.208960 0.000000 0.000000 -0.009462 0.131302 1.070010
17 4.203462 1.484258 1.588960 -0.213877 -1.117939 -1.507826
18 5.124548 -0.000000 0.000000 -1.119326 -0.170295 -1.551333
19 11.580950 -0.000000 0.000000 0.000000 -0.000000 -0.553297
20 11.182189 -0.000002 -0.000032 1.504620 0.013240 -0.277906
21 3.342010 -0.071954 -1.535773 0.070874 0.142154 -0.247798
22 1.760565 0.000000 0.000000 0.003707 0.008347 -0.417902
23 0.946777 0.000000 -0.000000 -0.059844 -0.161510 -0.356655
24 3.650005 0.195886 -0.591614 0.065848 0.111437 -0.286501
25 1.940476 -0.000000 0.000000 -0.063015 -0.157361 -0.382781
26 1.194153 0.000000 0.000000 0.017478 0.067896 -0.252168
27 3.920878 0.176868 0.421353 0.034918 -0.002119 -0.237374
28 2.398545 0.000000 0.000000 -0.016327 -0.028042 -0.527349
29 1.228913 0.000000 0.000000 0.006292 0.038933 -0.160270
30 3.969047 0.108842 1.535248 0.028607 -0.031328 -0.228206
31 1.959841 0.000000 0.000000 0.054600 0.111020 -0.458274
32 1.099742 0.000000 0.000000 0.010217 0.062642 -0.161791
33 1.244744 -0.896944 1.073525 1.541960 -0.431286 -0.187296
34 1.976136 -0.000000 0.000000 -0.000000 -0.068928 -0.257871
35 1.377138 -0.000000 0.000000 0.000000 -0.022268 0.192117
36 4.203462 1.484258 -1.588960 -0.390713 1.196395 -2.061298
37 5.124548 -0.000000 0.000000 2.525938 0.437650 -0.744489
38 11.580950 -0.000000 0.000000 0.000000 0.000000 -0.327477
39 11.182171 -0.000002 0.000017 -1.961480 0.117023 -0.292280
40 3.342029 -0.078177 1.535469 -0.066822 -0.142155 -0.247795
41 1.760565 0.000000 0.000000 -0.003707 -0.008347 -0.417902
42 0.946777 0.000000 0.000000 0.059844 0.161510 -0.356655
43 3.650023 0.193487 0.592403 -0.061796 -0.111438 -0.286498
44 1.940476 -0.000000 0.000000 0.063015 0.157361 -0.382781
45 1.194153 -0.000000 0.000000 -0.017478 -0.067896 -0.252168
46 3.920897 0.178574 -0.420632 -0.030866 0.002118 -0.237370
47 2.398545 0.000000 -0.000000 0.016327 0.028042 -0.527349
48 1.228913 0.000000 -0.000000 -0.006292 -0.038933 -0.160270
49 3.969067 0.115063 -1.534794 -0.024555 0.031327 -0.228202
50 1.959841 0.000000 0.000000 -0.054600 -0.111020 -0.458274
51 1.099742 -0.000000 0.000000 -0.010217 -0.062642 -0.161791
52 1.244767 -0.892595 -1.077153 -1.537577 0.432036 -0.185459
53 1.976136 0.000000 0.000000 -0.000000 0.068928 -0.257871
54 1.377138 0.000000 0.000000 -0.000000 0.022268 0.192117
time 194
0 0.000000 0.000000 0.000000 1.570796 0.000000 0.000000
1 1.848599 0.561288 37.696354 1.406953 -0.118155 0.091190
2 0.000000 0.000000 0.000000 0.000000 0.000000 0.000000
3 3.890447 -0.000000 0.000000 -1.702883 -0.187239 -1.470401
4 20.402582 0.000000 -0.000000 0.000000 0.000000 0.816591
5 17.754948 0.000000 0.000000 -0.214143 0.152872 -1.617616
6 5.733515 -0.000000 0.000000 0.009678 -0.019054 -0.368390
7 -3.890447 0.000000 -0.000000 -1.335381 -0.041927 -2.105440
8 20.402582 0.000000 0.000000 0.000000 0.000000 0.700698
9 17.754948 -0.000000 0.000000 0.397590 -0.176702 -1.608092
10 5.733515 0.000000 -0.000000 -0.098171 0.014483 -0.340574
11 0.000000 3.345132 -1.055022 1.570221 0.020326 1.715538
12 4.232848 0.000000 0.000000 0.008145 0.130812 0.146611
13 4.327481 0.000000 0.000000 0.005917 0.042012 0.186784
14 6.430522 0.000000 -0.000000 0.134135 0.274591 0.489735
15 5.754028 0.000000 0.000000 2.796912 0.028799 0.600943
16 4.208960 0.000000 0.000000 -0.028804 0.138967 1.063966
17 4.203462 1.484258 1.588960 -0.213264 -1.120499 -1.510613
18 5.124548 -0.000000 0.000000 -1.119566 -0.176524 -1.552350
19 11.580950 0.000000 0.000000 -0.000000 0.000000 -0.556874
20 11.182189 -0.000002 -0.000032 1.498091 0.006810 -0.280343
21 3.342010 -0.071954 -1.535773 0.070874 0.142154 -0.247798
22 1.760565 0.000000 0.000000 0.003707 0.008347 -0.417902
23 0.946777 -0.000000 -0.000000 -0.059844 -0.161510 -0.356655
24 3.650005 0.195886 -0.591614 0.065848 0.111437 -0.286501
25 1.940476 0.000000 -0.000000 -0.063015 -0.157361 -0.382781
26 1.194153 -0.000000 0.000000 0.017478 0.067896 -0.252168
27 3.920878 0.176868 0.421353 0.034918 -0.002119 -0.237374
28 2.398545 0.000000 -0.000000 -0.016327 -0.028042 -0.527349
29 1.228913 0.000000 -0.000000 0.006292 0.038933 -0.160270
30 3.969047 0.108842 1.535248 0.028607 -0.031328 -0.228206
31 1.959841 0.000000 -0.000000 0.054600 0.111020 -0.458274
32 1.099742 0.000000 0.000000 0.010217 0.062642 -0.161791
33 1.244744 -0.896944 1.073525 1.541960 -0.431286 -0.187296
34 1.976136 0.000000 0.000000 -0.000000 -0.068928 -0.257871
35 1.377138 0.000000 0.000000 0.000000 -0.022268 0.192117
36 4.203462 1.484258 -1.588960 -0.383001 1.193662 -2.054609
37 5.124548 0.000000 0.000000 2.534167 0.433671 -0.761213
38 11.580950 0.000000 -0.000000 -0.000000 0.000000 -0.317359
39 11.182171 -0.000002 0.000017 -1.975701 0.117130 -0.284689
40 3.342029 -0.078177 1.535469 -0.066822 -0.142155 -0.247795
41 1.760565 -0.000000 0.000000 -0.003707 -0.008347 -0.417902
42 0.946777 0.000000 0.000000 0.059844 0.161510 -0.356655
43 3.650023 0.193487 0.592403 -0.061796 -0.111438 -0.286498
44 1.940476 0.000000 0.000000 0.063015 0.157361 -0.382781
45 1.194153 0.000000 -0.000000 -0.017478 -0.067896 -0.252168
46 3.920897 0.178574 -0.420632 -0.030866 0.002118 -0.237370
47 2.398545 -0.000000 0.000000 0.016327 0.028042 -0.527349
48 1.228913 0.000000 0.000000 -0.006292 -0.038933 -0.160270
49 3.969067 0.115063 -1.534794 -0.024555 0.031327 -0.228202
50 1.959841 -0.000000 -0.000000 -0.054600 -0.111020 -0.458274
51 1.099742 -0.000000 0.000000 -0.010217 -0.062642 -0.161791
52 1.244767 -0.892595 -1.077153 -1.537577 0.432036 -0.185459
53 1.976136 -0.000000 0.000000 -0.000000 0.068928 -0.257871
54 1.377138 0.000000 0.000000 0.000000 0.022268 0.192117
time 195
0 0.000000 0.000000 0.000000 1.570796 0.000000 0.000000
1 1.907835 0.523995 37.704624 1.408939 -0.117049 0.079511
2 0.000000 0.000000 0.000000 0.000000 0.000000 0.000000
3 3.890447 0.000000 0.000000 -1.708095 -0.184966 -1.469224
4 20.402582 0.000000 0.000000 0.000000 0.000000 0.817424
5 17.754948 0.000000 0.000000 -0.214745 0.146376 -1.620278
6 5.733515 0.000000 0.000000 0.009677 -0.019060 -0.368696
7 -3.890447 0.000000 -0.000000 -1.339037 -0.046380 -2.104851
8 20.402582 0.000000 0.000000 -0.000000 -0.000000 0.696870
9 17.754948 0.000000 0.000000 0.396739 -0.182897 -1.604689
10 5.733515 0.000000 0.000000 -0.098169 0.014495 -0.341295
11 0.000000 3.345132 -1.055022 1.568614 0.020896 1.713179
12 4.232848 0.000000 0.000000 0.006449 0.129238 0.146885
13 4.327481 -0.000000 0.000000 0.005131 0.041475 0.188093
14 6.430522 0.000000 0.000000 0.134636 0.277010 0.490782
15 5.754028 -0.000000 -0.000000 2.808780 0.003122 0.611941
16 4.208960 0.000000 0.000000 -0.046639 0.147798 1.056183
17 4.203462 1.484258 1.588960 -0.213439 -1.121817 -1.511014
18 5.124548 -0.000000 0.000000 -1.115161 -0.180935 -1.555482
19 11.580950 0.000000 -0.000000 -0.000000 0.000000 -0.559345
20 11.182189 -0.000002 -0.000032 1.497778 0.000427 -0.286173
21 3.342010 -0.071954 -1.535773 0.070874 0.142154 -0.247798
22 1.760565 0.000000 0.000000 0.003707 0.008347 -0.417902
23 0.946777 -0.000000 0.000000 -0.059844 -0.161510 -0.356655
24 3.650005 0.195886 -0.591614 0.065848 0.111437 -0.286501
25 1.940476 0.000000 0.000000 -0.063015 -0.157361 -0.382781
26 1.194153 -0.000000 0.000000 0.017478 0.067896 -0.252168
27 3.920878 0.176868 0.421353 0.034918 -0.002119 -0.237374
28 2.398545 0.000000 0.000000 -0.016327 -0.028042 -0.527349
29 1.228913 0.000000 0.000000 0.006292 0.038933 -0.160270
30 3.969047 0.108842 1.535248 0.028607 -0.031328 -0.228206
31 1.959841 -0.000000 0.000000 0.054600 0.111020 -0.458274
32 1.099742 0.000000 0.000000 0.010217 0.062642 -0.161791
33 1.244744 -0.896944 1.073525 1.541960 -0.431286 -0.187296
34 1.976136 0.000000 0.000000 -0.000000 -0.068928 -0.257871
35 1.377138 0.000000 0.000000 0.000000 -0.022268 0.192117
36 4.203462 1.484258 -1.588960 -0.376449 1.189968 -2.049839
37 5.124548 -0.000000 0.000000 2.532229 0.430811 -0.776659
38 11.580950 0.000000 -0.000000 0.000000 -0.000000 -0.307846
39 11.182171 -0.000002 0.000017 -1.982171 0.120251 -0.284040
40 3.342029 -0.078177 1.535469 -0.066822 -0.142155 -0.247795
41 1.760565 0.000000 -0.000000 -0.003707 -0.008347 -0.417902
42 0.946777 0.000000 0.000000 0.059844 0.161510 -0.356655
43 3.650023 0.193487 0.592403 -0.061796 -0.111438 -0.286498
44 1.940476 0.000000 0.000000 0.063015 0.157361 -0.382781
45 1.194153 0.000000 0.000000 -0.017478 -0.067896 -0.252168
46 3.920897 0.178574 -0.420632 -0.030866 0.002118 -0.237370
47 2.398545 0.000000 0.000000 0.016327 0.028042 -0.527349
48 1.228913 0.000000 0.000000 -0.006292 -0.038933 -0.160270
49 3.969067 0.115063 -1.534794 -0.024555 0.031327 -0.228202
50 1.959841 0.000000 0.000000 -0.054600 -0.111020 -0.458274
51 1.099742 0.000000 -0.000000 -0.010217 -0.062642 -0.161791
52 1.244767 -0.892595 -1.077153 -1.537577 0.432036 -0.185459
53 1.976136 -0.000000 0.000000 0.000000 0.068928 -0.257871
54 1.377138 0.000000 0.000000 -0.000000 0.022268 0.192117
time 196
0 0.000000 0.000000 0.000000 1.570796 0.000000 0.000000
1 1.955427 0.483193 37.713161 1.410647 -0.116185 0.067685
2 0.000000 0.000000 0.000000 0.000000 0.000000 0.000000
3 3.890447 0.000000 0.000000 -1.713194 -0.182193 -1.468079
4 20.402582 -0.000000 0.000000 0.000000 -0.000000 0.818101
5 17.754948 0.000000 -0.000000 -0.215604 0.139682 -1.622924
6 5.733515 0.000000 0.000000 0.009678 -0.019053 -0.368271
7 -3.890447 0.000000 -0.000000 -1.343013 -0.051004 -2.104237
8 20.402582 0.000000 0.000000 0.000000 0.000000 0.693853
9 17.754948 0.000000 0.000000 0.395573 -0.188931 -1.601669
10 5.733515 0.000000 0.000000 -0.098166 0.014512 -0.342331
11 0.000000 3.345132 -1.055022 1.566959 0.021490 1.710884
12 4.232848 0.000000 0.000000 0.004790 0.127807 0.146962
13 4.327481 0.000000 0.000000 0.004358 0.040997 0.188952
14 6.430522 0.000000 0.000000 0.135071 0.279227 0.491474
15 5.754028 0.000000 0.000000 2.813882 -0.016934 0.622708
16 4.208960 0.000000 0.000000 -0.063569 0.157122 1.047301
17 4.203462 1.484258 1.588960 -0.215986 -1.120574 -1.507303
18 5.124548 0.000000 0.000000 -1.105952 -0.184470 -1.560995
19 11.580950 0.000000 0.000000 -0.000000 -0.000000 -0.562810
20 11.182189 -0.000002 -0.000032 1.496635 0.001043 -0.289170
21 3.342010 -0.071954 -1.535773 0.070874 0.142154 -0.247798
22 1.760565 0.000000 0.000000 0.003707 0.008347 -0.417902
23 0.946777 0.000000 0.000000 -0.059844 -0.161510 -0.356655
24 3.650005 0.195886 -0.591614 0.065848 0.111437 -0.286501
25 1.940476 0.000000 0.000000 -0.063015 -0.157361 -0.382781
26 1.194153 0.000000 0.000000 0.017478 0.067896 -0.252168
27 3.920878 0.176868 0.421353 0.034918 -0.002119 -0.237374
28 2.398545 0.000000 0.000000 -0.016327 -0.028042 -0.527349
29 1.228913 -0.000000 0.000000 0.006292 0.038933 -0.160270
30 3.969047 0.108842 1.535248 0.028607 -0.031328 -0.228206
31 1.959841 0.000000 0.000000 0.054600 0.111020 -0.458274
32 1.099742 -0.000000 0.000000 0.010217 0.062642 -0.161791
33 1.244744 -0.896944 1.073525 1.541960 -0.431286 -0.187296
34 1.976136 0.000000 0.000000 -0.000000 -0.068928 -0.257871
35 1.377138 0.000000 -0.000000 0.000000 -0.022268 0.192117
36 4.203462 1.484258 -1.588960 -0.368803 1.186068 -2.043895
37 5.124548 0.000000 0.000000 2.525821 0.429289 -0.791190
38 11.580950 -0.000000 0.000000 0.000000 0.000000 -0.302107
39 11.182171 -0.000002 0.000017 -1.981440 0.119135 -0.279059
40 3.342029 -0.078177 1.535469 -0.066822 -0.142155 -0.247795
41 1.760565 0.000000 -0.000000 -0.003707 -0.008347 -0.417902
42 0.946777 0.000000 -0.000000 0.059844 0.161510 -0.356655
43 3.650023 0.193487 0.592403 -0.061796 -0.111438 -0.286498
44 1.940476 0.000000 0.000000 0.063015 0.157361 -0.382781
45 1.194153 0.000000 0.000000 -0.017478 -0.067896 -0.252168
46 3.920897 0.178574 -0.420632 -0.030866 0.002118 -0.237370
47 2.398545 0.000000 0.000000 0.016327 0.028042 -0.527349
48 1.228913 0.000000 0.000000 -0.006292 -0.038933 -0.160270
49 3.969067 0.115063 -1.534794 -0.024555 0.031327 -0.228202
50 1.959841 0.000000 0.000000 -0.054600 -0.111020 -0.458274
51 1.099742 0.000000 0.000000 -0.010217 -0.062642 -0.161791
52 1.244767 -0.892595 -1.077153 -1.537577 0.432036 -0.185459
53 1.976136 -0.000000 0.000000 0.000000 0.068928 -0.257871
54 1.377138 0.000000 0.000000 -0.000000 0.022268 0.192117
time 197
0 0.000000 0.000000 0.000000 1.570796 0.000000 0.000000
1 1.995844 0.434587 37.722809 1.412210 -0.115697 0.054807
2 0.000000 0.000000 0.000000 0.000000 0.000000 0.000000
3 3.890447 0.000000 0.000000 -1.720200 -0.178370 -1.466619
4 20.402582 0.000000 -0.000000 0.000000 0.000000 0.817699
5 17.754948 0.000000 0.000000 -0.215961 0.133725 -1.624985
6 5.733515 0.000000 0.000000 0.009679 -0.019051 -0.368197
7 -3.890447 0.000000 -0.000000 -1.348094 -0.055973 -2.103557
8 20.402582 0.000000 0.000000 -0.000000 0.000000 0.691127
9 17.754948 -0.000000 0.000000 0.394330 -0.194879 -1.598875
10 5.733515 0.000000 -0.000000 -0.098164 0.014526 -0.343148
11 -0.000000 3.345132 -1.055022 1.565576 0.022254 1.709051
12 4.232848 0.000000 0.000000 0.003435 0.126827 0.146878
13 4.327481 -0.000000 0.000000 0.003757 0.040603 0.189652
14 6.430522 0.000000 0.000000 0.135173 0.280541 0.491913
15 5.754028 0.000000 -0.000000 2.813354 -0.030621 0.631978
16 4.208960 0.000000 0.000000 -0.079511 0.166410 1.038554
17 4.203462 1.484258 1.588960 -0.220091 -1.117298 -1.501489
18 5.124548 0.000000 0.000000 -1.095488 -0.186770 -1.567342
19 11.580950 0.000000 0.000000 0.000000 -0.000000 -0.566660
20 11.182189 -0.000002 -0.000032 1.494016 0.007841 -0.291334
21 3.342010 -0.071954 -1.535773 0.070874 0.142154 -0.247798
22 1.760565 0.000000 0.000000 0.003707 0.008347 -0.417902
23 0.946777 0.000000 -0.000000 -0.059844 -0.161510 -0.356655
24 3.650005 0.195886 -0.591614 0.065848 0.111437 -0.286501
25 1.940476 0.000000 -0.000000 -0.063015 -0.157361 -0.382781
26 1.194153 0.000000 0.000000 0.017478 0.067896 -0.252168
27 3.920878 0.176868 0.421353 0.034918 -0.002119 -0.237374
28 2.398545 0.000000 0.000000 -0.016327 -0.028042 -0.527349
29 1.228913 0.000000 0.000000 0.006292 0.038933 -0.160270
30 3.969047 0.108842 1.535248 0.028607 -0.031328 -0.228206
31 1.959841 0.000000 0.000000 0.054600 0.111020 -0.458274
32 1.099742 0.000000 -0.000000 0.010217 0.062642 -0.161791
33 1.244744 -0.896944 1.073525 1.541960 -0.431286 -0.187296
34 1.976136 -0.000000 0.000000 -0.000000 -0.068928 -0.257871
35 1.377138 0.000000 0.000000 0.000000 -0.022268 0.192117
36 4.203462 1.484258 -1.588960 -0.362839 1.182676 -2.038507
37 5.124548 0.000000 0.000000 2.517592 0.429902 -0.805005
38 11.580950 0.000000 -0.000000 0.000000 0.000000 -0.300277
39 11.182171 -0.000002 0.000017 -1.977121 0.115990 -0.274217
40 3.342029 -0.078177 1.535469 -0.066822 -0.142155 -0.247795
41 1.760565 -0.000000 0.000000 -0.003707 -0.008347 -0.417902
42 0.946777 0.000000 0.000000 0.059844 0.161510 -0.356655
43 3.650023 0.193487 0.592403 -0.061796 -0.111438 -0.286498
44 1.940476 0.000000 0.000000 0.063015 0.157361 -0.382781
45 1.194153 0.000000 0.000000 -0.017478 -0.067896 -0.252168
46 3.920897 0.178574 -0.420632 -0.030866 0.002118 -0.237370
47 2.398545 0.000000 0.000000 0.016327 0.028042 -0.527349
48 1.228913 -0.000000 0.000000 -0.006292 -0.038933 -0.160270
49 3.969067 0.115063 -1.534794 -0.024555 0.031327 -0.228202
50 1.959841 0.000000 0.000000 -0.054600 -0.111020 -0.458274
51 1.099742 -0.000000 0.000000 -0.010217 -0.062642 -0.161791
52 1.244767 -0.892595 -1.077153 -1.537577 0.432036 -0.185459
53 1.976136 -0.000000 0.000000 -0.000000 0.068928 -0.257871
54 1.377138 -0.000000 0.000000 -0.000000 0.022268 0.192117
time 198
0 0.000000 0.000000 0.000000 1.570796 0.000000 0.000000
1 2.023202 0.382424 37.732960 1.413432 -0.115498 0.041875
2 0.000000 0.000000 0.000000 0.000000 0.000000 0.000000
3 3.890447 0.000000 0.000000 -1.727461 -0.173821 -1.465076
4 20.402582 -0.000000 0.000000 0.000000 0.000000 0.816897
5 17.754948 0.000000 0.000000 -0.216702 0.128176 -1.627199
6 5.733515 0.000000 -0.000000 0.009679 -0.019050 -0.368097
7 -3.890447 0.000000 -0.000000 -1.353719 -0.060932 -2.102782
8 20.402582 0.000000 0.000000 0.000000 -0.000000 0.689046
9 17.754948 0.000000 -0.000000 0.392913 -0.200403 -1.596540
10 5.733515 0.000000 0.000000 -0.098161 0.014542 -0.344153
11 0.000000 3.345132 -1.055022 1.563801 0.023210 1.708916
12 4.232848 0.000000 -0.000000 0.001962 0.126801 0.146616
13 4.327481 0.000000 0.000000 0.003068 0.040665 0.190102
14 6.430522 0.000000 0.000000 0.133830 0.279364 0.492034
15 5.754028 0.000000 0.000000 2.807974 -0.038753 0.638578
16 4.208960 0.000000 0.000000 -0.093753 0.175631 1.030822
17 4.203462 1.484258 1.588960 -0.220646 -1.114934 -1.499764
18 5.124548 -0.000000 -0.000000 -1.087403 -0.188264 -1.569252
19 11.580950 0.000000 -0.000000 0.000000 0.000000 -0.569216
20 11.182189 -0.000002 -0.000032 1.491066 0.021282 -0.289194
21 3.342010 -0.071954 -1.535773 0.070874 0.142154 -0.247798
22 1.760565 0.000000 -0.000000 0.003707 0.008347 -0.417902
23 0.946777 0.000000 0.000000 -0.059844 -0.161510 -0.356655
24 3.650005 0.195886 -0.591614 0.065848 0.111437 -0.286501
25 1.940476 0.000000 0.000000 -0.063015 -0.157361 -0.382781
26 1.194153 0.000000 -0.000000 0.017478 0.067896 -0.252168
27 3.920878 0.176868 0.421353 0.034918 -0.002119 -0.237374
28 2.398545 0.000000 -0.000000 -0.016327 -0.028042 -0.527349
29 1.228913 -0.000000 0.000000 0.006292 0.038933 -0.160270
30 3.969047 0.108842 1.535248 0.028607 -0.031328 -0.228206
31 1.959841 0.000000 0.000000 0.054600 0.111020 -0.458274
32 1.099742 0.000000 -0.000000 0.010217 0.062642 -0.161791
33 1.244744 -0.896944 1.073525 1.541960 -0.431286 -0.187296
34 1.976136 0.000000 -0.000000 -0.000000 -0.068928 -0.257871
35 1.377138 0.000000 0.000000 0.000000 -0.022268 0.192117
36 4.203462 1.484258 -1.588960 -0.372386 1.181058 -2.045555
37 5.124548 0.000000 0.000000 2.510999 0.432216 -0.812811
38 11.580950 -0.000000 0.000000 -0.000000 0.000000 -0.301842
39 11.182171 -0.000002 0.000017 -1.969154 0.109241 -0.275036
40 3.342029 -0.078177 1.535469 -0.066822 -0.142155 -0.247795
41 1.760565 0.000000 0.000000 -0.003707 -0.008347 -0.417902
42 0.946777 0.000000 0.000000 0.059844 0.161510 -0.356655
43 3.650023 0.193487 0.592403 -0.061796 -0.111438 -0.286498
44 1.940476 0.000000 0.000000 0.063015 0.157361 -0.382781
45 1.194153 0.000000 0.000000 -0.017478 -0.067896 -0.252168
46 3.920897 0.178574 -0.420632 -0.030866 0.002118 -0.237370
47 2.398545 0.000000 -0.000000 0.016327 0.028042 -0.527349
48 1.228913 -0.000000 0.000000 -0.006292 -0.038933 -0.160270
49 3.969067 0.115063 -1.534794 -0.024555 0.031327 -0.228202
50 1.959841 0.000000 0.000000 -0.054600 -0.111020 -0.458274
51 1.099742 0.000000 0.000000 -0.010217 -0.062642 -0.161791
52 1.244767 -0.892595 -1.077153 -1.537577 0.432036 -0.185459
53 1.976136 0.000000 -0.000000 -0.000000 0.068928 -0.257871
54 1.377138 -0.000000 0.000000 -0.000000 0.022268 0.192117
time 199
0 0.000000 0.000000 0.000000 1.570796 0.000000 0.000000
1 2.019772 0.340525 37.741692 1.413843 -0.115479 0.031671
2 0.000000 0.000000 0.000000 0.000000 0.000000 0.000000
3 3.890447 0.000000 0.000000 -1.733155 -0.169528 -1.463380
4 20.402582 0.000000 0.000000 0.000000 -0.000000 0.815786
5 17.754948 0.000000 0.000000 -0.217674 0.124200 -1.628315
6 5.733515 0.000000 0.000000 0.009678 -0.019053 -0.368275
7 -3.890447 0.000000 -0.000000 -1.358498 -0.064664 -2.101670
8 20.402582 0.000000 0.000000 0.000000 0.000000 0.688215
9 17.754948 -0.000000 0.000000 0.391423 -0.204349 -1.595507
10 5.733515 -0.000000 0.000000 -0.098159 0.014552 -0.344761
11 0.000000 3.345132 -1.055022 1.560823 0.024342 1.709957
12 4.232848 -0.000000 0.000000 -0.000618 0.127280 0.146184
13 4.327481 -0.000000 0.000000 0.002044 0.041055 0.190370
14 6.430522 0.000000 0.000000 0.131122 0.276748 0.491476
15 5.754028 -0.000000 0.000000 2.797347 -0.043128 0.642664
16 4.208960 0.000000 -0.000000 -0.105170 0.183928 1.024172
17 4.203462 1.484258 1.588960 -0.219997 -1.114032 -1.501678
18 5.124548 0.000000 0.000000 -1.079965 -0.186711 -1.566303
19 11.580950 0.000000 0.000000 -0.000000 -0.000000 -0.570222
20 11.182189 -0.000002 -0.000032 1.487966 0.032813 -0.286137
21 3.342010 -0.071954 -1.535773 0.070874 0.142154 -0.247798
22 1.760565 0.000000 0.000000 0.003707 0.008347 -0.417902
23 0.946777 -0.000000 0.000000 -0.059844 -0.161510 -0.356655
24 3.650005 0.195886 -0.591614 0.065848 0.111437 -0.286501
25 1.940476 0.000000 0.000000 -0.063015 -0.157361 -0.382781
26 1.194153 0.000000 0.000000 0.017478 0.067896 -0.252168
27 3.920878 0.176868 0.421353 0.034918 -0.002119 -0.237374
28 2.398545 -0.000000 0.000000 -0.016327 -0.028042 -0.527349
29 1.228913 -0.000000 0.000000 0.006292 0.038933 -0.160270
30 3.969047 0.108842 1.535248 0.028607 -0.031328 -0.228206
31 1.959841 0.000000 -0.000000 0.054600 0.111020 -0.458274
32 1.099742 0.000000 0.000000 0.010217 0.062642 -0.161791
33 1.244744 -0.896944 1.073525 1.541960 -0.431286 -0.187296
34 1.976136 -0.000000 0.000000 0.000000 -0.068928 -0.257871
35 1.377138 0.000000 0.000000 -0.000000 -0.022268 0.192117
36 4.203462 1.484258 -1.588960 -0.395186 1.181376 -2.064212
37 5.124548 0.000000 -0.000000 2.504888 0.436237 -0.815146
38 11.580950 0.000000 0.000000 -0.000000 0.000000 -0.306900
39 11.182171 -0.000002 0.000017 -1.961883 0.107792 -0.277745
40 3.342029 -0.078177 1.535469 -0.066822 -0.142155 -0.247795
41 1.760565 0.000000 0.000000 -0.003707 -0.008347 -0.417902
42 0.946777 0.000000 -0.000000 0.059844 0.161510 -0.356655
43 3.650023 0.193487 0.592403 -0.061796 -0.111438 -0.286498
44 1.940476 0.000000 0.000000 0.063015 0.157361 -0.382781
45 1.194153 0.000000 0.000000 -0.017478 -0.067896 -0.252168
46 3.920897 0.178574 -0.420632 -0.030866 0.002118 -0.237370
47 2.398545 0.000000 0.000000 0.016327 0.028042 -0.527349
48 1.228913 0.000000 0.000000 -0.006292 -0.038933 -0.160270
49 3.969067 0.115063 -1.534794 -0.024555 0.031327 -0.228202
50 1.959841 0.000000 0.000000 -0.054600 -0.111020 -0.458274
51 1.099742 0.000000 -0.000000 -0.010217 -0.062642 -0.161791
52 1.244767 -0.892595 -1.077153 -1.537577 0.432036 -0.185459
53 1.976136 -0.000000 0.000000 0.000000 0.068928 -0.257871
54 1.377138 -0.000000 0.000000 -0.000000 0.022268 0.192117
time 200
0 0.000000 0.000000 0.000000 1.570796 0.000000 0.000000
1 1.987311 0.308200 37.746471 1.412884 -0.115660 0.024321
2 0.000000 0.000000 0.000000 0.000000 0.000000 0.000000
3 3.890447 0.000000 0.000000 -1.736984 -0.165014 -1.461631
4 20.402582 0.000000 -0.000000 0.000000 0.000000 0.814669
5 17.754948 -0.000000 0.000000 -0.218949 0.121674 -1.628736
6 5.733515 0.000000 0.000000 0.009678 -0.019058 -0.368584
7 -3.890447 0.000000 -0.000000 -1.362606 -0.066683 -2.100336
8 20.402582 0.000000 0.000000 0.000000 -0.000000 0.688936
9 17.754948 0.000000 -0.000000 0.389994 -0.206744 -1.596161
10 5.733515 0.000000 0.000000 -0.098159 0.014553 -0.344817
11 0.000000 3.345132 -1.055022 1.558718 0.025432 1.710481
12 4.232848 0.000000 0.000000 -0.002325 0.126975 0.145331
13 4.327481 0.000000 0.000000 0.001363 0.041072 0.189876
14 6.430522 0.000000 0.000000 0.130400 0.276945 0.490856
15 5.754028 0.000000 -0.000000 2.786037 -0.039636 0.645301
16 4.208960 0.000000 0.000000 -0.115477 0.189540 1.017911
17 4.203462 1.484258 1.588960 -0.231226 -1.116075 -1.491743
18 5.124548 0.000000 0.000000 -1.073865 -0.183809 -1.567169
19 11.580950 -0.000000 0.000000 -0.000000 -0.000000 -0.571051
20 11.182189 -0.000002 -0.000032 1.490099 0.036211 -0.286794
21 3.342010 -0.071954 -1.535773 0.070874 0.142154 -0.247798
22 1.760565 -0.000000 0.000000 0.003707 0.008347 -0.417902
23 0.946777 0.000000 -0.000000 -0.059844 -0.161510 -0.356655
24 3.650005 0.195886 -0.591614 0.065848 0.111437 -0.286501
25 1.940476 0.000000 -0.000000 -0.063015 -0.157361 -0.382781
26 1.194153 0.000000 0.000000 0.017478 0.067896 -0.252168
27 3.920878 0.176868 0.421353 0.034918 -0.002119 -0.237374
28 2.398545 0.000000 -0.000000 -0.016327 -0.028042 -0.527349
29 1.228913 0.000000 -0.000000 0.006292 0.038933 -0.160270
30 3.969047 0.108842 1.535248 0.028607 -0.031328 -0.228206
31 1.959841 0.000000 0.000000 0.054600 0.111020 -0.458274
32 1.099742 0.000000 0.000000 0.010217 0.062642 -0.161791
33 1.244744 -0.896944 1.073525 1.541960 -0.431286 -0.187296
34 1.976136 0.000000 0.000000 0.000000 -0.068928 -0.257871
35 1.377138 0.000000 0.000000 -0.000000 -0.022268 0.192117
36 4.203462 1.484258 -1.588960 -0.411726 1.178010 -2.077502
37 5.124548 -0.000000 -0.000000 2.500704 0.443362 -0.815674
38 11.580950 -0.000000 0.000000 0.000000 0.000000 -0.309425
39 11.182171 -0.000002 0.000017 -1.959357 0.113214 -0.280959
40 3.342029 -0.078177 1.535469 -0.066822 -0.142155 -0.247795
41 1.760565 0.000000 0.000000 -0.003707 -0.008347 -0.417902
42 0.946777 0.000000 -0.000000 0.059844 0.161510 -0.356655
43 3.650023 0.193487 0.592403 -0.061796 -0.111438 -0.286498
44 1.940476 0.000000 0.000000 0.063015 0.157361 -0.382781
45 1.194153 0.000000 -0.000000 -0.017478 -0.067896 -0.252168
46 3.920897 0.178574 -0.420632 -0.030866 0.002118 -0.237370
47 2.398545 0.000000 0.000000 0.016327 0.028042 -0.527349
48 1.228913 0.000000 0.000000 -0.006292 -0.038933 -0.160270
49 3.969067 0.115063 -1.534794 -0.024555 0.031327 -0.228202
50 1.959841 0.000000 0.000000 -0.054600 -0.111020 -0.458274
51 1.099742 -0.000000 0.000000 -0.010217 -0.062642 -0.161791
52 1.244767 -0.892595 -1.077153 -1.537577 0.432036 -0.185459
53 1.976136 0.000000 -0.000000 -0.000000 0.068928 -0.257871
54 1.377138 0.000000 0.000000 -0.000000 0.022268 0.192117
time 201
0 0.000000 0.000000 0.000000 1.570796 0.000000 0.000000
1 1.938202 0.277614 37.751114 1.411231 -0.116162 0.017956
2 0.000000 0.000000 0.000000 0.000000 0.000000 0.000000
3 3.890447 0.000000 0.000000 -1.740603 -0.159863 -1.459790
4 20.402582 -0.000000 0.000000 -0.000000 -0.000000 0.812969
5 17.754948 -0.000000 0.000000 -0.220409 0.120204 -1.628770
6 5.733515 0.000000 0.000000 0.009677 -0.019062 -0.368856
7 -3.890447 -0.000000 -0.000000 -1.366941 -0.067959 -2.098898
8 20.402582 0.000000 0.000000 0.000000 -0.000000 0.690377
9 17.754948 0.000000 0.000000 0.388615 -0.208235 -1.597696
10 5.733515 0.000000 0.000000 -0.098160 0.014549 -0.344576
11 0.000000 3.345132 -1.055022 1.556767 0.026570 1.711145
12 4.232848 -0.000000 0.000000 -0.003886 0.126767 0.144430
13 4.327481 0.000000 0.000000 0.000695 0.041072 0.189243
14 6.430522 0.000000 0.000000 0.130225 0.277910 0.490283
15 5.754028 0.000000 0.000000 2.777744 -0.034116 0.647614
16 4.208960 0.000000 0.000000 -0.122033 0.190740 1.011812
17 4.203462 1.484258 1.588960 -0.246687 -1.117397 -1.476487
18 5.124548 0.000000 -0.000000 -1.066161 -0.181296 -1.568591
19 11.580950 0.000000 0.000000 0.000000 0.000000 -0.574336
20 11.182189 -0.000002 -0.000032 1.492675 0.038214 -0.285390
21 3.342010 -0.071954 -1.535773 0.070874 0.142154 -0.247798
22 1.760565 0.000000 0.000000 0.003707 0.008347 -0.417902
23 0.946777 0.000000 0.000000 -0.059844 -0.161510 -0.356655
24 3.650005 0.195886 -0.591614 0.065848 0.111437 -0.286501
25 1.940476 0.000000 0.000000 -0.063015 -0.157361 -0.382781
26 1.194153 0.000000 -0.000000 0.017478 0.067896 -0.252168
27 3.920878 0.176868 0.421353 0.034918 -0.002119 -0.237374
28 2.398545 -0.000000 -0.000000 -0.016327 -0.028042 -0.527349
29 1.228913 0.000000 -0.000000 0.006292 0.038933 -0.160270
30 3.969047 0.108842 1.535248 0.028607 -0.031328 -0.228206
31 1.959841 0.000000 -0.000000 0.054600 0.111020 -0.458274
32 1.099742 0.000000 -0.000000 0.010217 0.062642 -0.161791
33 1.244744 -0.896944 1.073525 1.541960 -0.431286 -0.187296
34 1.976136 -0.000000 0.000000 -0.000000 -0.068928 -0.257871
35 1.377138 0.000000 0.000000 0.000000 -0.022268 0.192117
36 4.203462 1.484258 -1.588960 -0.422847 1.174727 -2.086877
37 5.124548 0.000000 0.000000 2.498985 0.451338 -0.813518
38 11.580950 0.000000 0.000000 0.000000 0.000000 -0.310629
39 11.182171 -0.000002 0.000017 -1.956839 0.112457 -0.281251
40 3.342029 -0.078177 1.535469 -0.066822 -0.142155 -0.247795
41 1.760565 0.000000 0.000000 -0.003707 -0.008347 -0.417902
42 0.946777 -0.000000 0.000000 0.059844 0.161510 -0.356655
43 3.650023 0.193487 0.592403 -0.061796 -0.111438 -0.286498
44 1.940476 0.000000 0.000000 0.063015 0.157361 -0.382781
45 1.194153 0.000000 0.000000 -0.017478 -0.067896 -0.252168
46 3.920897 0.178574 -0.420632 -0.030866 0.002118 -0.237370
47 2.398545 0.000000 0.000000 0.016327 0.028042 -0.527349
48 1.228913 0.000000 0.000000 -0.006292 -0.038933 -0.160270
49 3.969067 0.115063 -1.534794 -0.024555 0.031327 -0.228202
50 1.959841 0.000000 -0.000000 -0.054600 -0.111020 -0.458274
51 1.099742 -0.000000 0.000000 -0.010217 -0.062642 -0.161791
52 1.244767 -0.892595 -1.077153 -1.537577 0.432036 -0.185459
53 1.976136 0.000000 0.000000 -0.000000 0.068928 -0.257871
54 1.377138 0.000000 0.000000 0.000000 0.022268 0.192117
time 202
0 0.000000 0.000000 0.000000 1.570796 0.000000 0.000000
1 1.875563 0.250539 37.760746 1.409545 -0.116947 0.012493
2 0.000000 0.000000 0.000000 0.000000 0.000000 0.000000
3 3.890447 0.000000 0.000000 -1.744227 -0.154516 -1.457941
4 20.402582 0.000000 -0.000000 -0.000000 -0.000000 0.810117
5 17.754948 -0.000000 0.000000 -0.221867 0.119762 -1.627954
6 5.733515 0.000000 0.000000 0.009676 -0.019068 -0.369191
7 -3.890447 0.000000 -0.000000 -1.371344 -0.068847 -2.097272
8 20.402582 -0.000000 0.000000 0.000000 0.000000 0.691733
9 17.754948 0.000000 0.000000 0.387258 -0.208760 -1.599363
10 5.733515 0.000000 -0.000000 -0.098161 0.014544 -0.344247
11 0.000000 3.345132 -1.055022 1.554973 0.027820 1.711906
12 4.232848 0.000000 0.000000 -0.005307 0.126723 0.143416
13 4.327481 0.000000 -0.000000 0.000096 0.041089 0.188406
14 6.430522 0.000000 0.000000 0.130755 0.279940 0.489641
15 5.754028 0.000000 -0.000000 2.775305 -0.029121 0.650514
16 4.208960 0.000000 0.000000 -0.125874 0.189179 1.005695
17 4.203462 1.484258 1.588960 -0.260895 -1.119322 -1.462316
18 5.124548 0.000000 0.000000 -1.059548 -0.177949 -1.568263
19 11.580950 0.000000 -0.000000 -0.000000 -0.000000 -0.581814
20 11.182189 -0.000002 -0.000032 1.493349 0.043444 -0.281338
21 3.342010 -0.071954 -1.535773 0.070874 0.142154 -0.247798
22 1.760565 0.000000 -0.000000 0.003707 0.008347 -0.417902
23 0.946777 0.000000 0.000000 -0.059844 -0.161510 -0.356655
24 3.650005 0.195886 -0.591614 0.065848 0.111437 -0.286501
25 1.940476 0.000000 0.000000 -0.063015 -0.157361 -0.382781
26 1.194153 0.000000 0.000000 0.017478 0.067896 -0.252168
27 3.920878 0.176868 0.421353 0.034918 -0.002119 -0.237374
28 2.398545 -0.000000 -0.000000 -0.016327 -0.028042 -0.527349
29 1.228913 0.000000 -0.000000 0.006292 0.038933 -0.160270
30 3.969047 0.108842 1.535248 0.028607 -0.031328 -0.228206
31 1.959841 -0.000000 0.000000 0.054600 0.111020 -0.458274
32 1.099742 0.000000 0.000000 0.010217 0.062642 -0.161791
33 1.244744 -0.896944 1.073525 1.541960 -0.431286 -0.187296
34 1.976136 0.000000 0.000000 -0.000000 -0.068928 -0.257871
35 1.377138 0.000000 0.000000 0.000000 -0.022268 0.192117
36 4.203462 1.484258 -1.588960 -0.426161 1.171661 -2.090457
37 5.124548 0.000000 0.000000 2.496408 0.459040 -0.810698
38 11.580950 -0.000000 0.000000 -0.000000 0.000000 -0.311937
39 11.182171 -0.000002 0.000017 -1.952834 0.106847 -0.282557
40 3.342029 -0.078177 1.535469 -0.066822 -0.142155 -0.247795
41 1.760565 0.000000 0.000000 -0.003707 -0.008347 -0.417902
42 0.946777 0.000000 -0.000000 0.059844 0.161510 -0.356655
43 3.650023 0.193487 0.592403 -0.061796 -0.111438 -0.286498
44 1.940476 0.000000 -0.000000 0.063015 0.157361 -0.382781
45 1.194153 0.000000 0.000000 -0.017478 -0.067896 -0.252168
46 3.920897 0.178574 -0.420632 -0.030866 0.002118 -0.237370
47 2.398545 0.000000 0.000000 0.016327 0.028042 -0.527349
48 1.228913 0.000000 0.000000 -0.006292 -0.038933 -0.160270
49 3.969067 0.115063 -1.534794 -0.024555 0.031327 -0.228202
50 1.959841 0.000000 0.000000 -0.054600 -0.111020 -0.458274
51 1.099742 0.000000 0.000000 -0.010217 -0.062642 -0.161791
52 1.244767 -0.892595 -1.077153 -1.537577 0.432036 -0.185459
53 1.976136 -0.000000 0.000000 0.000000 0.068928 -0.257871
54 1.377138 0.000000 0.000000 0.000000 0.022268 0.192117
time 203
0 0.000000 0.000000 0.000000 1.570796 0.000000 0.000000
1 1.804103 0.226449 37.770023 1.407499 -0.118186 0.007955
2 0.000000 0.000000 0.000000 0.000000 0.000000 0.000000
3 3.890447 0.000000 0.000000 -1.746648 -0.148866 -1.456678
4 20.402582 0.000000 0.000000 0.000000 0.000000 0.806630
5 17.754948 -0.000000 0.000000 -0.223950 0.119259 -1.627088
6 5.733515 0.000000 -0.000000 0.009676 -0.019069 -0.369262
7 -3.890447 0.000000 -0.000000 -1.375423 -0.069269 -2.096062
8 20.402582 0.000000 0.000000 -0.000000 -0.000000 0.693585
9 17.754948 0.000000 0.000000 0.386052 -0.209058 -1.601428
10 5.733515 0.000000 0.000000 -0.098162 0.014539 -0.343947
11 0.000000 3.345132 -1.055022 1.553265 0.027943 1.712744
12 4.232848 0.000000 -0.000000 -0.006469 0.126613 0.142567
13 4.327481 -0.000000 -0.000000 -0.000456 0.041068 0.186756
14 6.430522 0.000000 -0.000000 0.132042 0.283185 0.488683
15 5.754028 -0.000000 0.000000 2.779533 -0.023780 0.651042
16 4.208960 0.000000 0.000000 -0.128265 0.186733 0.999714
17 4.203462 1.484258 1.588960 -0.268460 -1.119758 -1.453402
18 5.124548 0.000000 0.000000 -1.053536 -0.174722 -1.566927
19 11.580950 0.000000 0.000000 -0.000000 -0.000000 -0.591308
20 11.182189 -0.000002 -0.000032 1.493629 0.045733 -0.283105
21 3.342010 -0.071954 -1.535773 0.070874 0.142154 -0.247798
22 1.760565 -0.000000 -0.000000 0.003707 0.008347 -0.417902
23 0.946777 0.000000 0.000000 -0.059844 -0.161510 -0.356655
24 3.650005 0.195886 -0.591614 0.065848 0.111437 -0.286501
25 1.940476 0.000000 0.000000 -0.063015 -0.157361 -0.382781
26 1.194153 0.000000 -0.000000 0.017478 0.067896 -0.252168
27 3.920878 0.176868 0.421353 0.034918 -0.002119 -0.237374
28 2.398545 0.000000 0.000000 -0.016327 -0.028042 -0.527349
29 1.228913 0.000000 0.000000 0.006292 0.038933 -0.160270
30 3.969047 0.108842 1.535248 0.028607 -0.031328 -0.228206
31 1.959841 -0.000000 0.000000 0.054600 0.111020 -0.458274
32 1.099742 0.000000 -0.000000 0.010217 0.062642 -0.161791
33 1.244744 -0.896944 1.073525 1.541960 -0.431286 -0.187296
34 1.976136 0.000000 0.000000 -0.000000 -0.068928 -0.257871
35 1.377138 -0.000000 0.000000 0.000000 -0.022268 0.192117
36 4.203462 1.484258 -1.588960 -0.425990 1.167446 -2.092126
37 5.124548 0.000000 0.000000 2.491334 0.466500 -0.805300
38 11.580950 -0.000000 0.000000 0.000000 -0.000000 -0.314846
39 11.182171 -0.000002 0.000017 -1.952927 0.100466 -0.284235
40 3.342029 -0.078177 1.535469 -0.066822 -0.142155 -0.247795
41 1.760565 0.000000 0.000000 -0.003707 -0.008347 -0.417902
42 0.946777 0.000000 0.000000 0.059844 0.161510 -0.356655
43 3.650023 0.193487 0.592403 -0.061796 -0.111438 -0.286498
44 1.940476 0.000000 -0.000000 0.063015 0.157361 -0.382781
45 1.194153 -0.000000 0.000000 -0.017478 -0.067896 -0.252168
46 3.920897 0.178574 -0.420632 -0.030866 0.002118 -0.237370
47 2.398545 -0.000000 0.000000 0.016327 0.028042 -0.527349
48 1.228913 -0.000000 0.000000 -0.006292 -0.038933 -0.160270
49 3.969067 0.115063 -1.534794 -0.024555 0.031327 -0.228202
50 1.959841 0.000000 -0.000000 -0.054600 -0.111020 -0.458274
51 1.099742 0.000000 0.000000 -0.010217 -0.062642 -0.161791
52 1.244767 -0.892595 -1.077153 -1.537577 0.432036 -0.185459
53 1.976136 0.000000 0.000000 -0.000000 0.068928 -0.257871
54 1.377138 -0.000000 0.000000 -0.000000 0.022268 0.192117
time 204
0 0.000000 0.000000 0.000000 1.570796 0.000000 0.000000
1 1.727163 0.206892 37.782753 1.405391 -0.120096 0.004345
2 0.000000 0.000000 0.000000 0.000000 0.000000 0.000000
3 3.890447 0.000000 0.000000 -1.749924 -0.142505 -1.455832
4 20.402582 -0.000000 0.000000 -0.000000 0.000000 0.801399
5 17.754948 0.000000 0.000000 -0.226041 0.120463 -1.626278
6 5.733515 0.000000 -0.000000 0.009678 -0.019053 -0.368329
7 -3.890447 0.000000 -0.000000 -1.378428 -0.069438 -2.095722
8 20.402582 0.000000 -0.000000 0.000000 -0.000000 0.695689
9 17.754948 -0.000000 0.000000 0.384771 -0.209781 -1.603447
10 5.733515 0.000000 0.000000 -0.098162 0.014538 -0.343899
11 0.000000 3.345132 -1.055022 1.551550 0.028008 1.713599
12 4.232848 0.000000 0.000000 -0.007593 0.127101 0.141885
13 4.327481 -0.000000 0.000000 -0.000987 0.041161 0.185062
14 6.430522 0.000000 -0.000000 0.133785 0.287198 0.487609
15 5.754028 -0.000000 0.000000 2.787266 -0.019600 0.649966
16 4.208960 0.000000 -0.000000 -0.128930 0.183809 0.994923
17 4.203462 1.484258 1.588960 -0.275101 -1.117614 -1.446518
18 5.124548 0.000000 0.000000 -1.043614 -0.170668 -1.566505
19 11.580950 -0.000000 0.000000 0.000000 0.000000 -0.600891
20 11.182189 -0.000002 -0.000032 1.492807 0.040291 -0.287093
21 3.342010 -0.071954 -1.535773 0.070874 0.142154 -0.247798
22 1.760565 0.000000 -0.000000 0.003707 0.008347 -0.417902
23 0.946777 0.000000 -0.000000 -0.059844 -0.161510 -0.356655
24 3.650005 0.195886 -0.591614 0.065848 0.111437 -0.286501
25 1.940476 -0.000000 -0.000000 -0.063015 -0.157361 -0.382781
26 1.194153 0.000000 0.000000 0.017478 0.067896 -0.252168
27 3.920878 0.176868 0.421353 0.034918 -0.002119 -0.237374
28 2.398545 0.000000 0.000000 -0.016327 -0.028042 -0.527349
29 1.228913 0.000000 0.000000 0.006292 0.038933 -0.160270
30 3.969047 0.108842 1.535248 0.028607 -0.031328 -0.228206
31 1.959841 0.000000 0.000000 0.054600 0.111020 -0.458274
32 1.099742 0.000000 0.000000 0.010217 0.062642 -0.161791
33 1.244744 -0.896944 1.073525 1.541960 -0.431286 -0.187296
34 1.976136 0.000000 0.000000 -0.000000 -0.068928 -0.257871
35 1.377138 0.000000 0.000000 0.000000 -0.022268 0.192117
36 4.203462 1.484258 -1.588960 -0.421565 1.164807 -2.092620
37 5.124548 -0.000000 -0.000000 2.478017 0.470797 -0.796789
38 11.580950 0.000000 0.000000 0.000000 0.000000 -0.319632
39 11.182171 -0.000002 0.000017 -1.949590 0.098074 -0.285776
40 3.342029 -0.078177 1.535469 -0.066822 -0.142155 -0.247795
41 1.760565 0.000000 0.000000 -0.003707 -0.008347 -0.417902
42 0.946777 -0.000000 0.000000 0.059844 0.161510 -0.356655
43 3.650023 0.193487 0.592403 -0.061796 -0.111438 -0.286498
44 1.940476 0.000000 -0.000000 0.063015 0.157361 -0.382781
45 1.194153 -0.000000 0.000000 -0.017478 -0.067896 -0.252168
46 3.920897 0.178574 -0.420632 -0.030866 0.002118 -0.237370
47 2.398545 -0.000000 0.000000 0.016327 0.028042 -0.527349
48 1.228913 -0.000000 0.000000 -0.006292 -0.038933 -0.160270
49 3.969067 0.115063 -1.534794 -0.024555 0.031327 -0.228202
50 1.959841 0.000000 0.000000 -0.054600 -0.111020 -0.458274
51 1.099742 0.000000 0.000000 -0.010217 -0.062642 -0.161791
52 1.244767 -0.892595 -1.077153 -1.537577 0.432036 -0.185459
53 1.976136 0.000000 0.000000 -0.000000 0.068928 -0.257871
54 1.377138 0.000000 0.000000 0.000000 0.022268 0.192117
time 205
0 0.000000 0.000000 0.000000 1.570796 0.000000 0.000000
1 1.651085 0.193111 37.804871 1.403806 -0.122943 0.001504
2 0.000000 0.000000 0.000000 0.000000 0.000000 0.000000
3 3.890447 0.000000 0.000000 -1.752830 -0.136144 -1.456318
4 20.402582 -0.000000 0.000000 -0.000000 -0.000000 0.794268
5 17.754948 0.000000 0.000000 -0.228312 0.121846 -1.624704
6 5.733515 -0.000000 0.000000 0.009681 -0.019032 -0.367060
7 -3.890447 0.000000 -0.000000 -1.381435 -0.069453 -2.096126
8 20.402582 0.000000 0.000000 0.000000 0.000000 0.696695
9 17.754948 -0.000000 0.000000 0.383902 -0.209794 -1.605054
10 5.733515 0.000000 0.000000 -0.098163 0.014533 -0.343615
11 -0.000000 3.345132 -1.055022 1.549835 0.028685 1.715580
12 4.232848 0.000000 -0.000000 -0.008792 0.128507 0.141173
13 4.327481 0.000000 0.000000 -0.001462 0.041510 0.183833
14 6.430522 0.000000 0.000000 0.134484 0.289244 0.486571
15 5.754028 0.000000 0.000000 2.791715 -0.022452 0.643036
16 4.208960 0.000000 0.000000 -0.125658 0.181662 0.998539
17 4.203462 1.484258 1.588960 -0.281771 -1.115010 -1.440373
18 5.124548 0.000000 0.000000 -1.034468 -0.166661 -1.564639
19 11.580950 0.000000 -0.000000 0.000000 0.000000 -0.612445
20 11.182189 -0.000002 -0.000032 1.489694 0.034907 -0.289760
21 3.342010 -0.071954 -1.535773 0.070874 0.142154 -0.247798
22 1.760565 0.000000 0.000000 0.003707 0.008347 -0.417902
23 0.946777 0.000000 0.000000 -0.059844 -0.161510 -0.356655
24 3.650005 0.195886 -0.591614 0.065848 0.111437 -0.286501
25 1.940476 0.000000 -0.000000 -0.063015 -0.157361 -0.382781
26 1.194153 -0.000000 0.000000 0.017478 0.067896 -0.252168
27 3.920878 0.176868 0.421353 0.034918 -0.002119 -0.237374
28 2.398545 0.000000 -0.000000 -0.016327 -0.028042 -0.527349
29 1.228913 0.000000 0.000000 0.006292 0.038933 -0.160270
30 3.969047 0.108842 1.535248 0.028607 -0.031328 -0.228206
31 1.959841 0.000000 0.000000 0.054600 0.111020 -0.458274
32 1.099742 0.000000 0.000000 0.010217 0.062642 -0.161791
33 1.244744 -0.896944 1.073525 1.541960 -0.431286 -0.187296
34 1.976136 0.000000 0.000000 0.000000 -0.068928 -0.257871
35 1.377138 -0.000000 0.000000 0.000000 -0.022268 0.192117
36 4.203462 1.484258 -1.588960 -0.422801 1.164683 -2.097250
37 5.124548 -0.000000 0.000000 2.462875 0.473538 -0.785028
38 11.580950 -0.000000 -0.000000 -0.000000 -0.000000 -0.328970
39 11.182171 -0.000002 0.000017 -1.941889 0.098419 -0.288378
40 3.342029 -0.078177 1.535469 -0.066822 -0.142155 -0.247795
41 1.760565 0.000000 -0.000000 -0.003707 -0.008347 -0.417902
42 0.946777 -0.000000 0.000000 0.059844 0.161510 -0.356655
43 3.650023 0.193487 0.592403 -0.061796 -0.111438 -0.286498
44 1.940476 0.000000 0.000000 0.063015 0.157361 -0.382781
45 1.194153 0.000000 0.000000 -0.017478 -0.067896 -0.252168
46 3.920897 0.178574 -0.420632 -0.030866 0.002118 -0.237370
47 2.398545 0.000000 0.000000 0.016327 0.028042 -0.527349
48 1.228913 0.000000 0.000000 -0.006292 -0.038933 -0.160270
49 3.969067 0.115063 -1.534794 -0.024555 0.031327 -0.228202
50 1.959841 0.000000 0.000000 -0.054600 -0.111020 -0.458274
51 1.099742 -0.000000 0.000000 -0.010217 -0.062642 -0.161791
52 1.244767 -0.892595 -1.077153 -1.537577 0.432036 -0.185459
53 1.976136 -0.000000 0.000000 -0.000000 0.068928 -0.257871
54 1.377138 -0.000000 0.000000 -0.000000 0.022268 0.192117
time 206
0 0.000000 0.000000 0.000000 1.570796 0.000000 0.000000
1 1.579789 0.184966 37.840034 1.403217 -0.127130 -0.000678
2 0.000000 0.000000 0.000000 0.000000 0.000000 0.000000
3 3.890447 0.000000 0.000000 -1.754699 -0.129749 -1.459097
4 20.402582 0.000000 0.000000 -0.000000 -0.000000 0.783759
5 17.754948 0.000000 0.000000 -0.230706 0.122415 -1.621035
6 5.733515 0.000000 0.000000 0.009684 -0.019014 -0.365939
7 -3.890447 0.000000 -0.000000 -1.383280 -0.069845 -2.098107
8 20.402582 0.000000 0.000000 0.000000 -0.000000 0.696663
9 17.754948 -0.000000 0.000000 0.382802 -0.210171 -1.605672
10 5.733515 0.000000 0.000000 -0.098163 0.014531 -0.343455
11 0.000000 3.345132 -1.055022 1.548285 0.029898 1.718152
12 4.232848 0.000000 0.000000 -0.009813 0.129801 0.139906
13 4.327481 0.000000 0.000000 -0.001813 0.042120 0.182617
14 6.430522 0.000000 0.000000 0.133184 0.287615 0.485488
15 5.754028 0.000000 0.000000 2.797034 -0.026823 0.634521
16 4.208960 0.000000 0.000000 -0.121550 0.179356 1.002556
17 4.203462 1.484258 1.588960 -0.289477 -1.111501 -1.430559
18 5.124548 0.000000 -0.000000 -1.028067 -0.166836 -1.563604
19 11.580950 0.000000 0.000000 0.000000 0.000000 -0.623347
20 11.182189 -0.000002 -0.000032 1.485367 0.036049 -0.294927
21 3.342010 -0.071954 -1.535773 0.070874 0.142154 -0.247798
22 1.760565 0.000000 0.000000 0.003707 0.008347 -0.417902
23 0.946777 0.000000 0.000000 -0.059844 -0.161510 -0.356655
24 3.650005 0.195886 -0.591614 0.065848 0.111437 -0.286501
25 1.940476 0.000000 0.000000 -0.063015 -0.157361 -0.382781
26 1.194153 0.000000 -0.000000 0.017478 0.067896 -0.252168
27 3.920878 0.176868 0.421353 0.034918 -0.002119 -0.237374
28 2.398545 0.000000 0.000000 -0.016327 -0.028042 -0.527349
29 1.228913 0.000000 0.000000 0.006292 0.038933 -0.160270
30 3.969047 0.108842 1.535248 0.028607 -0.031328 -0.228206
31 1.959841 0.000000 0.000000 0.054600 0.111020 -0.458274
32 1.099742 0.000000 -0.000000 0.010217 0.062642 -0.161791
33 1.244744 -0.896944 1.073525 1.541960 -0.431286 -0.187296
34 1.976136 0.000000 0.000000 0.000000 -0.068928 -0.257871
35 1.377138 0.000000 0.000000 0.000000 -0.022268 0.192117
36 4.203462 1.484258 -1.588960 -0.432442 1.168199 -2.099524
37 5.124548 0.000000 0.000000 2.454523 0.483376 -0.770645
38 11.580950 -0.000000 -0.000000 -0.000000 -0.000000 -0.332690
39 11.182171 -0.000002 0.000017 -1.931072 0.107402 -0.294584
40 3.342029 -0.078177 1.535469 -0.066822 -0.142155 -0.247795
41 1.760565 0.000000 -0.000000 -0.003707 -0.008347 -0.417902
42 0.946777 0.000000 0.000000 0.059844 0.161510 -0.356655
43 3.650023 0.193487 0.592403 -0.061796 -0.111438 -0.286498
44 1.940476 0.000000 0.000000 0.063015 0.157361 -0.382781
45 1.194153 0.000000 -0.000000 -0.017478 -0.067896 -0.252168
46 3.920897 0.178574 -0.420632 -0.030866 0.002118 -0.237370
47 2.398545 0.000000 0.000000 0.016327 0.028042 -0.527349
48 1.228913 -0.000000 0.000000 -0.006292 -0.038933 -0.160270
49 3.969067 0.115063 -1.534794 -0.024555 0.031327 -0.228202
50 1.959841 -0.000000 0.000000 -0.054600 -0.111020 -0.458274
51 1.099742 0.000000 0.000000 -0.010217 -0.062642 -0.161791
52 1.244767 -0.892595 -1.077153 -1.537577 0.432036 -0.185459
53 1.976136 0.000000 0.000000 -0.000000 0.068928 -0.257871
54 1.377138 0.000000 -0.000000 -0.000000 0.022268 0.192117
time 207
0 0.000000 0.000000 0.000000 1.570796 0.000000 0.000000
1 1.510321 0.182884 37.883682 1.403598 -0.131688 -0.002216
2 0.000000 0.000000 0.000000 0.000000 0.000000 0.000000
3 3.890447 0.000000 0.000000 -1.755262 -0.124401 -1.462706
4 20.402582 -0.000000 0.000000 -0.000000 -0.000000 0.772653
5 17.754948 -0.000000 0.000000 -0.234188 0.122393 -1.617232
6 5.733515 0.000000 0.000000 0.009687 -0.018998 -0.364990
7 -3.890447 0.000000 0.000000 -1.384118 -0.070655 -2.100553
8 20.402582 -0.000000 -0.000000 0.000000 0.000000 0.695860
9 17.754948 0.000000 -0.000000 0.381477 -0.210559 -1.605551
10 5.733515 0.000000 0.000000 -0.098163 0.014529 -0.343365
11 0.000000 3.345132 -1.055022 1.546768 0.031405 1.720687
12 4.232848 0.000000 0.000000 -0.010755 0.131159 0.138234
13 4.327481 -0.000000 0.000000 -0.002101 0.042897 0.180919
14 6.430522 0.000000 -0.000000 0.131121 0.284594 0.483811
15 5.754028 0.000000 0.000000 2.802224 -0.033634 0.624954
16 4.208960 0.000000 0.000000 -0.115881 0.177854 1.007792
17 4.203462 1.484258 1.588960 -0.298761 -1.106645 -1.417776
18 5.124548 0.000000 -0.000000 -1.020323 -0.168151 -1.564563
19 11.580950 -0.000000 0.000000 0.000000 -0.000000 -0.633867
20 11.182189 -0.000002 -0.000032 1.482783 0.032391 -0.299941
21 3.342010 -0.071954 -1.535773 0.070874 0.142154 -0.247798
22 1.760565 -0.000000 -0.000000 0.003707 0.008347 -0.417902
23 0.946777 0.000000 -0.000000 -0.059844 -0.161510 -0.356655
24 3.650005 0.195886 -0.591614 0.065848 0.111437 -0.286501
25 1.940476 0.000000 0.000000 -0.063015 -0.157361 -0.382781
26 1.194153 0.000000 0.000000 0.017478 0.067896 -0.252168
27 3.920878 0.176868 0.421353 0.034918 -0.002119 -0.237374
28 2.398545 0.000000 0.000000 -0.016327 -0.028042 -0.527349
29 1.228913 0.000000 -0.000000 0.006292 0.038933 -0.160270
30 3.969047 0.108842 1.535248 0.028607 -0.031328 -0.228206
31 1.959841 0.000000 -0.000000 0.054600 0.111020 -0.458274
32 1.099742 -0.000000 -0.000000 0.010217 0.062642 -0.161791
33 1.244744 -0.896944 1.073525 1.541960 -0.431286 -0.187296
34 1.976136 0.000000 0.000000 0.000000 -0.068928 -0.257871
35 1.377138 0.000000 0.000000 0.000000 -0.022268 0.192117
36 4.203462 1.484258 -1.588960 -0.442944 1.172503 -2.104577
37 5.124548 0.000000 0.000000 2.452679 0.490408 -0.756876
38 11.580950 0.000000 0.000000 -0.000000 -0.000000 -0.339236
39 11.182171 -0.000002 0.000017 -1.924463 0.108442 -0.296689
40 3.342029 -0.078177 1.535469 -0.066822 -0.142155 -0.247795
41 1.760565 0.000000 0.000000 -0.003707 -0.008347 -0.417902
42 0.946777 -0.000000 0.000000 0.059844 0.161510 -0.356655
43 3.650023 0.193487 0.592403 -0.061796 -0.111438 -0.286498
44 1.940476 0.000000 -0.000000 0.063015 0.157361 -0.382781
45 1.194153 -0.000000 -0.000000 -0.017478 -0.067896 -0.252168
46 3.920897 0.178574 -0.420632 -0.030866 0.002118 -0.237370
47 2.398545 0.000000 0.000000 0.016327 0.028042 -0.527349
48 1.228913 0.000000 0.000000 -0.006292 -0.038933 -0.160270
49 3.969067 0.115063 -1.534794 -0.024555 0.031327 -0.228202
50 1.959841 0.000000 0.000000 -0.054600 -0.111020 -0.458274
51 1.099742 0.000000 0.000000 -0.010217 -0.062642 -0.161791
52 1.244767 -0.892595 -1.077153 -1.537577 0.432036 -0.185459
53 1.976136 0.000000 0.000000 -0.000000 0.068928 -0.257871
54 1.377138 0.000000 0.000000 -0.000000 0.022268 0.192117
time 208
0 0.000000 0.000000 0.000000 1.570796 0.000000 0.000000
1 1.436651 0.184911 37.935661 1.404578 -0.136652 -0.003152
2 0.000000 0.000000 0.000000 0.000000 0.000000 0.000000
3 3.890447 -0.000000 0.000000 -1.755897 -0.119415 -1.466783
4 20.402582 -0.000000 0.000000 0.000000 -0.000000 0.760259
5 17.754948 0.000000 0.000000 -0.237503 0.122902 -1.612292
6 5.733515 0.000000 0.000000 0.009689 -0.018983 -0.364103
7 -3.890447 0.000000 -0.000000 -1.384512 -0.071520 -2.103202
8 20.402582 -0.000000 -0.000000 0.000000 0.000000 0.694300
9 17.754948 -0.000000 0.000000 0.380097 -0.210564 -1.604862
10 5.733515 0.000000 0.000000 -0.098163 0.014529 -0.343386
11 0.000000 3.345132 -1.055022 1.545267 0.032974 1.722919
12 4.232848 -0.000000 0.000000 -0.011652 0.132284 0.136266
13 4.327481 0.000000 0.000000 -0.002385 0.043562 0.178714
14 6.430522 0.000000 0.000000 0.128806 0.281004 0.481717
15 5.754028 0.000000 0.000000 2.806014 -0.044312 0.613537
16 4.208960 0.000000 0.000000 -0.108662 0.177467 1.013066
17 4.203462 1.484258 1.588960 -0.301935 -1.103816 -1.411910
18 5.124548 -0.000000 -0.000000 -1.017834 -0.168654 -1.564384
19 11.580950 0.000000 0.000000 0.000000 0.000000 -0.641577
20 11.182189 -0.000002 -0.000032 1.483278 0.029119 -0.298934
21 3.342010 -0.071954 -1.535773 0.070874 0.142154 -0.247798
22 1.760565 0.000000 0.000000 0.003707 0.008347 -0.417902
23 0.946777 0.000000 0.000000 -0.059844 -0.161510 -0.356655
24 3.650005 0.195886 -0.591614 0.065848 0.111437 -0.286501
25 1.940476 -0.000000 0.000000 -0.063015 -0.157361 -0.382781
26 1.194153 -0.000000 0.000000 0.017478 0.067896 -0.252168
27 3.920878 0.176868 0.421353 0.034918 -0.002119 -0.237374
28 2.398545 0.000000 0.000000 -0.016327 -0.028042 -0.527349
29 1.228913 0.000000 0.000000 0.006292 0.038933 -0.160270
30 3.969047 0.108842 1.535248 0.028607 -0.031328 -0.228206
31 1.959841 0.000000 0.000000 0.054600 0.111020 -0.458274
32 1.099742 0.000000 0.000000 0.010217 0.062642 -0.161791
33 1.244744 -0.896944 1.073525 1.541960 -0.431286 -0.187296
34 1.976136 0.000000 0.000000 -0.000000 -0.068928 -0.257871
35 1.377138 -0.000000 0.000000 -0.000000 -0.022268 0.192117
36 4.203462 1.484258 -1.588960 -0.456115 1.177059 -2.114494
37 5.124548 -0.000000 0.000000 2.451669 0.494259 -0.742949
38 11.580950 0.000000 0.000000 -0.000000 0.000000 -0.346215
39 11.182171 -0.000002 0.000017 -1.918063 0.106868 -0.300537
40 3.342029 -0.078177 1.535469 -0.066822 -0.142155 -0.247795
41 1.760565 0.000000 0.000000 -0.003707 -0.008347 -0.417902
42 0.946777 -0.000000 -0.000000 0.059844 0.161510 -0.356655
43 3.650023 0.193487 0.592403 -0.061796 -0.111438 -0.286498
44 1.940476 0.000000 -0.000000 0.063015 0.157361 -0.382781
45 1.194153 -0.000000 0.000000 -0.017478 -0.067896 -0.252168
46 3.920897 0.178574 -0.420632 -0.030866 0.002118 -0.237370
47 2.398545 -0.000000 0.000000 0.016327 0.028042 -0.527349
48 1.228913 -0.000000 -0.000000 -0.006292 -0.038933 -0.160270
49 3.969067 0.115063 -1.534794 -0.024555 0.031327 -0.228202
50 1.959841 0.000000 0.000000 -0.054600 -0.111020 -0.458274
51 1.099742 -0.000000 0.000000 -0.010217 -0.062642 -0.161791
52 1.244767 -0.892595 -1.077153 -1.537577 0.432036 -0.185459
53 1.976136 0.000000 0.000000 0.000000 0.068928 -0.257871
54 1.377138 0.000000 0.000000 0.000000 0.022268 0.192117
time 209
0 0.000000 0.000000 0.000000 1.570796 0.000000 0.000000
1 1.359286 0.190245 37.994652 1.405971 -0.141786 -0.003461
2 0.000000 0.000000 0.000000 0.000000 0.000000 0.000000
3 3.890447 0.000000 0.000000 -1.756374 -0.114759 -1.471123
4 20.402582 0.000000 0.000000 -0.000000 0.000000 0.746834
5 17.754948 0.000000 -0.000000 -0.239851 0.123615 -1.605759
6 5.733515 0.000000 -0.000000 0.009687 -0.018998 -0.364969
7 -3.890447 0.000000 -0.000000 -1.384651 -0.072332 -2.105831
8 20.402582 0.000000 0.000000 0.000000 0.000000 0.692208
9 17.754948 0.000000 0.000000 0.378819 -0.210044 -1.603794
10 5.733515 0.000000 0.000000 -0.098163 0.014528 -0.343275
11 0.000000 3.345132 -1.055022 1.544180 0.034516 1.724337
12 4.232848 0.000000 0.000000 -0.012169 0.132779 0.134012
13 4.327481 -0.000000 0.000000 -0.002530 0.044061 0.176005
14 6.430522 -0.000000 0.000000 0.126654 0.277541 0.479332
15 5.754028 -0.000000 0.000000 2.807613 -0.059168 0.597512
16 4.208960 0.000000 0.000000 -0.100713 0.178663 1.019353
17 4.203462 1.484258 1.588960 -0.301860 -1.103655 -1.411657
18 5.124548 0.000000 0.000000 -1.015201 -0.167697 -1.562002
19 11.580950 -0.000000 0.000000 0.000000 0.000000 -0.646751
20 11.182189 -0.000002 -0.000032 1.482447 0.033146 -0.295522
21 3.342010 -0.071954 -1.535773 0.070874 0.142154 -0.247798
22 1.760565 0.000000 0.000000 0.003707 0.008347 -0.417902
23 0.946777 0.000000 0.000000 -0.059844 -0.161510 -0.356655
24 3.650005 0.195886 -0.591614 0.065848 0.111437 -0.286501
25 1.940476 0.000000 0.000000 -0.063015 -0.157361 -0.382781
26 1.194153 0.000000 0.000000 0.017478 0.067896 -0.252168
27 3.920878 0.176868 0.421353 0.034918 -0.002119 -0.237374
28 2.398545 0.000000 -0.000000 -0.016327 -0.028042 -0.527349
29 1.228913 0.000000 -0.000000 0.006292 0.038933 -0.160270
30 3.969047 0.108842 1.535248 0.028607 -0.031328 -0.228206
31 1.959841 0.000000 0.000000 0.054600 0.111020 -0.458274
32 1.099742 0.000000 0.000000 0.010217 0.062642 -0.161791
33 1.244744 -0.896944 1.073525 1.541960 -0.431286 -0.187296
34 1.976136 0.000000 0.000000 -0.000000 -0.068928 -0.257871
35 1.377138 0.000000 0.000000 0.000000 -0.022268 0.192117
36 4.203462 1.484258 -1.588960 -0.464180 1.183679 -2.120568
37 5.124548 0.000000 0.000000 2.453955 0.493750 -0.733513
38 11.580950 -0.000000 0.000000 0.000000 0.000000 -0.354147
39 11.182171 -0.000002 0.000017 -1.912464 0.102021 -0.305328
40 3.342029 -0.078177 1.535469 -0.066822 -0.142155 -0.247795
41 1.760565 -0.000000 0.000000 -0.003707 -0.008347 -0.417902
42 0.946777 0.000000 0.000000 0.059844 0.161510 -0.356655
43 3.650023 0.193487 0.592403 -0.061796 -0.111438 -0.286498
44 1.940476 0.000000 0.000000 0.063015 0.157361 -0.382781
45 1.194153 -0.000000 0.000000 -0.017478 -0.067896 -0.252168
46 3.920897 0.178574 -0.420632 -0.030866 0.002118 -0.237370
47 2.398545 0.000000 0.000000 0.016327 0.028042 -0.527349
48 1.228913 0.000000 0.000000 -0.006292 -0.038933 -0.160270
49 3.969067 0.115063 -1.534794 -0.024555 0.031327 -0.228202
50 1.959841 0.000000 0.000000 -0.054600 -0.111020 -0.458274
51 1.099742 -0.000000 0.000000 -0.010217 -0.062642 -0.161791
52 1.244767 -0.892595 -1.077153 -1.537577 0.432036 -0.185459
53 1.976136 0.000000 0.000000 -0.000000 0.068928 -0.257871
54 1.377138 -0.000000 0.000000 -0.000000 0.022268 0.192117
time 210
0 0.000000 0.000000 0.000000 1.570796 0.000000 0.000000
1 1.267128 0.207575 38.052322 1.407717 -0.145319 -0.001763
2 0.000000 0.000000 0.000000 0.000000 0.000000 0.000000
3 3.890447 0.000000 0.000000 -1.755401 -0.111949 -1.473644
4 20.402582 0.000000 0.000000 0.000000 0.000000 0.734299
5 17.754948 0.000000 0.000000 -0.242328 0.125228 -1.598796
6 5.733515 -0.000000 0.000000 0.009686 -0.019001 -0.365130
7 -3.890447 0.000000 -0.000000 -1.383965 -0.072697 -2.106419
8 20.402582 0.000000 0.000000 -0.000000 -0.000000 0.690044
9 17.754948 -0.000000 -0.000000 0.377461 -0.207839 -1.602750
10 5.733515 0.000000 0.000000 -0.098163 0.014531 -0.343456
11 0.000000 3.345132 -1.055022 1.543737 0.036065 1.723884
12 4.232848 -0.000000 0.000000 -0.012219 0.132160 0.131447
13 4.327481 -0.000000 0.000000 -0.002544 0.043966 0.172634
14 6.430522 0.000000 0.000000 0.126562 0.277193 0.476737
15 5.754028 -0.000000 0.000000 2.808657 -0.073772 0.578115
16 4.208960 -0.000000 0.000000 -0.093883 0.181659 1.029050
17 4.203462 1.484258 1.588960 -0.310924 -1.102608 -1.405785
18 5.124548 0.000000 0.000000 -1.008074 -0.162326 -1.564490
19 11.580950 -0.000000 0.000000 -0.000000 -0.000000 -0.650781
20 11.182189 -0.000002 -0.000032 1.481080 0.033542 -0.294234
21 3.342010 -0.071954 -1.535773 0.070874 0.142154 -0.247798
22 1.760565 0.000000 0.000000 0.003707 0.008347 -0.417902
23 0.946777 -0.000000 0.000000 -0.059844 -0.161510 -0.356655
24 3.650005 0.195886 -0.591614 0.065848 0.111437 -0.286501
25 1.940476 0.000000 -0.000000 -0.063015 -0.157361 -0.382781
26 1.194153 0.000000 -0.000000 0.017478 0.067896 -0.252168
27 3.920878 0.176868 0.421353 0.034918 -0.002119 -0.237374
28 2.398545 0.000000 0.000000 -0.016327 -0.028042 -0.527349
29 1.228913 0.000000 0.000000 0.006292 0.038933 -0.160270
30 3.969047 0.108842 1.535248 0.028607 -0.031328 -0.228206
31 1.959841 0.000000 0.000000 0.054600 0.111020 -0.458274
32 1.099742 0.000000 0.000000 0.010217 0.062642 -0.161791
33 1.244744 -0.896944 1.073525 1.541960 -0.431286 -0.187296
34 1.976136 0.000000 0.000000 0.000000 -0.068928 -0.257871
35 1.377138 -0.000000 -0.000000 -0.000000 -0.022268 0.192117
36 4.203462 1.484258 -1.588960 -0.443868 1.188784 -2.102103
37 5.124548 0.000000 -0.000000 2.452563 0.492455 -0.736553
38 11.580950 0.000000 0.000000 -0.000000 0.000000 -0.359170
39 11.182171 -0.000002 0.000017 -1.906720 0.099477 -0.307906
40 3.342029 -0.078177 1.535469 -0.066822 -0.142155 -0.247795
41 1.760565 0.000000 0.000000 -0.003707 -0.008347 -0.417902
42 0.946777 0.000000 0.000000 0.059844 0.161510 -0.356655
43 3.650023 0.193487 0.592403 -0.061796 -0.111438 -0.286498
44 1.940476 0.000000 0.000000 0.063015 0.157361 -0.382781
45 1.194153 0.000000 0.000000 -0.017478 -0.067896 -0.252168
46 3.920897 0.178574 -0.420632 -0.030866 0.002118 -0.237370
47 2.398545 0.000000 0.000000 0.016327 0.028042 -0.527349
48 1.228913 0.000000 0.000000 -0.006292 -0.038933 -0.160270
49 3.969067 0.115063 -1.534794 -0.024555 0.031327 -0.228202
50 1.959841 0.000000 0.000000 -0.054600 -0.111020 -0.458274
51 1.099742 0.000000 -0.000000 -0.010217 -0.062642 -0.161791
52 1.244767 -0.892595 -1.077153 -1.537577 0.432036 -0.185459
53 1.976136 0.000000 -0.000000 -0.000000 0.068928 -0.257871
54 1.377138 0.000000 0.000000 0.000000 0.022268 0.192117
time 211
0 0.000000 0.000000 0.000000 1.570796 0.000000 0.000000
1 1.152351 0.229243 38.109474 1.409777 -0.147103 0.001909
2 0.000000 0.000000 0.000000 0.000000 0.000000 0.000000
3 3.890447 -0.000000 0.000000 -1.753583 -0.110357 -1.473947
4 20.402582 0.000000 0.000000 0.000000 0.000000 0.722285
5 17.754948 0.000000 0.000000 -0.244268 0.128283 -1.591344
6 5.733515 0.000000 0.000000 0.009684 -0.019012 -0.365835
7 -3.890447 0.000000 -0.000000 -1.382894 -0.072346 -2.104459
8 20.402582 0.000000 -0.000000 0.000000 0.000000 0.687769
9 17.754948 -0.000000 0.000000 0.376222 -0.203440 -1.602215
10 5.733515 0.000000 -0.000000 -0.098164 0.014524 -0.343080
11 -0.000000 3.345132 -1.055022 1.543136 0.037733 1.723249
12 4.232848 0.000000 0.000000 -0.012298 0.130594 0.128395
13 4.327481 0.000000 0.000000 -0.002620 0.043580 0.168720
14 6.430522 0.000000 0.000000 0.126676 0.277239 0.474075
15 5.754028 -0.000000 0.000000 2.808545 -0.086489 0.561355
16 4.208960 0.000000 0.000000 -0.088864 0.185662 1.036366
17 4.203462 1.484258 1.588960 -0.313593 -1.102138 -1.406644
18 5.124548 0.000000 0.000000 -1.000435 -0.158172 -1.565019
19 11.580950 -0.000000 0.000000 -0.000000 -0.000000 -0.652603
20 11.182189 -0.000002 -0.000032 1.480202 0.034145 -0.294296
21 3.342010 -0.071954 -1.535773 0.070874 0.142154 -0.247798
22 1.760565 0.000000 0.000000 0.003707 0.008347 -0.417902
23 0.946777 0.000000 0.000000 -0.059844 -0.161510 -0.356655
24 3.650005 0.195886 -0.591614 0.065848 0.111437 -0.286501
25 1.940476 0.000000 0.000000 -0.063015 -0.157361 -0.382781
26 1.194153 0.000000 0.000000 0.017478 0.067896 -0.252168
27 3.920878 0.176868 0.421353 0.034918 -0.002119 -0.237374
28 2.398545 0.000000 0.000000 -0.016327 -0.028042 -0.527349
29 1.228913 0.000000 0.000000 0.006292 0.038933 -0.160270
30 3.969047 0.108842 1.535248 0.028607 -0.031328 -0.228206
31 1.959841 0.000000 -0.000000 0.054600 0.111020 -0.458274
32 1.099742 0.000000 0.000000 0.010217 0.062642 -0.161791
33 1.244744 -0.896944 1.073525 1.541960 -0.431286 -0.187296
34 1.976136 0.000000 0.000000 -0.000000 -0.068928 -0.257871
35 1.377138 -0.000000 0.000000 0.000000 -0.022268 0.192117
36 4.203462 1.484258 -1.588960 -0.425748 1.191880 -2.085080
37 5.124548 -0.000000 -0.000000 2.452952 0.492602 -0.740202
38 11.580950 0.000000 0.000000 0.000000 -0.000000 -0.361288
39 11.182171 -0.000002 0.000017 -1.902187 0.099697 -0.308129
40 3.342029 -0.078177 1.535469 -0.066822 -0.142155 -0.247795
41 1.760565 -0.000000 0.000000 -0.003707 -0.008347 -0.417902
42 0.946777 0.000000 0.000000 0.059844 0.161510 -0.356655
43 3.650023 0.193487 0.592403 -0.061796 -0.111438 -0.286498
44 1.940476 0.000000 0.000000 0.063015 0.157361 -0.382781
45 1.194153 0.000000 0.000000 -0.017478 -0.067896 -0.252168
46 3.920897 0.178574 -0.420632 -0.030866 0.002118 -0.237370
47 2.398545 0.000000 0.000000 0.016327 0.028042 -0.527349
48 1.228913 0.000000 0.000000 -0.006292 -0.038933 -0.160270
49 3.969067 0.115063 -1.534794 -0.024555 0.031327 -0.228202
50 1.959841 0.000000 0.000000 -0.054600 -0.111020 -0.458274
51 1.099742 0.000000 0.000000 -0.010217 -0.062642 -0.161791
52 1.244767 -0.892595 -1.077153 -1.537577 0.432036 -0.185459
53 1.976136 0.000000 0.000000 -0.000000 0.068928 -0.257871
54 1.377138 0.000000 0.000000 -0.000000 0.022268 0.192117
time 212
0 0.000000 0.000000 0.000000 1.570796 0.000000 0.000000
1 1.022499 0.240949 38.184204 1.411618 -0.147638 0.006650
2 0.000000 0.000000 0.000000 0.000000 0.000000 0.000000
3 3.890447 -0.000000 0.000000 -1.752115 -0.107983 -1.472647
4 20.402582 0.000000 0.000000 0.000000 0.000000 0.708544
5 17.754948 0.000000 0.000000 -0.245204 0.132813 -1.581980
6 5.733515 0.000000 0.000000 0.009681 -0.019039 -0.367426
7 -3.890447 0.000000 -0.000000 -1.382290 -0.070043 -2.100179
8 20.402582 -0.000000 -0.000000 0.000000 0.000000 0.683197
9 17.754948 0.000000 0.000000 0.374727 -0.197212 -1.600526
10 5.733515 0.000000 0.000000 -0.098164 0.014523 -0.342985
11 0.000000 3.345132 -1.055022 1.542548 0.039662 1.722368
12 4.232848 0.000000 0.000000 -0.012442 0.128754 0.125245
13 4.327481 -0.000000 0.000000 -0.002728 0.043255 0.164965
14 6.430522 0.000000 0.000000 0.126011 0.276050 0.471411
15 5.754028 0.000000 0.000000 2.808650 -0.098076 0.545245
16 4.208960 0.000000 0.000000 -0.084777 0.189729 1.042437
17 4.203462 1.484258 1.588960 -0.309303 -1.103256 -1.414061
18 5.124548 0.000000 0.000000 -0.996149 -0.155275 -1.562241
19 11.580950 0.000000 0.000000 0.000000 0.000000 -0.654515
20 11.182189 -0.000002 -0.000032 1.478450 0.040002 -0.294860
21 3.342010 -0.071954 -1.535773 0.070874 0.142154 -0.247798
22 1.760565 0.000000 0.000000 0.003707 0.008347 -0.417902
23 0.946777 0.000000 0.000000 -0.059844 -0.161510 -0.356655
24 3.650005 0.195886 -0.591614 0.065848 0.111437 -0.286501
25 1.940476 0.000000 0.000000 -0.063015 -0.157361 -0.382781
26 1.194153 0.000000 -0.000000 0.017478 0.067896 -0.252168
27 3.920878 0.176868 0.421353 0.034918 -0.002119 -0.237374
28 2.398545 0.000000 0.000000 -0.016327 -0.028042 -0.527349
29 1.228913 0.000000 0.000000 0.006292 0.038933 -0.160270
30 3.969047 0.108842 1.535248 0.028607 -0.031328 -0.228206
31 1.959841 -0.000000 0.000000 0.054600 0.111020 -0.458274
32 1.099742 0.000000 0.000000 0.010217 0.062642 -0.161791
33 1.244744 -0.896944 1.073525 1.541960 -0.431286 -0.187296
34 1.976136 -0.000000 0.000000 -0.000000 -0.068928 -0.257871
35 1.377138 0.000000 0.000000 0.000000 -0.022268 0.192117
36 4.203462 1.484258 -1.588960 -0.419535 1.193215 -2.079212
37 5.124548 0.000000 -0.000000 2.455699 0.493741 -0.740209
38 11.580950 0.000000 -0.000000 0.000000 -0.000000 -0.359818
39 11.182171 -0.000002 0.000017 -1.900425 0.099787 -0.308660
40 3.342029 -0.078177 1.535469 -0.066822 -0.142155 -0.247795
41 1.760565 0.000000 0.000000 -0.003707 -0.008347 -0.417902
42 0.946777 0.000000 -0.000000 0.059844 0.161510 -0.356655
43 3.650023 0.193487 0.592403 -0.061796 -0.111438 -0.286498
44 1.940476 0.000000 -0.000000 0.063015 0.157361 -0.382781
45 1.194153 0.000000 0.000000 -0.017478 -0.067896 -0.252168
46 3.920897 0.178574 -0.420632 -0.030866 0.002118 -0.237370
47 2.398545 0.000000 -0.000000 0.016327 0.028042 -0.527349
48 1.228913 0.000000 0.000000 -0.006292 -0.038933 -0.160270
49 3.969067 0.115063 -1.534794 -0.024555 0.031327 -0.228202
50 1.959841 0.000000 0.000000 -0.054600 -0.111020 -0.458274
51 1.099742 0.000000 0.000000 -0.010217 -0.062642 -0.161791
52 1.244767 -0.892595 -1.077153 -1.537577 0.432036 -0.185459
53 1.976136 0.000000 -0.000000 0.000000 0.068928 -0.257871
54 1.377138 0.000000 -0.000000 -0.000000 0.022268 0.192117
time 213
0 0.000000 0.000000 0.000000 1.570796 0.000000 0.000000
1 0.905916 0.267955 38.233181 1.413295 -0.147839 0.011849
2 0.000000 0.000000 0.000000 0.000000 0.000000 0.000000
3 3.890447 0.000000 0.000000 -1.750141 -0.107617 -1.471167
4 20.402582 0.000000 0.000000 -0.000000 -0.000000 0.698381
5 17.754948 -0.000000 0.000000 -0.245546 0.136920 -1.574392
6 5.733515 0.000000 0.000000 0.009674 -0.019080 -0.369904
7 -3.890447 0.000000 -0.000000 -1.381271 -0.068732 -2.096580
8 20.402582 0.000000 0.000000 -0.000000 0.000000 0.680775
9 17.754948 0.000000 0.000000 0.374010 -0.191363 -1.600119
10 5.733515 0.000000 -0.000000 -0.098167 0.014509 -0.342155
11 0.000000 3.345132 -1.055022 1.541589 0.041041 1.721940
12 4.232848 0.000000 0.000000 -0.012846 0.126872 0.122527
13 4.327481 -0.000000 0.000000 -0.002978 0.042868 0.161476
14 6.430522 -0.000000 0.000000 0.124270 0.273270 0.468808
15 5.754028 0.000000 0.000000 2.807644 -0.110586 0.532260
16 4.208960 -0.000000 0.000000 -0.078837 0.191262 1.049575
17 4.203462 1.484258 1.588960 -0.306043 -1.101206 -1.420308
18 5.124548 -0.000000 0.000000 -0.992357 -0.152876 -1.560715
19 11.580950 -0.000000 0.000000 0.000000 0.000000 -0.656552
20 11.182189 -0.000002 -0.000032 1.474576 0.045694 -0.294968
21 3.342010 -0.071954 -1.535773 0.070874 0.142154 -0.247798
22 1.760565 0.000000 0.000000 0.003707 0.008347 -0.417902
23 0.946777 -0.000000 0.000000 -0.059844 -0.161510 -0.356655
24 3.650005 0.195886 -0.591614 0.065848 0.111437 -0.286501
25 1.940476 0.000000 -0.000000 -0.063015 -0.157361 -0.382781
26 1.194153 0.000000 0.000000 0.017478 0.067896 -0.252168
27 3.920878 0.176868 0.421353 0.034918 -0.002119 -0.237374
28 2.398545 0.000000 -0.000000 -0.016327 -0.028042 -0.527349
29 1.228913 0.000000 0.000000 0.006292 0.038933 -0.160270
30 3.969047 0.108842 1.535248 0.028607 -0.031328 -0.228206
31 1.959841 0.000000 -0.000000 0.054600 0.111020 -0.458274
32 1.099742 -0.000000 -0.000000 0.010217 0.062642 -0.161791
33 1.244744 -0.896944 1.073525 1.541960 -0.431286 -0.187296
34 1.976136 0.000000 0.000000 -0.000000 -0.068928 -0.257871
35 1.377138 0.000000 0.000000 0.000000 -0.022268 0.192117
36 4.203462 1.484258 -1.588960 -0.419034 1.195480 -2.082403
37 5.124548 -0.000000 -0.000000 2.454396 0.491401 -0.739364
38 11.580950 -0.000000 0.000000 0.000000 0.000000 -0.359433
39 11.182171 -0.000002 0.000017 -1.899265 0.101144 -0.308775
40 3.342029 -0.078177 1.535469 -0.066822 -0.142155 -0.247795
41 1.760565 0.000000 -0.000000 -0.003707 -0.008347 -0.417902
42 0.946777 0.000000 0.000000 0.059844 0.161510 -0.356655
43 3.650023 0.193487 0.592403 -0.061796 -0.111438 -0.286498
44 1.940476 0.000000 -0.000000 0.063015 0.157361 -0.382781
45 1.194153 -0.000000 0.000000 -0.017478 -0.067896 -0.252168
46 3.920897 0.178574 -0.420632 -0.030866 0.002118 -0.237370
47 2.398545 0.000000 0.000000 0.016327 0.028042 -0.527349
48 1.228913 0.000000 0.000000 -0.006292 -0.038933 -0.160270
49 3.969067 0.115063 -1.534794 -0.024555 0.031327 -0.228202
50 1.959841 0.000000 0.000000 -0.054600 -0.111020 -0.458274
51 1.099742 0.000000 0.000000 -0.010217 -0.062642 -0.161791
52 1.244767 -0.892595 -1.077153 -1.537577 0.432036 -0.185459
53 1.976136 0.000000 -0.000000 -0.000000 0.068928 -0.257871
54 1.377138 0.000000 0.000000 0.000000 0.022268 0.192117
time 214
0 0.000000 0.000000 0.000000 1.570796 0.000000 0.000000
1 0.820579 0.310255 38.260891 1.414623 -0.147544 0.017436
2 0.000000 0.000000 0.000000 0.000000 0.000000 0.000000
3 3.890447 0.000000 0.000000 -1.746175 -0.109125 -1.470273
4 20.402582 0.000000 0.000000 -0.000000 0.000000 0.691979
5 17.754948 -0.000000 -0.000000 -0.246640 0.139198 -1.569503
6 5.733515 0.000000 0.000000 0.009676 -0.019071 -0.369379
7 -3.890447 0.000000 -0.000000 -1.379008 -0.068267 -2.093921
8 20.402582 0.000000 0.000000 -0.000000 0.000000 0.680482
9 17.754948 0.000000 0.000000 0.373475 -0.186875 -1.600299
10 5.733515 0.000000 0.000000 -0.098167 0.014505 -0.341916
11 0.000000 3.345132 -1.055022 1.540717 0.041674 1.722144
12 4.232848 0.000000 0.000000 -0.013061 0.125014 0.120147
13 4.327481 -0.000000 0.000000 -0.003168 0.042601 0.158093
14 6.430522 0.000000 0.000000 0.122317 0.270055 0.466585
15 5.754028 0.000000 0.000000 2.806405 -0.121916 0.525238
16 4.208960 -0.000000 0.000000 -0.071862 0.190270 1.055427
17 4.203462 1.484258 1.588960 -0.299900 -1.099673 -1.427290
18 5.124548 -0.000000 0.000000 -0.991372 -0.152460 -1.559650
19 11.580950 0.000000 0.000000 -0.000000 -0.000000 -0.657594
20 11.182189 -0.000002 -0.000032 1.474167 0.047009 -0.293756
21 3.342010 -0.071954 -1.535773 0.070874 0.142154 -0.247798
22 1.760565 0.000000 0.000000 0.003707 0.008347 -0.417902
23 0.946777 0.000000 -0.000000 -0.059844 -0.161510 -0.356655
24 3.650005 0.195886 -0.591614 0.065848 0.111437 -0.286501
25 1.940476 0.000000 0.000000 -0.063015 -0.157361 -0.382781
26 1.194153 -0.000000 0.000000 0.017478 0.067896 -0.252168
27 3.920878 0.176868 0.421353 0.034918 -0.002119 -0.237374
28 2.398545 0.000000 -0.000000 -0.016327 -0.028042 -0.527349
29 1.228913 0.000000 0.000000 0.006292 0.038933 -0.160270
30 3.969047 0.108842 1.535248 0.028607 -0.031328 -0.228206
31 1.959841 -0.000000 -0.000000 0.054600 0.111020 -0.458274
32 1.099742 0.000000 0.000000 0.010217 0.062642 -0.161791
33 1.244744 -0.896944 1.073525 1.541960 -0.431286 -0.187296
34 1.976136 0.000000 0.000000 0.000000 -0.068928 -0.257871
35 1.377138 -0.000000 0.000000 0.000000 -0.022268 0.192117
36 4.203462 1.484258 -1.588960 -0.420037 1.197473 -2.089379
37 5.124548 0.000000 0.000000 2.455724 0.488109 -0.737585
38 11.580950 0.000000 0.000000 0.000000 0.000000 -0.358433
39 11.182171 -0.000002 0.000017 -1.904190 0.102027 -0.308940
40 3.342029 -0.078177 1.535469 -0.066822 -0.142155 -0.247795
41 1.760565 0.000000 0.000000 -0.003707 -0.008347 -0.417902
42 0.946777 -0.000000 0.000000 0.059844 0.161510 -0.356655
43 3.650023 0.193487 0.592403 -0.061796 -0.111438 -0.286498
44 1.940476 -0.000000 0.000000 0.063015 0.157361 -0.382781
45 1.194153 0.000000 0.000000 -0.017478 -0.067896 -0.252168
46 3.920897 0.178574 -0.420632 -0.030866 0.002118 -0.237370
47 2.398545 0.000000 0.000000 0.016327 0.028042 -0.527349
48 1.228913 0.000000 0.000000 -0.006292 -0.038933 -0.160270
49 3.969067 0.115063 -1.534794 -0.024555 0.031327 -0.228202
50 1.959841 0.000000 0.000000 -0.054600 -0.111020 -0.458274
51 1.099742 0.000000 0.000000 -0.010217 -0.062642 -0.161791
52 1.244767 -0.892595 -1.077153 -1.537577 0.432036 -0.185459
53 1.976136 0.000000 0.000000 0.000000 0.068928 -0.257871
54 1.377138 0.000000 0.000000 0.000000 0.022268 0.192117
time 215
0 0.000000 0.000000 0.000000 1.570796 0.000000 0.000000
1 0.756664 0.359509 38.275669 1.415456 -0.147009 0.023385
2 0.000000 0.000000 0.000000 0.000000 0.000000 0.000000
3 3.890447 0.000000 0.000000 -1.741399 -0.111759 -1.469705
4 20.402582 0.000000 0.000000 0.000000 0.000000 0.688371
5 17.754948 0.000000 0.000000 -0.247080 0.140715 -1.565714
6 5.733515 -0.000000 0.000000 0.009674 -0.019084 -0.370165
7 -3.890447 0.000000 -0.000000 -1.375630 -0.067798 -2.091997
8 20.402582 0.000000 0.000000 -0.000000 -0.000000 0.680940
9 17.754948 0.000000 0.000000 0.373081 -0.183600 -1.600627
10 5.733515 0.000000 0.000000 -0.098169 0.014496 -0.341346
11 0.000000 3.345132 -1.055022 1.540108 0.041856 1.722641
12 4.232848 0.000000 0.000000 -0.013057 0.123452 0.118244
13 4.327481 -0.000000 0.000000 -0.003269 0.042419 0.155113
14 6.430522 -0.000000 0.000000 0.120355 0.266697 0.464676
15 5.754028 -0.000000 0.000000 2.806163 -0.132049 0.521219
16 4.208960 0.000000 0.000000 -0.064630 0.188754 1.059656
17 4.203462 1.484258 1.588960 -0.295144 -1.101267 -1.429682
18 5.124548 0.000000 0.000000 -0.995485 -0.153292 -1.559009
19 11.580950 0.000000 0.000000 0.000000 -0.000000 -0.658468
20 11.182189 -0.000002 -0.000032 1.476881 0.043996 -0.293950
21 3.342010 -0.071954 -1.535773 0.070874 0.142154 -0.247798
22 1.760565 0.000000 -0.000000 0.003707 0.008347 -0.417902
23 0.946777 0.000000 0.000000 -0.059844 -0.161510 -0.356655
24 3.650005 0.195886 -0.591614 0.065848 0.111437 -0.286501
25 1.940476 0.000000 -0.000000 -0.063015 -0.157361 -0.382781
26 1.194153 0.000000 -0.000000 0.017478 0.067896 -0.252168
27 3.920878 0.176868 0.421353 0.034918 -0.002119 -0.237374
28 2.398545 -0.000000 0.000000 -0.016327 -0.028042 -0.527349
29 1.228913 0.000000 0.000000 0.006292 0.038933 -0.160270
30 3.969047 0.108842 1.535248 0.028607 -0.031328 -0.228206
31 1.959841 0.000000 0.000000 0.054600 0.111020 -0.458274
32 1.099742 0.000000 0.000000 0.010217 0.062642 -0.161791
33 1.244744 -0.896944 1.073525 1.541960 -0.431286 -0.187296
34 1.976136 0.000000 -0.000000 0.000000 -0.068928 -0.257871
35 1.377138 -0.000000 0.000000 0.000000 -0.022268 0.192117
36 4.203462 1.484258 -1.588960 -0.418491 1.198016 -2.093086
37 5.124548 0.000000 -0.000000 2.458154 0.486915 -0.735699
38 11.580950 -0.000000 0.000000 0.000000 0.000000 -0.356455
39 11.182171 -0.000002 0.000017 -1.909701 0.098321 -0.308902
40 3.342029 -0.078177 1.535469 -0.066822 -0.142155 -0.247795
41 1.760565 0.000000 -0.000000 -0.003707 -0.008347 -0.417902
42 0.946777 0.000000 0.000000 0.059844 0.161510 -0.356655
43 3.650023 0.193487 0.592403 -0.061796 -0.111438 -0.286498
44 1.940476 0.000000 -0.000000 0.063015 0.157361 -0.382781
45 1.194153 0.000000 0.000000 -0.017478 -0.067896 -0.252168
46 3.920897 0.178574 -0.420632 -0.030866 0.002118 -0.237370
47 2.398545 0.000000 0.000000 0.016327 0.028042 -0.527349
48 1.228913 0.000000 0.000000 -0.006292 -0.038933 -0.160270
49 3.969067 0.115063 -1.534794 -0.024555 0.031327 -0.228202
50 1.959841 0.000000 0.000000 -0.054600 -0.111020 -0.458274
51 1.099742 -0.000000 -0.000000 -0.010217 -0.062642 -0.161791
52 1.244767 -0.892595 -1.077153 -1.537577 0.432036 -0.185459
53 1.976136 0.000000 0.000000 -0.000000 0.068928 -0.257871
54 1.377138 0.000000 0.000000 -0.000000 0.022268 0.192117
time 216
0 0.000000 0.000000 0.000000 1.570796 0.000000 0.000000
1 0.705809 0.411841 38.278908 1.415665 -0.146149 0.029735
2 0.000000 0.000000 0.000000 0.000000 0.000000 0.000000
3 3.890447 0.000000 0.000000 -1.736256 -0.115111 -1.469023
4 20.402582 -0.000000 0.000000 0.000000 0.000000 0.687218
5 17.754948 0.000000 0.000000 -0.247191 0.142139 -1.562980
6 5.733515 0.000000 -0.000000 0.009672 -0.019099 -0.371081
7 -3.890447 0.000000 0.000000 -1.372278 -0.066932 -2.090275
8 20.402582 -0.000000 0.000000 0.000000 0.000000 0.682045
9 17.754948 0.000000 -0.000000 0.373111 -0.180384 -1.601487
10 5.733515 0.000000 0.000000 -0.098171 0.014484 -0.340613
11 0.000000 3.345132 -1.055022 1.539935 0.041860 1.723260
12 4.232848 0.000000 0.000000 -0.012848 0.122826 0.117062
13 4.327481 0.000000 0.000000 -0.003236 0.042345 0.152941
14 6.430522 0.000000 0.000000 0.118176 0.262771 0.462899
15 5.754028 0.000000 0.000000 2.808817 -0.139934 0.519239
16 4.208960 0.000000 0.000000 -0.057754 0.186653 1.060623
17 4.203462 1.484258 1.588960 -0.297520 -1.102436 -1.422537
18 5.124548 0.000000 -0.000000 -1.001070 -0.156013 -1.561667
19 11.580950 -0.000000 0.000000 0.000000 0.000000 -0.658382
20 11.182189 -0.000002 -0.000032 1.480011 0.041923 -0.294852
21 3.342010 -0.071954 -1.535773 0.070874 0.142154 -0.247798
22 1.760565 0.000000 -0.000000 0.003707 0.008347 -0.417902
23 0.946777 0.000000 -0.000000 -0.059844 -0.161510 -0.356655
24 3.650005 0.195886 -0.591614 0.065848 0.111437 -0.286501
25 1.940476 0.000000 -0.000000 -0.063015 -0.157361 -0.382781
26 1.194153 0.000000 0.000000 0.017478 0.067896 -0.252168
27 3.920878 0.176868 0.421353 0.034918 -0.002119 -0.237374
28 2.398545 0.000000 0.000000 -0.016327 -0.028042 -0.527349
29 1.228913 0.000000 0.000000 0.006292 0.038933 -0.160270
30 3.969047 0.108842 1.535248 0.028607 -0.031328 -0.228206
31 1.959841 0.000000 0.000000 0.054600 0.111020 -0.458274
32 1.099742 -0.000000 -0.000000 0.010217 0.062642 -0.161791
33 1.244744 -0.896944 1.073525 1.541960 -0.431286 -0.187296
34 1.976136 0.000000 0.000000 0.000000 -0.068928 -0.257871
35 1.377138 0.000000 0.000000 0.000000 -0.022268 0.192117
36 4.203462 1.484258 -1.588960 -0.428281 1.200714 -2.099251
37 5.124548 0.000000 -0.000000 2.469393 0.487953 -0.729074
38 11.580950 0.000000 -0.000000 0.000000 0.000000 -0.357938
39 11.182171 -0.000002 0.000017 -1.913432 0.092296 -0.307797
40 3.342029 -0.078177 1.535469 -0.066822 -0.142155 -0.247795
41 1.760565 -0.000000 0.000000 -0.003707 -0.008347 -0.417902
42 0.946777 0.000000 -0.000000 0.059844 0.161510 -0.356655
43 3.650023 0.193487 0.592403 -0.061796 -0.111438 -0.286498
44 1.940476 0.000000 0.000000 0.063015 0.157361 -0.382781
45 1.194153 0.000000 0.000000 -0.017478 -0.067896 -0.252168
46 3.920897 0.178574 -0.420632 -0.030866 0.002118 -0.237370
47 2.398545 -0.000000 0.000000 0.016327 0.028042 -0.527349
48 1.228913 -0.000000 0.000000 -0.006292 -0.038933 -0.160270
49 3.969067 0.115063 -1.534794 -0.024555 0.031327 -0.228202
50 1.959841 0.000000 0.000000 -0.054600 -0.111020 -0.458274
51 1.099742 0.000000 0.000000 -0.010217 -0.062642 -0.161791
52 1.244767 -0.892595 -1.077153 -1.537577 0.432036 -0.185459
53 1.976136 -0.000000 0.000000 -0.000000 0.068928 -0.257871
54 1.377138 0.000000 0.000000 -0.000000 0.022268 0.192117
time 217
0 0.000000 0.000000 0.000000 1.570796 0.000000 0.000000
1 0.677670 0.450490 38.274826 1.415439 -0.145270 0.035038
2 0.000000 0.000000 0.000000 0.000000 0.000000 0.000000
3 3.890447 0.000000 0.000000 -1.732026 -0.117909 -1.468520
4 20.402582 0.000000 0.000000 -0.000000 0.000000 0.687503
5 17.754948 0.000000 0.000000 -0.247265 0.143275 -1.561679
6 5.733515 0.000000 0.000000 0.009670 -0.019112 -0.371831
7 -3.890447 0.000000 0.000000 -1.369544 -0.065824 -2.089224
8 20.402582 0.000000 -0.000000 -0.000000 -0.000000 0.683197
9 17.754948 -0.000000 0.000000 0.373527 -0.178189 -1.602442
10 5.733515 0.000000 0.000000 -0.098173 0.014472 -0.339897
11 0.000000 3.345132 -1.055022 1.541819 0.042561 1.724578
12 4.232848 0.000000 0.000000 -0.012106 0.122414 0.117209
13 4.327481 -0.000000 0.000000 -0.002980 0.042170 0.152446
14 6.430522 0.000000 0.000000 0.116200 0.258819 0.462071
15 5.754028 0.000000 0.000000 2.814974 -0.146316 0.515547
16 4.208960 0.000000 -0.000000 -0.051614 0.184081 1.060391
17 4.203462 1.484258 1.588960 -0.299946 -1.104094 -1.416625
18 5.124548 0.000000 0.000000 -1.003803 -0.159370 -1.563072
19 11.580950 0.000000 0.000000 -0.000000 0.000000 -0.657180
20 11.182189 -0.000002 -0.000032 1.481117 0.038436 -0.296713
21 3.342010 -0.071954 -1.535773 0.070874 0.142154 -0.247798
22 1.760565 0.000000 0.000000 0.003707 0.008347 -0.417902
23 0.946777 -0.000000 0.000000 -0.059844 -0.161510 -0.356655
24 3.650005 0.195886 -0.591614 0.065848 0.111437 -0.286501
25 1.940476 0.000000 0.000000 -0.063015 -0.157361 -0.382781
26 1.194153 0.000000 0.000000 0.017478 0.067896 -0.252168
27 3.920878 0.176868 0.421353 0.034918 -0.002119 -0.237374
28 2.398545 0.000000 0.000000 -0.016327 -0.028042 -0.527349
29 1.228913 0.000000 -0.000000 0.006292 0.038933 -0.160270
30 3.969047 0.108842 1.535248 0.028607 -0.031328 -0.228206
31 1.959841 0.000000 0.000000 0.054600 0.111020 -0.458274
32 1.099742 0.000000 0.000000 0.010217 0.062642 -0.161791
33 1.244744 -0.896944 1.073525 1.541960 -0.431286 -0.187296
34 1.976136 0.000000 0.000000 0.000000 -0.068928 -0.257871
35 1.377138 0.000000 0.000000 -0.000000 -0.022268 0.192117
36 4.203462 1.484258 -1.588960 -0.436789 1.201202 -2.103450
37 5.124548 0.000000 0.000000 2.474332 0.489490 -0.721081
38 11.580950 -0.000000 0.000000 -0.000000 0.000000 -0.360122
39 11.182171 -0.000002 0.000017 -1.911985 0.090319 -0.306884
40 3.342029 -0.078177 1.535469 -0.066822 -0.142155 -0.247795
41 1.760565 0.000000 0.000000 -0.003707 -0.008347 -0.417902
42 0.946777 0.000000 0.000000 0.059844 0.161510 -0.356655
43 3.650023 0.193487 0.592403 -0.061796 -0.111438 -0.286498
44 1.940476 0.000000 0.000000 0.063015 0.157361 -0.382781
45 1.194153 -0.000000 0.000000 -0.017478 -0.067896 -0.252168
46 3.920897 0.178574 -0.420632 -0.030866 0.002118 -0.237370
47 2.398545 0.000000 0.000000 0.016327 0.028042 -0.527349
48 1.228913 0.000000 0.000000 -0.006292 -0.038933 -0.160270
49 3.969067 0.115063 -1.534794 -0.024555 0.031327 -0.228202
50 1.959841 0.000000 -0.000000 -0.054600 -0.111020 -0.458274
51 1.099742 0.000000 0.000000 -0.010217 -0.062642 -0.161791
52 1.244767 -0.892595 -1.077153 -1.537577 0.432036 -0.185459
53 1.976136 0.000000 0.000000 0.000000 0.068928 -0.257871
54 1.377138 0.000000 0.000000 -0.000000 0.022268 0.192117
time 218
0 0.000000 0.000000 0.000000 1.570796 0.000000 0.000000
1 0.649823 0.521043 38.257423 1.414152 -0.143862 0.043781
2 0.000000 0.000000 0.000000 0.000000 0.000000 0.000000
3 3.890447 0.000000 0.000000 -1.725145 -0.123067 -1.467846
4 20.402582 0.000000 0.000000 0.000000 0.000000 0.690739
5 17.754948 -0.000000 0.000000 -0.247319 0.145626 -1.560360
6 5.733515 0.000000 0.000000 0.009667 -0.019130 -0.372931
7 -3.890447 0.000000 -0.000000 -1.365541 -0.063635 -2.088127
8 20.402582 0.000000 0.000000 0.000000 -0.000000 0.685683
9 17.754948 0.000000 0.000000 0.374469 -0.174355 -1.604188
10 5.733515 0.000000 0.000000 -0.098176 0.014457 -0.338983
11 0.000000 3.345132 -1.055022 1.542470 0.041044 1.723744
12 4.232848 0.000000 0.000000 -0.010659 0.123314 0.117481
13 4.327481 0.000000 0.000000 -0.002273 0.042349 0.152789
14 6.430522 0.000000 0.000000 0.115434 0.256122 0.462118
15 5.754028 -0.000000 0.000000 2.824486 -0.152554 0.504647
16 4.208960 -0.000000 -0.000000 -0.045605 0.181108 1.064633
17 4.203462 1.484258 1.588960 -0.304188 -1.104466 -1.412258
18 5.124548 0.000000 0.000000 -1.001095 -0.161781 -1.564388
19 11.580950 0.000000 0.000000 -0.000000 -0.000000 -0.655585
20 11.182189 -0.000002 -0.000032 1.480132 0.039162 -0.297334
21 3.342010 -0.071954 -1.535773 0.070874 0.142154 -0.247798
22 1.760565 0.000000 0.000000 0.003707 0.008347 -0.417902
23 0.946777 0.000000 0.000000 -0.059844 -0.161510 -0.356655
24 3.650005 0.195886 -0.591614 0.065848 0.111437 -0.286501
25 1.940476 0.000000 0.000000 -0.063015 -0.157361 -0.382781
26 1.194153 0.000000 -0.000000 0.017478 0.067896 -0.252168
27 3.920878 0.176868 0.421353 0.034918 -0.002119 -0.237374
28 2.398545 0.000000 0.000000 -0.016327 -0.028042 -0.527349
29 1.228913 0.000000 -0.000000 0.006292 0.038933 -0.160270
30 3.969047 0.108842 1.535248 0.028607 -0.031328 -0.228206
31 1.959841 0.000000 0.000000 0.054600 0.111020 -0.458274
32 1.099742 0.000000 0.000000 0.010217 0.062642 -0.161791
33 1.244744 -0.896944 1.073525 1.541960 -0.431286 -0.187296
34 1.976136 0.000000 0.000000 0.000000 -0.068928 -0.257871
35 1.377138 0.000000 0.000000 0.000000 -0.022268 0.192117
36 4.203462 1.484258 -1.588960 -0.434331 1.198697 -2.100243
37 5.124548 0.000000 0.000000 2.470734 0.490176 -0.716035
38 11.580950 0.000000 -0.000000 -0.000000 -0.000000 -0.362434
39 11.182171 -0.000002 0.000017 -1.907657 0.093997 -0.310178
40 3.342029 -0.078177 1.535469 -0.066822 -0.142155 -0.247795
41 1.760565 0.000000 -0.000000 -0.003707 -0.008347 -0.417902
42 0.946777 -0.000000 0.000000 0.059844 0.161510 -0.356655
43 3.650023 0.193487 0.592403 -0.061796 -0.111438 -0.286498
44 1.940476 -0.000000 0.000000 0.063015 0.157361 -0.382781
45 1.194153 0.000000 0.000000 -0.017478 -0.067896 -0.252168
46 3.920897 0.178574 -0.420632 -0.030866 0.002118 -0.237370
47 2.398545 0.000000 0.000000 0.016327 0.028042 -0.527349
48 1.228913 -0.000000 -0.000000 -0.006292 -0.038933 -0.160270
49 3.969067 0.115063 -1.534794 -0.024555 0.031327 -0.228202
50 1.959841 0.000000 -0.000000 -0.054600 -0.111020 -0.458274
51 1.099742 0.000000 0.000000 -0.010217 -0.062642 -0.161791
52 1.244767 -0.892595 -1.077153 -1.537577 0.432036 -0.185459
53 1.976136 0.000000 0.000000 0.000000 0.068928 -0.257871
54 1.377138 0.000000 0.000000 -0.000000 0.022268 0.192117
time 219
0 0.000000 0.000000 0.000000 1.570796 0.000000 0.000000
1 0.648772 0.577846 38.236664 1.412783 -0.142653 0.051544
2 0.000000 0.000000 0.000000 0.000000 0.000000 0.000000
3 3.890447 0.000000 0.000000 -1.721853 -0.127590 -1.466957
4 20.402582 0.000000 0.000000 -0.000000 -0.000000 0.694721
5 17.754948 -0.000000 0.000000 -0.246218 0.150039 -1.559908
6 5.733515 0.000000 0.000000 0.009665 -0.019145 -0.373869
7 -3.890447 -0.000000 -0.000000 -1.362875 -0.061404 -2.087604
8 20.402582 0.000000 0.000000 0.000000 0.000000 0.687794
9 17.754948 -0.000000 0.000000 0.375900 -0.170587 -1.605653
10 5.733515 -0.000000 0.000000 -0.098178 0.014445 -0.338289
11 0.000000 3.345132 -1.055022 1.545188 0.040111 1.723063
12 4.232848 0.000000 0.000000 -0.008658 0.123946 0.118846
13 4.327481 0.000000 0.000000 -0.001384 0.042224 0.154314
14 6.430522 0.000000 0.000000 0.115572 0.254657 0.462919
15 5.754028 0.000000 -0.000000 2.838017 -0.157562 0.488095
16 4.208960 0.000000 0.000000 -0.039867 0.177882 1.071687
17 4.203462 1.484258 1.588960 -0.310680 -1.102943 -1.407150
18 5.124548 0.000000 0.000000 -0.996535 -0.162252 -1.567344
19 11.580950 0.000000 0.000000 0.000000 0.000000 -0.652598
20 11.182189 -0.000002 -0.000032 1.481988 0.042874 -0.298943
21 3.342010 -0.071954 -1.535773 0.070874 0.142154 -0.247798
22 1.760565 0.000000 0.000000 0.003707 0.008347 -0.417902
23 0.946777 0.000000 -0.000000 -0.059844 -0.161510 -0.356655
24 3.650005 0.195886 -0.591614 0.065848 0.111437 -0.286501
25 1.940476 -0.000000 0.000000 -0.063015 -0.157361 -0.382781
26 1.194153 0.000000 0.000000 0.017478 0.067896 -0.252168
27 3.920878 0.176868 0.421353 0.034918 -0.002119 -0.237374
28 2.398545 0.000000 -0.000000 -0.016327 -0.028042 -0.527349
29 1.228913 -0.000000 0.000000 0.006292 0.038933 -0.160270
30 3.969047 0.108842 1.535248 0.028607 -0.031328 -0.228206
31 1.959841 -0.000000 0.000000 0.054600 0.111020 -0.458274
32 1.099742 0.000000 0.000000 0.010217 0.062642 -0.161791
33 1.244744 -0.896944 1.073525 1.541960 -0.431286 -0.187296
34 1.976136 0.000000 0.000000 0.000000 -0.068928 -0.257871
35 1.377138 0.000000 0.000000 0.000000 -0.022268 0.192117
36 4.203462 1.484258 -1.588960 -0.420496 1.195141 -2.088685
37 5.124548 0.000000 0.000000 2.462374 0.488339 -0.713847
38 11.580950 0.000000 0.000000 0.000000 0.000000 -0.364813
39 11.182171 -0.000002 0.000017 -1.904206 0.097804 -0.313867
40 3.342029 -0.078177 1.535469 -0.066822 -0.142155 -0.247795
41 1.760565 0.000000 0.000000 -0.003707 -0.008347 -0.417902
42 0.946777 0.000000 0.000000 0.059844 0.161510 -0.356655
43 3.650023 0.193487 0.592403 -0.061796 -0.111438 -0.286498
44 1.940476 0.000000 0.000000 0.063015 0.157361 -0.382781
45 1.194153 -0.000000 0.000000 -0.017478 -0.067896 -0.252168
46 3.920897 0.178574 -0.420632 -0.030866 0.002118 -0.237370
47 2.398545 0.000000 0.000000 0.016327 0.028042 -0.527349
48 1.228913 -0.000000 0.000000 -0.006292 -0.038933 -0.160270
49 3.969067 0.115063 -1.534794 -0.024555 0.031327 -0.228202
50 1.959841 0.000000 0.000000 -0.054600 -0.111020 -0.458274
51 1.099742 -0.000000 0.000000 -0.010217 -0.062642 -0.161791
52 1.244767 -0.892595 -1.077153 -1.537577 0.432036 -0.185459
53 1.976136 0.000000 0.000000 -0.000000 0.068928 -0.257871
54 1.377138 0.000000 -0.000000 -0.000000 0.022268 0.192117
time 220
0 0.000000 0.000000 0.000000 1.570796 0.000000 0.000000
1 0.671726 0.616560 38.213867 1.411465 -0.141562 0.059853
2 0.000000 0.000000 0.000000 0.000000 0.000000 0.000000
3 3.890447 0.000000 0.000000 -1.722838 -0.131655 -1.465392
4 20.402582 0.000000 0.000000 0.000000 0.000000 0.698784
5 17.754948 0.000000 0.000000 -0.243419 0.158860 -1.559683
6 5.733515 0.000000 0.000000 0.009663 -0.019161 -0.374819
7 -3.890447 0.000000 -0.000000 -1.360155 -0.058146 -2.087780
8 20.402582 0.000000 0.000000 0.000000 -0.000000 0.689045
9 17.754948 -0.000000 -0.000000 0.377921 -0.166754 -1.607038
10 5.733515 0.000000 -0.000000 -0.098179 0.014437 -0.337801
11 0.000000 3.345132 -1.055022 1.547737 0.039622 1.722539
12 4.232848 0.000000 -0.000000 -0.006596 0.124551 0.120197
13 4.327481 0.000000 0.000000 -0.000363 0.042148 0.155893
14 6.430522 -0.000000 0.000000 0.115936 0.253775 0.463905
15 5.754028 -0.000000 0.000000 2.853606 -0.162295 0.467742
16 4.208960 0.000000 0.000000 -0.034086 0.174829 1.080221
17 4.203462 1.484258 1.588960 -0.314860 -1.100771 -1.404037
18 5.124548 -0.000000 0.000000 -0.990283 -0.161686 -1.568576
19 11.580950 0.000000 -0.000000 0.000000 0.000000 -0.648474
20 11.182189 -0.000002 -0.000032 1.485665 0.043763 -0.298101
21 3.342010 -0.071954 -1.535773 0.070874 0.142154 -0.247798
22 1.760565 0.000000 0.000000 0.003707 0.008347 -0.417902
23 0.946777 0.000000 0.000000 -0.059844 -0.161510 -0.356655
24 3.650005 0.195886 -0.591614 0.065848 0.111437 -0.286501
25 1.940476 0.000000 0.000000 -0.063015 -0.157361 -0.382781
26 1.194153 0.000000 0.000000 0.017478 0.067896 -0.252168
27 3.920878 0.176868 0.421353 0.034918 -0.002119 -0.237374
28 2.398545 0.000000 0.000000 -0.016327 -0.028042 -0.527349
29 1.228913 0.000000 0.000000 0.006292 0.038933 -0.160270
30 3.969047 0.108842 1.535248 0.028607 -0.031328 -0.228206
31 1.959841 0.000000 0.000000 0.054600 0.111020 -0.458274
32 1.099742 0.000000 -0.000000 0.010217 0.062642 -0.161791
33 1.244744 -0.896944 1.073525 1.541960 -0.431286 -0.187296
34 1.976136 -0.000000 0.000000 0.000000 -0.068928 -0.257871
35 1.377138 0.000000 0.000000 0.000000 -0.022268 0.192117
36 4.203462 1.484258 -1.588960 -0.404811 1.191789 -2.075922
37 5.124548 -0.000000 0.000000 2.453435 0.484093 -0.711752
38 11.580950 -0.000000 0.000000 -0.000000 -0.000000 -0.366733
39 11.182171 -0.000002 0.000017 -1.903507 0.100742 -0.317343
40 3.342029 -0.078177 1.535469 -0.066822 -0.142155 -0.247795
41 1.760565 0.000000 0.000000 -0.003707 -0.008347 -0.417902
42 0.946777 0.000000 0.000000 0.059844 0.161510 -0.356655
43 3.650023 0.193487 0.592403 -0.061796 -0.111438 -0.286498
44 1.940476 0.000000 0.000000 0.063015 0.157361 -0.382781
45 1.194153 -0.000000 0.000000 -0.017478 -0.067896 -0.252168
46 3.920897 0.178574 -0.420632 -0.030866 0.002118 -0.237370
47 2.398545 0.000000 0.000000 0.016327 0.028042 -0.527349
48 1.228913 0.000000 0.000000 -0.006292 -0.038933 -0.160270
49 3.969067 0.115063 -1.534794 -0.024555 0.031327 -0.228202
50 1.959841 0.000000 -0.000000 -0.054600 -0.111020 -0.458274
51 1.099742 0.000000 0.000000 -0.010217 -0.062642 -0.161791
52 1.244767 -0.892595 -1.077153 -1.537577 0.432036 -0.185459
53 1.976136 0.000000 0.000000 -0.000000 0.068928 -0.257871
54 1.377138 0.000000 0.000000 0.000000 0.022268 0.192117
time 221
0 0.000000 0.000000 0.000000 1.570796 0.000000 0.000000
1 0.758259 0.647231 38.183010 1.410133 -0.140792 0.068819
2 0.000000 0.000000 0.000000 0.000000 0.000000 0.000000
3 3.890447 0.000000 0.000000 -1.720523 -0.137237 -1.466526
4 20.402582 -0.000000 0.000000 -0.000000 -0.000000 0.706350
5 17.754948 0.000000 -0.000000 -0.240848 0.164285 -1.562654
6 5.733515 -0.000000 0.000000 0.009663 -0.019162 -0.374876
7 -3.890447 0.000000 -0.000000 -1.354723 -0.053868 -2.090854
8 20.402582 0.000000 0.000000 0.000000 -0.000000 0.689293
9 17.754948 -0.000000 0.000000 0.380480 -0.166124 -1.607192
10 5.733515 0.000000 0.000000 -0.098179 0.014441 -0.338029
11 -0.000000 3.345132 -1.055022 1.549084 0.038890 1.723857
12 4.232848 0.000000 0.000000 -0.005467 0.125882 0.120694
13 4.327481 -0.000000 -0.000000 0.000260 0.042395 0.156467
14 6.430522 -0.000000 0.000000 0.114813 0.250706 0.464140
15 5.754028 -0.000000 -0.000000 2.867679 -0.169697 0.445636
16 4.208960 -0.000000 0.000000 -0.027342 0.172159 1.088633
17 4.203462 1.484258 1.588960 -0.313324 -1.098781 -1.404702
18 5.124548 0.000000 0.000000 -0.987670 -0.159425 -1.566960
19 11.580950 0.000000 0.000000 -0.000000 0.000000 -0.643561
20 11.182189 -0.000002 -0.000032 1.490732 0.047392 -0.293862
21 3.342010 -0.071954 -1.535773 0.070874 0.142154 -0.247798
22 1.760565 0.000000 0.000000 0.003707 0.008347 -0.417902
23 0.946777 0.000000 0.000000 -0.059844 -0.161510 -0.356655
24 3.650005 0.195886 -0.591614 0.065848 0.111437 -0.286501
25 1.940476 0.000000 0.000000 -0.063015 -0.157361 -0.382781
26 1.194153 0.000000 0.000000 0.017478 0.067896 -0.252168
27 3.920878 0.176868 0.421353 0.034918 -0.002119 -0.237374
28 2.398545 0.000000 -0.000000 -0.016327 -0.028042 -0.527349
29 1.228913 0.000000 0.000000 0.006292 0.038933 -0.160270
30 3.969047 0.108842 1.535248 0.028607 -0.031328 -0.228206
31 1.959841 0.000000 0.000000 0.054600 0.111020 -0.458274
32 1.099742 0.000000 0.000000 0.010217 0.062642 -0.161791
33 1.244744 -0.896944 1.073525 1.541960 -0.431286 -0.187296
34 1.976136 0.000000 0.000000 -0.000000 -0.068928 -0.257871
35 1.377138 -0.000000 0.000000 -0.000000 -0.022268 0.192117
36 4.203462 1.484258 -1.588960 -0.401190 1.190049 -2.070889
37 5.124548 0.000000 0.000000 2.451985 0.480049 -0.705299
38 11.580950 0.000000 -0.000000 -0.000000 0.000000 -0.367824
39 11.182171 -0.000002 0.000017 -1.907612 0.103176 -0.317787
40 3.342029 -0.078177 1.535469 -0.066822 -0.142155 -0.247795
41 1.760565 0.000000 0.000000 -0.003707 -0.008347 -0.417902
42 0.946777 -0.000000 0.000000 0.059844 0.161510 -0.356655
43 3.650023 0.193487 0.592403 -0.061796 -0.111438 -0.286498
44 1.940476 0.000000 0.000000 0.063015 0.157361 -0.382781
45 1.194153 -0.000000 0.000000 -0.017478 -0.067896 -0.252168
46 3.920897 0.178574 -0.420632 -0.030866 0.002118 -0.237370
47 2.398545 0.000000 -0.000000 0.016327 0.028042 -0.527349
48 1.228913 0.000000 0.000000 -0.006292 -0.038933 -0.160270
49 3.969067 0.115063 -1.534794 -0.024555 0.031327 -0.228202
50 1.959841 -0.000000 0.000000 -0.054600 -0.111020 -0.458274
51 1.099742 0.000000 0.000000 -0.010217 -0.062642 -0.161791
52 1.244767 -0.892595 -1.077153 -1.537577 0.432036 -0.185459
53 1.976136 0.000000 0.000000 -0.000000 0.068928 -0.257871
54 1.377138 0.000000 -0.000000 0.000000 0.022268 0.192117
time 222
0 0.000000 0.000000 0.000000 1.570796 0.000000 0.000000
1 0.852305 0.675739 38.150303 1.408349 -0.140348 0.079040
2 0.000000 0.000000 0.000000 0.000000 0.000000 0.000000
3 3.890447 0.000000 0.000000 -1.717482 -0.142185 -1.468656
4 20.402582 -0.000000 0.000000 0.000000 -0.000000 0.713173
5 17.754948 0.000000 0.000000 -0.237776 0.170068 -1.565065
6 5.733515 0.000000 0.000000 0.009662 -0.019163 -0.374943
7 -3.890447 -0.000000 -0.000000 -1.348455 -0.048550 -2.094654
8 20.402582 0.000000 0.000000 -0.000000 0.000000 0.689579
9 17.754948 0.000000 0.000000 0.382637 -0.165386 -1.607435
10 5.733515 0.000000 0.000000 -0.098177 0.014450 -0.338554
11 0.000000 3.345132 -1.055022 1.548991 0.038002 1.725752
12 4.232848 -0.000000 -0.000000 -0.005355 0.126782 0.120613
13 4.327481 0.000000 0.000000 0.000157 0.042971 0.155637
14 6.430522 0.000000 0.000000 0.113131 0.247464 0.463523
15 5.754028 0.000000 0.000000 2.879071 -0.178479 0.426877
16 4.208960 0.000000 0.000000 -0.019823 0.169408 1.095428
17 4.203462 1.484258 1.588960 -0.307160 -1.098570 -1.408390
18 5.124548 -0.000000 0.000000 -0.990634 -0.155107 -1.562910
19 11.580950 0.000000 0.000000 0.000000 0.000000 -0.635486
20 11.182189 -0.000002 -0.000032 1.497234 0.048648 -0.294022
21 3.342010 -0.071954 -1.535773 0.070874 0.142154 -0.247798
22 1.760565 0.000000 -0.000000 0.003707 0.008347 -0.417902
23 0.946777 0.000000 0.000000 -0.059844 -0.161510 -0.356655
24 3.650005 0.195886 -0.591614 0.065848 0.111437 -0.286501
25 1.940476 0.000000 0.000000 -0.063015 -0.157361 -0.382781
26 1.194153 0.000000 0.000000 0.017478 0.067896 -0.252168
27 3.920878 0.176868 0.421353 0.034918 -0.002119 -0.237374
28 2.398545 0.000000 0.000000 -0.016327 -0.028042 -0.527349
29 1.228913 0.000000 -0.000000 0.006292 0.038933 -0.160270
30 3.969047 0.108842 1.535248 0.028607 -0.031328 -0.228206
31 1.959841 0.000000 0.000000 0.054600 0.111020 -0.458274
32 1.099742 0.000000 0.000000 0.010217 0.062642 -0.161791
33 1.244744 -0.896944 1.073525 1.541960 -0.431286 -0.187296
34 1.976136 0.000000 0.000000 -0.000000 -0.068928 -0.257871
35 1.377138 0.000000 0.000000 0.000000 -0.022268 0.192117
36 4.203462 1.484258 -1.588960 -0.418905 1.192215 -2.082151
37 5.124548 0.000000 -0.000000 2.463389 0.474146 -0.692637
38 11.580950 -0.000000 0.000000 0.000000 -0.000000 -0.368531
39 11.182171 -0.000002 0.000017 -1.914538 0.104200 -0.315980
40 3.342029 -0.078177 1.535469 -0.066822 -0.142155 -0.247795
41 1.760565 0.000000 -0.000000 -0.003707 -0.008347 -0.417902
42 0.946777 0.000000 0.000000 0.059844 0.161510 -0.356655
43 3.650023 0.193487 0.592403 -0.061796 -0.111438 -0.286498
44 1.940476 0.000000 0.000000 0.063015 0.157361 -0.382781
45 1.194153 0.000000 0.000000 -0.017478 -0.067896 -0.252168
46 3.920897 0.178574 -0.420632 -0.030866 0.002118 -0.237370
47 2.398545 0.000000 0.000000 0.016327 0.028042 -0.527349
48 1.228913 0.000000 0.000000 -0.006292 -0.038933 -0.160270
49 3.969067 0.115063 -1.534794 -0.024555 0.031327 -0.228202
50 1.959841 -0.000000 0.000000 -0.054600 -0.111020 -0.458274
51 1.099742 0.000000 0.000000 -0.010217 -0.062642 -0.161791
52 1.244767 -0.892595 -1.077153 -1.537577 0.432036 -0.185459
53 1.976136 0.000000 0.000000 -0.000000 0.068928 -0.257871
54 1.377138 0.000000 -0.000000 -0.000000 0.022268 0.192117
time 223
0 0.000000 0.000000 0.000000 1.570796 0.000000 0.000000
1 0.962164 0.687993 38.123421 1.406605 -0.140221 0.087415
2 0.000000 0.000000 0.000000 0.000000 0.000000 0.000000
3 3.890447 0.000000 0.000000 -1.715264 -0.145772 -1.471445
4 20.402582 -0.000000 -0.000000 -0.000000 0.000000 0.719187
5 17.754948 -0.000000 0.000000 -0.234722 0.174799 -1.567745
6 5.733515 0.000000 0.000000 0.009663 -0.019162 -0.374884
7 -3.890447 0.000000 -0.000000 -1.343086 -0.043184 -2.098889
8 20.402582 0.000000 -0.000000 0.000000 -0.000000 0.688749
9 17.754948 0.000000 0.000000 0.384506 -0.165571 -1.606773
10 5.733515 0.000000 0.000000 -0.098175 0.014464 -0.339401
11 0.000000 3.345132 -1.055022 1.548858 0.038192 1.727842
12 4.232848 -0.000000 0.000000 -0.005281 0.128444 0.120521
13 4.327481 -0.000000 0.000000 0.000298 0.043710 0.155659
14 6.430522 -0.000000 -0.000000 0.111342 0.244126 0.463341
15 5.754028 0.000000 0.000000 2.885544 -0.187089 0.410817
16 4.208960 0.000000 0.000000 -0.013727 0.168111 1.103502
17 4.203462 1.484258 1.588960 -0.305384 -1.098295 -1.408531
18 5.124548 -0.000000 0.000000 -0.995977 -0.148856 -1.560969
19 11.580950 0.000000 0.000000 0.000000 0.000000 -0.625149
20 11.182189 -0.000002 -0.000032 1.503812 0.045065 -0.294345
21 3.342010 -0.071954 -1.535773 0.070874 0.142154 -0.247798
22 1.760565 -0.000000 0.000000 0.003707 0.008347 -0.417902
23 0.946777 0.000000 0.000000 -0.059844 -0.161510 -0.356655
24 3.650005 0.195886 -0.591614 0.065848 0.111437 -0.286501
25 1.940476 0.000000 0.000000 -0.063015 -0.157361 -0.382781
26 1.194153 0.000000 0.000000 0.017478 0.067896 -0.252168
27 3.920878 0.176868 0.421353 0.034918 -0.002119 -0.237374
28 2.398545 0.000000 0.000000 -0.016327 -0.028042 -0.527349
29 1.228913 0.000000 -0.000000 0.006292 0.038933 -0.160270
30 3.969047 0.108842 1.535248 0.028607 -0.031328 -0.228206
31 1.959841 0.000000 0.000000 0.054600 0.111020 -0.458274
32 1.099742 0.000000 0.000000 0.010217 0.062642 -0.161791
33 1.244744 -0.896944 1.073525 1.541960 -0.431286 -0.187296
34 1.976136 0.000000 0.000000 -0.000000 -0.068928 -0.257871
35 1.377138 0.000000 0.000000 0.000000 -0.022268 0.192117
36 4.203462 1.484258 -1.588960 -0.438493 1.199598 -2.095402
37 5.124548 0.000000 0.000000 2.484373 0.465710 -0.681399
38 11.580950 0.000000 0.000000 0.000000 0.000000 -0.366840
39 11.182171 -0.000002 0.000017 -1.920682 0.103595 -0.313504
40 3.342029 -0.078177 1.535469 -0.066822 -0.142155 -0.247795
41 1.760565 0.000000 -0.000000 -0.003707 -0.008347 -0.417902
42 0.946777 -0.000000 0.000000 0.059844 0.161510 -0.356655
43 3.650023 0.193487 0.592403 -0.061796 -0.111438 -0.286498
44 1.940476 -0.000000 0.000000 0.063015 0.157361 -0.382781
45 1.194153 -0.000000 -0.000000 -0.017478 -0.067896 -0.252168
46 3.920897 0.178574 -0.420632 -0.030866 0.002118 -0.237370
47 2.398545 0.000000 0.000000 0.016327 0.028042 -0.527349
48 1.228913 -0.000000 0.000000 -0.006292 -0.038933 -0.160270
49 3.969067 0.115063 -1.534794 -0.024555 0.031327 -0.228202
50 1.959841 0.000000 0.000000 -0.054600 -0.111020 -0.458274
51 1.099742 -0.000000 0.000000 -0.010217 -0.062642 -0.161791
52 1.244767 -0.892595 -1.077153 -1.537577 0.432036 -0.185459
53 1.976136 -0.000000 -0.000000 -0.000000 0.068928 -0.257871
54 1.377138 -0.000000 -0.000000 -0.000000 0.022268 0.192117
time 224
0 0.000000 0.000000 0.000000 1.570796 0.000000 0.000000
1 1.041244 0.685384 38.103432 1.405203 -0.140678 0.093519
2 0.000000 0.000000 0.000000 0.000000 0.000000 0.000000
3 3.890447 0.000000 0.000000 -1.712921 -0.147813 -1.474141
4 20.402582 -0.000000 0.000000 -0.000000 0.000000 0.723355
5 17.754948 -0.000000 0.000000 -0.232992 0.177621 -1.570010
6 5.733515 0.000000 0.000000 0.009663 -0.019161 -0.374805
7 -3.890447 0.000000 -0.000000 -1.340948 -0.039001 -2.101980
8 20.402582 -0.000000 0.000000 0.000000 0.000000 0.688215
9 17.754948 0.000000 -0.000000 0.386282 -0.164106 -1.606931
10 5.733515 0.000000 0.000000 -0.098174 0.014470 -0.339765
11 -0.000000 3.345132 -1.055022 1.550294 0.038678 1.728274
12 4.232848 0.000000 0.000000 -0.004060 0.128909 0.120220
13 4.327481 0.000000 -0.000000 0.000908 0.043936 0.155771
14 6.430522 0.000000 0.000000 0.112309 0.244699 0.463730
15 5.754028 -0.000000 0.000000 2.886999 -0.190315 0.400663
16 4.208960 -0.000000 0.000000 -0.013203 0.168898 1.107247
17 4.203462 1.484258 1.588960 -0.301658 -1.101152 -1.410798
18 5.124548 0.000000 0.000000 -1.006273 -0.142991 -1.559649
19 11.580950 0.000000 -0.000000 0.000000 -0.000000 -0.612279
20 11.182189 -0.000002 -0.000032 1.512531 0.044533 -0.291790
21 3.342010 -0.071954 -1.535773 0.070874 0.142154 -0.247798
22 1.760565 -0.000000 0.000000 0.003707 0.008347 -0.417902
23 0.946777 -0.000000 0.000000 -0.059844 -0.161510 -0.356655
24 3.650005 0.195886 -0.591614 0.065848 0.111437 -0.286501
25 1.940476 0.000000 0.000000 -0.063015 -0.157361 -0.382781
26 1.194153 0.000000 -0.000000 0.017478 0.067896 -0.252168
27 3.920878 0.176868 0.421353 0.034918 -0.002119 -0.237374
28 2.398545 -0.000000 0.000000 -0.016327 -0.028042 -0.527349
29 1.228913 0.000000 0.000000 0.006292 0.038933 -0.160270
30 3.969047 0.108842 1.535248 0.028607 -0.031328 -0.228206
31 1.959841 0.000000 -0.000000 0.054600 0.111020 -0.458274
32 1.099742 0.000000 0.000000 0.010217 0.062642 -0.161791
33 1.244744 -0.896944 1.073525 1.541960 -0.431286 -0.187296
34 1.976136 -0.000000 0.000000 0.000000 -0.068928 -0.257871
35 1.377138 0.000000 0.000000 -0.000000 -0.022268 0.192117
36 4.203462 1.484258 -1.588960 -0.447773 1.202122 -2.103210
37 5.124548 0.000000 0.000000 2.504994 0.460980 -0.673775
38 11.580950 0.000000 0.000000 -0.000000 0.000000 -0.357858
39 11.182171 -0.000002 0.000017 -1.929608 0.108604 -0.311308
40 3.342029 -0.078177 1.535469 -0.066822 -0.142155 -0.247795
41 1.760565 0.000000 0.000000 -0.003707 -0.008347 -0.417902
42 0.946777 0.000000 -0.000000 0.059844 0.161510 -0.356655
43 3.650023 0.193487 0.592403 -0.061796 -0.111438 -0.286498
44 1.940476 -0.000000 -0.000000 0.063015 0.157361 -0.382781
45 1.194153 -0.000000 0.000000 -0.017478 -0.067896 -0.252168
46 3.920897 0.178574 -0.420632 -0.030866 0.002118 -0.237370
47 2.398545 -0.000000 0.000000 0.016327 0.028042 -0.527349
48 1.228913 -0.000000 0.000000 -0.006292 -0.038933 -0.160270
49 3.969067 0.115063 -1.534794 -0.024555 0.031327 -0.228202
50 1.959841 0.000000 -0.000000 -0.054600 -0.111020 -0.458274
51 1.099742 -0.000000 0.000000 -0.010217 -0.062642 -0.161791
52 1.244767 -0.892595 -1.077153 -1.537577 0.432036 -0.185459
53 1.976136 -0.000000 0.000000 -0.000000 0.068928 -0.257871
54 1.377138 0.000000 -0.000000 -0.000000 0.022268 0.192117
time 225
0 0.000000 0.000000 0.000000 1.570796 0.000000 0.000000
1 1.090881 0.674359 38.088264 1.404036 -0.141293 0.098424
2 0.000000 0.000000 0.000000 0.000000 0.000000 0.000000
3 3.890447 0.000000 0.000000 -1.710643 -0.148921 -1.476350
4 20.402582 0.000000 0.000000 -0.000000 -0.000000 0.726025
5 17.754948 -0.000000 0.000000 -0.232279 0.179815 -1.571630
6 5.733515 0.000000 0.000000 0.009663 -0.019159 -0.374669
7 -3.890447 0.000000 -0.000000 -1.340377 -0.035678 -2.103923
8 20.402582 0.000000 0.000000 -0.000000 -0.000000 0.688133
9 17.754948 -0.000000 0.000000 0.387409 -0.161449 -1.607723
10 5.733515 0.000000 0.000000 -0.098175 0.014465 -0.339475
11 0.000000 3.345132 -1.055022 1.551936 0.039380 1.727610
12 4.232848 0.000000 0.000000 -0.002713 0.128746 0.119875
13 4.327481 0.000000 0.000000 0.001577 0.043909 0.155882
14 6.430522 0.000000 0.000000 0.115188 0.248644 0.464445
15 5.754028 0.000000 0.000000 2.882992 -0.192411 0.392696
16 4.208960 0.000000 0.000000 -0.016156 0.171498 1.109564
17 4.203462 1.484258 1.588960 -0.289016 -1.103943 -1.421183
18 5.124548 -0.000000 -0.000000 -1.016245 -0.139340 -1.557681
19 11.580950 0.000000 0.000000 -0.000000 -0.000000 -0.599517
20 11.182189 -0.000002 -0.000032 1.520948 0.046658 -0.286401
21 3.342010 -0.071954 -1.535773 0.070874 0.142154 -0.247798
22 1.760565 0.000000 0.000000 0.003707 0.008347 -0.417902
23 0.946777 0.000000 0.000000 -0.059844 -0.161510 -0.356655
24 3.650005 0.195886 -0.591614 0.065848 0.111437 -0.286501
25 1.940476 0.000000 0.000000 -0.063015 -0.157361 -0.382781
26 1.194153 0.000000 0.000000 0.017478 0.067896 -0.252168
27 3.920878 0.176868 0.421353 0.034918 -0.002119 -0.237374
28 2.398545 0.000000 -0.000000 -0.016327 -0.028042 -0.527349
29 1.228913 0.000000 0.000000 0.006292 0.038933 -0.160270
30 3.969047 0.108842 1.535248 0.028607 -0.031328 -0.228206
31 1.959841 0.000000 0.000000 0.054600 0.111020 -0.458274
32 1.099742 0.000000 -0.000000 0.010217 0.062642 -0.161791
33 1.244744 -0.896944 1.073525 1.541960 -0.431286 -0.187296
34 1.976136 0.000000 0.000000 -0.000000 -0.068928 -0.257871
35 1.377138 0.000000 -0.000000 -0.000000 -0.022268 0.192117
36 4.203462 1.484258 -1.588960 -0.447257 1.202059 -2.103883
37 5.124548 0.000000 0.000000 2.524848 0.460131 -0.670304
38 11.580950 0.000000 0.000000 0.000000 -0.000000 -0.345576
39 11.182171 -0.000002 0.000017 -1.946392 0.113891 -0.309717
40 3.342029 -0.078177 1.535469 -0.066822 -0.142155 -0.247795
41 1.760565 -0.000000 0.000000 -0.003707 -0.008347 -0.417902
42 0.946777 0.000000 0.000000 0.059844 0.161510 -0.356655
43 3.650023 0.193487 0.592403 -0.061796 -0.111438 -0.286498
44 1.940476 0.000000 -0.000000 0.063015 0.157361 -0.382781
45 1.194153 0.000000 -0.000000 -0.017478 -0.067896 -0.252168
46 3.920897 0.178574 -0.420632 -0.030866 0.002118 -0.237370
47 2.398545 0.000000 0.000000 0.016327 0.028042 -0.527349
48 1.228913 0.000000 0.000000 -0.006292 -0.038933 -0.160270
49 3.969067 0.115063 -1.534794 -0.024555 0.031327 -0.228202
50 1.959841 -0.000000 0.000000 -0.054600 -0.111020 -0.458274
51 1.099742 0.000000 0.000000 -0.010217 -0.062642 -0.161791
52 1.244767 -0.892595 -1.077153 -1.537577 0.432036 -0.185459
53 1.976136 0.000000 -0.000000 -0.000000 0.068928 -0.257871
54 1.377138 0.000000 0.000000 -0.000000 0.022268 0.192117
time 226
0 0.000000 0.000000 0.000000 1.570796 0.000000 0.000000
1 1.127184 0.655680 38.075188 1.402835 -0.142073 0.102190
2 0.000000 0.000000 0.000000 0.000000 0.000000 0.000000
3 3.890447 0.000000 0.000000 -1.708784 -0.149136 -1.478345
4 20.402582 0.000000 0.000000 -0.000000 0.000000 0.727975
5 17.754948 0.000000 0.000000 -0.231717 0.181316 -1.573103
6 5.733515 -0.000000 -0.000000 0.009663 -0.019157 -0.374581
7 -3.890447 0.000000 -0.000000 -1.339915 -0.032593 -2.105862
8 20.402582 0.000000 -0.000000 -0.000000 0.000000 0.688574
9 17.754948 0.000000 0.000000 0.388331 -0.159738 -1.609063
10 5.733515 0.000000 -0.000000 -0.098175 0.014462 -0.339306
11 0.000000 3.345132 -1.055022 1.553201 0.040102 1.726682
12 4.232848 -0.000000 0.000000 -0.001893 0.128569 0.119531
13 4.327481 0.000000 0.000000 0.001926 0.043774 0.156207
14 6.430522 0.000000 0.000000 0.118331 0.253312 0.465218
15 5.754028 0.000000 0.000000 2.876616 -0.193079 0.385789
16 4.208960 0.000000 0.000000 -0.021141 0.174979 1.111478
17 4.203462 1.484258 1.588960 -0.274969 -1.107480 -1.433745
18 5.124548 -0.000000 0.000000 -1.025937 -0.135033 -1.555012
19 11.580950 0.000000 0.000000 -0.000000 0.000000 -0.588102
20 11.182189 -0.000002 -0.000032 1.527349 0.049372 -0.279751
21 3.342010 -0.071954 -1.535773 0.070874 0.142154 -0.247798
22 1.760565 0.000000 0.000000 0.003707 0.008347 -0.417902
23 0.946777 -0.000000 -0.000000 -0.059844 -0.161510 -0.356655
24 3.650005 0.195886 -0.591614 0.065848 0.111437 -0.286501
25 1.940476 0.000000 -0.000000 -0.063015 -0.157361 -0.382781
26 1.194153 0.000000 -0.000000 0.017478 0.067896 -0.252168
27 3.920878 0.176868 0.421353 0.034918 -0.002119 -0.237374
28 2.398545 -0.000000 -0.000000 -0.016327 -0.028042 -0.527349
29 1.228913 0.000000 0.000000 0.006292 0.038933 -0.160270
30 3.969047 0.108842 1.535248 0.028607 -0.031328 -0.228206
31 1.959841 0.000000 0.000000 0.054600 0.111020 -0.458274
32 1.099742 0.000000 0.000000 0.010217 0.062642 -0.161791
33 1.244744 -0.896944 1.073525 1.541960 -0.431286 -0.187296
34 1.976136 0.000000 0.000000 -0.000000 -0.068928 -0.257871
35 1.377138 0.000000 0.000000 0.000000 -0.022268 0.192117
36 4.203462 1.484258 -1.588960 -0.445560 1.201208 -2.102903
37 5.124548 0.000000 0.000000 2.542882 0.463227 -0.669284
38 11.580950 -0.000000 -0.000000 0.000000 0.000000 -0.334360
39 11.182171 -0.000002 0.000017 -1.963566 0.116764 -0.306553
40 3.342029 -0.078177 1.535469 -0.066822 -0.142155 -0.247795
41 1.760565 0.000000 0.000000 -0.003707 -0.008347 -0.417902
42 0.946777 -0.000000 0.000000 0.059844 0.161510 -0.356655
43 3.650023 0.193487 0.592403 -0.061796 -0.111438 -0.286498
44 1.940476 0.000000 -0.000000 0.063015 0.157361 -0.382781
45 1.194153 0.000000 0.000000 -0.017478 -0.067896 -0.252168
46 3.920897 0.178574 -0.420632 -0.030866 0.002118 -0.237370
47 2.398545 -0.000000 0.000000 0.016327 0.028042 -0.527349
48 1.228913 0.000000 0.000000 -0.006292 -0.038933 -0.160270
49 3.969067 0.115063 -1.534794 -0.024555 0.031327 -0.228202
50 1.959841 0.000000 0.000000 -0.054600 -0.111020 -0.458274
51 1.099742 -0.000000 0.000000 -0.010217 -0.062642 -0.161791
52 1.244767 -0.892595 -1.077153 -1.537577 0.432036 -0.185459
53 1.976136 -0.000000 0.000000 -0.000000 0.068928 -0.257871
54 1.377138 -0.000000 0.000000 -0.000000 0.022268 0.192117
time 227
0 0.000000 0.000000 0.000000 1.570796 0.000000 0.000000
1 1.150288 0.631290 38.064278 1.401650 -0.142996 0.104850
2 0.000000 0.000000 0.000000 0.000000 0.000000 0.000000
3 3.890447 0.000000 0.000000 -1.707454 -0.148592 -1.480037
4 20.402582 0.000000 0.000000 -0.000000 -0.000000 0.729265
5 17.754948 0.000000 -0.000000 -0.231458 0.182395 -1.574428
6 5.733515 0.000000 0.000000 0.009663 -0.019156 -0.374499
7 -3.890447 0.000000 0.000000 -1.339342 -0.030016 -2.107759
8 20.402582 0.000000 -0.000000 -0.000000 0.000000 0.689240
9 17.754948 0.000000 0.000000 0.388768 -0.159011 -1.610419
10 5.733515 0.000000 0.000000 -0.098175 0.014462 -0.339300
11 0.000000 3.345132 -1.055022 1.554074 0.040816 1.725794
12 4.232848 -0.000000 0.000000 -0.001284 0.128366 0.119281
13 4.327481 -0.000000 0.000000 0.002238 0.043627 0.156410
14 6.430522 0.000000 -0.000000 0.121112 0.257663 0.465927
15 5.754028 0.000000 0.000000 2.870500 -0.191003 0.378623
16 4.208960 0.000000 -0.000000 -0.027970 0.180001 1.113791
17 4.203462 1.484258 1.588960 -0.261308 -1.111276 -1.446430
18 5.124548 0.000000 -0.000000 -1.035289 -0.131130 -1.552335
19 11.580950 0.000000 0.000000 -0.000000 -0.000000 -0.575026
20 11.182189 -0.000002 -0.000032 1.532537 0.052710 -0.276829
21 3.342010 -0.071954 -1.535773 0.070874 0.142154 -0.247798
22 1.760565 0.000000 -0.000000 0.003707 0.008347 -0.417902
23 0.946777 0.000000 -0.000000 -0.059844 -0.161510 -0.356655
24 3.650005 0.195886 -0.591614 0.065848 0.111437 -0.286501
25 1.940476 0.000000 0.000000 -0.063015 -0.157361 -0.382781
26 1.194153 0.000000 0.000000 0.017478 0.067896 -0.252168
27 3.920878 0.176868 0.421353 0.034918 -0.002119 -0.237374
28 2.398545 -0.000000 0.000000 -0.016327 -0.028042 -0.527349
29 1.228913 -0.000000 0.000000 0.006292 0.038933 -0.160270
30 3.969047 0.108842 1.535248 0.028607 -0.031328 -0.228206
31 1.959841 0.000000 -0.000000 0.054600 0.111020 -0.458274
32 1.099742 0.000000 0.000000 0.010217 0.062642 -0.161791
33 1.244744 -0.896944 1.073525 1.541960 -0.431286 -0.187296
34 1.976136 -0.000000 0.000000 0.000000 -0.068928 -0.257871
35 1.377138 0.000000 0.000000 -0.000000 -0.022268 0.192117
36 4.203462 1.484258 -1.588960 -0.446904 1.197493 -2.104674
37 5.124548 0.000000 0.000000 2.553509 0.470004 -0.669003
38 11.580950 0.000000 0.000000 0.000000 0.000000 -0.325823
39 11.182171 -0.000002 0.000017 -1.974668 0.117375 -0.302086
40 3.342029 -0.078177 1.535469 -0.066822 -0.142155 -0.247795
41 1.760565 0.000000 -0.000000 -0.003707 -0.008347 -0.417902
42 0.946777 0.000000 0.000000 0.059844 0.161510 -0.356655
43 3.650023 0.193487 0.592403 -0.061796 -0.111438 -0.286498
44 1.940476 -0.000000 0.000000 0.063015 0.157361 -0.382781
45 1.194153 0.000000 0.000000 -0.017478 -0.067896 -0.252168
46 3.920897 0.178574 -0.420632 -0.030866 0.002118 -0.237370
47 2.398545 0.000000 0.000000 0.016327 0.028042 -0.527349
48 1.228913 0.000000 0.000000 -0.006292 -0.038933 -0.160270
49 3.969067 0.115063 -1.534794 -0.024555 0.031327 -0.228202
50 1.959841 0.000000 0.000000 -0.054600 -0.111020 -0.458274
51 1.099742 0.000000 0.000000 -0.010217 -0.062642 -0.161791
52 1.244767 -0.892595 -1.077153 -1.537577 0.432036 -0.185459
53 1.976136 0.000000 -0.000000 -0.000000 0.068928 -0.257871
54 1.377138 -0.000000 0.000000 0.000000 0.022268 0.192117
time 228
0 0.000000 0.000000 0.000000 1.570796 0.000000 0.000000
1 1.160539 0.603181 38.055981 1.400586 -0.144053 0.106438
2 0.000000 0.000000 0.000000 0.000000 0.000000 0.000000
3 3.890447 0.000000 0.000000 -1.706697 -0.147464 -1.481398
4 20.402582 0.000000 0.000000 0.000000 -0.000000 0.729843
5 17.754948 -0.000000 0.000000 -0.231520 0.183167 -1.575436
6 5.733515 0.000000 -0.000000 0.009663 -0.019156 -0.374517
7 -3.890447 0.000000 0.000000 -1.339635 -0.028079 -2.109228
8 20.402582 0.000000 -0.000000 -0.000000 0.000000 0.690069
9 17.754948 0.000000 0.000000 0.389054 -0.158169 -1.611847
10 5.733515 0.000000 0.000000 -0.098175 0.014463 -0.339335
11 0.000000 3.345132 -1.055022 1.554577 0.041505 1.725178
12 4.232848 0.000000 0.000000 -0.001019 0.128276 0.119015
13 4.327481 -0.000000 0.000000 0.002370 0.043559 0.156709
14 6.430522 0.000000 0.000000 0.123265 0.261131 0.466448
15 5.754028 0.000000 -0.000000 2.863662 -0.187223 0.372974
16 4.208960 0.000000 0.000000 -0.035901 0.185420 1.115730
17 4.203462 1.484258 1.588960 -0.248958 -1.114596 -1.458513
18 5.124548 0.000000 0.000000 -1.042146 -0.127843 -1.549964
19 11.580950 0.000000 -0.000000 -0.000000 0.000000 -0.561634
20 11.182189 -0.000002 -0.000032 1.537422 0.055226 -0.275377
21 3.342010 -0.071954 -1.535773 0.070874 0.142154 -0.247798
22 1.760565 0.000000 0.000000 0.003707 0.008347 -0.417902
23 0.946777 -0.000000 0.000000 -0.059844 -0.161510 -0.356655
24 3.650005 0.195886 -0.591614 0.065848 0.111437 -0.286501
25 1.940476 0.000000 0.000000 -0.063015 -0.157361 -0.382781
26 1.194153 0.000000 -0.000000 0.017478 0.067896 -0.252168
27 3.920878 0.176868 0.421353 0.034918 -0.002119 -0.237374
28 2.398545 0.000000 -0.000000 -0.016327 -0.028042 -0.527349
29 1.228913 -0.000000 -0.000000 0.006292 0.038933 -0.160270
30 3.969047 0.108842 1.535248 0.028607 -0.031328 -0.228206
31 1.959841 0.000000 0.000000 0.054600 0.111020 -0.458274
32 1.099742 0.000000 -0.000000 0.010217 0.062642 -0.161791
33 1.244744 -0.896944 1.073525 1.541960 -0.431286 -0.187296
34 1.976136 0.000000 0.000000 0.000000 -0.068928 -0.257871
35 1.377138 0.000000 0.000000 -0.000000 -0.022268 0.192117
36 4.203462 1.484258 -1.588960 -0.450317 1.192753 -2.108847
37 5.124548 0.000000 -0.000000 2.554998 0.477387 -0.670733
38 11.580950 0.000000 0.000000 -0.000000 -0.000000 -0.322144
39 11.182171 -0.000002 0.000017 -1.976125 0.112657 -0.294728
40 3.342029 -0.078177 1.535469 -0.066822 -0.142155 -0.247795
41 1.760565 0.000000 0.000000 -0.003707 -0.008347 -0.417902
42 0.946777 0.000000 0.000000 0.059844 0.161510 -0.356655
43 3.650023 0.193487 0.592403 -0.061796 -0.111438 -0.286498
44 1.940476 0.000000 0.000000 0.063015 0.157361 -0.382781
45 1.194153 0.000000 0.000000 -0.017478 -0.067896 -0.252168
46 3.920897 0.178574 -0.420632 -0.030866 0.002118 -0.237370
47 2.398545 0.000000 0.000000 0.016327 0.028042 -0.527349
48 1.228913 0.000000 -0.000000 -0.006292 -0.038933 -0.160270
49 3.969067 0.115063 -1.534794 -0.024555 0.031327 -0.228202
50 1.959841 0.000000 0.000000 -0.054600 -0.111020 -0.458274
51 1.099742 -0.000000 0.000000 -0.010217 -0.062642 -0.161791
52 1.244767 -0.892595 -1.077153 -1.537577 0.432036 -0.185459
53 1.976136 0.000000 0.000000 -0.000000 0.068928 -0.257871
54 1.377138 0.000000 0.000000 0.000000 0.022268 0.192117
time 229
0 0.000000 0.000000 0.000000 1.570796 0.000000 0.000000
1 1.157751 0.573671 38.050499 1.399804 -0.145191 0.106997
2 0.000000 0.000000 0.000000 0.000000 0.000000 0.000000
3 3.890447 0.000000 0.000000 -1.706627 -0.146004 -1.482331
4 20.402582 0.000000 -0.000000 -0.000000 -0.000000 0.729770
5 17.754948 0.000000 -0.000000 -0.231851 0.183760 -1.576078
6 5.733515 0.000000 0.000000 0.009663 -0.019157 -0.374602
7 -3.890447 0.000000 -0.000000 -1.340501 -0.026956 -2.110291
8 20.402582 0.000000 -0.000000 -0.000000 0.000000 0.691153
9 17.754948 0.000000 0.000000 0.389081 -0.157366 -1.613346
10 5.733515 -0.000000 -0.000000 -0.098175 0.014465 -0.339458
11 0.000000 3.345132 -1.055022 1.554656 0.042381 1.724672
12 4.232848 0.000000 0.000000 -0.001152 0.128361 0.118831
13 4.327481 -0.000000 0.000000 0.002352 0.043486 0.157151
14 6.430522 0.000000 0.000000 0.124742 0.263736 0.466883
15 5.754028 0.000000 0.000000 2.858313 -0.181273 0.371412
16 4.208960 -0.000000 0.000000 -0.043083 0.188374 1.116317
17 4.203462 1.484258 1.588960 -0.241914 -1.116537 -1.466634
18 5.124548 -0.000000 -0.000000 -1.046049 -0.123688 -1.548824
19 11.580950 0.000000 0.000000 -0.000000 -0.000000 -0.552044
20 11.182189 -0.000002 -0.000032 1.539603 0.062429 -0.274835
21 3.342010 -0.071954 -1.535773 0.070874 0.142154 -0.247798
22 1.760565 0.000000 0.000000 0.003707 0.008347 -0.417902
23 0.946777 0.000000 0.000000 -0.059844 -0.161510 -0.356655
24 3.650005 0.195886 -0.591614 0.065848 0.111437 -0.286501
25 1.940476 -0.000000 -0.000000 -0.063015 -0.157361 -0.382781
26 1.194153 0.000000 -0.000000 0.017478 0.067896 -0.252168
27 3.920878 0.176868 0.421353 0.034918 -0.002119 -0.237374
28 2.398545 0.000000 -0.000000 -0.016327 -0.028042 -0.527349
29 1.228913 0.000000 0.000000 0.006292 0.038933 -0.160270
30 3.969047 0.108842 1.535248 0.028607 -0.031328 -0.228206
31 1.959841 0.000000 0.000000 0.054600 0.111020 -0.458274
32 1.099742 0.000000 0.000000 0.010217 0.062642 -0.161791
33 1.244744 -0.896944 1.073525 1.541960 -0.431286 -0.187296
34 1.976136 -0.000000 0.000000 0.000000 -0.068928 -0.257871
35 1.377138 -0.000000 0.000000 -0.000000 -0.022268 0.192117
36 4.203462 1.484258 -1.588960 -0.449610 1.188473 -2.110172
37 5.124548 -0.000000 0.000000 2.544686 0.483976 -0.677788
38 11.580950 0.000000 0.000000 0.000000 0.000000 -0.322755
39 11.182171 -0.000002 0.000017 -1.970057 0.107373 -0.292222
40 3.342029 -0.078177 1.535469 -0.066822 -0.142155 -0.247795
41 1.760565 0.000000 0.000000 -0.003707 -0.008347 -0.417902
42 0.946777 0.000000 0.000000 0.059844 0.161510 -0.356655
43 3.650023 0.193487 0.592403 -0.061796 -0.111438 -0.286498
44 1.940476 0.000000 0.000000 0.063015 0.157361 -0.382781
45 1.194153 0.000000 0.000000 -0.017478 -0.067896 -0.252168
46 3.920897 0.178574 -0.420632 -0.030866 0.002118 -0.237370
47 2.398545 0.000000 0.000000 0.016327 0.028042 -0.527349
48 1.228913 0.000000 0.000000 -0.006292 -0.038933 -0.160270
49 3.969067 0.115063 -1.534794 -0.024555 0.031327 -0.228202
50 1.959841 -0.000000 0.000000 -0.054600 -0.111020 -0.458274
51 1.099742 0.000000 0.000000 -0.010217 -0.062642 -0.161791
52 1.244767 -0.892595 -1.077153 -1.537577 0.432036 -0.185459
53 1.976136 -0.000000 0.000000 -0.000000 0.068928 -0.257871
54 1.377138 -0.000000 0.000000 -0.000000 0.022268 0.192117
time 230
0 0.000000 0.000000 0.000000 1.570796 0.000000 0.000000
1 1.133865 0.544475 38.047863 1.399305 -0.146410 0.106549
2 0.000000 0.000000 0.000000 0.000000 0.000000 0.000000
3 3.890447 -0.000000 0.000000 -1.707871 -0.144237 -1.482414
4 20.402582 0.000000 -0.000000 0.000000 0.000000 0.728946
5 17.754948 -0.000000 -0.000000 -0.232321 0.184890 -1.576040
6 5.733515 0.000000 0.000000 0.009663 -0.019162 -0.374887
7 -3.890447 -0.000000 -0.000000 -1.342476 -0.026825 -2.110578
8 20.402582 -0.000000 0.000000 0.000000 -0.000000 0.692769
9 17.754948 0.000000 -0.000000 0.388865 -0.155899 -1.615237
10 5.733515 0.000000 0.000000 -0.098174 0.014465 -0.339506
11 0.000000 3.345132 -1.055022 1.553800 0.044026 1.724222
12 4.232848 0.000000 0.000000 -0.001817 0.128487 0.118977
13 4.327481 0.000000 0.000000 0.002046 0.043515 0.158110
14 6.430522 -0.000000 0.000000 0.125142 0.265124 0.467529
15 5.754028 0.000000 -0.000000 2.855829 -0.175243 0.368681
16 4.208960 0.000000 -0.000000 -0.049046 0.189953 1.116619
17 4.203462 1.484258 1.588960 -0.243997 -1.116649 -1.467419
18 5.124548 0.000000 -0.000000 -1.045716 -0.118152 -1.549851
19 11.580950 -0.000000 -0.000000 0.000000 0.000000 -0.547492
20 11.182189 -0.000002 -0.000032 1.540446 0.068837 -0.273364
21 3.342010 -0.071954 -1.535773 0.070874 0.142154 -0.247798
22 1.760565 0.000000 0.000000 0.003707 0.008347 -0.417902
23 0.946777 0.000000 0.000000 -0.059844 -0.161510 -0.356655
24 3.650005 0.195886 -0.591614 0.065848 0.111437 -0.286501
25 1.940476 0.000000 0.000000 -0.063015 -0.157361 -0.382781
26 1.194153 0.000000 0.000000 0.017478 0.067896 -0.252168
27 3.920878 0.176868 0.421353 0.034918 -0.002119 -0.237374
28 2.398545 0.000000 0.000000 -0.016327 -0.028042 -0.527349
29 1.228913 0.000000 0.000000 0.006292 0.038933 -0.160270
30 3.969047 0.108842 1.535248 0.028607 -0.031328 -0.228206
31 1.959841 0.000000 0.000000 0.054600 0.111020 -0.458274
32 1.099742 0.000000 0.000000 0.010217 0.062642 -0.161791
33 1.244744 -0.896944 1.073525 1.541960 -0.431286 -0.187296
34 1.976136 0.000000 0.000000 0.000000 -0.068928 -0.257871
35 1.377138 -0.000000 0.000000 0.000000 -0.022268 0.192117
36 4.203462 1.484258 -1.588960 -0.446959 1.186777 -2.112028
37 5.124548 0.000000 0.000000 2.524413 0.488281 -0.688754
38 11.580950 -0.000000 0.000000 0.000000 0.000000 -0.327173
39 11.182171 -0.000002 0.000017 -1.958244 0.101306 -0.291565
40 3.342029 -0.078177 1.535469 -0.066822 -0.142155 -0.247795
41 1.760565 0.000000 0.000000 -0.003707 -0.008347 -0.417902
42 0.946777 0.000000 0.000000 0.059844 0.161510 -0.356655
43 3.650023 0.193487 0.592403 -0.061796 -0.111438 -0.286498
44 1.940476 0.000000 -0.000000 0.063015 0.157361 -0.382781
45 1.194153 0.000000 0.000000 -0.017478 -0.067896 -0.252168
46 3.920897 0.178574 -0.420632 -0.030866 0.002118 -0.237370
47 2.398545 0.000000 0.000000 0.016327 0.028042 -0.527349
48 1.228913 0.000000 0.000000 -0.006292 -0.038933 -0.160270
49 3.969067 0.115063 -1.534794 -0.024555 0.031327 -0.228202
50 1.959841 0.000000 -0.000000 -0.054600 -0.111020 -0.458274
51 1.099742 0.000000 0.000000 -0.010217 -0.062642 -0.161791
52 1.244767 -0.892595 -1.077153 -1.537577 0.432036 -0.185459
53 1.976136 0.000000 0.000000 -0.000000 0.068928 -0.257871
54 1.377138 0.000000 0.000000 -0.000000 0.022268 0.192117
time 231
0 0.000000 0.000000 0.000000 1.570796 0.000000 0.000000
1 1.091484 0.505703 38.048973 1.399183 -0.147788 0.102680
2 0.000000 0.000000 0.000000 0.000000 0.000000 0.000000
3 3.890447 0.000000 0.000000 -1.712969 -0.140918 -1.480976
4 20.402582 0.000000 0.000000 -0.000000 -0.000000 0.726938
5 17.754948 -0.000000 0.000000 -0.233046 0.186826 -1.575839
6 5.733515 0.000000 0.000000 0.009662 -0.019166 -0.375128
7 -3.890447 0.000000 -0.000000 -1.346310 -0.028239 -2.110211
8 20.402582 0.000000 -0.000000 -0.000000 -0.000000 0.694271
9 17.754948 0.000000 0.000000 0.388095 -0.155293 -1.617111
10 5.733515 0.000000 -0.000000 -0.098175 0.014465 -0.339447
11 0.000000 3.345132 -1.055022 1.553268 0.045025 1.724031
12 4.232848 0.000000 0.000000 -0.002917 0.129133 0.118984
13 4.327481 0.000000 0.000000 0.001746 0.043431 0.159443
14 6.430522 0.000000 0.000000 0.124799 0.265075 0.467604
15 5.754028 -0.000000 -0.000000 2.855751 -0.171098 0.362893
16 4.208960 0.000000 0.000000 -0.052952 0.190171 1.117975
17 4.203462 1.484258 1.588960 -0.250490 -1.113292 -1.462330
18 5.124548 -0.000000 0.000000 -1.039846 -0.114508 -1.552344
19 11.580950 0.000000 0.000000 0.000000 0.000000 -0.545717
20 11.182189 -0.000002 -0.000032 1.541798 0.074783 -0.271227
21 3.342010 -0.071954 -1.535773 0.070874 0.142154 -0.247798
22 1.760565 0.000000 0.000000 0.003707 0.008347 -0.417902
23 0.946777 0.000000 -0.000000 -0.059844 -0.161510 -0.356655
24 3.650005 0.195886 -0.591614 0.065848 0.111437 -0.286501
25 1.940476 0.000000 0.000000 -0.063015 -0.157361 -0.382781
26 1.194153 0.000000 -0.000000 0.017478 0.067896 -0.252168
27 3.920878 0.176868 0.421353 0.034918 -0.002119 -0.237374
28 2.398545 0.000000 -0.000000 -0.016327 -0.028042 -0.527349
29 1.228913 -0.000000 0.000000 0.006292 0.038933 -0.160270
30 3.969047 0.108842 1.535248 0.028607 -0.031328 -0.228206
31 1.959841 0.000000 0.000000 0.054600 0.111020 -0.458274
32 1.099742 -0.000000 0.000000 0.010217 0.062642 -0.161791
33 1.244744 -0.896944 1.073525 1.541960 -0.431286 -0.187296
34 1.976136 -0.000000 -0.000000 0.000000 -0.068928 -0.257871
35 1.377138 0.000000 0.000000 0.000000 -0.022268 0.192117
36 4.203462 1.484258 -1.588960 -0.446856 1.186555 -2.116371
37 5.124548 0.000000 0.000000 2.496262 0.489422 -0.701387
38 11.580950 0.000000 0.000000 0.000000 0.000000 -0.335805
39 11.182171 -0.000002 0.000017 -1.943124 0.093271 -0.296247
40 3.342029 -0.078177 1.535469 -0.066822 -0.142155 -0.247795
41 1.760565 0.000000 0.000000 -0.003707 -0.008347 -0.417902
42 0.946777 0.000000 0.000000 0.059844 0.161510 -0.356655
43 3.650023 0.193487 0.592403 -0.061796 -0.111438 -0.286498
44 1.940476 0.000000 0.000000 0.063015 0.157361 -0.382781
45 1.194153 -0.000000 0.000000 -0.017478 -0.067896 -0.252168
46 3.920897 0.178574 -0.420632 -0.030866 0.002118 -0.237370
47 2.398545 0.000000 0.000000 0.016327 0.028042 -0.527349
48 1.228913 0.000000 0.000000 -0.006292 -0.038933 -0.160270
49 3.969067 0.115063 -1.534794 -0.024555 0.031327 -0.228202
50 1.959841 -0.000000 0.000000 -0.054600 -0.111020 -0.458274
51 1.099742 -0.000000 0.000000 -0.010217 -0.062642 -0.161791
52 1.244767 -0.892595 -1.077153 -1.537577 0.432036 -0.185459
53 1.976136 0.000000 0.000000 -0.000000 0.068928 -0.257871
54 1.377138 0.000000 0.000000 0.000000 0.022268 0.192117
time 232
0 0.000000 0.000000 0.000000 1.570796 0.000000 0.000000
1 1.043088 0.464947 38.052750 1.399241 -0.149273 0.096795
2 0.000000 0.000000 0.000000 0.000000 0.000000 0.000000
3 3.890447 0.000000 0.000000 -1.718326 -0.136799 -1.479536
4 20.402582 0.000000 0.000000 0.000000 -0.000000 0.724264
5 17.754948 0.000000 0.000000 -0.234430 0.187145 -1.575711
6 5.733515 0.000000 0.000000 0.009662 -0.019166 -0.375100
7 -3.890447 0.000000 -0.000000 -1.354965 -0.031285 -2.108455
8 20.402582 0.000000 -0.000000 0.000000 0.000000 0.696583
9 17.754948 0.000000 0.000000 0.388391 -0.151642 -1.619421
10 5.733515 0.000000 -0.000000 -0.098175 0.014464 -0.339424
11 0.000000 3.345132 -1.055022 1.552223 0.045086 1.724436
12 4.232848 0.000000 0.000000 -0.003748 0.129772 0.119104
13 4.327481 0.000000 0.000000 0.001397 0.043535 0.159274
14 6.430522 0.000000 0.000000 0.123686 0.263794 0.466790
15 5.754028 0.000000 0.000000 2.861624 -0.164191 0.356006
16 4.208960 0.000000 0.000000 -0.055413 0.188604 1.119712
17 4.203462 1.484258 1.588960 -0.261511 -1.108397 -1.448904
18 5.124548 0.000000 0.000000 -1.035058 -0.113451 -1.558128
19 11.580950 0.000000 0.000000 0.000000 -0.000000 -0.545775
20 11.182189 -0.000002 -0.000032 1.544805 0.082632 -0.270225
21 3.342010 -0.071954 -1.535773 0.070874 0.142154 -0.247798
22 1.760565 0.000000 0.000000 0.003707 0.008347 -0.417902
23 0.946777 0.000000 0.000000 -0.059844 -0.161510 -0.356655
24 3.650005 0.195886 -0.591614 0.065848 0.111437 -0.286501
25 1.940476 -0.000000 0.000000 -0.063015 -0.157361 -0.382781
26 1.194153 0.000000 -0.000000 0.017478 0.067896 -0.252168
27 3.920878 0.176868 0.421353 0.034918 -0.002119 -0.237374
28 2.398545 0.000000 0.000000 -0.016327 -0.028042 -0.527349
29 1.228913 0.000000 -0.000000 0.006292 0.038933 -0.160270
30 3.969047 0.108842 1.535248 0.028607 -0.031328 -0.228206
31 1.959841 0.000000 0.000000 0.054600 0.111020 -0.458274
32 1.099742 0.000000 0.000000 0.010217 0.062642 -0.161791
33 1.244744 -0.896944 1.073525 1.541960 -0.431286 -0.187296
34 1.976136 0.000000 0.000000 -0.000000 -0.068928 -0.257871
35 1.377138 0.000000 0.000000 0.000000 -0.022268 0.192117
36 4.203462 1.484258 -1.588960 -0.451423 1.187002 -2.123273
37 5.124548 0.000000 0.000000 2.463137 0.489223 -0.712475
38 11.580950 -0.000000 0.000000 0.000000 -0.000000 -0.344675
39 11.182171 -0.000002 0.000017 -1.928245 0.089767 -0.304035
40 3.342029 -0.078177 1.535469 -0.066822 -0.142155 -0.247795
41 1.760565 0.000000 0.000000 -0.003707 -0.008347 -0.417902
42 0.946777 -0.000000 0.000000 0.059844 0.161510 -0.356655
43 3.650023 0.193487 0.592403 -0.061796 -0.111438 -0.286498
44 1.940476 0.000000 0.000000 0.063015 0.157361 -0.382781
45 1.194153 0.000000 0.000000 -0.017478 -0.067896 -0.252168
46 3.920897 0.178574 -0.420632 -0.030866 0.002118 -0.237370
47 2.398545 -0.000000 0.000000 0.016327 0.028042 -0.527349
48 1.228913 0.000000 0.000000 -0.006292 -0.038933 -0.160270
49 3.969067 0.115063 -1.534794 -0.024555 0.031327 -0.228202
50 1.959841 0.000000 0.000000 -0.054600 -0.111020 -0.458274
51 1.099742 -0.000000 0.000000 -0.010217 -0.062642 -0.161791
52 1.244767 -0.892595 -1.077153 -1.537577 0.432036 -0.185459
53 1.976136 0.000000 0.000000 -0.000000 0.068928 -0.257871
54 1.377138 0.000000 0.000000 -0.000000 0.022268 0.192117
time 233
0 0.000000 0.000000 0.000000 1.570796 0.000000 0.000000
1 0.994485 0.425686 38.057671 1.399536 -0.150681 0.091859
2 0.000000 0.000000 0.000000 0.000000 0.000000 0.000000
3 3.890447 0.000000 0.000000 -1.721036 -0.133313 -1.478945
4 20.402582 -0.000000 0.000000 0.000000 0.000000 0.721476
5 17.754948 -0.000000 0.000000 -0.236335 0.185725 -1.575463
6 5.733515 0.000000 0.000000 0.009663 -0.019162 -0.374877
7 -3.890447 0.000000 -0.000000 -1.360854 -0.033950 -2.107166
8 20.402582 0.000000 0.000000 0.000000 0.000000 0.698602
9 17.754948 0.000000 -0.000000 0.388010 -0.149683 -1.621334
10 5.733515 0.000000 0.000000 -0.098174 0.014466 -0.339509
11 -0.000000 3.345132 -1.055022 1.550588 0.045184 1.725024
12 4.232848 0.000000 -0.000000 -0.004997 0.130401 0.118989
13 4.327481 0.000000 -0.000000 0.000863 0.043661 0.158647
14 6.430522 0.000000 0.000000 0.122263 0.262331 0.465619
15 5.754028 0.000000 0.000000 2.866266 -0.160604 0.350577
16 4.208960 0.000000 0.000000 -0.056015 0.185302 1.119763
17 4.203462 1.484258 1.588960 -0.274023 -1.104350 -1.434538
18 5.124548 0.000000 0.000000 -1.032425 -0.112051 -1.563784
19 11.580950 0.000000 0.000000 0.000000 -0.000000 -0.550879
20 11.182189 -0.000002 -0.000032 1.546936 0.091078 -0.267468
21 3.342010 -0.071954 -1.535773 0.070874 0.142154 -0.247798
22 1.760565 0.000000 -0.000000 0.003707 0.008347 -0.417902
23 0.946777 0.000000 0.000000 -0.059844 -0.161510 -0.356655
24 3.650005 0.195886 -0.591614 0.065848 0.111437 -0.286501
25 1.940476 0.000000 -0.000000 -0.063015 -0.157361 -0.382781
26 1.194153 0.000000 -0.000000 0.017478 0.067896 -0.252168
27 3.920878 0.176868 0.421353 0.034918 -0.002119 -0.237374
28 2.398545 0.000000 0.000000 -0.016327 -0.028042 -0.527349
29 1.228913 -0.000000 0.000000 0.006292 0.038933 -0.160270
30 3.969047 0.108842 1.535248 0.028607 -0.031328 -0.228206
31 1.959841 0.000000 0.000000 0.054600 0.111020 -0.458274
32 1.099742 0.000000 -0.000000 0.010217 0.062642 -0.161791
33 1.244744 -0.896944 1.073525 1.541960 -0.431286 -0.187296
34 1.976136 0.000000 0.000000 0.000000 -0.068928 -0.257871
35 1.377138 0.000000 0.000000 -0.000000 -0.022268 0.192117
36 4.203462 1.484258 -1.588960 -0.455971 1.187792 -2.129594
37 5.124548 -0.000000 -0.000000 2.434833 0.487429 -0.723518
38 11.580950 0.000000 -0.000000 0.000000 0.000000 -0.354486
39 11.182171 -0.000002 0.000017 -1.918200 0.088538 -0.309877
40 3.342029 -0.078177 1.535469 -0.066822 -0.142155 -0.247795
41 1.760565 0.000000 0.000000 -0.003707 -0.008347 -0.417902
42 0.946777 0.000000 0.000000 0.059844 0.161510 -0.356655
43 3.650023 0.193487 0.592403 -0.061796 -0.111438 -0.286498
44 1.940476 0.000000 0.000000 0.063015 0.157361 -0.382781
45 1.194153 0.000000 0.000000 -0.017478 -0.067896 -0.252168
46 3.920897 0.178574 -0.420632 -0.030866 0.002118 -0.237370
47 2.398545 0.000000 -0.000000 0.016327 0.028042 -0.527349
48 1.228913 -0.000000 0.000000 -0.006292 -0.038933 -0.160270
49 3.969067 0.115063 -1.534794 -0.024555 0.031327 -0.228202
50 1.959841 -0.000000 0.000000 -0.054600 -0.111020 -0.458274
51 1.099742 0.000000 -0.000000 -0.010217 -0.062642 -0.161791
52 1.244767 -0.892595 -1.077153 -1.537577 0.432036 -0.185459
53 1.976136 0.000000 0.000000 -0.000000 0.068928 -0.257871
54 1.377138 0.000000 0.000000 0.000000 0.022268 0.192117
time 234
0 0.000000 0.000000 0.000000 1.570796 0.000000 0.000000
1 0.946701 0.392784 38.061447 1.399770 -0.151951 0.088786
2 0.000000 0.000000 0.000000 0.000000 0.000000 0.000000
3 3.890447 0.000000 0.000000 -1.721667 -0.130799 -1.478896
4 20.402582 0.000000 -0.000000 -0.000000 -0.000000 0.719131
5 17.754948 -0.000000 0.000000 -0.238164 0.183973 -1.574972
6 5.733515 0.000000 0.000000 0.009663 -0.019158 -0.374607
7 -3.890447 0.000000 -0.000000 -1.363549 -0.035564 -2.106739
8 20.402582 0.000000 0.000000 0.000000 -0.000000 0.700400
9 17.754948 0.000000 0.000000 0.387306 -0.149312 -1.623101
10 5.733515 0.000000 0.000000 -0.098174 0.014468 -0.339654
11 0.000000 3.345132 -1.055022 1.548877 0.045851 1.725322
12 4.232848 0.000000 0.000000 -0.006413 0.130757 0.118852
13 4.327481 -0.000000 0.000000 0.000221 0.043765 0.158537
14 6.430522 -0.000000 0.000000 0.121292 0.261753 0.465042
15 5.754028 0.000000 0.000000 2.871025 -0.157099 0.344850
16 4.208960 0.000000 0.000000 -0.056926 0.181984 1.119979
17 4.203462 1.484258 1.588960 -0.286134 -1.102217 -1.424162
18 5.124548 0.000000 -0.000000 -1.030725 -0.109456 -1.567690
19 11.580950 0.000000 0.000000 0.000000 -0.000000 -0.560361
20 11.182189 -0.000002 -0.000032 1.546394 0.092240 -0.265524
21 3.342010 -0.071954 -1.535773 0.070874 0.142154 -0.247798
22 1.760565 0.000000 0.000000 0.003707 0.008347 -0.417902
23 0.946777 0.000000 -0.000000 -0.059844 -0.161510 -0.356655
24 3.650005 0.195886 -0.591614 0.065848 0.111437 -0.286501
25 1.940476 -0.000000 0.000000 -0.063015 -0.157361 -0.382781
26 1.194153 0.000000 -0.000000 0.017478 0.067896 -0.252168
27 3.920878 0.176868 0.421353 0.034918 -0.002119 -0.237374
28 2.398545 0.000000 -0.000000 -0.016327 -0.028042 -0.527349
29 1.228913 0.000000 0.000000 0.006292 0.038933 -0.160270
30 3.969047 0.108842 1.535248 0.028607 -0.031328 -0.228206
31 1.959841 0.000000 -0.000000 0.054600 0.111020 -0.458274
32 1.099742 0.000000 0.000000 0.010217 0.062642 -0.161791
33 1.244744 -0.896944 1.073525 1.541960 -0.431286 -0.187296
34 1.976136 -0.000000 0.000000 -0.000000 -0.068928 -0.257871
35 1.377138 -0.000000 0.000000 0.000000 -0.022268 0.192117
36 4.203462 1.484258 -1.588960 -0.456994 1.188263 -2.133431
37 5.124548 0.000000 0.000000 2.414729 0.486884 -0.732712
38 11.580950 0.000000 0.000000 -0.000000 -0.000000 -0.357894
39 11.182171 -0.000002 0.000017 -1.912291 0.092380 -0.314690
40 3.342029 -0.078177 1.535469 -0.066822 -0.142155 -0.247795
41 1.760565 0.000000 0.000000 -0.003707 -0.008347 -0.417902
42 0.946777 -0.000000 -0.000000 0.059844 0.161510 -0.356655
43 3.650023 0.193487 0.592403 -0.061796 -0.111438 -0.286498
44 1.940476 0.000000 -0.000000 0.063015 0.157361 -0.382781
45 1.194153 -0.000000 0.000000 -0.017478 -0.067896 -0.252168
46 3.920897 0.178574 -0.420632 -0.030866 0.002118 -0.237370
47 2.398545 -0.000000 0.000000 0.016327 0.028042 -0.527349
48 1.228913 0.000000 0.000000 -0.006292 -0.038933 -0.160270
49 3.969067 0.115063 -1.534794 -0.024555 0.031327 -0.228202
50 1.959841 0.000000 0.000000 -0.054600 -0.111020 -0.458274
51 1.099742 0.000000 0.000000 -0.010217 -0.062642 -0.161791
52 1.244767 -0.892595 -1.077153 -1.537577 0.432036 -0.185459
53 1.976136 -0.000000 0.000000 -0.000000 0.068928 -0.257871
54 1.377138 0.000000 0.000000 -0.000000 0.022268 0.192117
time 235
0 0.000000 0.000000 0.000000 1.570796 0.000000 0.000000
1 0.894488 0.360447 38.064739 1.400091 -0.153147 0.086115
2 0.000000 0.000000 0.000000 0.000000 0.000000 0.000000
3 3.890447 -0.000000 0.000000 -1.722916 -0.128538 -1.478437
4 20.402582 -0.000000 0.000000 -0.000000 0.000000 0.716875
5 17.754948 -0.000000 -0.000000 -0.239626 0.183230 -1.574268
6 5.733515 0.000000 0.000000 0.009664 -0.019153 -0.374359
7 -3.890447 0.000000 -0.000000 -1.365117 -0.037110 -2.106446
8 20.402582 0.000000 -0.000000 -0.000000 0.000000 0.702398
9 17.754948 0.000000 0.000000 0.386212 -0.149509 -1.624898
10 5.733515 0.000000 0.000000 -0.098173 0.014471 -0.339853
11 0.000000 3.345132 -1.055022 1.547504 0.047117 1.725354
12 4.232848 0.000000 0.000000 -0.007856 0.130972 0.118690
13 4.327481 0.000000 -0.000000 -0.000295 0.043728 0.159379
14 6.430522 0.000000 0.000000 0.120927 0.262185 0.465204
15 5.754028 -0.000000 -0.000000 2.875489 -0.153661 0.339821
16 4.208960 0.000000 0.000000 -0.057050 0.179762 1.120261
17 4.203462 1.484258 1.588960 -0.297787 -1.101506 -1.415969
18 5.124548 0.000000 0.000000 -1.029254 -0.108278 -1.571311
19 11.580950 -0.000000 0.000000 0.000000 0.000000 -0.570326
20 11.182189 -0.000002 -0.000032 1.541880 0.088485 -0.268793
21 3.342010 -0.071954 -1.535773 0.070874 0.142154 -0.247798
22 1.760565 0.000000 0.000000 0.003707 0.008347 -0.417902
23 0.946777 0.000000 0.000000 -0.059844 -0.161510 -0.356655
24 3.650005 0.195886 -0.591614 0.065848 0.111437 -0.286501
25 1.940476 0.000000 -0.000000 -0.063015 -0.157361 -0.382781
26 1.194153 0.000000 -0.000000 0.017478 0.067896 -0.252168
27 3.920878 0.176868 0.421353 0.034918 -0.002119 -0.237374
28 2.398545 0.000000 0.000000 -0.016327 -0.028042 -0.527349
29 1.228913 0.000000 0.000000 0.006292 0.038933 -0.160270
30 3.969047 0.108842 1.535248 0.028607 -0.031328 -0.228206
31 1.959841 0.000000 0.000000 0.054600 0.111020 -0.458274
32 1.099742 0.000000 0.000000 0.010217 0.062642 -0.161791
33 1.244744 -0.896944 1.073525 1.541960 -0.431286 -0.187296
34 1.976136 0.000000 0.000000 -0.000000 -0.068928 -0.257871
35 1.377138 0.000000 0.000000 -0.000000 -0.022268 0.192117
36 4.203462 1.484258 -1.588960 -0.459119 1.189597 -2.138348
37 5.124548 0.000000 -0.000000 2.408564 0.485181 -0.739302
38 11.580950 0.000000 0.000000 -0.000000 -0.000000 -0.358901
39 11.182171 -0.000002 0.000017 -1.907944 0.093018 -0.314249
40 3.342029 -0.078177 1.535469 -0.066822 -0.142155 -0.247795
41 1.760565 0.000000 0.000000 -0.003707 -0.008347 -0.417902
42 0.946777 0.000000 0.000000 0.059844 0.161510 -0.356655
43 3.650023 0.193487 0.592403 -0.061796 -0.111438 -0.286498
44 1.940476 0.000000 0.000000 0.063015 0.157361 -0.382781
45 1.194153 -0.000000 0.000000 -0.017478 -0.067896 -0.252168
46 3.920897 0.178574 -0.420632 -0.030866 0.002118 -0.237370
47 2.398545 0.000000 0.000000 0.016327 0.028042 -0.527349
48 1.228913 0.000000 0.000000 -0.006292 -0.038933 -0.160270
49 3.969067 0.115063 -1.534794 -0.024555 0.031327 -0.228202
50 1.959841 0.000000 0.000000 -0.054600 -0.111020 -0.458274
51 1.099742 0.000000 0.000000 -0.010217 -0.062642 -0.161791
52 1.244767 -0.892595 -1.077153 -1.537577 0.432036 -0.185459
53 1.976136 0.000000 -0.000000 -0.000000 0.068928 -0.257871
54 1.377138 0.000000 0.000000 0.000000 0.022268 0.192117
time 236
0 0.000000 0.000000 0.000000 1.570796 0.000000 0.000000
1 0.871164 0.328776 38.066860 1.400493 -0.154240 0.083853
2 0.000000 0.000000 0.000000 0.000000 0.000000 0.000000
3 3.890447 0.000000 0.000000 -1.722717 -0.126829 -1.479120
4 20.402582 -0.000000 0.000000 -0.000000 0.000000 0.715435
5 17.754948 -0.000000 0.000000 -0.240752 0.180958 -1.574368
6 5.733515 0.000000 -0.000000 0.009665 -0.019142 -0.373684
7 -3.890447 0.000000 -0.000000 -1.364462 -0.038188 -2.107491
8 20.402582 0.000000 0.000000 0.000000 0.000000 0.703727
9 17.754948 -0.000000 0.000000 0.385173 -0.151964 -1.625637
10 5.733515 0.000000 0.000000 -0.098171 0.014482 -0.340534
11 0.000000 3.345132 -1.055022 1.545412 0.048385 1.726115
12 4.232848 0.000000 -0.000000 -0.009768 0.131714 0.118559
13 4.327481 0.000000 0.000000 -0.001046 0.044052 0.160192
14 6.430522 0.000000 0.000000 0.119781 0.261659 0.465350
15 5.754028 0.000000 0.000000 2.879228 -0.151418 0.337863
16 4.208960 -0.000000 0.000000 -0.056162 0.178016 1.120240
17 4.203462 1.484258 1.588960 -0.305438 -1.099346 -1.410835
18 5.124548 0.000000 -0.000000 -1.025786 -0.109847 -1.574703
19 11.580950 0.000000 0.000000 -0.000000 0.000000 -0.580908
20 11.182189 -0.000002 -0.000032 1.533865 0.081324 -0.271894
21 3.342010 -0.071954 -1.535773 0.070874 0.142154 -0.247798
22 1.760565 0.000000 -0.000000 0.003707 0.008347 -0.417902
23 0.946777 0.000000 0.000000 -0.059844 -0.161510 -0.356655
24 3.650005 0.195886 -0.591614 0.065848 0.111437 -0.286501
25 1.940476 -0.000000 0.000000 -0.063015 -0.157361 -0.382781
26 1.194153 0.000000 0.000000 0.017478 0.067896 -0.252168
27 3.920878 0.176868 0.421353 0.034918 -0.002119 -0.237374
28 2.398545 -0.000000 -0.000000 -0.016327 -0.028042 -0.527349
29 1.228913 0.000000 0.000000 0.006292 0.038933 -0.160270
30 3.969047 0.108842 1.535248 0.028607 -0.031328 -0.228206
31 1.959841 0.000000 0.000000 0.054600 0.111020 -0.458274
32 1.099742 0.000000 0.000000 0.010217 0.062642 -0.161791
33 1.244744 -0.896944 1.073525 1.541960 -0.431286 -0.187296
34 1.976136 -0.000000 0.000000 0.000000 -0.068928 -0.257871
35 1.377138 -0.000000 0.000000 0.000000 -0.022268 0.192117
36 4.203462 1.484258 -1.588960 -0.464236 1.192477 -2.143731
37 5.124548 -0.000000 0.000000 2.414019 0.483558 -0.741821
38 11.580950 -0.000000 -0.000000 0.000000 0.000000 -0.357809
39 11.182171 -0.000002 0.000017 -1.907387 0.087556 -0.311226
40 3.342029 -0.078177 1.535469 -0.066822 -0.142155 -0.247795
41 1.760565 0.000000 0.000000 -0.003707 -0.008347 -0.417902
42 0.946777 -0.000000 0.000000 0.059844 0.161510 -0.356655
43 3.650023 0.193487 0.592403 -0.061796 -0.111438 -0.286498
44 1.940476 0.000000 0.000000 0.063015 0.157361 -0.382781
45 1.194153 0.000000 0.000000 -0.017478 -0.067896 -0.252168
46 3.920897 0.178574 -0.420632 -0.030866 0.002118 -0.237370
47 2.398545 0.000000 0.000000 0.016327 0.028042 -0.527349
48 1.228913 0.000000 0.000000 -0.006292 -0.038933 -0.160270
49 3.969067 0.115063 -1.534794 -0.024555 0.031327 -0.228202
50 1.959841 0.000000 0.000000 -0.054600 -0.111020 -0.458274
51 1.099742 -0.000000 0.000000 -0.010217 -0.062642 -0.161791
52 1.244767 -0.892595 -1.077153 -1.537577 0.432036 -0.185459
53 1.976136 -0.000000 0.000000 -0.000000 0.068928 -0.257871
54 1.377138 0.000000 0.000000 -0.000000 0.022268 0.192117
time 237
0 0.000000 0.000000 0.000000 1.570796 0.000000 0.000000
1 0.855723 0.297872 38.067429 1.400982 -0.155242 0.081885
2 0.000000 0.000000 0.000000 0.000000 0.000000 0.000000
3 3.890447 0.000000 0.000000 -1.723636 -0.125595 -1.479507
4 20.402582 0.000000 0.000000 -0.000000 -0.000000 0.714705
5 17.754948 -0.000000 0.000000 -0.241108 0.179903 -1.574454
6 5.733515 0.000000 -0.000000 0.009666 -0.019136 -0.373285
7 -3.890447 0.000000 -0.000000 -1.363127 -0.039156 -2.108842
8 20.402582 0.000000 -0.000000 -0.000000 -0.000000 0.704955
9 17.754948 -0.000000 0.000000 0.384192 -0.154892 -1.626191
10 5.733515 0.000000 0.000000 -0.098169 0.014495 -0.341302
11 0.000000 3.345132 -1.055022 1.543248 0.049312 1.726913
12 4.232848 -0.000000 0.000000 -0.011775 0.132584 0.118563
13 4.327481 0.000000 0.000000 -0.001821 0.044433 0.160848
14 6.430522 0.000000 0.000000 0.118744 0.261425 0.465315
15 5.754028 0.000000 0.000000 2.881747 -0.149953 0.339247
16 4.208960 0.000000 0.000000 -0.054502 0.176669 1.119497
17 4.203462 1.484258 1.588960 -0.309257 -1.095594 -1.407989
18 5.124548 0.000000 -0.000000 -1.020583 -0.114065 -1.578190
19 11.580950 0.000000 0.000000 -0.000000 -0.000000 -0.591623
20 11.182189 -0.000002 -0.000032 1.525097 0.071868 -0.273173
21 3.342010 -0.071954 -1.535773 0.070874 0.142154 -0.247798
22 1.760565 0.000000 0.000000 0.003707 0.008347 -0.417902
23 0.946777 0.000000 0.000000 -0.059844 -0.161510 -0.356655
24 3.650005 0.195886 -0.591614 0.065848 0.111437 -0.286501
25 1.940476 0.000000 0.000000 -0.063015 -0.157361 -0.382781
26 1.194153 0.000000 0.000000 0.017478 0.067896 -0.252168
27 3.920878 0.176868 0.421353 0.034918 -0.002119 -0.237374
28 2.398545 0.000000 0.000000 -0.016327 -0.028042 -0.527349
29 1.228913 0.000000 0.000000 0.006292 0.038933 -0.160270
30 3.969047 0.108842 1.535248 0.028607 -0.031328 -0.228206
31 1.959841 0.000000 -0.000000 0.054600 0.111020 -0.458274
32 1.099742 0.000000 0.000000 0.010217 0.062642 -0.161791
33 1.244744 -0.896944 1.073525 1.541960 -0.431286 -0.187296
34 1.976136 0.000000 0.000000 -0.000000 -0.068928 -0.257871
35 1.377138 0.000000 0.000000 0.000000 -0.022268 0.192117
36 4.203462 1.484258 -1.588960 -0.471342 1.195968 -2.148413
37 5.124548 0.000000 0.000000 2.427698 0.482662 -0.739786
38 11.580950 0.000000 0.000000 0.000000 0.000000 -0.354631
39 11.182171 -0.000002 0.000017 -1.912942 0.085124 -0.308165
40 3.342029 -0.078177 1.535469 -0.066822 -0.142155 -0.247795
41 1.760565 -0.000000 0.000000 -0.003707 -0.008347 -0.417902
42 0.946777 0.000000 -0.000000 0.059844 0.161510 -0.356655
43 3.650023 0.193487 0.592403 -0.061796 -0.111438 -0.286498
44 1.940476 0.000000 0.000000 0.063015 0.157361 -0.382781
45 1.194153 0.000000 0.000000 -0.017478 -0.067896 -0.252168
46 3.920897 0.178574 -0.420632 -0.030866 0.002118 -0.237370
47 2.398545 0.000000 0.000000 0.016327 0.028042 -0.527349
48 1.228913 0.000000 0.000000 -0.006292 -0.038933 -0.160270
49 3.969067 0.115063 -1.534794 -0.024555 0.031327 -0.228202
50 1.959841 0.000000 0.000000 -0.054600 -0.111020 -0.458274
51 1.099742 0.000000 0.000000 -0.010217 -0.062642 -0.161791
52 1.244767 -0.892595 -1.077153 -1.537577 0.432036 -0.185459
53 1.976136 0.000000 -0.000000 0.000000 0.068928 -0.257871
54 1.377138 0.000000 0.000000 0.000000 0.022268 0.192117
time 238
0 0.000000 0.000000 0.000000 1.570796 0.000000 0.000000
1 0.848021 0.275479 38.067272 1.401409 -0.155916 0.080600
2 0.000000 0.000000 0.000000 0.000000 0.000000 0.000000
3 3.890447 0.000000 0.000000 -1.724762 -0.124924 -1.479658
4 20.402582 -0.000000 -0.000000 0.000000 0.000000 0.714459
5 17.754948 -0.000000 0.000000 -0.241050 0.179660 -1.574513
6 5.733515 0.000000 0.000000 0.009667 -0.019133 -0.373137
7 -3.890447 0.000000 -0.000000 -1.362080 -0.039824 -2.109858
8 20.402582 0.000000 -0.000000 0.000000 0.000000 0.705770
9 17.754948 -0.000000 0.000000 0.383549 -0.156968 -1.626532
10 5.733515 0.000000 0.000000 -0.098168 0.014504 -0.341864
11 0.000000 3.345132 -1.055022 1.541197 0.048942 1.727907
12 4.232848 0.000000 0.000000 -0.013174 0.133258 0.118398
13 4.327481 0.000000 0.000000 -0.002381 0.044682 0.160713
14 6.430522 0.000000 -0.000000 0.118459 0.262062 0.464972
15 5.754028 0.000000 -0.000000 2.881912 -0.148196 0.345958
16 4.208960 0.000000 0.000000 -0.053229 0.175919 1.116871
17 4.203462 1.484258 1.588960 -0.308919 -1.092209 -1.407501
18 5.124548 0.000000 0.000000 -1.014560 -0.120590 -1.580991
19 11.580950 0.000000 -0.000000 -0.000000 -0.000000 -0.602213
20 11.182189 -0.000002 -0.000032 1.515583 0.065084 -0.274998
21 3.342010 -0.071954 -1.535773 0.070874 0.142154 -0.247798
22 1.760565 0.000000 0.000000 0.003707 0.008347 -0.417902
23 0.946777 0.000000 0.000000 -0.059844 -0.161510 -0.356655
24 3.650005 0.195886 -0.591614 0.065848 0.111437 -0.286501
25 1.940476 0.000000 -0.000000 -0.063015 -0.157361 -0.382781
26 1.194153 0.000000 -0.000000 0.017478 0.067896 -0.252168
27 3.920878 0.176868 0.421353 0.034918 -0.002119 -0.237374
28 2.398545 0.000000 -0.000000 -0.016327 -0.028042 -0.527349
29 1.228913 -0.000000 0.000000 0.006292 0.038933 -0.160270
30 3.969047 0.108842 1.535248 0.028607 -0.031328 -0.228206
31 1.959841 -0.000000 -0.000000 0.054600 0.111020 -0.458274
32 1.099742 0.000000 0.000000 0.010217 0.062642 -0.161791
33 1.244744 -0.896944 1.073525 1.541960 -0.431286 -0.187296
34 1.976136 0.000000 0.000000 0.000000 -0.068928 -0.257871
35 1.377138 0.000000 0.000000 0.000000 -0.022268 0.192117
36 4.203462 1.484258 -1.588960 -0.477510 1.196864 -2.151710
37 5.124548 0.000000 0.000000 2.444148 0.481876 -0.733567
38 11.580950 -0.000000 0.000000 -0.000000 -0.000000 -0.349723
39 11.182171 -0.000002 0.000017 -1.920034 0.085432 -0.304291
40 3.342029 -0.078177 1.535469 -0.066822 -0.142155 -0.247795
41 1.760565 0.000000 0.000000 -0.003707 -0.008347 -0.417902
42 0.946777 -0.000000 0.000000 0.059844 0.161510 -0.356655
43 3.650023 0.193487 0.592403 -0.061796 -0.111438 -0.286498
44 1.940476 0.000000 0.000000 0.063015 0.157361 -0.382781
45 1.194153 0.000000 0.000000 -0.017478 -0.067896 -0.252168
46 3.920897 0.178574 -0.420632 -0.030866 0.002118 -0.237370
47 2.398545 0.000000 0.000000 0.016327 0.028042 -0.527349
48 1.228913 0.000000 0.000000 -0.006292 -0.038933 -0.160270
49 3.969067 0.115063 -1.534794 -0.024555 0.031327 -0.228202
50 1.959841 0.000000 0.000000 -0.054600 -0.111020 -0.458274
51 1.099742 -0.000000 0.000000 -0.010217 -0.062642 -0.161791
52 1.244767 -0.892595 -1.077153 -1.537577 0.432036 -0.185459
53 1.976136 0.000000 0.000000 -0.000000 0.068928 -0.257871
54 1.377138 0.000000 0.000000 -0.000000 0.022268 0.192117
time 239
0 0.000000 0.000000 0.000000 1.570796 0.000000 0.000000
1 0.844199 0.254253 38.066948 1.401937 -0.156569 0.079455
2 0.000000 0.000000 0.000000 0.000000 0.000000 0.000000
3 3.890447 -0.000000 0.000000 -1.725894 -0.124464 -1.479876
4 20.402582 0.000000 -0.000000 0.000000 0.000000 0.714311
5 17.754948 0.000000 0.000000 -0.240996 0.179544 -1.574602
6 5.733515 0.000000 -0.000000 0.009667 -0.019134 -0.373173
7 -3.890447 0.000000 -0.000000 -1.361277 -0.040517 -2.110838
8 20.402582 0.000000 0.000000 0.000000 0.000000 0.706450
9 17.754948 -0.000000 0.000000 0.383101 -0.158690 -1.626753
10 5.733515 0.000000 0.000000 -0.098165 0.014517 -0.342650
11 0.000000 3.345132 -1.055022 1.539823 0.047871 1.728481
12 4.232848 -0.000000 0.000000 -0.013956 0.133930 0.118357
13 4.327481 0.000000 -0.000000 -0.002729 0.044920 0.160135
14 6.430522 -0.000000 -0.000000 0.118875 0.263488 0.464515
15 5.754028 0.000000 0.000000 2.879462 -0.147236 0.357214
16 4.208960 0.000000 0.000000 -0.052114 0.175320 1.111874
17 4.203462 1.484258 1.588960 -0.306663 -1.091132 -1.409087
18 5.124548 -0.000000 0.000000 -1.009846 -0.126221 -1.582056
19 11.580950 0.000000 -0.000000 0.000000 0.000000 -0.612820
20 11.182189 -0.000002 -0.000032 1.504786 0.060424 -0.279967
21 3.342010 -0.071954 -1.535773 0.070874 0.142154 -0.247798
22 1.760565 0.000000 0.000000 0.003707 0.008347 -0.417902
23 0.946777 0.000000 -0.000000 -0.059844 -0.161510 -0.356655
24 3.650005 0.195886 -0.591614 0.065848 0.111437 -0.286501
25 1.940476 0.000000 -0.000000 -0.063015 -0.157361 -0.382781
26 1.194153 0.000000 -0.000000 0.017478 0.067896 -0.252168
27 3.920878 0.176868 0.421353 0.034918 -0.002119 -0.237374
28 2.398545 0.000000 0.000000 -0.016327 -0.028042 -0.527349
29 1.228913 0.000000 0.000000 0.006292 0.038933 -0.160270
30 3.969047 0.108842 1.535248 0.028607 -0.031328 -0.228206
31 1.959841 0.000000 0.000000 0.054600 0.111020 -0.458274
32 1.099742 0.000000 0.000000 0.010217 0.062642 -0.161791
33 1.244744 -0.896944 1.073525 1.541960 -0.431286 -0.187296
34 1.976136 -0.000000 0.000000 0.000000 -0.068928 -0.257871
35 1.377138 0.000000 0.000000 0.000000 -0.022268 0.192117
36 4.203462 1.484258 -1.588960 -0.482270 1.195400 -2.153928
37 5.124548 0.000000 0.000000 2.461425 0.480503 -0.724530
38 11.580950 0.000000 -0.000000 0.000000 0.000000 -0.344322
39 11.182171 -0.000002 0.000017 -1.928125 0.088175 -0.299999
40 3.342029 -0.078177 1.535469 -0.066822 -0.142155 -0.247795
41 1.760565 0.000000 0.000000 -0.003707 -0.008347 -0.417902
42 0.946777 -0.000000 0.000000 0.059844 0.161510 -0.356655
43 3.650023 0.193487 0.592403 -0.061796 -0.111438 -0.286498
44 1.940476 -0.000000 0.000000 0.063015 0.157361 -0.382781
45 1.194153 0.000000 0.000000 -0.017478 -0.067896 -0.252168
46 3.920897 0.178574 -0.420632 -0.030866 0.002118 -0.237370
47 2.398545 0.000000 0.000000 0.016327 0.028042 -0.527349
48 1.228913 0.000000 0.000000 -0.006292 -0.038933 -0.160270
49 3.969067 0.115063 -1.534794 -0.024555 0.031327 -0.228202
50 1.959841 0.000000 0.000000 -0.054600 -0.111020 -0.458274
51 1.099742 0.000000 -0.000000 -0.010217 -0.062642 -0.161791
52 1.244767 -0.892595 -1.077153 -1.537577 0.432036 -0.185459
53 1.976136 -0.000000 0.000000 -0.000000 0.068928 -0.257871
54 1.377138 0.000000 -0.000000 -0.000000 0.022268 0.192117
time 240
0 0.000000 0.000000 0.000000 1.570796 0.000000 0.000000
1 0.849230 0.215374 38.065697 1.403241 -0.157785 0.077526
2 0.000000 0.000000 0.000000 0.000000 0.000000 0.000000
3 3.890447 0.000000 0.000000 -1.728834 -0.124032 -1.480347
4 20.402582 -0.000000 0.000000 0.000000 0.000000 0.714274
5 17.754948 0.000000 0.000000 -0.240144 0.180060 -1.574964
6 5.733515 0.000000 0.000000 0.009668 -0.019127 -0.372783
7 -3.890447 0.000000 0.000000 -1.360571 -0.041895 -2.112604
8 20.402582 -0.000000 0.000000 0.000000 0.000000 0.707289
9 17.754948 -0.000000 -0.000000 0.382697 -0.160802 -1.627025
10 5.733515 0.000000 0.000000 -0.098163 0.014528 -0.343315
11 0.000000 3.345132 -1.055022 1.539825 0.048281 1.728625
12 4.232848 0.000000 -0.000000 -0.014523 0.134383 0.119087
13 4.327481 0.000000 0.000000 -0.003012 0.045081 0.160167
14 6.430522 0.000000 0.000000 0.119598 0.265207 0.464390
15 5.754028 -0.000000 0.000000 2.874270 -0.147838 0.372208
16 4.208960 0.000000 0.000000 -0.050837 0.174764 1.104263
17 4.203462 1.484258 1.588960 -0.302989 -1.091262 -1.411731
18 5.124548 -0.000000 0.000000 -1.007437 -0.131038 -1.582658
19 11.580950 0.000000 0.000000 -0.000000 0.000000 -0.622147
20 11.182189 -0.000002 -0.000032 1.495653 0.055372 -0.285836
21 3.342010 -0.071954 -1.535773 0.070874 0.142154 -0.247798
22 1.760565 0.000000 -0.000000 0.003707 0.008347 -0.417902
23 0.946777 0.000000 0.000000 -0.059844 -0.161510 -0.356655
24 3.650005 0.195886 -0.591614 0.065848 0.111437 -0.286501
25 1.940476 0.000000 -0.000000 -0.063015 -0.157361 -0.382781
26 1.194153 0.000000 0.000000 0.017478 0.067896 -0.252168
27 3.920878 0.176868 0.421353 0.034918 -0.002119 -0.237374
28 2.398545 -0.000000 -0.000000 -0.016327 -0.028042 -0.527349
29 1.228913 -0.000000 0.000000 0.006292 0.038933 -0.160270
30 3.969047 0.108842 1.535248 0.028607 -0.031328 -0.228206
31 1.959841 0.000000 0.000000 0.054600 0.111020 -0.458274
32 1.099742 0.000000 0.000000 0.010217 0.062642 -0.161791
33 1.244744 -0.896944 1.073525 1.541960 -0.431286 -0.187296
34 1.976136 -0.000000 0.000000 0.000000 -0.068928 -0.257871
35 1.377138 0.000000 0.000000 0.000000 -0.022268 0.192117
36 4.203462 1.484258 -1.588960 -0.485969 1.192945 -2.155073
37 5.124548 -0.000000 0.000000 2.478403 0.478331 -0.713731
38 11.580950 0.000000 -0.000000 -0.000000 -0.000000 -0.339894
39 11.182171 -0.000002 0.000017 -1.935700 0.092128 -0.295062
40 3.342029 -0.078177 1.535469 -0.066822 -0.142155 -0.247795
41 1.760565 -0.000000 0.000000 -0.003707 -0.008347 -0.417902
42 0.946777 -0.000000 0.000000 0.059844 0.161510 -0.356655
43 3.650023 0.193487 0.592403 -0.061796 -0.111438 -0.286498
44 1.940476 0.000000 0.000000 0.063015 0.157361 -0.382781
45 1.194153 0.000000 -0.000000 -0.017478 -0.067896 -0.252168
46 3.920897 0.178574 -0.420632 -0.030866 0.002118 -0.237370
47 2.398545 0.000000 0.000000 0.016327 0.028042 -0.527349
48 1.228913 0.000000 0.000000 -0.006292 -0.038933 -0.160270
49 3.969067 0.115063 -1.534794 -0.024555 0.031327 -0.228202
50 1.959841 0.000000 0.000000 -0.054600 -0.111020 -0.458274
51 1.099742 0.000000 0.000000 -0.010217 -0.062642 -0.161791
52 1.244767 -0.892595 -1.077153 -1.537577 0.432036 -0.185459
53 1.976136 -0.000000 0.000000 0.000000 0.068928 -0.257871
54 1.377138 -0.000000 0.000000 -0.000000 0.022268 0.192117
time 241
0 0.000000 0.000000 0.000000 1.570796 0.000000 0.000000
1 0.862630 0.192178 38.064468 1.404312 -0.158393 0.076430
2 0.000000 0.000000 0.000000 0.000000 0.000000 0.000000
3 3.890447 0.000000 0.000000 -1.730573 -0.124283 -1.480770
4 20.402582 0.000000 0.000000 0.000000 -0.000000 0.714722
5 17.754948 -0.000000 0.000000 -0.239443 0.180285 -1.575367
6 5.733515 0.000000 0.000000 0.009667 -0.019128 -0.372837
7 -3.890447 -0.000000 -0.000000 -1.360748 -0.042803 -2.113511
8 20.402582 -0.000000 0.000000 -0.000000 -0.000000 0.707328
9 17.754948 0.000000 0.000000 0.382876 -0.161334 -1.626911
10 5.733515 0.000000 0.000000 -0.098162 0.014534 -0.343682
11 0.000000 3.345132 -1.055022 1.539333 0.047347 1.729120
12 4.232848 0.000000 0.000000 -0.014763 0.134779 0.119589
13 4.327481 -0.000000 0.000000 -0.003140 0.045209 0.159827
14 6.430522 0.000000 -0.000000 0.120415 0.266977 0.464390
15 5.754028 -0.000000 -0.000000 2.869915 -0.147704 0.389342
16 4.208960 0.000000 0.000000 -0.049323 0.174396 1.094381
17 4.203462 1.484258 1.588960 -0.298116 -1.092660 -1.414997
18 5.124548 0.000000 -0.000000 -1.005192 -0.135356 -1.582127
19 11.580950 0.000000 0.000000 0.000000 0.000000 -0.630724
20 11.182189 -0.000002 -0.000032 1.488556 0.048392 -0.288549
21 3.342010 -0.071954 -1.535773 0.070874 0.142154 -0.247798
22 1.760565 0.000000 0.000000 0.003707 0.008347 -0.417902
23 0.946777 0.000000 -0.000000 -0.059844 -0.161510 -0.356655
24 3.650005 0.195886 -0.591614 0.065848 0.111437 -0.286501
25 1.940476 0.000000 -0.000000 -0.063015 -0.157361 -0.382781
26 1.194153 0.000000 0.000000 0.017478 0.067896 -0.252168
27 3.920878 0.176868 0.421353 0.034918 -0.002119 -0.237374
28 2.398545 0.000000 0.000000 -0.016327 -0.028042 -0.527349
29 1.228913 0.000000 -0.000000 0.006292 0.038933 -0.160270
30 3.969047 0.108842 1.535248 0.028607 -0.031328 -0.228206
31 1.959841 0.000000 0.000000 0.054600 0.111020 -0.458274
32 1.099742 0.000000 0.000000 0.010217 0.062642 -0.161791
33 1.244744 -0.896944 1.073525 1.541960 -0.431286 -0.187296
34 1.976136 0.000000 -0.000000 0.000000 -0.068928 -0.257871
35 1.377138 0.000000 0.000000 0.000000 -0.022268 0.192117
36 4.203462 1.484258 -1.588960 -0.488416 1.191452 -2.155524
37 5.124548 0.000000 0.000000 2.493958 0.472886 -0.702120
38 11.580950 0.000000 0.000000 0.000000 0.000000 -0.336364
39 11.182171 -0.000002 0.000017 -1.939192 0.092249 -0.292067
40 3.342029 -0.078177 1.535469 -0.066822 -0.142155 -0.247795
41 1.760565 0.000000 0.000000 -0.003707 -0.008347 -0.417902
42 0.946777 0.000000 0.000000 0.059844 0.161510 -0.356655
43 3.650023 0.193487 0.592403 -0.061796 -0.111438 -0.286498
44 1.940476 0.000000 -0.000000 0.063015 0.157361 -0.382781
45 1.194153 -0.000000 0.000000 -0.017478 -0.067896 -0.252168
46 3.920897 0.178574 -0.420632 -0.030866 0.002118 -0.237370
47 2.398545 -0.000000 0.000000 0.016327 0.028042 -0.527349
48 1.228913 -0.000000 0.000000 -0.006292 -0.038933 -0.160270
49 3.969067 0.115063 -1.534794 -0.024555 0.031327 -0.228202
50 1.959841 -0.000000 0.000000 -0.054600 -0.111020 -0.458274
51 1.099742 -0.000000 0.000000 -0.010217 -0.062642 -0.161791
52 1.244767 -0.892595 -1.077153 -1.537577 0.432036 -0.185459
53 1.976136 -0.000000 0.000000 -0.000000 0.068928 -0.257871
54 1.377138 0.000000 -0.000000 0.000000 0.022268 0.192117
time 242
0 0.000000 0.000000 0.000000 1.570796 0.000000 0.000000
1 0.884297 0.171513 38.063675 1.405580 -0.158747 0.075436
2 0.000000 0.000000 0.000000 0.000000 0.000000 0.000000
3 3.890447 0.000000 0.000000 -1.732005 -0.124961 -1.481242
4 20.402582 0.000000 0.000000 0.000000 0.000000 0.715474
5 17.754948 -0.000000 0.000000 -0.238698 0.180257 -1.575906
6 5.733515 -0.000000 0.000000 0.009667 -0.019130 -0.372932
7 -3.890447 0.000000 -0.000000 -1.361307 -0.043748 -2.114173
8 20.402582 -0.000000 0.000000 0.000000 0.000000 0.706975
9 17.754948 0.000000 -0.000000 0.383365 -0.161337 -1.626527
10 5.733515 0.000000 0.000000 -0.098161 0.014540 -0.344014
11 -0.000000 3.345132 -1.055022 1.539188 0.046358 1.729644
12 4.232848 -0.000000 -0.000000 -0.014799 0.135103 0.120185
13 4.327481 0.000000 0.000000 -0.003215 0.045327 0.159883
14 6.430522 0.000000 0.000000 0.121348 0.268672 0.464739
15 5.754028 0.000000 0.000000 2.866329 -0.146165 0.405775
16 4.208960 0.000000 0.000000 -0.048703 0.174380 1.083815
17 4.203462 1.484258 1.588960 -0.292646 -1.095363 -1.418537
18 5.124548 0.000000 0.000000 -1.000592 -0.138970 -1.579578
19 11.580950 0.000000 -0.000000 0.000000 0.000000 -0.638283
20 11.182189 -0.000002 -0.000032 1.480321 0.040943 -0.292974
21 3.342010 -0.071954 -1.535773 0.070874 0.142154 -0.247798
22 1.760565 0.000000 0.000000 0.003707 0.008347 -0.417902
23 0.946777 0.000000 0.000000 -0.059844 -0.161510 -0.356655
24 3.650005 0.195886 -0.591614 0.065848 0.111437 -0.286501
25 1.940476 -0.000000 0.000000 -0.063015 -0.157361 -0.382781
26 1.194153 0.000000 0.000000 0.017478 0.067896 -0.252168
27 3.920878 0.176868 0.421353 0.034918 -0.002119 -0.237374
28 2.398545 0.000000 0.000000 -0.016327 -0.028042 -0.527349
29 1.228913 0.000000 0.000000 0.006292 0.038933 -0.160270
30 3.969047 0.108842 1.535248 0.028607 -0.031328 -0.228206
31 1.959841 0.000000 0.000000 0.054600 0.111020 -0.458274
32 1.099742 0.000000 0.000000 0.010217 0.062642 -0.161791
33 1.244744 -0.896944 1.073525 1.541960 -0.431286 -0.187296
34 1.976136 0.000000 -0.000000 0.000000 -0.068928 -0.257871
35 1.377138 0.000000 0.000000 -0.000000 -0.022268 0.192117
36 4.203462 1.484258 -1.588960 -0.489435 1.190235 -2.155103
37 5.124548 0.000000 0.000000 2.504166 0.466267 -0.690895
38 11.580950 -0.000000 0.000000 0.000000 0.000000 -0.334894
39 11.182171 -0.000002 0.000017 -1.941287 0.096798 -0.291871
40 3.342029 -0.078177 1.535469 -0.066822 -0.142155 -0.247795
41 1.760565 0.000000 0.000000 -0.003707 -0.008347 -0.417902
42 0.946777 0.000000 0.000000 0.059844 0.161510 -0.356655
43 3.650023 0.193487 0.592403 -0.061796 -0.111438 -0.286498
44 1.940476 -0.000000 0.000000 0.063015 0.157361 -0.382781
45 1.194153 0.000000 0.000000 -0.017478 -0.067896 -0.252168
46 3.920897 0.178574 -0.420632 -0.030866 0.002118 -0.237370
47 2.398545 -0.000000 0.000000 0.016327 0.028042 -0.527349
48 1.228913 0.000000 0.000000 -0.006292 -0.038933 -0.160270
49 3.969067 0.115063 -1.534794 -0.024555 0.031327 -0.228202
50 1.959841 0.000000 0.000000 -0.054600 -0.111020 -0.458274
51 1.099742 0.000000 0.000000 -0.010217 -0.062642 -0.161791
52 1.244767 -0.892595 -1.077153 -1.537577 0.432036 -0.185459
53 1.976136 0.000000 0.000000 -0.000000 0.068928 -0.257871
54 1.377138 0.000000 0.000000 -0.000000 0.022268 0.192117
time 243
0 0.000000 0.000000 0.000000 1.570796 0.000000 0.000000
1 0.919932 0.153261 38.064232 1.407036 -0.158774 0.074517
2 0.000000 0.000000 0.000000 0.000000 0.000000 0.000000
3 3.890447 0.000000 0.000000 -1.732630 -0.125982 -1.482013
4 20.402582 -0.000000 0.000000 0.000000 0.000000 0.716420
5 17.754948 0.000000 0.000000 -0.238279 0.179470 -1.576878
6 5.733515 0.000000 0.000000 0.009669 -0.019116 -0.372088
7 -3.890447 0.000000 -0.000000 -1.361620 -0.044589 -2.114821
8 20.402582 -0.000000 -0.000000 0.000000 0.000000 0.705916
9 17.754948 -0.000000 -0.000000 0.383931 -0.161502 -1.625481
10 5.733515 0.000000 0.000000 -0.098160 0.014545 -0.344350
11 0.000000 3.345132 -1.055022 1.539569 0.045925 1.730107
12 4.232848 0.000000 0.000000 -0.014593 0.135627 0.121193
13 4.327481 -0.000000 -0.000000 -0.003067 0.045592 0.161474
14 6.430522 -0.000000 0.000000 0.122171 0.269959 0.466267
15 5.754028 0.000000 0.000000 2.862947 -0.144186 0.419271
16 4.208960 0.000000 0.000000 -0.049065 0.174305 1.074178
17 4.203462 1.484258 1.588960 -0.289639 -1.098102 -1.421874
18 5.124548 -0.000000 -0.000000 -0.994466 -0.141124 -1.576489
19 11.580950 0.000000 0.000000 0.000000 -0.000000 -0.644965
20 11.182189 -0.000002 -0.000032 1.472270 0.038168 -0.297744
21 3.342010 -0.071954 -1.535773 0.070874 0.142154 -0.247798
22 1.760565 0.000000 -0.000000 0.003707 0.008347 -0.417902
23 0.946777 -0.000000 0.000000 -0.059844 -0.161510 -0.356655
24 3.650005 0.195886 -0.591614 0.065848 0.111437 -0.286501
25 1.940476 0.000000 0.000000 -0.063015 -0.157361 -0.382781
26 1.194153 0.000000 0.000000 0.017478 0.067896 -0.252168
27 3.920878 0.176868 0.421353 0.034918 -0.002119 -0.237374
28 2.398545 0.000000 -0.000000 -0.016327 -0.028042 -0.527349
29 1.228913 -0.000000 0.000000 0.006292 0.038933 -0.160270
30 3.969047 0.108842 1.535248 0.028607 -0.031328 -0.228206
31 1.959841 0.000000 -0.000000 0.054600 0.111020 -0.458274
32 1.099742 0.000000 0.000000 0.010217 0.062642 -0.161791
33 1.244744 -0.896944 1.073525 1.541960 -0.431286 -0.187296
34 1.976136 0.000000 0.000000 0.000000 -0.068928 -0.257871
35 1.377138 0.000000 -0.000000 0.000000 -0.022268 0.192117
36 4.203462 1.484258 -1.588960 -0.485228 1.189385 -2.152034
37 5.124548 0.000000 0.000000 2.513081 0.460208 -0.682420
38 11.580950 -0.000000 -0.000000 0.000000 -0.000000 -0.334075
39 11.182171 -0.000002 0.000017 -1.943393 0.101284 -0.293869
40 3.342029 -0.078177 1.535469 -0.066822 -0.142155 -0.247795
41 1.760565 0.000000 -0.000000 -0.003707 -0.008347 -0.417902
42 0.946777 0.000000 0.000000 0.059844 0.161510 -0.356655
43 3.650023 0.193487 0.592403 -0.061796 -0.111438 -0.286498
44 1.940476 0.000000 0.000000 0.063015 0.157361 -0.382781
45 1.194153 0.000000 0.000000 -0.017478 -0.067896 -0.252168
46 3.920897 0.178574 -0.420632 -0.030866 0.002118 -0.237370
47 2.398545 0.000000 0.000000 0.016327 0.028042 -0.527349
48 1.228913 0.000000 0.000000 -0.006292 -0.038933 -0.160270
49 3.969067 0.115063 -1.534794 -0.024555 0.031327 -0.228202
50 1.959841 0.000000 0.000000 -0.054600 -0.111020 -0.458274
51 1.099742 0.000000 -0.000000 -0.010217 -0.062642 -0.161791
52 1.244767 -0.892595 -1.077153 -1.537577 0.432036 -0.185459
53 1.976136 0.000000 0.000000 -0.000000 0.068928 -0.257871
54 1.377138 0.000000 0.000000 -0.000000 0.022268 0.192117
time 244
0 0.000000 0.000000 0.000000 1.570796 0.000000 0.000000
1 0.988110 0.137831 38.067146 1.408713 -0.158731 0.073642
2 0.000000 0.000000 0.000000 0.000000 0.000000 0.000000
3 3.890447 0.000000 0.000000 -1.731802 -0.127555 -1.484094
4 20.402582 0.000000 0.000000 0.000000 0.000000 0.717923
5 17.754948 0.000000 0.000000 -0.237323 0.176765 -1.578339
6 5.733515 0.000000 0.000000 0.009668 -0.019123 -0.372539
7 -3.890447 0.000000 -0.000000 -1.359874 -0.044844 -2.116752
8 20.402582 0.000000 -0.000000 0.000000 0.000000 0.703142
9 17.754948 -0.000000 0.000000 0.384484 -0.164034 -1.622835
10 5.733515 0.000000 0.000000 -0.098160 0.014550 -0.344615
11 0.000000 3.345132 -1.055022 1.540501 0.046158 1.730869
12 4.232848 -0.000000 -0.000000 -0.014227 0.136135 0.122686
13 4.327481 -0.000000 0.000000 -0.002911 0.045852 0.164192
14 6.430522 0.000000 -0.000000 0.122725 0.270360 0.469290
15 5.754028 0.000000 0.000000 2.860597 -0.141199 0.429154
16 4.208960 0.000000 0.000000 -0.050379 0.174042 1.066461
17 4.203462 1.484258 1.588960 -0.291486 -1.100236 -1.423119
18 5.124548 0.000000 -0.000000 -0.986754 -0.141014 -1.573693
19 11.580950 0.000000 0.000000 -0.000000 -0.000000 -0.651935
20 11.182189 -0.000002 -0.000032 1.467665 0.039386 -0.298503
21 3.342010 -0.071954 -1.535773 0.070874 0.142154 -0.247798
22 1.760565 -0.000000 -0.000000 0.003707 0.008347 -0.417902
23 0.946777 -0.000000 0.000000 -0.059844 -0.161510 -0.356655
24 3.650005 0.195886 -0.591614 0.065848 0.111437 -0.286501
25 1.940476 0.000000 -0.000000 -0.063015 -0.157361 -0.382781
26 1.194153 0.000000 -0.000000 0.017478 0.067896 -0.252168
27 3.920878 0.176868 0.421353 0.034918 -0.002119 -0.237374
28 2.398545 0.000000 0.000000 -0.016327 -0.028042 -0.527349
29 1.228913 0.000000 0.000000 0.006292 0.038933 -0.160270
30 3.969047 0.108842 1.535248 0.028607 -0.031328 -0.228206
31 1.959841 0.000000 0.000000 0.054600 0.111020 -0.458274
32 1.099742 0.000000 -0.000000 0.010217 0.062642 -0.161791
33 1.244744 -0.896944 1.073525 1.541960 -0.431286 -0.187296
34 1.976136 0.000000 0.000000 0.000000 -0.068928 -0.257871
35 1.377138 -0.000000 0.000000 0.000000 -0.022268 0.192117
36 4.203462 1.484258 -1.588960 -0.476778 1.190392 -2.145514
37 5.124548 -0.000000 0.000000 2.524690 0.456361 -0.676215
38 11.580950 0.000000 0.000000 0.000000 0.000000 -0.332249
39 11.182171 -0.000002 0.000017 -1.948715 0.107140 -0.296913
40 3.342029 -0.078177 1.535469 -0.066822 -0.142155 -0.247795
41 1.760565 -0.000000 -0.000000 -0.003707 -0.008347 -0.417902
42 0.946777 0.000000 0.000000 0.059844 0.161510 -0.356655
43 3.650023 0.193487 0.592403 -0.061796 -0.111438 -0.286498
44 1.940476 0.000000 0.000000 0.063015 0.157361 -0.382781
45 1.194153 0.000000 0.000000 -0.017478 -0.067896 -0.252168
46 3.920897 0.178574 -0.420632 -0.030866 0.002118 -0.237370
47 2.398545 0.000000 0.000000 0.016327 0.028042 -0.527349
48 1.228913 -0.000000 0.000000 -0.006292 -0.038933 -0.160270
49 3.969067 0.115063 -1.534794 -0.024555 0.031327 -0.228202
50 1.959841 0.000000 0.000000 -0.054600 -0.111020 -0.458274
51 1.099742 0.000000 -0.000000 -0.010217 -0.062642 -0.161791
52 1.244767 -0.892595 -1.077153 -1.537577 0.432036 -0.185459
53 1.976136 0.000000 0.000000 -0.000000 0.068928 -0.257871
54 1.377138 0.000000 -0.000000 -0.000000 0.022268 0.192117
time 245
0 0.000000 0.000000 0.000000 1.570796 0.000000 0.000000
1 1.053679 0.126006 38.072205 1.410702 -0.158538 0.072713
2 0.000000 0.000000 0.000000 0.000000 0.000000 0.000000
3 3.890447 0.000000 0.000000 -1.731234 -0.129030 -1.485951
4 20.402582 -0.000000 0.000000 0.000000 0.000000 0.718349
5 17.754948 0.000000 -0.000000 -0.236751 0.174458 -1.579312
6 5.733515 0.000000 0.000000 0.009669 -0.019116 -0.372096
7 -3.890447 0.000000 -0.000000 -1.358140 -0.045423 -2.118364
8 20.402582 0.000000 0.000000 -0.000000 -0.000000 0.700205
9 17.754948 -0.000000 0.000000 0.385038 -0.166357 -1.620085
10 5.733515 -0.000000 0.000000 -0.098158 0.014558 -0.345097
11 0.000000 3.345132 -1.055022 1.541105 0.045537 1.731072
12 4.232848 -0.000000 -0.000000 -0.013725 0.136745 0.123460
13 4.327481 0.000000 0.000000 -0.002563 0.046277 0.165964
14 6.430522 0.000000 0.000000 0.122543 0.269920 0.470516
15 5.754028 0.000000 -0.000000 2.859066 -0.136853 0.440590
16 4.208960 0.000000 -0.000000 -0.052015 0.173457 1.057795
17 4.203462 1.484258 1.588960 -0.292652 -1.103392 -1.422259
18 5.124548 0.000000 0.000000 -0.978576 -0.140259 -1.568660
19 11.580950 0.000000 0.000000 -0.000000 -0.000000 -0.657315
20 11.182189 -0.000002 -0.000032 1.468323 0.044214 -0.297142
21 3.342010 -0.071954 -1.535773 0.070874 0.142154 -0.247798
22 1.760565 0.000000 -0.000000 0.003707 0.008347 -0.417902
23 0.946777 0.000000 0.000000 -0.059844 -0.161510 -0.356655
24 3.650005 0.195886 -0.591614 0.065848 0.111437 -0.286501
25 1.940476 0.000000 -0.000000 -0.063015 -0.157361 -0.382781
26 1.194153 0.000000 0.000000 0.017478 0.067896 -0.252168
27 3.920878 0.176868 0.421353 0.034918 -0.002119 -0.237374
28 2.398545 0.000000 0.000000 -0.016327 -0.028042 -0.527349
29 1.228913 0.000000 0.000000 0.006292 0.038933 -0.160270
30 3.969047 0.108842 1.535248 0.028607 -0.031328 -0.228206
31 1.959841 -0.000000 -0.000000 0.054600 0.111020 -0.458274
32 1.099742 0.000000 0.000000 0.010217 0.062642 -0.161791
33 1.244744 -0.896944 1.073525 1.541960 -0.431286 -0.187296
34 1.976136 0.000000 0.000000 0.000000 -0.068928 -0.257871
35 1.377138 0.000000 0.000000 0.000000 -0.022268 0.192117
36 4.203462 1.484258 -1.588960 -0.470326 1.190278 -2.138369
37 5.124548 -0.000000 -0.000000 2.534850 0.454741 -0.670090
38 11.580950 0.000000 0.000000 0.000000 0.000000 -0.329135
39 11.182171 -0.000002 0.000017 -1.954499 0.113027 -0.300369
40 3.342029 -0.078177 1.535469 -0.066822 -0.142155 -0.247795
41 1.760565 0.000000 0.000000 -0.003707 -0.008347 -0.417902
42 0.946777 -0.000000 0.000000 0.059844 0.161510 -0.356655
43 3.650023 0.193487 0.592403 -0.061796 -0.111438 -0.286498
44 1.940476 -0.000000 0.000000 0.063015 0.157361 -0.382781
45 1.194153 0.000000 0.000000 -0.017478 -0.067896 -0.252168
46 3.920897 0.178574 -0.420632 -0.030866 0.002118 -0.237370
47 2.398545 0.000000 0.000000 0.016327 0.028042 -0.527349
48 1.228913 0.000000 0.000000 -0.006292 -0.038933 -0.160270
49 3.969067 0.115063 -1.534794 -0.024555 0.031327 -0.228202
50 1.959841 0.000000 0.000000 -0.054600 -0.111020 -0.458274
51 1.099742 0.000000 -0.000000 -0.010217 -0.062642 -0.161791
52 1.244767 -0.892595 -1.077153 -1.537577 0.432036 -0.185459
53 1.976136 0.000000 0.000000 -0.000000 0.068928 -0.257871
54 1.377138 0.000000 0.000000 -0.000000 0.022268 0.192117
time 246
0 0.000000 0.000000 0.000000 1.570796 0.000000 0.000000
1 1.115566 0.119258 38.079151 1.413015 -0.158180 0.071901
2 0.000000 0.000000 0.000000 0.000000 0.000000 0.000000
3 3.890447 0.000000 0.000000 -1.729706 -0.131129 -1.487841
4 20.402582 0.000000 0.000000 -0.000000 -0.000000 0.719011
5 17.754948 -0.000000 -0.000000 -0.236775 0.171500 -1.580505
6 5.733515 -0.000000 0.000000 0.009671 -0.019104 -0.371397
7 -3.890447 0.000000 -0.000000 -1.355713 -0.046122 -2.119806
8 20.402582 0.000000 0.000000 0.000000 0.000000 0.696878
9 17.754948 0.000000 0.000000 0.385479 -0.169023 -1.617222
10 5.733515 0.000000 0.000000 -0.098157 0.014563 -0.345400
11 0.000000 3.345132 -1.055022 1.541711 0.044718 1.731509
12 4.232848 0.000000 0.000000 -0.013300 0.136630 0.124012
13 4.327481 0.000000 0.000000 -0.002358 0.046519 0.167021
14 6.430522 -0.000000 -0.000000 0.122356 0.269275 0.471688
15 5.754028 -0.000000 -0.000000 2.858284 -0.132264 0.451220
16 4.208960 0.000000 0.000000 -0.053346 0.173124 1.050499
17 4.203462 1.484258 1.588960 -0.294884 -1.106856 -1.419617
18 5.124548 -0.000000 -0.000000 -0.970606 -0.139248 -1.563244
19 11.580950 0.000000 0.000000 -0.000000 0.000000 -0.660140
20 11.182189 -0.000002 -0.000032 1.470640 0.048216 -0.298179
21 3.342010 -0.071954 -1.535773 0.070874 0.142154 -0.247798
22 1.760565 0.000000 0.000000 0.003707 0.008347 -0.417902
23 0.946777 0.000000 0.000000 -0.059844 -0.161510 -0.356655
24 3.650005 0.195886 -0.591614 0.065848 0.111437 -0.286501
25 1.940476 0.000000 -0.000000 -0.063015 -0.157361 -0.382781
26 1.194153 -0.000000 -0.000000 0.017478 0.067896 -0.252168
27 3.920878 0.176868 0.421353 0.034918 -0.002119 -0.237374
28 2.398545 0.000000 0.000000 -0.016327 -0.028042 -0.527349
29 1.228913 0.000000 0.000000 0.006292 0.038933 -0.160270
30 3.969047 0.108842 1.535248 0.028607 -0.031328 -0.228206
31 1.959841 -0.000000 -0.000000 0.054600 0.111020 -0.458274
32 1.099742 0.000000 0.000000 0.010217 0.062642 -0.161791
33 1.244744 -0.896944 1.073525 1.541960 -0.431286 -0.187296
34 1.976136 -0.000000 0.000000 0.000000 -0.068928 -0.257871
35 1.377138 -0.000000 -0.000000 0.000000 -0.022268 0.192117
36 4.203462 1.484258 -1.588960 -0.464944 1.189845 -2.131489
37 5.124548 -0.000000 0.000000 2.542634 0.454760 -0.665333
38 11.580950 0.000000 0.000000 -0.000000 0.000000 -0.326606
39 11.182171 -0.000002 0.000017 -1.958031 0.115182 -0.300669
40 3.342029 -0.078177 1.535469 -0.066822 -0.142155 -0.247795
41 1.760565 0.000000 0.000000 -0.003707 -0.008347 -0.417902
42 0.946777 0.000000 0.000000 0.059844 0.161510 -0.356655
43 3.650023 0.193487 0.592403 -0.061796 -0.111438 -0.286498
44 1.940476 -0.000000 0.000000 0.063015 0.157361 -0.382781
45 1.194153 -0.000000 0.000000 -0.017478 -0.067896 -0.252168
46 3.920897 0.178574 -0.420632 -0.030866 0.002118 -0.237370
47 2.398545 0.000000 0.000000 0.016327 0.028042 -0.527349
48 1.228913 -0.000000 0.000000 -0.006292 -0.038933 -0.160270
49 3.969067 0.115063 -1.534794 -0.024555 0.031327 -0.228202
50 1.959841 0.000000 -0.000000 -0.054600 -0.111020 -0.458274
51 1.099742 0.000000 0.000000 -0.010217 -0.062642 -0.161791
52 1.244767 -0.892595 -1.077153 -1.537577 0.432036 -0.185459
53 1.976136 0.000000 0.000000 -0.000000 0.068928 -0.257871
54 1.377138 0.000000 0.000000 -0.000000 0.022268 0.192117
time 247
0 0.000000 0.000000 0.000000 1.570796 0.000000 0.000000
1 1.145159 0.120461 38.088814 1.415546 -0.157721 0.071467
2 0.000000 0.000000 0.000000 0.000000 0.000000 0.000000
3 3.890447 0.000000 0.000000 -1.729451 -0.133261 -1.488447
4 20.402582 0.000000 0.000000 0.000000 0.000000 0.718329
5 17.754948 -0.000000 -0.000000 -0.236768 0.170544 -1.580239
6 5.733515 -0.000000 0.000000 0.009672 -0.019100 -0.371110
7 -3.890447 0.000000 -0.000000 -1.353908 -0.047219 -2.119998
8 20.402582 0.000000 0.000000 0.000000 0.000000 0.694005
9 17.754948 0.000000 0.000000 0.385843 -0.170097 -1.615296
10 5.733515 0.000000 0.000000 -0.098158 0.014558 -0.345085
11 0.000000 3.345132 -1.055022 1.541869 0.042985 1.731615
12 4.232848 0.000000 0.000000 -0.013072 0.136131 0.124856
13 4.327481 0.000000 0.000000 -0.002371 0.046447 0.167200
14 6.430522 0.000000 -0.000000 0.121907 0.268568 0.472151
15 5.754028 0.000000 -0.000000 2.857303 -0.130168 0.458659
16 4.208960 0.000000 0.000000 -0.053538 0.173022 1.045519
17 4.203462 1.484258 1.588960 -0.295897 -1.107633 -1.416090
18 5.124548 0.000000 0.000000 -0.963165 -0.139838 -1.559065
19 11.580950 0.000000 0.000000 0.000000 0.000000 -0.659695
20 11.182189 -0.000002 -0.000032 1.475026 0.052342 -0.298879
21 3.342010 -0.071954 -1.535773 0.070874 0.142154 -0.247798
22 1.760565 0.000000 -0.000000 0.003707 0.008347 -0.417902
23 0.946777 0.000000 0.000000 -0.059844 -0.161510 -0.356655
24 3.650005 0.195886 -0.591614 0.065848 0.111437 -0.286501
25 1.940476 0.000000 0.000000 -0.063015 -0.157361 -0.382781
26 1.194153 0.000000 0.000000 0.017478 0.067896 -0.252168
27 3.920878 0.176868 0.421353 0.034918 -0.002119 -0.237374
28 2.398545 0.000000 0.000000 -0.016327 -0.028042 -0.527349
29 1.228913 -0.000000 -0.000000 0.006292 0.038933 -0.160270
30 3.969047 0.108842 1.535248 0.028607 -0.031328 -0.228206
31 1.959841 0.000000 -0.000000 0.054600 0.111020 -0.458274
32 1.099742 0.000000 0.000000 0.010217 0.062642 -0.161791
33 1.244744 -0.896944 1.073525 1.541960 -0.431286 -0.187296
34 1.976136 0.000000 0.000000 0.000000 -0.068928 -0.257871
35 1.377138 0.000000 -0.000000 0.000000 -0.022268 0.192117
36 4.203462 1.484258 -1.588960 -0.466380 1.188399 -2.129781
37 5.124548 0.000000 -0.000000 2.546869 0.457553 -0.660484
38 11.580950 0.000000 0.000000 -0.000000 0.000000 -0.326328
39 11.182171 -0.000002 0.000017 -1.959454 0.115869 -0.297896
40 3.342029 -0.078177 1.535469 -0.066822 -0.142155 -0.247795
41 1.760565 0.000000 0.000000 -0.003707 -0.008347 -0.417902
42 0.946777 0.000000 0.000000 0.059844 0.161510 -0.356655
43 3.650023 0.193487 0.592403 -0.061796 -0.111438 -0.286498
44 1.940476 0.000000 0.000000 0.063015 0.157361 -0.382781
45 1.194153 -0.000000 0.000000 -0.017478 -0.067896 -0.252168
46 3.920897 0.178574 -0.420632 -0.030866 0.002118 -0.237370
47 2.398545 0.000000 0.000000 0.016327 0.028042 -0.527349
48 1.228913 0.000000 0.000000 -0.006292 -0.038933 -0.160270
49 3.969067 0.115063 -1.534794 -0.024555 0.031327 -0.228202
50 1.959841 0.000000 0.000000 -0.054600 -0.111020 -0.458274
51 1.099742 0.000000 0.000000 -0.010217 -0.062642 -0.161791
52 1.244767 -0.892595 -1.077153 -1.537577 0.432036 -0.185459
53 1.976136 0.000000 0.000000 -0.000000 0.068928 -0.257871
54 1.377138 0.000000 -0.000000 -0.000000 0.022268 0.192117
time 248
0 0.000000 0.000000 0.000000 1.570796 0.000000 0.000000
1 1.157728 0.135456 38.100719 1.418226 -0.157099 0.071149
2 0.000000 0.000000 0.000000 0.000000 0.000000 0.000000
3 3.890447 -0.000000 0.000000 -1.729547 -0.135600 -1.488315
4 20.402582 0.000000 -0.000000 0.000000 0.000000 0.716971
5 17.754948 0.000000 -0.000000 -0.236972 0.170257 -1.579325
6 5.733515 0.000000 0.000000 0.009673 -0.019092 -0.370626
7 -3.890447 0.000000 -0.000000 -1.352792 -0.048835 -2.119267
8 20.402582 0.000000 0.000000 -0.000000 -0.000000 0.691283
9 17.754948 0.000000 0.000000 0.386165 -0.169962 -1.613560
10 5.733515 0.000000 0.000000 -0.098160 0.014546 -0.344389
11 0.000000 3.345132 -1.055022 1.541598 0.041237 1.731845
12 4.232848 0.000000 0.000000 -0.013147 0.135525 0.125655
13 4.327481 0.000000 0.000000 -0.002517 0.046356 0.167248
14 6.430522 0.000000 0.000000 0.120908 0.267117 0.472431
15 5.754028 0.000000 0.000000 2.855231 -0.131569 0.463417
16 4.208960 0.000000 0.000000 -0.052295 0.173134 1.042936
17 4.203462 1.484258 1.588960 -0.299097 -1.109329 -1.411197
18 5.124548 0.000000 -0.000000 -0.959520 -0.140315 -1.555641
19 11.580950 0.000000 0.000000 -0.000000 -0.000000 -0.658041
20 11.182189 -0.000002 -0.000032 1.480821 0.056727 -0.295347
21 3.342010 -0.071954 -1.535773 0.070874 0.142154 -0.247798
22 1.760565 0.000000 0.000000 0.003707 0.008347 -0.417902
23 0.946777 0.000000 -0.000000 -0.059844 -0.161510 -0.356655
24 3.650005 0.195886 -0.591614 0.065848 0.111437 -0.286501
25 1.940476 0.000000 -0.000000 -0.063015 -0.157361 -0.382781
26 1.194153 0.000000 0.000000 0.017478 0.067896 -0.252168
27 3.920878 0.176868 0.421353 0.034918 -0.002119 -0.237374
28 2.398545 0.000000 0.000000 -0.016327 -0.028042 -0.527349
29 1.228913 0.000000 -0.000000 0.006292 0.038933 -0.160270
30 3.969047 0.108842 1.535248 0.028607 -0.031328 -0.228206
31 1.959841 0.000000 0.000000 0.054600 0.111020 -0.458274
32 1.099742 0.000000 0.000000 0.010217 0.062642 -0.161791
33 1.244744 -0.896944 1.073525 1.541960 -0.431286 -0.187296
34 1.976136 0.000000 0.000000 0.000000 -0.068928 -0.257871
35 1.377138 0.000000 0.000000 0.000000 -0.022268 0.192117
36 4.203462 1.484258 -1.588960 -0.473556 1.189264 -2.133591
37 5.124548 0.000000 0.000000 2.546965 0.460423 -0.657023
38 11.580950 -0.000000 0.000000 -0.000000 -0.000000 -0.326764
39 11.182171 -0.000002 0.000017 -1.960525 0.119189 -0.298986
40 3.342029 -0.078177 1.535469 -0.066822 -0.142155 -0.247795
41 1.760565 0.000000 0.000000 -0.003707 -0.008347 -0.417902
42 0.946777 0.000000 0.000000 0.059844 0.161510 -0.356655
43 3.650023 0.193487 0.592403 -0.061796 -0.111438 -0.286498
44 1.940476 0.000000 0.000000 0.063015 0.157361 -0.382781
45 1.194153 0.000000 -0.000000 -0.017478 -0.067896 -0.252168
46 3.920897 0.178574 -0.420632 -0.030866 0.002118 -0.237370
47 2.398545 -0.000000 0.000000 0.016327 0.028042 -0.527349
48 1.228913 0.000000 0.000000 -0.006292 -0.038933 -0.160270
49 3.969067 0.115063 -1.534794 -0.024555 0.031327 -0.228202
50 1.959841 0.000000 0.000000 -0.054600 -0.111020 -0.458274
51 1.099742 0.000000 0.000000 -0.010217 -0.062642 -0.161791
52 1.244767 -0.892595 -1.077153 -1.537577 0.432036 -0.185459
53 1.976136 0.000000 -0.000000 -0.000000 0.068928 -0.257871
54 1.377138 0.000000 0.000000 -0.000000 0.022268 0.192117
time 249
0 0.000000 0.000000 0.000000 1.570796 0.000000 0.000000
1 1.160645 0.151205 38.117348 1.421417 -0.156540 0.070766
2 0.000000 0.000000 0.000000 0.000000 0.000000 0.000000
3 3.890447 -0.000000 0.000000 -1.729834 -0.137909 -1.488068
4 20.402582 -0.000000 0.000000 -0.000000 0.000000 0.714482
5 17.754948 0.000000 -0.000000 -0.237401 0.170091 -1.578188
6 5.733515 0.000000 0.000000 0.009675 -0.019076 -0.369710
7 -3.890447 0.000000 -0.000000 -1.351860 -0.050774 -2.118137
8 20.402582 -0.000000 0.000000 -0.000000 0.000000 0.688163
9 17.754948 0.000000 -0.000000 0.386445 -0.169291 -1.611821
10 5.733515 0.000000 0.000000 -0.098163 0.014532 -0.343518
11 0.000000 3.345132 -1.055022 1.542119 0.039746 1.731506
12 4.232848 0.000000 0.000000 -0.012496 0.134403 0.126038
13 4.327481 -0.000000 0.000000 -0.002364 0.046046 0.166900
14 6.430522 0.000000 0.000000 0.120651 0.266373 0.472628
15 5.754028 -0.000000 -0.000000 2.852769 -0.132745 0.467639
16 4.208960 -0.000000 -0.000000 -0.051200 0.173724 1.041906
17 4.203462 1.484258 1.588960 -0.305027 -1.111707 -1.405003
18 5.124548 0.000000 -0.000000 -0.955652 -0.140345 -1.553715
19 11.580950 -0.000000 0.000000 0.000000 0.000000 -0.657020
20 11.182189 -0.000002 -0.000032 1.486642 0.058842 -0.291006
21 3.342010 -0.071954 -1.535773 0.070874 0.142154 -0.247798
22 1.760565 -0.000000 0.000000 0.003707 0.008347 -0.417902
23 0.946777 -0.000000 0.000000 -0.059844 -0.161510 -0.356655
24 3.650005 0.195886 -0.591614 0.065848 0.111437 -0.286501
25 1.940476 -0.000000 0.000000 -0.063015 -0.157361 -0.382781
26 1.194153 -0.000000 0.000000 0.017478 0.067896 -0.252168
27 3.920878 0.176868 0.421353 0.034918 -0.002119 -0.237374
28 2.398545 0.000000 0.000000 -0.016327 -0.028042 -0.527349
29 1.228913 0.000000 0.000000 0.006292 0.038933 -0.160270
30 3.969047 0.108842 1.535248 0.028607 -0.031328 -0.228206
31 1.959841 0.000000 0.000000 0.054600 0.111020 -0.458274
32 1.099742 -0.000000 0.000000 0.010217 0.062642 -0.161791
33 1.244744 -0.896944 1.073525 1.541960 -0.431286 -0.187296
34 1.976136 0.000000 0.000000 -0.000000 -0.068928 -0.257871
35 1.377138 0.000000 0.000000 0.000000 -0.022268 0.192117
36 4.203462 1.484258 -1.588960 -0.475596 1.188644 -2.132676
37 5.124548 -0.000000 0.000000 2.542504 0.464744 -0.657468
38 11.580950 -0.000000 0.000000 0.000000 0.000000 -0.326579
39 11.182171 -0.000002 0.000017 -1.962068 0.120914 -0.302590
40 3.342029 -0.078177 1.535469 -0.066822 -0.142155 -0.247795
41 1.760565 0.000000 0.000000 -0.003707 -0.008347 -0.417902
42 0.946777 0.000000 0.000000 0.059844 0.161510 -0.356655
43 3.650023 0.193487 0.592403 -0.061796 -0.111438 -0.286498
44 1.940476 0.000000 0.000000 0.063015 0.157361 -0.382781
45 1.194153 0.000000 -0.000000 -0.017478 -0.067896 -0.252168
46 3.920897 0.178574 -0.420632 -0.030866 0.002118 -0.237370
47 2.398545 0.000000 -0.000000 0.016327 0.028042 -0.527349
48 1.228913 0.000000 0.000000 -0.006292 -0.038933 -0.160270
49 3.969067 0.115063 -1.534794 -0.024555 0.031327 -0.228202
50 1.959841 0.000000 0.000000 -0.054600 -0.111020 -0.458274
51 1.099742 0.000000 0.000000 -0.010217 -0.062642 -0.161791
52 1.244767 -0.892595 -1.077153 -1.537577 0.432036 -0.185459
53 1.976136 0.000000 -0.000000 -0.000000 0.068928 -0.257871
54 1.377138 0.000000 0.000000 -0.000000 0.022268 0.192117
time 250
0 0.000000 0.000000 0.000000 1.570796 0.000000 0.000000
1 1.145633 0.179472 38.140507 1.425814 -0.155845 0.071666
2 0.000000 0.000000 0.000000 0.000000 0.000000 0.000000
3 3.890447 0.000000 0.000000 -1.728956 -0.141695 -1.487748
4 20.402582 0.000000 0.000000 -0.000000 0.000000 0.710708
5 17.754948 0.000000 0.000000 -0.237785 0.169888 -1.575713
6 5.733515 0.000000 0.000000 0.009677 -0.019062 -0.368834
7 -3.890447 -0.000000 -0.000000 -1.350548 -0.053539 -2.116312
8 20.402582 0.000000 0.000000 -0.000000 -0.000000 0.685351
9 17.754948 -0.000000 0.000000 0.386863 -0.166964 -1.610395
10 5.733515 0.000000 -0.000000 -0.098166 0.014516 -0.342551
11 0.000000 3.345132 -1.055022 1.542431 0.038904 1.730633
12 4.232848 -0.000000 0.000000 -0.012072 0.133140 0.125954
13 4.327481 0.000000 0.000000 -0.002292 0.045638 0.166169
14 6.430522 -0.000000 0.000000 0.120515 0.265988 0.472358
15 5.754028 0.000000 -0.000000 2.850422 -0.135484 0.468696
16 4.208960 0.000000 0.000000 -0.049554 0.174796 1.042533
17 4.203462 1.484258 1.588960 -0.311995 -1.113375 -1.398900
18 5.124548 0.000000 0.000000 -0.951514 -0.140180 -1.553343
19 11.580950 0.000000 0.000000 -0.000000 0.000000 -0.655383
20 11.182189 -0.000002 -0.000032 1.490068 0.057900 -0.289621
21 3.342010 -0.071954 -1.535773 0.070874 0.142154 -0.247798
22 1.760565 -0.000000 0.000000 0.003707 0.008347 -0.417902
23 0.946777 0.000000 -0.000000 -0.059844 -0.161510 -0.356655
24 3.650005 0.195886 -0.591614 0.065848 0.111437 -0.286501
25 1.940476 0.000000 -0.000000 -0.063015 -0.157361 -0.382781
26 1.194153 0.000000 -0.000000 0.017478 0.067896 -0.252168
27 3.920878 0.176868 0.421353 0.034918 -0.002119 -0.237374
28 2.398545 -0.000000 0.000000 -0.016327 -0.028042 -0.527349
29 1.228913 0.000000 0.000000 0.006292 0.038933 -0.160270
30 3.969047 0.108842 1.535248 0.028607 -0.031328 -0.228206
31 1.959841 0.000000 0.000000 0.054600 0.111020 -0.458274
32 1.099742 0.000000 0.000000 0.010217 0.062642 -0.161791
33 1.244744 -0.896944 1.073525 1.541960 -0.431286 -0.187296
34 1.976136 0.000000 0.000000 -0.000000 -0.068928 -0.257871
35 1.377138 0.000000 -0.000000 0.000000 -0.022268 0.192117
36 4.203462 1.484258 -1.588960 -0.473786 1.188815 -2.128629
37 5.124548 0.000000 0.000000 2.536683 0.469447 -0.661297
38 11.580950 -0.000000 0.000000 -0.000000 -0.000000 -0.326514
39 11.182171 -0.000002 0.000017 -1.959321 0.117453 -0.305118
40 3.342029 -0.078177 1.535469 -0.066822 -0.142155 -0.247795
41 1.760565 0.000000 -0.000000 -0.003707 -0.008347 -0.417902
42 0.946777 0.000000 0.000000 0.059844 0.161510 -0.356655
43 3.650023 0.193487 0.592403 -0.061796 -0.111438 -0.286498
44 1.940476 0.000000 0.000000 0.063015 0.157361 -0.382781
45 1.194153 0.000000 0.000000 -0.017478 -0.067896 -0.252168
46 3.920897 0.178574 -0.420632 -0.030866 0.002118 -0.237370
47 2.398545 0.000000 0.000000 0.016327 0.028042 -0.527349
48 1.228913 0.000000 -0.000000 -0.006292 -0.038933 -0.160270
49 3.969067 0.115063 -1.534794 -0.024555 0.031327 -0.228202
50 1.959841 -0.000000 0.000000 -0.054600 -0.111020 -0.458274
51 1.099742 0.000000 0.000000 -0.010217 -0.062642 -0.161791
52 1.244767 -0.892595 -1.077153 -1.537577 0.432036 -0.185459
53 1.976136 -0.000000 0.000000 -0.000000 0.068928 -0.257871
54 1.377138 0.000000 -0.000000 -0.000000 0.022268 0.192117
time 251
0 0.000000 0.000000 0.000000 1.570796 0.000000 0.000000
1 1.119748 0.208134 38.169189 1.431120 -0.155094 0.072767
2 0.000000 0.000000 0.000000 0.000000 0.000000 0.000000
3 3.890447 0.000000 0.000000 -1.727382 -0.146048 -1.487454
4 20.402582 0.000000 -0.000000 0.000000 0.000000 0.705886
5 17.754948 0.000000 0.000000 -0.238273 0.169070 -1.572615
6 5.733515 0.000000 0.000000 0.009679 -0.019047 -0.367936
7 -3.890447 0.000000 0.000000 -1.348327 -0.056774 -2.113977
8 20.402582 0.000000 0.000000 0.000000 0.000000 0.681521
9 17.754948 -0.000000 0.000000 0.386716 -0.164592 -1.608178
10 5.733515 0.000000 0.000000 -0.098168 0.014500 -0.341603
11 0.000000 3.345132 -1.055022 1.542766 0.038746 1.729605
12 4.232848 0.000000 0.000000 -0.011704 0.131968 0.125569
13 4.327481 0.000000 0.000000 -0.002201 0.045236 0.165462
14 6.430522 0.000000 0.000000 0.119966 0.264781 0.471868
15 5.754028 0.000000 0.000000 2.848728 -0.139108 0.467272
16 4.208960 0.000000 0.000000 -0.047509 0.176019 1.044229
17 4.203462 1.484258 1.588960 -0.320980 -1.113756 -1.392083
18 5.124548 0.000000 -0.000000 -0.948259 -0.140095 -1.555012
19 11.580950 -0.000000 0.000000 -0.000000 0.000000 -0.652753
20 11.182189 -0.000002 -0.000032 1.489000 0.053607 -0.292327
21 3.342010 -0.071954 -1.535773 0.070874 0.142154 -0.247798
22 1.760565 -0.000000 0.000000 0.003707 0.008347 -0.417902
23 0.946777 -0.000000 0.000000 -0.059844 -0.161510 -0.356655
24 3.650005 0.195886 -0.591614 0.065848 0.111437 -0.286501
25 1.940476 0.000000 -0.000000 -0.063015 -0.157361 -0.382781
26 1.194153 0.000000 0.000000 0.017478 0.067896 -0.252168
27 3.920878 0.176868 0.421353 0.034918 -0.002119 -0.237374
28 2.398545 0.000000 -0.000000 -0.016327 -0.028042 -0.527349
29 1.228913 0.000000 0.000000 0.006292 0.038933 -0.160270
30 3.969047 0.108842 1.535248 0.028607 -0.031328 -0.228206
31 1.959841 0.000000 -0.000000 0.054600 0.111020 -0.458274
32 1.099742 0.000000 0.000000 0.010217 0.062642 -0.161791
33 1.244744 -0.896944 1.073525 1.541960 -0.431286 -0.187296
34 1.976136 0.000000 0.000000 0.000000 -0.068928 -0.257871
35 1.377138 0.000000 -0.000000 0.000000 -0.022268 0.192117
36 4.203462 1.484258 -1.588960 -0.469982 1.190470 -2.123904
37 5.124548 0.000000 0.000000 2.526130 0.472908 -0.668618
38 11.580950 -0.000000 0.000000 -0.000000 -0.000000 -0.327905
39 11.182171 -0.000002 0.000017 -1.953079 0.113321 -0.303031
40 3.342029 -0.078177 1.535469 -0.066822 -0.142155 -0.247795
41 1.760565 0.000000 0.000000 -0.003707 -0.008347 -0.417902
42 0.946777 -0.000000 0.000000 0.059844 0.161510 -0.356655
43 3.650023 0.193487 0.592403 -0.061796 -0.111438 -0.286498
44 1.940476 -0.000000 0.000000 0.063015 0.157361 -0.382781
45 1.194153 0.000000 0.000000 -0.017478 -0.067896 -0.252168
46 3.920897 0.178574 -0.420632 -0.030866 0.002118 -0.237370
47 2.398545 0.000000 0.000000 0.016327 0.028042 -0.527349
48 1.228913 0.000000 0.000000 -0.006292 -0.038933 -0.160270
49 3.969067 0.115063 -1.534794 -0.024555 0.031327 -0.228202
50 1.959841 0.000000 0.000000 -0.054600 -0.111020 -0.458274
51 1.099742 -0.000000 -0.000000 -0.010217 -0.062642 -0.161791
52 1.244767 -0.892595 -1.077153 -1.537577 0.432036 -0.185459
53 1.976136 0.000000 -0.000000 -0.000000 0.068928 -0.257871
54 1.377138 0.000000 0.000000 -0.000000 0.022268 0.192117
time 252
0 0.000000 0.000000 0.000000 1.570796 0.000000 0.000000
1 1.085179 0.228732 38.199928 1.436439 -0.154347 0.074074
2 0.000000 0.000000 0.000000 0.000000 0.000000 0.000000
3 3.890447 0.000000 0.000000 -1.725175 -0.150049 -1.487178
4 20.402582 0.000000 0.000000 0.000000 0.000000 0.700493
5 17.754948 -0.000000 -0.000000 -0.238884 0.167817 -1.569378
6 5.733515 0.000000 -0.000000 0.009682 -0.019032 -0.367015
7 -3.890447 0.000000 -0.000000 -1.346199 -0.059652 -2.111381
8 20.402582 0.000000 -0.000000 -0.000000 0.000000 0.677704
9 17.754948 0.000000 0.000000 0.386594 -0.161903 -1.606419
10 5.733515 0.000000 0.000000 -0.098171 0.014483 -0.340573
11 0.000000 3.345132 -1.055022 1.542877 0.038982 1.728513
12 4.232848 0.000000 0.000000 -0.011572 0.130781 0.125092
13 4.327481 0.000000 0.000000 -0.002203 0.044806 0.164956
14 6.430522 0.000000 0.000000 0.119300 0.263655 0.471462
15 5.754028 0.000000 -0.000000 2.846311 -0.144268 0.464959
16 4.208960 0.000000 0.000000 -0.044816 0.177042 1.047532
17 4.203462 1.484258 1.588960 -0.328522 -1.113510 -1.387928
18 5.124548 0.000000 0.000000 -0.945143 -0.139751 -1.556949
19 11.580950 -0.000000 0.000000 -0.000000 0.000000 -0.651453
20 11.182189 -0.000002 -0.000032 1.484274 0.048976 -0.297078
21 3.342010 -0.071954 -1.535773 0.070874 0.142154 -0.247798
22 1.760565 0.000000 0.000000 0.003707 0.008347 -0.417902
23 0.946777 0.000000 -0.000000 -0.059844 -0.161510 -0.356655
24 3.650005 0.195886 -0.591614 0.065848 0.111437 -0.286501
25 1.940476 -0.000000 -0.000000 -0.063015 -0.157361 -0.382781
26 1.194153 0.000000 0.000000 0.017478 0.067896 -0.252168
27 3.920878 0.176868 0.421353 0.034918 -0.002119 -0.237374
28 2.398545 0.000000 -0.000000 -0.016327 -0.028042 -0.527349
29 1.228913 0.000000 0.000000 0.006292 0.038933 -0.160270
30 3.969047 0.108842 1.535248 0.028607 -0.031328 -0.228206
31 1.959841 0.000000 0.000000 0.054600 0.111020 -0.458274
32 1.099742 0.000000 0.000000 0.010217 0.062642 -0.161791
33 1.244744 -0.896944 1.073525 1.541960 -0.431286 -0.187296
34 1.976136 0.000000 -0.000000 -0.000000 -0.068928 -0.257871
35 1.377138 -0.000000 0.000000 -0.000000 -0.022268 0.192117
36 4.203462 1.484258 -1.588960 -0.455549 1.192756 -2.108765
37 5.124548 0.000000 -0.000000 2.509766 0.478048 -0.682118
38 11.580950 0.000000 0.000000 -0.000000 0.000000 -0.330644
39 11.182171 -0.000002 0.000017 -1.943353 0.108753 -0.297956
40 3.342029 -0.078177 1.535469 -0.066822 -0.142155 -0.247795
41 1.760565 0.000000 0.000000 -0.003707 -0.008347 -0.417902
42 0.946777 0.000000 0.000000 0.059844 0.161510 -0.356655
43 3.650023 0.193487 0.592403 -0.061796 -0.111438 -0.286498
44 1.940476 0.000000 0.000000 0.063015 0.157361 -0.382781
45 1.194153 -0.000000 0.000000 -0.017478 -0.067896 -0.252168
46 3.920897 0.178574 -0.420632 -0.030866 0.002118 -0.237370
47 2.398545 0.000000 0.000000 0.016327 0.028042 -0.527349
48 1.228913 0.000000 0.000000 -0.006292 -0.038933 -0.160270
49 3.969067 0.115063 -1.534794 -0.024555 0.031327 -0.228202
50 1.959841 -0.000000 0.000000 -0.054600 -0.111020 -0.458274
51 1.099742 0.000000 0.000000 -0.010217 -0.062642 -0.161791
52 1.244767 -0.892595 -1.077153 -1.537577 0.432036 -0.185459
53 1.976136 0.000000 0.000000 -0.000000 0.068928 -0.257871
54 1.377138 -0.000000 0.000000 -0.000000 0.022268 0.192117
time 253
0 0.000000 0.000000 0.000000 1.570796 0.000000 0.000000
1 1.043780 0.239329 38.228981 1.440885 -0.153601 0.075584
2 0.000000 0.000000 0.000000 0.000000 0.000000 0.000000
3 3.890447 0.000000 0.000000 -1.722366 -0.153050 -1.486863
4 20.402582 0.000000 0.000000 0.000000 0.000000 0.695188
5 17.754948 -0.000000 -0.000000 -0.239629 0.166260 -1.566358
6 5.733515 0.000000 -0.000000 0.009684 -0.019017 -0.366104
7 -3.890447 0.000000 -0.000000 -1.344279 -0.061437 -2.108677
8 20.402582 -0.000000 0.000000 -0.000000 -0.000000 0.673971
9 17.754948 -0.000000 0.000000 0.386476 -0.159293 -1.605134
10 5.733515 0.000000 0.000000 -0.098175 0.014465 -0.339459
11 0.000000 3.345132 -1.055022 1.542853 0.039008 1.727354
12 4.232848 0.000000 -0.000000 -0.011574 0.129172 0.124653
13 4.327481 -0.000000 0.000000 -0.002291 0.044280 0.164501
14 6.430522 0.000000 0.000000 0.118723 0.262570 0.471316
15 5.754028 0.000000 -0.000000 2.844752 -0.148890 0.461872
16 4.208960 -0.000000 0.000000 -0.041961 0.178683 1.050121
17 4.203462 1.484258 1.588960 -0.330131 -1.114898 -1.390198
18 5.124548 -0.000000 -0.000000 -0.943690 -0.139805 -1.555960
19 11.580950 0.000000 0.000000 0.000000 0.000000 -0.654986
20 11.182189 -0.000002 -0.000032 1.480886 0.047498 -0.295947
21 3.342010 -0.071954 -1.535773 0.070874 0.142154 -0.247798
22 1.760565 0.000000 -0.000000 0.003707 0.008347 -0.417902
23 0.946777 0.000000 0.000000 -0.059844 -0.161510 -0.356655
24 3.650005 0.195886 -0.591614 0.065848 0.111437 -0.286501
25 1.940476 -0.000000 0.000000 -0.063015 -0.157361 -0.382781
26 1.194153 0.000000 -0.000000 0.017478 0.067896 -0.252168
27 3.920878 0.176868 0.421353 0.034918 -0.002119 -0.237374
28 2.398545 0.000000 0.000000 -0.016327 -0.028042 -0.527349
29 1.228913 0.000000 -0.000000 0.006292 0.038933 -0.160270
30 3.969047 0.108842 1.535248 0.028607 -0.031328 -0.228206
31 1.959841 0.000000 -0.000000 0.054600 0.111020 -0.458274
32 1.099742 0.000000 -0.000000 0.010217 0.062642 -0.161791
33 1.244744 -0.896944 1.073525 1.541960 -0.431286 -0.187296
34 1.976136 0.000000 0.000000 0.000000 -0.068928 -0.257871
35 1.377138 -0.000000 0.000000 0.000000 -0.022268 0.192117
36 4.203462 1.484258 -1.588960 -0.440376 1.196325 -2.097291
37 5.124548 0.000000 0.000000 2.491910 0.480283 -0.697901
38 11.580950 -0.000000 0.000000 -0.000000 0.000000 -0.332255
39 11.182171 -0.000002 0.000017 -1.936376 0.105325 -0.299557
40 3.342029 -0.078177 1.535469 -0.066822 -0.142155 -0.247795
41 1.760565 0.000000 -0.000000 -0.003707 -0.008347 -0.417902
42 0.946777 0.000000 0.000000 0.059844 0.161510 -0.356655
43 3.650023 0.193487 0.592403 -0.061796 -0.111438 -0.286498
44 1.940476 0.000000 -0.000000 0.063015 0.157361 -0.382781
45 1.194153 0.000000 0.000000 -0.017478 -0.067896 -0.252168
46 3.920897 0.178574 -0.420632 -0.030866 0.002118 -0.237370
47 2.398545 0.000000 0.000000 0.016327 0.028042 -0.527349
48 1.228913 -0.000000 0.000000 -0.006292 -0.038933 -0.160270
49 3.969067 0.115063 -1.534794 -0.024555 0.031327 -0.228202
50 1.959841 0.000000 0.000000 -0.054600 -0.111020 -0.458274
51 1.099742 -0.000000 0.000000 -0.010217 -0.062642 -0.161791
52 1.244767 -0.892595 -1.077153 -1.537577 0.432036 -0.185459
53 1.976136 -0.000000 0.000000 -0.000000 0.068928 -0.257871
54 1.377138 0.000000 0.000000 -0.000000 0.022268 0.192117
time 254
0 0.000000 0.000000 0.000000 1.570796 0.000000 0.000000
1 0.986300 0.242919 38.255478 1.444056 -0.152832 0.077243
2 0.000000 0.000000 0.000000 0.000000 0.000000 0.000000
3 3.890447 0.000000 0.000000 -1.719625 -0.154864 -1.485998
4 20.402582 0.000000 0.000000 -0.000000 -0.000000 0.690235
5 17.754948 0.000000 0.000000 -0.240294 0.165138 -1.563189
6 5.733515 -0.000000 0.000000 0.009685 -0.019008 -0.365607
7 -3.890447 -0.000000 -0.000000 -1.343248 -0.062394 -2.105383
8 20.402582 -0.000000 0.000000 -0.000000 -0.000000 0.671294
9 17.754948 0.000000 -0.000000 0.386083 -0.156073 -1.604841
10 5.733515 0.000000 -0.000000 -0.098178 0.014444 -0.338211
11 0.000000 3.345132 -1.055022 1.543003 0.038367 1.725843
12 4.232848 -0.000000 0.000000 -0.011410 0.126579 0.124304
13 4.327481 -0.000000 0.000000 -0.002393 0.043492 0.163876
14 6.430522 0.000000 0.000000 0.119501 0.264034 0.471678
15 5.754028 0.000000 -0.000000 2.841572 -0.154275 0.459326
16 4.208960 -0.000000 0.000000 -0.040255 0.180522 1.052497
17 4.203462 1.484258 1.588960 -0.325466 -1.118223 -1.396914
18 5.124548 -0.000000 0.000000 -0.944497 -0.141813 -1.555186
19 11.580950 -0.000000 0.000000 0.000000 -0.000000 -0.659096
20 11.182189 -0.000002 -0.000032 1.480707 0.044215 -0.294884
21 3.342010 -0.071954 -1.535773 0.070874 0.142154 -0.247798
22 1.760565 -0.000000 0.000000 0.003707 0.008347 -0.417902
23 0.946777 -0.000000 -0.000000 -0.059844 -0.161510 -0.356655
24 3.650005 0.195886 -0.591614 0.065848 0.111437 -0.286501
25 1.940476 0.000000 -0.000000 -0.063015 -0.157361 -0.382781
26 1.194153 0.000000 -0.000000 0.017478 0.067896 -0.252168
27 3.920878 0.176868 0.421353 0.034918 -0.002119 -0.237374
28 2.398545 0.000000 0.000000 -0.016327 -0.028042 -0.527349
29 1.228913 0.000000 0.000000 0.006292 0.038933 -0.160270
30 3.969047 0.108842 1.535248 0.028607 -0.031328 -0.228206
31 1.959841 0.000000 -0.000000 0.054600 0.111020 -0.458274
32 1.099742 0.000000 -0.000000 0.010217 0.062642 -0.161791
33 1.244744 -0.896944 1.073525 1.541960 -0.431286 -0.187296
34 1.976136 0.000000 0.000000 0.000000 -0.068928 -0.257871
35 1.377138 0.000000 -0.000000 0.000000 -0.022268 0.192117
36 4.203462 1.484258 -1.588960 -0.422220 1.199610 -2.085602
37 5.124548 0.000000 0.000000 2.473217 0.481111 -0.713395
38 11.580950 -0.000000 0.000000 0.000000 0.000000 -0.333937
39 11.182171 -0.000002 0.000017 -1.932076 0.104519 -0.299219
40 3.342029 -0.078177 1.535469 -0.066822 -0.142155 -0.247795
41 1.760565 0.000000 0.000000 -0.003707 -0.008347 -0.417902
42 0.946777 -0.000000 0.000000 0.059844 0.161510 -0.356655
43 3.650023 0.193487 0.592403 -0.061796 -0.111438 -0.286498
44 1.940476 -0.000000 0.000000 0.063015 0.157361 -0.382781
45 1.194153 0.000000 0.000000 -0.017478 -0.067896 -0.252168
46 3.920897 0.178574 -0.420632 -0.030866 0.002118 -0.237370
47 2.398545 0.000000 0.000000 0.016327 0.028042 -0.527349
48 1.228913 0.000000 0.000000 -0.006292 -0.038933 -0.160270
49 3.969067 0.115063 -1.534794 -0.024555 0.031327 -0.228202
50 1.959841 0.000000 0.000000 -0.054600 -0.111020 -0.458274
51 1.099742 0.000000 0.000000 -0.010217 -0.062642 -0.161791
52 1.244767 -0.892595 -1.077153 -1.537577 0.432036 -0.185459
53 1.976136 0.000000 0.000000 -0.000000 0.068928 -0.257871
54 1.377138 0.000000 0.000000 -0.000000 0.022268 0.192117
time 255
0 0.000000 0.000000 0.000000 1.570796 0.000000 0.000000
1 0.908840 0.241606 38.282623 1.446717 -0.151962 0.079033
2 0.000000 0.000000 0.000000 0.000000 0.000000 0.000000
3 3.890447 0.000000 0.000000 -1.717775 -0.156040 -1.484199
4 20.402582 -0.000000 0.000000 0.000000 0.000000 0.685079
5 17.754948 0.000000 0.000000 -0.240651 0.165231 -1.559480
6 5.733515 0.000000 0.000000 0.009685 -0.019007 -0.365519
7 -3.890447 0.000000 -0.000000 -1.343698 -0.063010 -2.101224
8 20.402582 0.000000 0.000000 -0.000000 -0.000000 0.669193
9 17.754948 -0.000000 0.000000 0.385744 -0.151341 -1.605183
10 5.733515 0.000000 0.000000 -0.098182 0.014424 -0.336964
11 0.000000 3.345132 -1.055022 1.543180 0.037572 1.724040
12 4.232848 0.000000 0.000000 -0.011254 0.123658 0.124016
13 4.327481 0.000000 0.000000 -0.002518 0.042601 0.163299
14 6.430522 0.000000 0.000000 0.120778 0.266444 0.472244
15 5.754028 -0.000000 0.000000 2.838229 -0.159184 0.456787
16 4.208960 -0.000000 -0.000000 -0.038788 0.183245 1.054058
17 4.203462 1.484258 1.588960 -0.317548 -1.121988 -1.405346
18 5.124548 0.000000 -0.000000 -0.945923 -0.145891 -1.554555
19 11.580950 0.000000 0.000000 -0.000000 -0.000000 -0.663198
20 11.182189 -0.000002 -0.000032 1.479997 0.040972 -0.296480
21 3.342010 -0.071954 -1.535773 0.070874 0.142154 -0.247798
22 1.760565 0.000000 0.000000 0.003707 0.008347 -0.417902
23 0.946777 0.000000 -0.000000 -0.059844 -0.161510 -0.356655
24 3.650005 0.195886 -0.591614 0.065848 0.111437 -0.286501
25 1.940476 0.000000 0.000000 -0.063015 -0.157361 -0.382781
26 1.194153 0.000000 0.000000 0.017478 0.067896 -0.252168
27 3.920878 0.176868 0.421353 0.034918 -0.002119 -0.237374
28 2.398545 0.000000 0.000000 -0.016327 -0.028042 -0.527349
29 1.228913 0.000000 0.000000 0.006292 0.038933 -0.160270
30 3.969047 0.108842 1.535248 0.028607 -0.031328 -0.228206
31 1.959841 0.000000 0.000000 0.054600 0.111020 -0.458274
32 1.099742 -0.000000 0.000000 0.010217 0.062642 -0.161791
33 1.244744 -0.896944 1.073525 1.541960 -0.431286 -0.187296
34 1.976136 0.000000 -0.000000 -0.000000 -0.068928 -0.257871
35 1.377138 0.000000 0.000000 0.000000 -0.022268 0.192117
36 4.203462 1.484258 -1.588960 -0.407812 1.202102 -2.077494
37 5.124548 -0.000000 0.000000 2.459536 0.482980 -0.725869
38 11.580950 -0.000000 0.000000 0.000000 -0.000000 -0.335891
39 11.182171 -0.000002 0.000017 -1.927354 0.095495 -0.294798
40 3.342029 -0.078177 1.535469 -0.066822 -0.142155 -0.247795
41 1.760565 0.000000 0.000000 -0.003707 -0.008347 -0.417902
42 0.946777 0.000000 0.000000 0.059844 0.161510 -0.356655
43 3.650023 0.193487 0.592403 -0.061796 -0.111438 -0.286498
44 1.940476 0.000000 0.000000 0.063015 0.157361 -0.382781
45 1.194153 0.000000 0.000000 -0.017478 -0.067896 -0.252168
46 3.920897 0.178574 -0.420632 -0.030866 0.002118 -0.237370
47 2.398545 0.000000 0.000000 0.016327 0.028042 -0.527349
48 1.228913 0.000000 0.000000 -0.006292 -0.038933 -0.160270
49 3.969067 0.115063 -1.534794 -0.024555 0.031327 -0.228202
50 1.959841 0.000000 0.000000 -0.054600 -0.111020 -0.458274
51 1.099742 0.000000 0.000000 -0.010217 -0.062642 -0.161791
52 1.244767 -0.892595 -1.077153 -1.537577 0.432036 -0.185459
53 1.976136 0.000000 0.000000 -0.000000 0.068928 -0.257871
54 1.377138 0.000000 0.000000 0.000000 0.022268 0.192117
time 256
0 0.000000 0.000000 0.000000 1.570796 0.000000 0.000000
1 0.831600 0.237406 38.303326 1.449125 -0.151319 0.080979
2 0.000000 0.000000 0.000000 0.000000 0.000000 0.000000
3 3.890447 0.000000 0.000000 -1.716176 -0.157205 -1.482461
4 20.402582 0.000000 -0.000000 -0.000000 -0.000000 0.680553
5 17.754948 0.000000 0.000000 -0.240973 0.165752 -1.556235
6 5.733515 -0.000000 0.000000 0.009685 -0.019006 -0.365433
7 -3.890447 0.000000 -0.000000 -1.344170 -0.063798 -2.097520
8 20.402582 0.000000 0.000000 0.000000 0.000000 0.668246
9 17.754948 0.000000 0.000000 0.385575 -0.146769 -1.606113
10 5.733515 -0.000000 -0.000000 -0.098185 0.014406 -0.335877
11 0.000000 3.345132 -1.055022 1.543361 0.036702 1.722407
12 4.232848 -0.000000 0.000000 -0.011183 0.120682 0.123626
13 4.327481 -0.000000 0.000000 -0.002787 0.041784 0.162639
14 6.430522 0.000000 -0.000000 0.122020 0.268750 0.472904
15 5.754028 0.000000 -0.000000 2.834873 -0.163736 0.455146
16 4.208960 0.000000 -0.000000 -0.037421 0.185601 1.054826
17 4.203462 1.484258 1.588960 -0.307177 -1.126387 -1.415996
18 5.124548 0.000000 -0.000000 -0.948076 -0.150603 -1.552828
19 11.580950 0.000000 0.000000 -0.000000 -0.000000 -0.667779
20 11.182189 -0.000002 -0.000032 1.477506 0.039560 -0.298583
21 3.342010 -0.071954 -1.535773 0.070874 0.142154 -0.247798
22 1.760565 0.000000 0.000000 0.003707 0.008347 -0.417902
23 0.946777 0.000000 0.000000 -0.059844 -0.161510 -0.356655
24 3.650005 0.195886 -0.591614 0.065848 0.111437 -0.286501
25 1.940476 0.000000 -0.000000 -0.063015 -0.157361 -0.382781
26 1.194153 0.000000 0.000000 0.017478 0.067896 -0.252168
27 3.920878 0.176868 0.421353 0.034918 -0.002119 -0.237374
28 2.398545 0.000000 -0.000000 -0.016327 -0.028042 -0.527349
29 1.228913 0.000000 0.000000 0.006292 0.038933 -0.160270
30 3.969047 0.108842 1.535248 0.028607 -0.031328 -0.228206
31 1.959841 0.000000 0.000000 0.054600 0.111020 -0.458274
32 1.099742 0.000000 -0.000000 0.010217 0.062642 -0.161791
33 1.244744 -0.896944 1.073525 1.541960 -0.431286 -0.187296
34 1.976136 0.000000 0.000000 -0.000000 -0.068928 -0.257871
35 1.377138 0.000000 0.000000 -0.000000 -0.022268 0.192117
36 4.203462 1.484258 -1.588960 -0.399856 1.203525 -2.073600
37 5.124548 0.000000 -0.000000 2.448853 0.486857 -0.734185
38 11.580950 0.000000 0.000000 0.000000 0.000000 -0.338010
39 11.182171 -0.000002 0.000017 -1.923375 0.086226 -0.292732
40 3.342029 -0.078177 1.535469 -0.066822 -0.142155 -0.247795
41 1.760565 -0.000000 0.000000 -0.003707 -0.008347 -0.417902
42 0.946777 -0.000000 0.000000 0.059844 0.161510 -0.356655
43 3.650023 0.193487 0.592403 -0.061796 -0.111438 -0.286498
44 1.940476 0.000000 0.000000 0.063015 0.157361 -0.382781
45 1.194153 0.000000 0.000000 -0.017478 -0.067896 -0.252168
46 3.920897 0.178574 -0.420632 -0.030866 0.002118 -0.237370
47 2.398545 0.000000 0.000000 0.016327 0.028042 -0.527349
48 1.228913 -0.000000 0.000000 -0.006292 -0.038933 -0.160270
49 3.969067 0.115063 -1.534794 -0.024555 0.031327 -0.228202
50 1.959841 -0.000000 0.000000 -0.054600 -0.111020 -0.458274
51 1.099742 -0.000000 0.000000 -0.010217 -0.062642 -0.161791
52 1.244767 -0.892595 -1.077153 -1.537577 0.432036 -0.185459
53 1.976136 0.000000 0.000000 0.000000 0.068928 -0.257871
54 1.377138 0.000000 0.000000 -0.000000 0.022268 0.192117
time 257
0 0.000000 0.000000 0.000000 1.570796 0.000000 0.000000
1 0.751280 0.229082 38.321209 1.451204 -0.150787 0.083069
2 0.000000 0.000000 0.000000 0.000000 0.000000 0.000000
3 3.890447 0.000000 0.000000 -1.715162 -0.158100 -1.480491
4 20.402582 0.000000 0.000000 -0.000000 -0.000000 0.676324
5 17.754948 0.000000 -0.000000 -0.241214 0.167107 -1.553093
6 5.733515 0.000000 0.000000 0.009685 -0.019007 -0.365524
7 -3.890447 0.000000 -0.000000 -1.344865 -0.064540 -2.093905
8 20.402582 0.000000 0.000000 -0.000000 0.000000 0.668088
9 17.754948 -0.000000 -0.000000 0.385096 -0.141880 -1.607291
10 5.733515 -0.000000 0.000000 -0.098188 0.014392 -0.335038
11 0.000000 3.345132 -1.055022 1.543135 0.035863 1.720947
12 4.232848 0.000000 0.000000 -0.011152 0.118267 0.123381
13 4.327481 0.000000 -0.000000 -0.002852 0.041023 0.161835
14 6.430522 -0.000000 0.000000 0.122780 0.270613 0.473038
15 5.754028 0.000000 -0.000000 2.831531 -0.168053 0.455157
16 4.208960 0.000000 -0.000000 -0.035611 0.186660 1.055478
17 4.203462 1.484258 1.588960 -0.299780 -1.129220 -1.423232
18 5.124548 -0.000000 0.000000 -0.949104 -0.155490 -1.552153
19 11.580950 -0.000000 -0.000000 0.000000 -0.000000 -0.671374
20 11.182189 -0.000002 -0.000032 1.472863 0.038762 -0.300932
21 3.342010 -0.071954 -1.535773 0.070874 0.142154 -0.247798
22 1.760565 0.000000 0.000000 0.003707 0.008347 -0.417902
23 0.946777 0.000000 0.000000 -0.059844 -0.161510 -0.356655
24 3.650005 0.195886 -0.591614 0.065848 0.111437 -0.286501
25 1.940476 0.000000 0.000000 -0.063015 -0.157361 -0.382781
26 1.194153 0.000000 -0.000000 0.017478 0.067896 -0.252168
27 3.920878 0.176868 0.421353 0.034918 -0.002119 -0.237374
28 2.398545 0.000000 0.000000 -0.016327 -0.028042 -0.527349
29 1.228913 0.000000 0.000000 0.006292 0.038933 -0.160270
30 3.969047 0.108842 1.535248 0.028607 -0.031328 -0.228206
31 1.959841 0.000000 -0.000000 0.054600 0.111020 -0.458274
32 1.099742 0.000000 0.000000 0.010217 0.062642 -0.161791
33 1.244744 -0.896944 1.073525 1.541960 -0.431286 -0.187296
34 1.976136 0.000000 0.000000 -0.000000 -0.068928 -0.257871
35 1.377138 0.000000 0.000000 0.000000 -0.022268 0.192117
36 4.203462 1.484258 -1.588960 -0.393896 1.204483 -2.068659
37 5.124548 0.000000 -0.000000 2.438345 0.492229 -0.740219
38 11.580950 -0.000000 0.000000 0.000000 0.000000 -0.341658
39 11.182171 -0.000002 0.000017 -1.921011 0.083257 -0.293820
40 3.342029 -0.078177 1.535469 -0.066822 -0.142155 -0.247795
41 1.760565 0.000000 0.000000 -0.003707 -0.008347 -0.417902
42 0.946777 0.000000 0.000000 0.059844 0.161510 -0.356655
43 3.650023 0.193487 0.592403 -0.061796 -0.111438 -0.286498
44 1.940476 0.000000 0.000000 0.063015 0.157361 -0.382781
45 1.194153 0.000000 0.000000 -0.017478 -0.067896 -0.252168
46 3.920897 0.178574 -0.420632 -0.030866 0.002118 -0.237370
47 2.398545 0.000000 0.000000 0.016327 0.028042 -0.527349
48 1.228913 0.000000 -0.000000 -0.006292 -0.038933 -0.160270
49 3.969067 0.115063 -1.534794 -0.024555 0.031327 -0.228202
50 1.959841 0.000000 0.000000 -0.054600 -0.111020 -0.458274
51 1.099742 0.000000 -0.000000 -0.010217 -0.062642 -0.161791
52 1.244767 -0.892595 -1.077153 -1.537577 0.432036 -0.185459
53 1.976136 -0.000000 0.000000 -0.000000 0.068928 -0.257871
54 1.377138 0.000000 0.000000 -0.000000 0.022268 0.192117
time 258
0 0.000000 0.000000 0.000000 1.570796 0.000000 0.000000
1 0.680908 0.216999 38.336468 1.453035 -0.150431 0.085296
2 0.000000 0.000000 0.000000 0.000000 0.000000 0.000000
3 3.890447 0.000000 0.000000 -1.713225 -0.158864 -1.479191
4 20.402582 0.000000 0.000000 0.000000 0.000000 0.672490
5 17.754948 0.000000 -0.000000 -0.241638 0.167627 -1.550437
6 5.733515 0.000000 0.000000 0.009685 -0.019008 -0.365570
7 -3.890447 0.000000 -0.000000 -1.345014 -0.065013 -2.091038
8 20.402582 0.000000 0.000000 -0.000000 -0.000000 0.668169
9 17.754948 0.000000 0.000000 0.384586 -0.137745 -1.608253
10 5.733515 0.000000 -0.000000 -0.098189 0.014385 -0.334628
11 0.000000 3.345132 -1.055022 1.542825 0.035504 1.719915
12 4.232848 0.000000 0.000000 -0.011451 0.117620 0.123470
13 4.327481 -0.000000 -0.000000 -0.003053 0.040658 0.161448
14 6.430522 -0.000000 0.000000 0.122484 0.270457 0.472457
15 5.754028 0.000000 0.000000 2.827893 -0.173086 0.454637
16 4.208960 0.000000 0.000000 -0.033150 0.186816 1.057994
17 4.203462 1.484258 1.588960 -0.300704 -1.128385 -1.424804
18 5.124548 0.000000 0.000000 -0.946336 -0.157744 -1.552907
19 11.580950 0.000000 -0.000000 -0.000000 0.000000 -0.674130
20 11.182189 -0.000002 -0.000032 1.467664 0.039181 -0.301679
21 3.342010 -0.071954 -1.535773 0.070874 0.142154 -0.247798
22 1.760565 0.000000 -0.000000 0.003707 0.008347 -0.417902
23 0.946777 0.000000 -0.000000 -0.059844 -0.161510 -0.356655
24 3.650005 0.195886 -0.591614 0.065848 0.111437 -0.286501
25 1.940476 -0.000000 -0.000000 -0.063015 -0.157361 -0.382781
26 1.194153 0.000000 -0.000000 0.017478 0.067896 -0.252168
27 3.920878 0.176868 0.421353 0.034918 -0.002119 -0.237374
28 2.398545 0.000000 0.000000 -0.016327 -0.028042 -0.527349
29 1.228913 0.000000 0.000000 0.006292 0.038933 -0.160270
30 3.969047 0.108842 1.535248 0.028607 -0.031328 -0.228206
31 1.959841 0.000000 0.000000 0.054600 0.111020 -0.458274
32 1.099742 0.000000 -0.000000 0.010217 0.062642 -0.161791
33 1.244744 -0.896944 1.073525 1.541960 -0.431286 -0.187296
34 1.976136 -0.000000 0.000000 0.000000 -0.068928 -0.257871
35 1.377138 0.000000 0.000000 -0.000000 -0.022268 0.192117
36 4.203462 1.484258 -1.588960 -0.382962 1.204692 -2.055621
37 5.124548 0.000000 -0.000000 2.425833 0.499266 -0.746894
38 11.580950 0.000000 0.000000 0.000000 0.000000 -0.348560
39 11.182171 -0.000002 0.000017 -1.917397 0.083159 -0.297201
40 3.342029 -0.078177 1.535469 -0.066822 -0.142155 -0.247795
41 1.760565 0.000000 0.000000 -0.003707 -0.008347 -0.417902
42 0.946777 0.000000 -0.000000 0.059844 0.161510 -0.356655
43 3.650023 0.193487 0.592403 -0.061796 -0.111438 -0.286498
44 1.940476 -0.000000 0.000000 0.063015 0.157361 -0.382781
45 1.194153 0.000000 0.000000 -0.017478 -0.067896 -0.252168
46 3.920897 0.178574 -0.420632 -0.030866 0.002118 -0.237370
47 2.398545 0.000000 0.000000 0.016327 0.028042 -0.527349
48 1.228913 0.000000 0.000000 -0.006292 -0.038933 -0.160270
49 3.969067 0.115063 -1.534794 -0.024555 0.031327 -0.228202
50 1.959841 0.000000 0.000000 -0.054600 -0.111020 -0.458274
51 1.099742 0.000000 0.000000 -0.010217 -0.062642 -0.161791
52 1.244767 -0.892595 -1.077153 -1.537577 0.432036 -0.185459
53 1.976136 -0.000000 0.000000 -0.000000 0.068928 -0.257871
54 1.377138 0.000000 0.000000 0.000000 0.022268 0.192117
time 259
0 0.000000 0.000000 0.000000 1.570796 0.000000 0.000000
1 0.631062 0.201097 38.348721 1.454659 -0.150243 0.087656
2 0.000000 0.000000 0.000000 0.000000 0.000000 0.000000
3 3.890447 0.000000 0.000000 -1.710345 -0.159634 -1.478822
4 20.402582 0.000000 -0.000000 -0.000000 -0.000000 0.669324
5 17.754948 -0.000000 0.000000 -0.242131 0.167176 -1.548551
6 5.733515 0.000000 -0.000000 0.009685 -0.019010 -0.365687
7 -3.890447 0.000000 -0.000000 -1.344173 -0.065322 -2.089158
8 20.402582 0.000000 0.000000 -0.000000 0.000000 0.668557
9 17.754948 0.000000 0.000000 0.384001 -0.134845 -1.608864
10 5.733515 0.000000 -0.000000 -0.098189 0.014386 -0.334707
11 0.000000 3.345132 -1.055022 1.542397 0.035208 1.719516
12 4.232848 -0.000000 0.000000 -0.011855 0.117685 0.123667
13 4.327481 -0.000000 -0.000000 -0.003259 0.040652 0.161255
14 6.430522 0.000000 0.000000 0.121515 0.269098 0.471809
15 5.754028 0.000000 0.000000 2.826740 -0.175377 0.455168
16 4.208960 0.000000 -0.000000 -0.032101 0.186515 1.056123
17 4.203462 1.484258 1.588960 -0.301980 -1.126716 -1.426562
18 5.124548 -0.000000 0.000000 -0.942778 -0.159543 -1.553769
19 11.580950 0.000000 0.000000 -0.000000 -0.000000 -0.674290
20 11.182189 -0.000002 -0.000032 1.463397 0.037118 -0.303177
21 3.342010 -0.071954 -1.535773 0.070874 0.142154 -0.247798
22 1.760565 0.000000 0.000000 0.003707 0.008347 -0.417902
23 0.946777 0.000000 0.000000 -0.059844 -0.161510 -0.356655
24 3.650005 0.195886 -0.591614 0.065848 0.111437 -0.286501
25 1.940476 0.000000 -0.000000 -0.063015 -0.157361 -0.382781
26 1.194153 0.000000 0.000000 0.017478 0.067896 -0.252168
27 3.920878 0.176868 0.421353 0.034918 -0.002119 -0.237374
28 2.398545 0.000000 -0.000000 -0.016327 -0.028042 -0.527349
29 1.228913 0.000000 -0.000000 0.006292 0.038933 -0.160270
30 3.969047 0.108842 1.535248 0.028607 -0.031328 -0.228206
31 1.959841 0.000000 -0.000000 0.054600 0.111020 -0.458274
32 1.099742 0.000000 0.000000 0.010217 0.062642 -0.161791
33 1.244744 -0.896944 1.073525 1.541960 -0.431286 -0.187296
34 1.976136 0.000000 -0.000000 0.000000 -0.068928 -0.257871
35 1.377138 -0.000000 0.000000 0.000000 -0.022268 0.192117
36 4.203462 1.484258 -1.588960 -0.376188 1.204177 -2.044768
37 5.124548 0.000000 0.000000 2.417248 0.507816 -0.748514
38 11.580950 -0.000000 0.000000 0.000000 0.000000 -0.354736
39 11.182171 -0.000002 0.000017 -1.913884 0.085233 -0.302070
40 3.342029 -0.078177 1.535469 -0.066822 -0.142155 -0.247795
41 1.760565 0.000000 0.000000 -0.003707 -0.008347 -0.417902
42 0.946777 0.000000 0.000000 0.059844 0.161510 -0.356655
43 3.650023 0.193487 0.592403 -0.061796 -0.111438 -0.286498
44 1.940476 0.000000 0.000000 0.063015 0.157361 -0.382781
45 1.194153 0.000000 0.000000 -0.017478 -0.067896 -0.252168
46 3.920897 0.178574 -0.420632 -0.030866 0.002118 -0.237370
47 2.398545 0.000000 0.000000 0.016327 0.028042 -0.527349
48 1.228913 0.000000 0.000000 -0.006292 -0.038933 -0.160270
49 3.969067 0.115063 -1.534794 -0.024555 0.031327 -0.228202
50 1.959841 0.000000 0.000000 -0.054600 -0.111020 -0.458274
51 1.099742 -0.000000 0.000000 -0.010217 -0.062642 -0.161791
52 1.244767 -0.892595 -1.077153 -1.537577 0.432036 -0.185459
53 1.976136 0.000000 0.000000 0.000000 0.068928 -0.257871
54 1.377138 -0.000000 0.000000 -0.000000 0.022268 0.192117
time 260
0 0.000000 0.000000 0.000000 1.570796 0.000000 0.000000
1 0.595423 0.181347 38.357929 1.456118 -0.150232 0.090108
2 0.000000 0.000000 0.000000 0.000000 0.000000 0.000000
3 3.890447 0.000000 0.000000 -1.707768 -0.160363 -1.478833
4 20.402582 0.000000 0.000000 -0.000000 0.000000 0.666758
5 17.754948 0.000000 -0.000000 -0.242357 0.166957 -1.547204
6 5.733515 0.000000 -0.000000 0.009685 -0.019006 -0.365481
7 -3.890447 0.000000 -0.000000 -1.342516 -0.065319 -2.088201
8 20.402582 0.000000 0.000000 -0.000000 0.000000 0.668985
9 17.754948 0.000000 0.000000 0.383465 -0.133023 -1.609212
10 5.733515 0.000000 0.000000 -0.098187 0.014394 -0.335148
11 0.000000 3.345132 -1.055022 1.541944 0.034834 1.719526
12 4.232848 -0.000000 0.000000 -0.012226 0.118324 0.124136
13 4.327481 -0.000000 0.000000 -0.003413 0.040640 0.161365
14 6.430522 0.000000 0.000000 0.120290 0.267291 0.471287
15 5.754028 0.000000 0.000000 2.829927 -0.173757 0.453859
16 4.208960 -0.000000 0.000000 -0.032200 0.185820 1.054609
17 4.203462 1.484258 1.588960 -0.303264 -1.123960 -1.427545
18 5.124548 0.000000 0.000000 -0.938778 -0.161677 -1.554968
19 11.580950 -0.000000 0.000000 -0.000000 -0.000000 -0.673253
20 11.182189 -0.000002 -0.000032 1.458938 0.034952 -0.304844
21 3.342010 -0.071954 -1.535773 0.070874 0.142154 -0.247798
22 1.760565 0.000000 0.000000 0.003707 0.008347 -0.417902
23 0.946777 0.000000 0.000000 -0.059844 -0.161510 -0.356655
24 3.650005 0.195886 -0.591614 0.065848 0.111437 -0.286501
25 1.940476 -0.000000 0.000000 -0.063015 -0.157361 -0.382781
26 1.194153 0.000000 0.000000 0.017478 0.067896 -0.252168
27 3.920878 0.176868 0.421353 0.034918 -0.002119 -0.237374
28 2.398545 0.000000 -0.000000 -0.016327 -0.028042 -0.527349
29 1.228913 0.000000 0.000000 0.006292 0.038933 -0.160270
30 3.969047 0.108842 1.535248 0.028607 -0.031328 -0.228206
31 1.959841 0.000000 0.000000 0.054600 0.111020 -0.458274
32 1.099742 0.000000 0.000000 0.010217 0.062642 -0.161791
33 1.244744 -0.896944 1.073525 1.541960 -0.431286 -0.187296
34 1.976136 0.000000 0.000000 0.000000 -0.068928 -0.257871
35 1.377138 -0.000000 0.000000 0.000000 -0.022268 0.192117
36 4.203462 1.484258 -1.588960 -0.375946 1.203795 -2.042085
37 5.124548 0.000000 0.000000 2.413997 0.513914 -0.743907
38 11.580950 0.000000 0.000000 0.000000 0.000000 -0.360584
39 11.182171 -0.000002 0.000017 -1.908785 0.082315 -0.304005
40 3.342029 -0.078177 1.535469 -0.066822 -0.142155 -0.247795
41 1.760565 0.000000 -0.000000 -0.003707 -0.008347 -0.417902
42 0.946777 0.000000 -0.000000 0.059844 0.161510 -0.356655
43 3.650023 0.193487 0.592403 -0.061796 -0.111438 -0.286498
44 1.940476 0.000000 0.000000 0.063015 0.157361 -0.382781
45 1.194153 0.000000 0.000000 -0.017478 -0.067896 -0.252168
46 3.920897 0.178574 -0.420632 -0.030866 0.002118 -0.237370
47 2.398545 0.000000 0.000000 0.016327 0.028042 -0.527349
48 1.228913 0.000000 0.000000 -0.006292 -0.038933 -0.160270
49 3.969067 0.115063 -1.534794 -0.024555 0.031327 -0.228202
50 1.959841 0.000000 0.000000 -0.054600 -0.111020 -0.458274
51 1.099742 0.000000 -0.000000 -0.010217 -0.062642 -0.161791
52 1.244767 -0.892595 -1.077153 -1.537577 0.432036 -0.185459
53 1.976136 0.000000 0.000000 -0.000000 0.068928 -0.257871
54 1.377138 0.000000 0.000000 -0.000000 0.022268 0.192117
time 261
0 0.000000 0.000000 0.000000 1.570796 0.000000 0.000000
1 0.570068 0.157578 38.364147 1.457428 -0.150350 0.092626
2 0.000000 0.000000 0.000000 0.000000 0.000000 0.000000
3 3.890447 0.000000 0.000000 -1.706134 -0.161056 -1.478882
4 20.402582 0.000000 0.000000 -0.000000 0.000000 0.664787
5 17.754948 0.000000 0.000000 -0.242202 0.167614 -1.546278
6 5.733515 0.000000 -0.000000 0.009686 -0.019001 -0.365162
7 -3.890447 0.000000 -0.000000 -1.340380 -0.065130 -2.087866
8 20.402582 0.000000 0.000000 -0.000000 -0.000000 0.669612
9 17.754948 0.000000 0.000000 0.382987 -0.131881 -1.609495
10 5.733515 0.000000 0.000000 -0.098185 0.014405 -0.335833
11 0.000000 3.345132 -1.055022 1.541531 0.034577 1.719826
12 4.232848 0.000000 0.000000 -0.012620 0.119309 0.124749
13 4.327481 0.000000 0.000000 -0.003549 0.040865 0.161857
14 6.430522 0.000000 0.000000 0.118944 0.265230 0.470980
15 5.754028 0.000000 0.000000 2.834247 -0.170298 0.453158
16 4.208960 0.000000 -0.000000 -0.032817 0.184722 1.053166
17 4.203462 1.484258 1.588960 -0.304758 -1.121345 -1.426736
18 5.124548 0.000000 0.000000 -0.937468 -0.163153 -1.555390
19 11.580950 -0.000000 0.000000 0.000000 -0.000000 -0.674118
20 11.182189 -0.000002 -0.000032 1.456269 0.034605 -0.304257
21 3.342010 -0.071954 -1.535773 0.070874 0.142154 -0.247798
22 1.760565 0.000000 -0.000000 0.003707 0.008347 -0.417902
23 0.946777 -0.000000 0.000000 -0.059844 -0.161510 -0.356655
24 3.650005 0.195886 -0.591614 0.065848 0.111437 -0.286501
25 1.940476 0.000000 0.000000 -0.063015 -0.157361 -0.382781
26 1.194153 -0.000000 0.000000 0.017478 0.067896 -0.252168
27 3.920878 0.176868 0.421353 0.034918 -0.002119 -0.237374
28 2.398545 0.000000 0.000000 -0.016327 -0.028042 -0.527349
29 1.228913 0.000000 0.000000 0.006292 0.038933 -0.160270
30 3.969047 0.108842 1.535248 0.028607 -0.031328 -0.228206
31 1.959841 0.000000 0.000000 0.054600 0.111020 -0.458274
32 1.099742 0.000000 0.000000 0.010217 0.062642 -0.161791
33 1.244744 -0.896944 1.073525 1.541960 -0.431286 -0.187296
34 1.976136 0.000000 0.000000 0.000000 -0.068928 -0.257871
35 1.377138 -0.000000 0.000000 0.000000 -0.022268 0.192117
36 4.203462 1.484258 -1.588960 -0.380928 1.204015 -2.046600
37 5.124548 0.000000 0.000000 2.414287 0.517372 -0.734152
38 11.580950 0.000000 0.000000 0.000000 0.000000 -0.364880
39 11.182171 -0.000002 0.000017 -1.904431 0.079702 -0.305704
40 3.342029 -0.078177 1.535469 -0.066822 -0.142155 -0.247795
41 1.760565 0.000000 0.000000 -0.003707 -0.008347 -0.417902
42 0.946777 0.000000 0.000000 0.059844 0.161510 -0.356655
43 3.650023 0.193487 0.592403 -0.061796 -0.111438 -0.286498
44 1.940476 0.000000 -0.000000 0.063015 0.157361 -0.382781
45 1.194153 0.000000 0.000000 -0.017478 -0.067896 -0.252168
46 3.920897 0.178574 -0.420632 -0.030866 0.002118 -0.237370
47 2.398545 0.000000 0.000000 0.016327 0.028042 -0.527349
48 1.228913 0.000000 0.000000 -0.006292 -0.038933 -0.160270
49 3.969067 0.115063 -1.534794 -0.024555 0.031327 -0.228202
50 1.959841 -0.000000 0.000000 -0.054600 -0.111020 -0.458274
51 1.099742 0.000000 -0.000000 -0.010217 -0.062642 -0.161791
52 1.244767 -0.892595 -1.077153 -1.537577 0.432036 -0.185459
53 1.976136 0.000000 0.000000 -0.000000 0.068928 -0.257871
54 1.377138 0.000000 0.000000 -0.000000 0.022268 0.192117
time 262
0 0.000000 0.000000 0.000000 1.570796 0.000000 0.000000
1 0.552696 0.129825 38.367702 1.458637 -0.150593 0.095192
2 0.000000 0.000000 0.000000 0.000000 0.000000 0.000000
3 3.890447 0.000000 0.000000 -1.704983 -0.161706 -1.479046
4 20.402582 0.000000 0.000000 -0.000000 0.000000 0.663251
5 17.754948 0.000000 -0.000000 -0.241876 0.168706 -1.545721
6 5.733515 0.000000 0.000000 0.009687 -0.018996 -0.364850
7 -3.890447 0.000000 -0.000000 -1.337912 -0.064815 -2.088033
8 20.402582 0.000000 0.000000 0.000000 0.000000 0.670453
9 17.754948 -0.000000 0.000000 0.382578 -0.131230 -1.609772
10 5.733515 0.000000 0.000000 -0.098183 0.014419 -0.336708
11 0.000000 3.345132 -1.055022 1.541158 0.034485 1.720293
12 4.232848 0.000000 0.000000 -0.013029 0.120493 0.125452
13 4.327481 0.000000 0.000000 -0.003673 0.041153 0.162703
14 6.430522 0.000000 0.000000 0.117873 0.263620 0.471002
15 5.754028 0.000000 -0.000000 2.838399 -0.166319 0.453228
16 4.208960 0.000000 0.000000 -0.033626 0.183465 1.051662
17 4.203462 1.484258 1.588960 -0.306249 -1.118509 -1.424561
18 5.124548 -0.000000 0.000000 -0.937885 -0.163754 -1.555756
19 11.580950 -0.000000 0.000000 0.000000 -0.000000 -0.676037
20 11.182189 -0.000002 -0.000032 1.459341 0.031336 -0.300903
21 3.342010 -0.071954 -1.535773 0.070874 0.142154 -0.247798
22 1.760565 -0.000000 0.000000 0.003707 0.008347 -0.417902
23 0.946777 0.000000 0.000000 -0.059844 -0.161510 -0.356655
24 3.650005 0.195886 -0.591614 0.065848 0.111437 -0.286501
25 1.940476 0.000000 0.000000 -0.063015 -0.157361 -0.382781
26 1.194153 0.000000 0.000000 0.017478 0.067896 -0.252168
27 3.920878 0.176868 0.421353 0.034918 -0.002119 -0.237374
28 2.398545 0.000000 0.000000 -0.016327 -0.028042 -0.527349
29 1.228913 -0.000000 0.000000 0.006292 0.038933 -0.160270
30 3.969047 0.108842 1.535248 0.028607 -0.031328 -0.228206
31 1.959841 0.000000 -0.000000 0.054600 0.111020 -0.458274
32 1.099742 0.000000 0.000000 0.010217 0.062642 -0.161791
33 1.244744 -0.896944 1.073525 1.541960 -0.431286 -0.187296
34 1.976136 0.000000 0.000000 -0.000000 -0.068928 -0.257871
35 1.377138 -0.000000 0.000000 0.000000 -0.022268 0.192117
36 4.203462 1.484258 -1.588960 -0.384968 1.204149 -2.050588
37 5.124548 0.000000 0.000000 2.415906 0.520875 -0.722946
38 11.580950 0.000000 0.000000 -0.000000 0.000000 -0.366780
39 11.182171 -0.000002 0.000017 -1.904514 0.086316 -0.311522
40 3.342029 -0.078177 1.535469 -0.066822 -0.142155 -0.247795
41 1.760565 0.000000 -0.000000 -0.003707 -0.008347 -0.417902
42 0.946777 -0.000000 0.000000 0.059844 0.161510 -0.356655
43 3.650023 0.193487 0.592403 -0.061796 -0.111438 -0.286498
44 1.940476 0.000000 -0.000000 0.063015 0.157361 -0.382781
45 1.194153 0.000000 0.000000 -0.017478 -0.067896 -0.252168
46 3.920897 0.178574 -0.420632 -0.030866 0.002118 -0.237370
47 2.398545 0.000000 0.000000 0.016327 0.028042 -0.527349
48 1.228913 -0.000000 0.000000 -0.006292 -0.038933 -0.160270
49 3.969067 0.115063 -1.534794 -0.024555 0.031327 -0.228202
50 1.959841 0.000000 0.000000 -0.054600 -0.111020 -0.458274
51 1.099742 0.000000 0.000000 -0.010217 -0.062642 -0.161791
52 1.244767 -0.892595 -1.077153 -1.537577 0.432036 -0.185459
53 1.976136 0.000000 0.000000 -0.000000 0.068928 -0.257871
54 1.377138 0.000000 0.000000 -0.000000 0.022268 0.192117
time 263
0 0.000000 0.000000 0.000000 1.570796 0.000000 0.000000
1 0.541130 0.094985 38.368877 1.459825 -0.150957 0.097790
2 0.000000 0.000000 0.000000 0.000000 0.000000 0.000000
3 3.890447 0.000000 0.000000 -1.704247 -0.162256 -1.479289
4 20.402582 0.000000 0.000000 0.000000 -0.000000 0.662034
5 17.754948 -0.000000 0.000000 -0.241508 0.170180 -1.545582
6 5.733515 0.000000 -0.000000 0.009688 -0.018990 -0.364496
7 -3.890447 0.000000 -0.000000 -1.335231 -0.064311 -2.088575
8 20.402582 0.000000 -0.000000 0.000000 0.000000 0.671393
9 17.754948 0.000000 0.000000 0.382273 -0.130904 -1.610184
10 5.733515 -0.000000 0.000000 -0.098180 0.014435 -0.337688
11 0.000000 3.345132 -1.055022 1.540819 0.034702 1.721153
12 4.232848 0.000000 0.000000 -0.013429 0.121819 0.126128
13 4.327481 0.000000 -0.000000 -0.003761 0.041542 0.163911
14 6.430522 -0.000000 0.000000 0.116967 0.262251 0.471432
15 5.754028 0.000000 -0.000000 2.842470 -0.162433 0.454430
16 4.208960 -0.000000 0.000000 -0.034127 0.181329 1.049625
17 4.203462 1.484258 1.588960 -0.305819 -1.116354 -1.422971
18 5.124548 -0.000000 -0.000000 -0.938860 -0.164936 -1.555148
19 11.580950 -0.000000 -0.000000 0.000000 0.000000 -0.676311
20 11.182189 -0.000002 -0.000032 1.464109 0.027699 -0.299854
21 3.342010 -0.071954 -1.535773 0.070874 0.142154 -0.247798
22 1.760565 0.000000 -0.000000 0.003707 0.008347 -0.417902
23 0.946777 0.000000 0.000000 -0.059844 -0.161510 -0.356655
24 3.650005 0.195886 -0.591614 0.065848 0.111437 -0.286501
25 1.940476 0.000000 0.000000 -0.063015 -0.157361 -0.382781
26 1.194153 0.000000 0.000000 0.017478 0.067896 -0.252168
27 3.920878 0.176868 0.421353 0.034918 -0.002119 -0.237374
28 2.398545 0.000000 -0.000000 -0.016327 -0.028042 -0.527349
29 1.228913 0.000000 -0.000000 0.006292 0.038933 -0.160270
30 3.969047 0.108842 1.535248 0.028607 -0.031328 -0.228206
31 1.959841 0.000000 -0.000000 0.054600 0.111020 -0.458274
32 1.099742 -0.000000 -0.000000 0.010217 0.062642 -0.161791
33 1.244744 -0.896944 1.073525 1.541960 -0.431286 -0.187296
34 1.976136 -0.000000 0.000000 -0.000000 -0.068928 -0.257871
35 1.377138 0.000000 0.000000 0.000000 -0.022268 0.192117
36 4.203462 1.484258 -1.588960 -0.391271 1.204448 -2.056690
37 5.124548 0.000000 0.000000 2.421302 0.524069 -0.710134
38 11.580950 -0.000000 0.000000 0.000000 -0.000000 -0.367847
39 11.182171 -0.000002 0.000017 -1.906652 0.094602 -0.318246
40 3.342029 -0.078177 1.535469 -0.066822 -0.142155 -0.247795
41 1.760565 -0.000000 0.000000 -0.003707 -0.008347 -0.417902
42 0.946777 0.000000 0.000000 0.059844 0.161510 -0.356655
43 3.650023 0.193487 0.592403 -0.061796 -0.111438 -0.286498
44 1.940476 0.000000 0.000000 0.063015 0.157361 -0.382781
45 1.194153 0.000000 0.000000 -0.017478 -0.067896 -0.252168
46 3.920897 0.178574 -0.420632 -0.030866 0.002118 -0.237370
47 2.398545 0.000000 0.000000 0.016327 0.028042 -0.527349
48 1.228913 0.000000 0.000000 -0.006292 -0.038933 -0.160270
49 3.969067 0.115063 -1.534794 -0.024555 0.031327 -0.228202
50 1.959841 0.000000 0.000000 -0.054600 -0.111020 -0.458274
51 1.099742 -0.000000 -0.000000 -0.010217 -0.062642 -0.161791
52 1.244767 -0.892595 -1.077153 -1.537577 0.432036 -0.185459
53 1.976136 0.000000 0.000000 -0.000000 0.068928 -0.257871
54 1.377138 0.000000 0.000000 -0.000000 0.022268 0.192117
time 264
0 0.000000 0.000000 0.000000 1.570796 0.000000 0.000000
1 0.533123 0.047769 38.367077 1.461011 -0.151409 0.100382
2 0.000000 0.000000 0.000000 0.000000 0.000000 0.000000
3 3.890447 0.000000 0.000000 -1.703826 -0.162620 -1.479532
4 20.402582 -0.000000 0.000000 -0.000000 -0.000000 0.661203
5 17.754948 0.000000 -0.000000 -0.241172 0.171947 -1.545930
6 5.733515 0.000000 0.000000 0.009689 -0.018985 -0.364186
7 -3.890447 0.000000 -0.000000 -1.332506 -0.063435 -2.089330
8 20.402582 0.000000 -0.000000 -0.000000 0.000000 0.672316
9 17.754948 -0.000000 -0.000000 0.382161 -0.130749 -1.611015
10 5.733515 0.000000 -0.000000 -0.098177 0.014450 -0.338589
11 -0.000000 3.345132 -1.055022 1.540651 0.035439 1.722367
12 4.232848 0.000000 0.000000 -0.013718 0.123473 0.126756
13 4.327481 0.000000 -0.000000 -0.003752 0.042095 0.165558
14 6.430522 -0.000000 0.000000 0.116043 0.260721 0.472167
15 5.754028 0.000000 0.000000 2.845100 -0.159003 0.455733
16 4.208960 0.000000 0.000000 -0.034855 0.179709 1.048364
17 4.203462 1.484258 1.588960 -0.306458 -1.114456 -1.419657
18 5.124548 -0.000000 0.000000 -0.940127 -0.166623 -1.554799
19 11.580950 0.000000 -0.000000 -0.000000 -0.000000 -0.674487
20 11.182189 -0.000002 -0.000032 1.468046 0.026555 -0.301000
21 3.342010 -0.071954 -1.535773 0.070874 0.142154 -0.247798
22 1.760565 0.000000 0.000000 0.003707 0.008347 -0.417902
23 0.946777 0.000000 0.000000 -0.059844 -0.161510 -0.356655
24 3.650005 0.195886 -0.591614 0.065848 0.111437 -0.286501
25 1.940476 0.000000 0.000000 -0.063015 -0.157361 -0.382781
26 1.194153 0.000000 -0.000000 0.017478 0.067896 -0.252168
27 3.920878 0.176868 0.421353 0.034918 -0.002119 -0.237374
28 2.398545 -0.000000 -0.000000 -0.016327 -0.028042 -0.527349
29 1.228913 0.000000 0.000000 0.006292 0.038933 -0.160270
30 3.969047 0.108842 1.535248 0.028607 -0.031328 -0.228206
31 1.959841 0.000000 -0.000000 0.054600 0.111020 -0.458274
32 1.099742 0.000000 0.000000 0.010217 0.062642 -0.161791
33 1.244744 -0.896944 1.073525 1.541960 -0.431286 -0.187296
34 1.976136 -0.000000 0.000000 -0.000000 -0.068928 -0.257871
35 1.377138 -0.000000 0.000000 0.000000 -0.022268 0.192117
36 4.203462 1.484258 -1.588960 -0.398046 1.204327 -2.063320
37 5.124548 0.000000 0.000000 2.429845 0.526073 -0.697621
38 11.580950 0.000000 0.000000 -0.000000 0.000000 -0.370463
39 11.182171 -0.000002 0.000017 -1.908051 0.098371 -0.320326
40 3.342029 -0.078177 1.535469 -0.066822 -0.142155 -0.247795
41 1.760565 0.000000 0.000000 -0.003707 -0.008347 -0.417902
42 0.946777 0.000000 0.000000 0.059844 0.161510 -0.356655
43 3.650023 0.193487 0.592403 -0.061796 -0.111438 -0.286498
44 1.940476 0.000000 0.000000 0.063015 0.157361 -0.382781
45 1.194153 0.000000 0.000000 -0.017478 -0.067896 -0.252168
46 3.920897 0.178574 -0.420632 -0.030866 0.002118 -0.237370
47 2.398545 0.000000 -0.000000 0.016327 0.028042 -0.527349
48 1.228913 0.000000 0.000000 -0.006292 -0.038933 -0.160270
49 3.969067 0.115063 -1.534794 -0.024555 0.031327 -0.228202
50 1.959841 -0.000000 0.000000 -0.054600 -0.111020 -0.458274
51 1.099742 0.000000 0.000000 -0.010217 -0.062642 -0.161791
52 1.244767 -0.892595 -1.077153 -1.537577 0.432036 -0.185459
53 1.976136 0.000000 -0.000000 -0.000000 0.068928 -0.257871
54 1.377138 -0.000000 0.000000 -0.000000 0.022268 0.192117
time 265
0 0.000000 0.000000 0.000000 1.570796 0.000000 0.000000
1 0.534981 -0.004325 38.354969 1.462275 -0.152045 0.102985
2 0.000000 0.000000 0.000000 0.000000 0.000000 0.000000
3 3.890447 0.000000 0.000000 -1.703239 -0.163632 -1.480060
4 20.402582 0.000000 0.000000 -0.000000 -0.000000 0.662034
5 17.754948 0.000000 0.000000 -0.241076 0.173513 -1.547645
6 5.733515 0.000000 0.000000 0.009690 -0.018976 -0.363627
7 -3.890447 0.000000 -0.000000 -1.329236 -0.062753 -2.090868
8 20.402582 0.000000 -0.000000 0.000000 0.000000 0.674052
9 17.754948 0.000000 0.000000 0.382313 -0.131301 -1.612652
10 5.733515 -0.000000 0.000000 -0.098175 0.014461 -0.339227
11 -0.000000 3.345132 -1.055022 1.540532 0.036398 1.723614
12 4.232848 0.000000 0.000000 -0.014036 0.125223 0.127394
13 4.327481 0.000000 -0.000000 -0.003736 0.042584 0.167419
14 6.430522 -0.000000 -0.000000 0.115301 0.259485 0.473031
15 5.754028 0.000000 -0.000000 2.847389 -0.155787 0.456621
16 4.208960 0.000000 0.000000 -0.035445 0.178345 1.048548
17 4.203462 1.484258 1.588960 -0.310871 -1.111254 -1.412453
18 5.124548 -0.000000 0.000000 -0.940572 -0.167224 -1.556543
19 11.580950 -0.000000 0.000000 -0.000000 -0.000000 -0.672819
20 11.182189 -0.000002 -0.000032 1.471421 0.027711 -0.302434
21 3.342010 -0.071954 -1.535773 0.070874 0.142154 -0.247798
22 1.760565 0.000000 0.000000 0.003707 0.008347 -0.417902
23 0.946777 0.000000 0.000000 -0.059844 -0.161510 -0.356655
24 3.650005 0.195886 -0.591614 0.065848 0.111437 -0.286501
25 1.940476 0.000000 0.000000 -0.063015 -0.157361 -0.382781
26 1.194153 -0.000000 -0.000000 0.017478 0.067896 -0.252168
27 3.920878 0.176868 0.421353 0.034918 -0.002119 -0.237374
28 2.398545 0.000000 0.000000 -0.016327 -0.028042 -0.527349
29 1.228913 0.000000 0.000000 0.006292 0.038933 -0.160270
30 3.969047 0.108842 1.535248 0.028607 -0.031328 -0.228206
31 1.959841 0.000000 0.000000 0.054600 0.111020 -0.458274
32 1.099742 0.000000 -0.000000 0.010217 0.062642 -0.161791
33 1.244744 -0.896944 1.073525 1.541960 -0.431286 -0.187296
34 1.976136 0.000000 -0.000000 0.000000 -0.068928 -0.257871
35 1.377138 0.000000 0.000000 0.000000 -0.022268 0.192117
36 4.203462 1.484258 -1.588960 -0.397229 1.203921 -2.062940
37 5.124548 -0.000000 0.000000 2.438114 0.527452 -0.689318
38 11.580950 -0.000000 0.000000 -0.000000 -0.000000 -0.373501
39 11.182171 -0.000002 0.000017 -1.908720 0.099772 -0.319732
40 3.342029 -0.078177 1.535469 -0.066822 -0.142155 -0.247795
41 1.760565 0.000000 0.000000 -0.003707 -0.008347 -0.417902
42 0.946777 0.000000 0.000000 0.059844 0.161510 -0.356655
43 3.650023 0.193487 0.592403 -0.061796 -0.111438 -0.286498
44 1.940476 0.000000 -0.000000 0.063015 0.157361 -0.382781
45 1.194153 0.000000 0.000000 -0.017478 -0.067896 -0.252168
46 3.920897 0.178574 -0.420632 -0.030866 0.002118 -0.237370
47 2.398545 0.000000 0.000000 0.016327 0.028042 -0.527349
48 1.228913 0.000000 0.000000 -0.006292 -0.038933 -0.160270
49 3.969067 0.115063 -1.534794 -0.024555 0.031327 -0.228202
50 1.959841 0.000000 0.000000 -0.054600 -0.111020 -0.458274
51 1.099742 0.000000 0.000000 -0.010217 -0.062642 -0.161791
52 1.244767 -0.892595 -1.077153 -1.537577 0.432036 -0.185459
53 1.976136 0.000000 0.000000 -0.000000 0.068928 -0.257871
54 1.377138 0.000000 -0.000000 -0.000000 0.022268 0.192117
time 266
0 0.000000 0.000000 0.000000 1.570796 0.000000 0.000000
1 0.550222 -0.056504 38.344036 1.463513 -0.152718 0.105557
2 0.000000 0.000000 0.000000 0.000000 0.000000 0.000000
3 3.890447 0.000000 0.000000 -1.702029 -0.164650 -1.481166
4 20.402582 0.000000 0.000000 -0.000000 -0.000000 0.663004
5 17.754948 0.000000 -0.000000 -0.241004 0.174364 -1.549509
6 5.733515 0.000000 0.000000 0.009692 -0.018965 -0.363004
7 -3.890447 0.000000 -0.000000 -1.325438 -0.061830 -2.092913
8 20.402582 0.000000 0.000000 -0.000000 -0.000000 0.675317
9 17.754948 -0.000000 -0.000000 0.382473 -0.132587 -1.613673
10 5.733515 0.000000 0.000000 -0.098173 0.014475 -0.340068
11 0.000000 3.345132 -1.055022 1.540322 0.037307 1.725158
12 4.232848 0.000000 0.000000 -0.014364 0.126659 0.127896
13 4.327481 0.000000 0.000000 -0.003732 0.043159 0.169372
14 6.430522 -0.000000 0.000000 0.114583 0.258318 0.474384
15 5.754028 -0.000000 0.000000 2.850194 -0.151702 0.458119
16 4.208960 0.000000 0.000000 -0.036656 0.177140 1.046994
17 4.203462 1.484258 1.588960 -0.312481 -1.109946 -1.408649
18 5.124548 0.000000 -0.000000 -0.942234 -0.167008 -1.557199
19 11.580950 -0.000000 -0.000000 -0.000000 0.000000 -0.672147
20 11.182189 -0.000002 -0.000032 1.475240 0.032189 -0.304299
21 3.342010 -0.071954 -1.535773 0.070874 0.142154 -0.247798
22 1.760565 0.000000 0.000000 0.003707 0.008347 -0.417902
23 0.946777 0.000000 0.000000 -0.059844 -0.161510 -0.356655
24 3.650005 0.195886 -0.591614 0.065848 0.111437 -0.286501
25 1.940476 0.000000 -0.000000 -0.063015 -0.157361 -0.382781
26 1.194153 0.000000 0.000000 0.017478 0.067896 -0.252168
27 3.920878 0.176868 0.421353 0.034918 -0.002119 -0.237374
28 2.398545 0.000000 0.000000 -0.016327 -0.028042 -0.527349
29 1.228913 0.000000 -0.000000 0.006292 0.038933 -0.160270
30 3.969047 0.108842 1.535248 0.028607 -0.031328 -0.228206
31 1.959841 0.000000 -0.000000 0.054600 0.111020 -0.458274
32 1.099742 0.000000 0.000000 0.010217 0.062642 -0.161791
33 1.244744 -0.896944 1.073525 1.541960 -0.431286 -0.187296
34 1.976136 0.000000 0.000000 -0.000000 -0.068928 -0.257871
35 1.377138 -0.000000 0.000000 0.000000 -0.022268 0.192117
36 4.203462 1.484258 -1.588960 -0.400955 1.203795 -2.067250
37 5.124548 0.000000 0.000000 2.445207 0.527892 -0.679815
38 11.580950 -0.000000 0.000000 -0.000000 0.000000 -0.374291
39 11.182171 -0.000002 0.000017 -1.905606 0.100344 -0.319035
40 3.342029 -0.078177 1.535469 -0.066822 -0.142155 -0.247795
41 1.760565 0.000000 0.000000 -0.003707 -0.008347 -0.417902
42 0.946777 0.000000 0.000000 0.059844 0.161510 -0.356655
43 3.650023 0.193487 0.592403 -0.061796 -0.111438 -0.286498
44 1.940476 -0.000000 0.000000 0.063015 0.157361 -0.382781
45 1.194153 0.000000 0.000000 -0.017478 -0.067896 -0.252168
46 3.920897 0.178574 -0.420632 -0.030866 0.002118 -0.237370
47 2.398545 -0.000000 0.000000 0.016327 0.028042 -0.527349
48 1.228913 0.000000 0.000000 -0.006292 -0.038933 -0.160270
49 3.969067 0.115063 -1.534794 -0.024555 0.031327 -0.228202
50 1.959841 0.000000 0.000000 -0.054600 -0.111020 -0.458274
51 1.099742 0.000000 0.000000 -0.010217 -0.062642 -0.161791
52 1.244767 -0.892595 -1.077153 -1.537577 0.432036 -0.185459
53 1.976136 -0.000000 -0.000000 -0.000000 0.068928 -0.257871
54 1.377138 0.000000 0.000000 0.000000 0.022268 0.192117
time 267
0 0.000000 0.000000 0.000000 1.570796 0.000000 0.000000
1 0.551296 -0.104866 38.341476 1.464581 -0.153320 0.108019
2 0.000000 0.000000 0.000000 0.000000 0.000000 0.000000
3 3.890447 0.000000 0.000000 -1.701726 -0.164927 -1.481718
4 20.402582 0.000000 0.000000 -0.000000 0.000000 0.662423
5 17.754948 0.000000 0.000000 -0.240828 0.176180 -1.549826
6 5.733515 0.000000 0.000000 0.009692 -0.018962 -0.362783
7 -3.890447 0.000000 0.000000 -1.322799 -0.060839 -2.094033
8 20.402582 0.000000 0.000000 -0.000000 -0.000000 0.676141
9 17.754948 -0.000000 -0.000000 0.382430 -0.132587 -1.614274
10 5.733515 0.000000 0.000000 -0.098170 0.014490 -0.340985
11 0.000000 3.345132 -1.055022 1.540256 0.038036 1.726291
12 4.232848 0.000000 0.000000 -0.014689 0.127713 0.128636
13 4.327481 0.000000 0.000000 -0.003746 0.043665 0.171661
14 6.430522 0.000000 0.000000 0.114295 0.257990 0.476090
15 5.754028 -0.000000 -0.000000 2.853272 -0.147209 0.459541
16 4.208960 -0.000000 0.000000 -0.038356 0.176063 1.044260
17 4.203462 1.484258 1.588960 -0.311326 -1.110108 -1.408744
18 5.124548 0.000000 0.000000 -0.942402 -0.165593 -1.556347
19 11.580950 0.000000 0.000000 -0.000000 -0.000000 -0.675626
20 11.182189 -0.000002 -0.000032 1.480611 0.033831 -0.304804
21 3.342010 -0.071954 -1.535773 0.070874 0.142154 -0.247798
22 1.760565 0.000000 0.000000 0.003707 0.008347 -0.417902
23 0.946777 0.000000 0.000000 -0.059844 -0.161510 -0.356655
24 3.650005 0.195886 -0.591614 0.065848 0.111437 -0.286501
25 1.940476 0.000000 -0.000000 -0.063015 -0.157361 -0.382781
26 1.194153 0.000000 -0.000000 0.017478 0.067896 -0.252168
27 3.920878 0.176868 0.421353 0.034918 -0.002119 -0.237374
28 2.398545 0.000000 0.000000 -0.016327 -0.028042 -0.527349
29 1.228913 0.000000 -0.000000 0.006292 0.038933 -0.160270
30 3.969047 0.108842 1.535248 0.028607 -0.031328 -0.228206
31 1.959841 0.000000 0.000000 0.054600 0.111020 -0.458274
32 1.099742 -0.000000 0.000000 0.010217 0.062642 -0.161791
33 1.244744 -0.896944 1.073525 1.541960 -0.431286 -0.187296
34 1.976136 0.000000 0.000000 -0.000000 -0.068928 -0.257871
35 1.377138 -0.000000 0.000000 -0.000000 -0.022268 0.192117
36 4.203462 1.484258 -1.588960 -0.408556 1.204047 -2.076111
37 5.124548 0.000000 0.000000 2.447189 0.526921 -0.670549
38 11.580950 0.000000 0.000000 -0.000000 -0.000000 -0.373599
39 11.182171 -0.000002 0.000017 -1.895419 0.106071 -0.320017
40 3.342029 -0.078177 1.535469 -0.066822 -0.142155 -0.247795
41 1.760565 0.000000 -0.000000 -0.003707 -0.008347 -0.417902
42 0.946777 -0.000000 0.000000 0.059844 0.161510 -0.356655
43 3.650023 0.193487 0.592403 -0.061796 -0.111438 -0.286498
44 1.940476 0.000000 -0.000000 0.063015 0.157361 -0.382781
45 1.194153 0.000000 -0.000000 -0.017478 -0.067896 -0.252168
46 3.920897 0.178574 -0.420632 -0.030866 0.002118 -0.237370
47 2.398545 0.000000 0.000000 0.016327 0.028042 -0.527349
48 1.228913 0.000000 0.000000 -0.006292 -0.038933 -0.160270
49 3.969067 0.115063 -1.534794 -0.024555 0.031327 -0.228202
50 1.959841 0.000000 0.000000 -0.054600 -0.111020 -0.458274
51 1.099742 0.000000 0.000000 -0.010217 -0.062642 -0.161791
52 1.244767 -0.892595 -1.077153 -1.537577 0.432036 -0.185459
53 1.976136 0.000000 0.000000 -0.000000 0.068928 -0.257871
54 1.377138 0.000000 0.000000 0.000000 0.022268 0.192117
time 268
0 0.000000 0.000000 0.000000 1.570796 0.000000 0.000000
1 0.529049 -0.151716 38.341782 1.465653 -0.153921 0.110367
2 0.000000 0.000000 0.000000 0.000000 0.000000 0.000000
3 3.890447 0.000000 0.000000 -1.703086 -0.164934 -1.481221
4 20.402582 0.000000 -0.000000 0.000000 0.000000 0.660985
5 17.754948 0.000000 0.000000 -0.240562 0.179746 -1.549088
6 5.733515 0.000000 0.000000 0.009692 -0.018964 -0.362940
7 -3.890447 0.000000 -0.000000 -1.321503 -0.060207 -2.094102
8 20.402582 0.000000 -0.000000 0.000000 0.000000 0.677343
9 17.754948 0.000000 -0.000000 0.382235 -0.130944 -1.615416
10 5.733515 0.000000 0.000000 -0.098168 0.014500 -0.341571
11 0.000000 3.345132 -1.055022 1.540183 0.038532 1.726846
12 4.232848 0.000000 0.000000 -0.015061 0.128352 0.129494
13 4.327481 0.000000 0.000000 -0.003818 0.043941 0.173873
14 6.430522 0.000000 0.000000 0.114304 0.258269 0.477689
15 5.754028 -0.000000 0.000000 2.855477 -0.143918 0.460217
16 4.208960 0.000000 0.000000 -0.039567 0.175004 1.042951
17 4.203462 1.484258 1.588960 -0.308220 -1.110626 -1.410962
18 5.124548 -0.000000 0.000000 -0.939729 -0.163683 -1.554272
19 11.580950 0.000000 0.000000 0.000000 0.000000 -0.684195
20 11.182189 -0.000002 -0.000032 1.484363 0.031014 -0.304310
21 3.342010 -0.071954 -1.535773 0.070874 0.142154 -0.247798
22 1.760565 0.000000 -0.000000 0.003707 0.008347 -0.417902
23 0.946777 -0.000000 0.000000 -0.059844 -0.161510 -0.356655
24 3.650005 0.195886 -0.591614 0.065848 0.111437 -0.286501
25 1.940476 0.000000 0.000000 -0.063015 -0.157361 -0.382781
26 1.194153 0.000000 -0.000000 0.017478 0.067896 -0.252168
27 3.920878 0.176868 0.421353 0.034918 -0.002119 -0.237374
28 2.398545 0.000000 0.000000 -0.016327 -0.028042 -0.527349
29 1.228913 0.000000 0.000000 0.006292 0.038933 -0.160270
30 3.969047 0.108842 1.535248 0.028607 -0.031328 -0.228206
31 1.959841 0.000000 0.000000 0.054600 0.111020 -0.458274
32 1.099742 0.000000 0.000000 0.010217 0.062642 -0.161791
33 1.244744 -0.896944 1.073525 1.541960 -0.431286 -0.187296
34 1.976136 0.000000 0.000000 0.000000 -0.068928 -0.257871
35 1.377138 0.000000 0.000000 0.000000 -0.022268 0.192117
36 4.203462 1.484258 -1.588960 -0.419085 1.204572 -2.087767
37 5.124548 0.000000 0.000000 2.448471 0.525253 -0.664350
38 11.580950 0.000000 0.000000 0.000000 -0.000000 -0.373219
39 11.182171 -0.000002 0.000017 -1.890445 0.109707 -0.321974
40 3.342029 -0.078177 1.535469 -0.066822 -0.142155 -0.247795
41 1.760565 0.000000 0.000000 -0.003707 -0.008347 -0.417902
42 0.946777 -0.000000 0.000000 0.059844 0.161510 -0.356655
43 3.650023 0.193487 0.592403 -0.061796 -0.111438 -0.286498
44 1.940476 0.000000 0.000000 0.063015 0.157361 -0.382781
45 1.194153 0.000000 0.000000 -0.017478 -0.067896 -0.252168
46 3.920897 0.178574 -0.420632 -0.030866 0.002118 -0.237370
47 2.398545 -0.000000 -0.000000 0.016327 0.028042 -0.527349
48 1.228913 -0.000000 -0.000000 -0.006292 -0.038933 -0.160270
49 3.969067 0.115063 -1.534794 -0.024555 0.031327 -0.228202
50 1.959841 -0.000000 0.000000 -0.054600 -0.111020 -0.458274
51 1.099742 -0.000000 0.000000 -0.010217 -0.062642 -0.161791
52 1.244767 -0.892595 -1.077153 -1.537577 0.432036 -0.185459
53 1.976136 -0.000000 0.000000 -0.000000 0.068928 -0.257871
54 1.377138 0.000000 0.000000 -0.000000 0.022268 0.192117
time 269
0 0.000000 0.000000 0.000000 1.570796 0.000000 0.000000
1 0.495299 -0.198317 38.344303 1.466744 -0.154493 0.112621
2 0.000000 0.000000 0.000000 0.000000 0.000000 0.000000
3 3.890447 0.000000 0.000000 -1.705012 -0.164972 -1.480116
4 20.402582 0.000000 0.000000 0.000000 -0.000000 0.659880
5 17.754948 0.000000 0.000000 -0.240386 0.184001 -1.548379
6 5.733515 0.000000 0.000000 0.009691 -0.018971 -0.363359
7 -3.890447 -0.000000 -0.000000 -1.320887 -0.059690 -2.093584
8 20.402582 0.000000 0.000000 -0.000000 -0.000000 0.678548
9 17.754948 -0.000000 0.000000 0.381985 -0.128487 -1.616759
10 5.733515 0.000000 0.000000 -0.098167 0.014506 -0.341945
11 0.000000 3.345132 -1.055022 1.540081 0.038614 1.727145
12 4.232848 0.000000 -0.000000 -0.015371 0.128599 0.130220
13 4.327481 0.000000 0.000000 -0.003905 0.044050 0.175432
14 6.430522 0.000000 0.000000 0.114530 0.258984 0.478802
15 5.754028 -0.000000 -0.000000 2.856385 -0.141824 0.460891
16 4.208960 0.000000 0.000000 -0.040433 0.174248 1.042278
17 4.203462 1.484258 1.588960 -0.301283 -1.112458 -1.416194
18 5.124548 0.000000 0.000000 -0.936354 -0.162838 -1.551097
19 11.580950 0.000000 0.000000 -0.000000 -0.000000 -0.695050
20 11.182189 -0.000002 -0.000032 1.483797 0.030375 -0.305757
21 3.342010 -0.071954 -1.535773 0.070874 0.142154 -0.247798
22 1.760565 0.000000 0.000000 0.003707 0.008347 -0.417902
23 0.946777 0.000000 -0.000000 -0.059844 -0.161510 -0.356655
24 3.650005 0.195886 -0.591614 0.065848 0.111437 -0.286501
25 1.940476 0.000000 0.000000 -0.063015 -0.157361 -0.382781
26 1.194153 0.000000 0.000000 0.017478 0.067896 -0.252168
27 3.920878 0.176868 0.421353 0.034918 -0.002119 -0.237374
28 2.398545 0.000000 0.000000 -0.016327 -0.028042 -0.527349
29 1.228913 -0.000000 0.000000 0.006292 0.038933 -0.160270
30 3.969047 0.108842 1.535248 0.028607 -0.031328 -0.228206
31 1.959841 0.000000 0.000000 0.054600 0.111020 -0.458274
32 1.099742 0.000000 0.000000 0.010217 0.062642 -0.161791
33 1.244744 -0.896944 1.073525 1.541960 -0.431286 -0.187296
34 1.976136 0.000000 0.000000 0.000000 -0.068928 -0.257871
35 1.377138 -0.000000 0.000000 0.000000 -0.022268 0.192117
36 4.203462 1.484258 -1.588960 -0.430564 1.204762 -2.099030
37 5.124548 0.000000 0.000000 2.449572 0.523614 -0.661447
38 11.580950 0.000000 0.000000 -0.000000 -0.000000 -0.372974
39 11.182171 -0.000002 0.000017 -1.889107 0.108592 -0.322845
40 3.342029 -0.078177 1.535469 -0.066822 -0.142155 -0.247795
41 1.760565 -0.000000 -0.000000 -0.003707 -0.008347 -0.417902
42 0.946777 0.000000 0.000000 0.059844 0.161510 -0.356655
43 3.650023 0.193487 0.592403 -0.061796 -0.111438 -0.286498
44 1.940476 -0.000000 0.000000 0.063015 0.157361 -0.382781
45 1.194153 -0.000000 0.000000 -0.017478 -0.067896 -0.252168
46 3.920897 0.178574 -0.420632 -0.030866 0.002118 -0.237370
47 2.398545 0.000000 0.000000 0.016327 0.028042 -0.527349
48 1.228913 0.000000 0.000000 -0.006292 -0.038933 -0.160270
49 3.969067 0.115063 -1.534794 -0.024555 0.031327 -0.228202
50 1.959841 -0.000000 0.000000 -0.054600 -0.111020 -0.458274
51 1.099742 0.000000 0.000000 -0.010217 -0.062642 -0.161791
52 1.244767 -0.892595 -1.077153 -1.537577 0.432036 -0.185459
53 1.976136 0.000000 0.000000 -0.000000 0.068928 -0.257871
54 1.377138 0.000000 0.000000 -0.000000 0.022268 0.192117
time 270
0 0.000000 0.000000 0.000000 1.570796 0.000000 0.000000
1 0.452210 -0.243526 38.348335 1.467828 -0.155031 0.115073
2 0.000000 0.000000 0.000000 0.000000 0.000000 0.000000
3 3.890447 0.000000 0.000000 -1.707084 -0.164915 -1.478766
4 20.402582 -0.000000 0.000000 0.000000 0.000000 0.657924
5 17.754948 0.000000 -0.000000 -0.240086 0.188660 -1.546746
6 5.733515 -0.000000 -0.000000 0.009689 -0.018979 -0.363857
7 -3.890447 0.000000 -0.000000 -1.320493 -0.059239 -2.092672
8 20.402582 0.000000 0.000000 0.000000 0.000000 0.679917
9 17.754948 0.000000 0.000000 0.381626 -0.125445 -1.618217
10 5.733515 0.000000 0.000000 -0.098166 0.014511 -0.342251
11 0.000000 3.345132 -1.055022 1.540036 0.038031 1.727193
12 4.232848 0.000000 -0.000000 -0.015501 0.128398 0.130622
13 4.327481 0.000000 0.000000 -0.004014 0.044021 0.175757
14 6.430522 0.000000 -0.000000 0.115096 0.260094 0.479331
15 5.754028 -0.000000 -0.000000 2.856044 -0.140090 0.462446
16 4.208960 0.000000 0.000000 -0.041515 0.174085 1.041058
17 4.203462 1.484258 1.588960 -0.293936 -1.115787 -1.421240
18 5.124548 -0.000000 0.000000 -0.933627 -0.163078 -1.548793
19 11.580950 0.000000 0.000000 -0.000000 -0.000000 -0.706618
20 11.182189 -0.000002 -0.000032 1.480313 0.033594 -0.306389
21 3.342010 -0.071954 -1.535773 0.070874 0.142154 -0.247798
22 1.760565 0.000000 -0.000000 0.003707 0.008347 -0.417902
23 0.946777 0.000000 0.000000 -0.059844 -0.161510 -0.356655
24 3.650005 0.195886 -0.591614 0.065848 0.111437 -0.286501
25 1.940476 0.000000 0.000000 -0.063015 -0.157361 -0.382781
26 1.194153 0.000000 0.000000 0.017478 0.067896 -0.252168
27 3.920878 0.176868 0.421353 0.034918 -0.002119 -0.237374
28 2.398545 0.000000 0.000000 -0.016327 -0.028042 -0.527349
29 1.228913 0.000000 -0.000000 0.006292 0.038933 -0.160270
30 3.969047 0.108842 1.535248 0.028607 -0.031328 -0.228206
31 1.959841 0.000000 0.000000 0.054600 0.111020 -0.458274
32 1.099742 0.000000 0.000000 0.010217 0.062642 -0.161791
33 1.244744 -0.896944 1.073525 1.541960 -0.431286 -0.187296
34 1.976136 -0.000000 0.000000 -0.000000 -0.068928 -0.257871
35 1.377138 0.000000 0.000000 0.000000 -0.022268 0.192117
36 4.203462 1.484258 -1.588960 -0.440967 1.203767 -2.107514
37 5.124548 0.000000 -0.000000 2.447212 0.522117 -0.661608
38 11.580950 0.000000 0.000000 0.000000 -0.000000 -0.372518
39 11.182171 -0.000002 0.000017 -1.887745 0.105467 -0.321755
40 3.342029 -0.078177 1.535469 -0.066822 -0.142155 -0.247795
41 1.760565 0.000000 -0.000000 -0.003707 -0.008347 -0.417902
42 0.946777 0.000000 0.000000 0.059844 0.161510 -0.356655
43 3.650023 0.193487 0.592403 -0.061796 -0.111438 -0.286498
44 1.940476 0.000000 0.000000 0.063015 0.157361 -0.382781
45 1.194153 -0.000000 0.000000 -0.017478 -0.067896 -0.252168
46 3.920897 0.178574 -0.420632 -0.030866 0.002118 -0.237370
47 2.398545 0.000000 0.000000 0.016327 0.028042 -0.527349
48 1.228913 0.000000 0.000000 -0.006292 -0.038933 -0.160270
49 3.969067 0.115063 -1.534794 -0.024555 0.031327 -0.228202
50 1.959841 0.000000 0.000000 -0.054600 -0.111020 -0.458274
51 1.099742 0.000000 0.000000 -0.010217 -0.062642 -0.161791
52 1.244767 -0.892595 -1.077153 -1.537577 0.432036 -0.185459
53 1.976136 0.000000 0.000000 -0.000000 0.068928 -0.257871
54 1.377138 0.000000 0.000000 -0.000000 0.022268 0.192117
time 271
0 0.000000 0.000000 0.000000 1.570796 0.000000 0.000000
1 0.404361 -0.287880 38.353928 1.468972 -0.155544 0.117603
2 0.000000 0.000000 0.000000 0.000000 0.000000 0.000000
3 3.890447 0.000000 0.000000 -1.708866 -0.164941 -1.477393
4 20.402582 -0.000000 0.000000 0.000000 0.000000 0.655920
5 17.754948 -0.000000 0.000000 -0.239701 0.193100 -1.545014
6 5.733515 0.000000 0.000000 0.009688 -0.018987 -0.364296
7 -3.890447 0.000000 -0.000000 -1.320213 -0.058884 -2.091524
8 20.402582 0.000000 0.000000 0.000000 -0.000000 0.681305
9 17.754948 -0.000000 0.000000 0.381184 -0.122068 -1.619602
10 5.733515 0.000000 0.000000 -0.098166 0.014516 -0.342559
11 0.000000 3.345132 -1.055022 1.539964 0.036675 1.727139
12 4.232848 0.000000 0.000000 -0.015383 0.127949 0.131046
13 4.327481 0.000000 -0.000000 -0.004036 0.043900 0.175251
14 6.430522 -0.000000 0.000000 0.115499 0.260943 0.479211
15 5.754028 -0.000000 0.000000 2.854600 -0.140135 0.462379
16 4.208960 -0.000000 0.000000 -0.042452 0.174556 1.039945
17 4.203462 1.484258 1.588960 -0.284520 -1.117912 -1.427158
18 5.124548 0.000000 0.000000 -0.929482 -0.165000 -1.547559
19 11.580950 0.000000 -0.000000 -0.000000 0.000000 -0.719995
20 11.182189 -0.000002 -0.000032 1.478050 0.037014 -0.306333
21 3.342010 -0.071954 -1.535773 0.070874 0.142154 -0.247798
22 1.760565 0.000000 -0.000000 0.003707 0.008347 -0.417902
23 0.946777 0.000000 -0.000000 -0.059844 -0.161510 -0.356655
24 3.650005 0.195886 -0.591614 0.065848 0.111437 -0.286501
25 1.940476 0.000000 0.000000 -0.063015 -0.157361 -0.382781
26 1.194153 0.000000 0.000000 0.017478 0.067896 -0.252168
27 3.920878 0.176868 0.421353 0.034918 -0.002119 -0.237374
28 2.398545 0.000000 0.000000 -0.016327 -0.028042 -0.527349
29 1.228913 0.000000 0.000000 0.006292 0.038933 -0.160270
30 3.969047 0.108842 1.535248 0.028607 -0.031328 -0.228206
31 1.959841 0.000000 0.000000 0.054600 0.111020 -0.458274
32 1.099742 -0.000000 0.000000 0.010217 0.062642 -0.161791
33 1.244744 -0.896944 1.073525 1.541960 -0.431286 -0.187296
34 1.976136 0.000000 0.000000 -0.000000 -0.068928 -0.257871
35 1.377138 0.000000 0.000000 0.000000 -0.022268 0.192117
36 4.203462 1.484258 -1.588960 -0.445818 1.199981 -2.109195
37 5.124548 -0.000000 -0.000000 2.438651 0.522207 -0.667483
38 11.580950 0.000000 0.000000 -0.000000 -0.000000 -0.372694
39 11.182171 -0.000002 0.000017 -1.886025 0.103481 -0.319495
40 3.342029 -0.078177 1.535469 -0.066822 -0.142155 -0.247795
41 1.760565 0.000000 0.000000 -0.003707 -0.008347 -0.417902
42 0.946777 -0.000000 0.000000 0.059844 0.161510 -0.356655
43 3.650023 0.193487 0.592403 -0.061796 -0.111438 -0.286498
44 1.940476 0.000000 0.000000 0.063015 0.157361 -0.382781
45 1.194153 0.000000 0.000000 -0.017478 -0.067896 -0.252168
46 3.920897 0.178574 -0.420632 -0.030866 0.002118 -0.237370
47 2.398545 0.000000 -0.000000 0.016327 0.028042 -0.527349
48 1.228913 0.000000 0.000000 -0.006292 -0.038933 -0.160270
49 3.969067 0.115063 -1.534794 -0.024555 0.031327 -0.228202
50 1.959841 0.000000 -0.000000 -0.054600 -0.111020 -0.458274
51 1.099742 0.000000 0.000000 -0.010217 -0.062642 -0.161791
52 1.244767 -0.892595 -1.077153 -1.537577 0.432036 -0.185459
53 1.976136 0.000000 0.000000 0.000000 0.068928 -0.257871
54 1.377138 -0.000000 0.000000 -0.000000 0.022268 0.192117
time 272
0 0.000000 0.000000 0.000000 1.570796 0.000000 0.000000
1 0.367172 -0.322928 38.359589 1.470428 -0.156078 0.119418
2 0.000000 0.000000 0.000000 0.000000 0.000000 0.000000
3 3.890447 0.000000 0.000000 -1.710156 -0.165082 -1.476674
4 20.402582 0.000000 0.000000 -0.000000 0.000000 0.653755
5 17.754948 0.000000 0.000000 -0.239401 0.195849 -1.544451
6 5.733515 0.000000 0.000000 0.009688 -0.018990 -0.364485
7 -3.890447 0.000000 -0.000000 -1.320310 -0.059288 -2.090680
8 20.402582 0.000000 -0.000000 0.000000 -0.000000 0.682409
9 17.754948 0.000000 -0.000000 0.380854 -0.119552 -1.619987
10 5.733515 -0.000000 0.000000 -0.098165 0.014519 -0.342736
11 0.000000 3.345132 -1.055022 1.540407 0.035496 1.727813
12 4.232848 -0.000000 0.000000 -0.015198 0.126866 0.130839
13 4.327481 0.000000 -0.000000 -0.004036 0.043554 0.174898
14 6.430522 0.000000 0.000000 0.115621 0.261078 0.479329
15 5.754028 -0.000000 0.000000 2.851260 -0.141285 0.463504
16 4.208960 0.000000 0.000000 -0.042950 0.175310 1.039635
17 4.203462 1.484258 1.588960 -0.280261 -1.121013 -1.429373
18 5.124548 0.000000 0.000000 -0.924802 -0.167749 -1.547422
19 11.580950 -0.000000 0.000000 0.000000 0.000000 -0.733202
20 11.182189 -0.000002 -0.000032 1.473111 0.040698 -0.309892
21 3.342010 -0.071954 -1.535773 0.070874 0.142154 -0.247798
22 1.760565 0.000000 0.000000 0.003707 0.008347 -0.417902
23 0.946777 0.000000 0.000000 -0.059844 -0.161510 -0.356655
24 3.650005 0.195886 -0.591614 0.065848 0.111437 -0.286501
25 1.940476 0.000000 0.000000 -0.063015 -0.157361 -0.382781
26 1.194153 0.000000 0.000000 0.017478 0.067896 -0.252168
27 3.920878 0.176868 0.421353 0.034918 -0.002119 -0.237374
28 2.398545 0.000000 0.000000 -0.016327 -0.028042 -0.527349
29 1.228913 0.000000 0.000000 0.006292 0.038933 -0.160270
30 3.969047 0.108842 1.535248 0.028607 -0.031328 -0.228206
31 1.959841 -0.000000 0.000000 0.054600 0.111020 -0.458274
32 1.099742 0.000000 -0.000000 0.010217 0.062642 -0.161791
33 1.244744 -0.896944 1.073525 1.541960 -0.431286 -0.187296
34 1.976136 0.000000 0.000000 -0.000000 -0.068928 -0.257871
35 1.377138 -0.000000 0.000000 0.000000 -0.022268 0.192117
36 4.203462 1.484258 -1.588960 -0.448719 1.198382 -2.110331
37 5.124548 -0.000000 -0.000000 2.429547 0.520170 -0.677000
38 11.580950 0.000000 0.000000 0.000000 -0.000000 -0.371950
39 11.182171 -0.000002 0.000017 -1.885293 0.102767 -0.316421
40 3.342029 -0.078177 1.535469 -0.066822 -0.142155 -0.247795
41 1.760565 -0.000000 0.000000 -0.003707 -0.008347 -0.417902
42 0.946777 0.000000 -0.000000 0.059844 0.161510 -0.356655
43 3.650023 0.193487 0.592403 -0.061796 -0.111438 -0.286498
44 1.940476 0.000000 0.000000 0.063015 0.157361 -0.382781
45 1.194153 -0.000000 0.000000 -0.017478 -0.067896 -0.252168
46 3.920897 0.178574 -0.420632 -0.030866 0.002118 -0.237370
47 2.398545 -0.000000 0.000000 0.016327 0.028042 -0.527349
48 1.228913 0.000000 0.000000 -0.006292 -0.038933 -0.160270
49 3.969067 0.115063 -1.534794 -0.024555 0.031327 -0.228202
50 1.959841 0.000000 0.000000 -0.054600 -0.111020 -0.458274
51 1.099742 0.000000 0.000000 -0.010217 -0.062642 -0.161791
52 1.244767 -0.892595 -1.077153 -1.537577 0.432036 -0.185459
53 1.976136 0.000000 0.000000 -0.000000 0.068928 -0.257871
54 1.377138 0.000000 -0.000000 0.000000 0.022268 0.192117
time 273
0 0.000000 0.000000 0.000000 1.570796 0.000000 0.000000
1 0.316420 -0.379437 38.370995 1.471863 -0.156560 0.121691
2 0.000000 0.000000 0.000000 0.000000 0.000000 0.000000
3 3.890447 0.000000 0.000000 -1.710718 -0.164774 -1.475545
4 20.402582 0.000000 0.000000 -0.000000 0.000000 0.650912
5 17.754948 0.000000 0.000000 -0.239590 0.199273 -1.541640
6 5.733515 0.000000 0.000000 0.009688 -0.018986 -0.364248
7 -3.890447 0.000000 -0.000000 -1.319997 -0.058889 -2.089198
8 20.402582 0.000000 0.000000 0.000000 0.000000 0.683466
9 17.754948 0.000000 0.000000 0.379963 -0.115500 -1.621264
10 5.733515 0.000000 0.000000 -0.098163 0.014533 -0.343582
11 0.000000 3.345132 -1.055022 1.540410 0.036107 1.726397
12 4.232848 0.000000 0.000000 -0.015021 0.126994 0.131198
13 4.327481 0.000000 -0.000000 -0.003937 0.043674 0.175290
14 6.430522 -0.000000 -0.000000 0.115580 0.260840 0.479577
15 5.754028 0.000000 0.000000 2.847942 -0.142709 0.464121
16 4.208960 0.000000 0.000000 -0.043219 0.176398 1.040387
17 4.203462 1.484258 1.588960 -0.277152 -1.124063 -1.431345
18 5.124548 0.000000 0.000000 -0.919319 -0.171051 -1.547499
19 11.580950 0.000000 0.000000 0.000000 -0.000000 -0.746324
20 11.182189 -0.000002 -0.000032 1.469925 0.041892 -0.317820
21 3.342010 -0.071954 -1.535773 0.070874 0.142154 -0.247798
22 1.760565 0.000000 0.000000 0.003707 0.008347 -0.417902
23 0.946777 0.000000 -0.000000 -0.059844 -0.161510 -0.356655
24 3.650005 0.195886 -0.591614 0.065848 0.111437 -0.286501
25 1.940476 0.000000 -0.000000 -0.063015 -0.157361 -0.382781
26 1.194153 0.000000 0.000000 0.017478 0.067896 -0.252168
27 3.920878 0.176868 0.421353 0.034918 -0.002119 -0.237374
28 2.398545 -0.000000 -0.000000 -0.016327 -0.028042 -0.527349
29 1.228913 0.000000 0.000000 0.006292 0.038933 -0.160270
30 3.969047 0.108842 1.535248 0.028607 -0.031328 -0.228206
31 1.959841 0.000000 0.000000 0.054600 0.111020 -0.458274
32 1.099742 0.000000 0.000000 0.010217 0.062642 -0.161791
33 1.244744 -0.896944 1.073525 1.541960 -0.431286 -0.187296
34 1.976136 0.000000 0.000000 -0.000000 -0.068928 -0.257871
35 1.377138 -0.000000 0.000000 0.000000 -0.022268 0.192117
36 4.203462 1.484258 -1.588960 -0.450696 1.197630 -2.111250
37 5.124548 0.000000 0.000000 2.422222 0.516910 -0.688887
38 11.580950 0.000000 0.000000 -0.000000 -0.000000 -0.369792
39 11.182171 -0.000002 0.000017 -1.885203 0.099967 -0.315119
40 3.342029 -0.078177 1.535469 -0.066822 -0.142155 -0.247795
41 1.760565 -0.000000 -0.000000 -0.003707 -0.008347 -0.417902
42 0.946777 0.000000 0.000000 0.059844 0.161510 -0.356655
43 3.650023 0.193487 0.592403 -0.061796 -0.111438 -0.286498
44 1.940476 0.000000 0.000000 0.063015 0.157361 -0.382781
45 1.194153 -0.000000 0.000000 -0.017478 -0.067896 -0.252168
46 3.920897 0.178574 -0.420632 -0.030866 0.002118 -0.237370
47 2.398545 -0.000000 0.000000 0.016327 0.028042 -0.527349
48 1.228913 -0.000000 0.000000 -0.006292 -0.038933 -0.160270
49 3.969067 0.115063 -1.534794 -0.024555 0.031327 -0.228202
50 1.959841 0.000000 0.000000 -0.054600 -0.111020 -0.458274
51 1.099742 0.000000 0.000000 -0.010217 -0.062642 -0.161791
52 1.244767 -0.892595 -1.077153 -1.537577 0.432036 -0.185459
53 1.976136 -0.000000 0.000000 -0.000000 0.068928 -0.257871
54 1.377138 -0.000000 0.000000 0.000000 0.022268 0.192117
time 274
0 0.000000 0.000000 0.000000 1.570796 0.000000 0.000000
1 0.278994 -0.426392 38.382381 1.473635 -0.157084 0.123304
2 0.000000 0.000000 0.000000 0.000000 0.000000 0.000000
3 3.890447 0.000000 0.000000 -1.710583 -0.164724 -1.475212
4 20.402582 0.000000 0.000000 0.000000 -0.000000 0.648068
5 17.754948 0.000000 0.000000 -0.239882 0.200806 -1.540045
6 5.733515 0.000000 0.000000 0.009689 -0.018982 -0.364004
7 -3.890447 0.000000 -0.000000 -1.319783 -0.059174 -2.088191
8 20.402582 0.000000 -0.000000 -0.000000 -0.000000 0.684111
9 17.754948 0.000000 -0.000000 0.379211 -0.112591 -1.621487
10 5.733515 -0.000000 0.000000 -0.098161 0.014544 -0.344269
11 0.000000 3.345132 -1.055022 1.540840 0.036063 1.725679
12 4.232848 0.000000 -0.000000 -0.014651 0.126023 0.130940
13 4.327481 0.000000 0.000000 -0.003816 0.043473 0.175189
14 6.430522 0.000000 0.000000 0.115670 0.260753 0.479895
15 5.754028 0.000000 -0.000000 2.845424 -0.144001 0.463937
16 4.208960 0.000000 0.000000 -0.043492 0.177652 1.041060
17 4.203462 1.484258 1.588960 -0.272450 -1.127327 -1.435651
18 5.124548 -0.000000 0.000000 -0.914828 -0.174781 -1.546962
19 11.580950 0.000000 -0.000000 -0.000000 0.000000 -0.760262
20 11.182189 -0.000002 -0.000032 1.462910 0.040117 -0.322061
21 3.342010 -0.071954 -1.535773 0.070874 0.142154 -0.247798
22 1.760565 0.000000 0.000000 0.003707 0.008347 -0.417902
23 0.946777 -0.000000 0.000000 -0.059844 -0.161510 -0.356655
24 3.650005 0.195886 -0.591614 0.065848 0.111437 -0.286501
25 1.940476 -0.000000 0.000000 -0.063015 -0.157361 -0.382781
26 1.194153 0.000000 0.000000 0.017478 0.067896 -0.252168
27 3.920878 0.176868 0.421353 0.034918 -0.002119 -0.237374
28 2.398545 0.000000 0.000000 -0.016327 -0.028042 -0.527349
29 1.228913 0.000000 0.000000 0.006292 0.038933 -0.160270
30 3.969047 0.108842 1.535248 0.028607 -0.031328 -0.228206
31 1.959841 0.000000 0.000000 0.054600 0.111020 -0.458274
32 1.099742 0.000000 0.000000 0.010217 0.062642 -0.161791
33 1.244744 -0.896944 1.073525 1.541960 -0.431286 -0.187296
34 1.976136 0.000000 0.000000 -0.000000 -0.068928 -0.257871
35 1.377138 0.000000 -0.000000 0.000000 -0.022268 0.192117
36 4.203462 1.484258 -1.588960 -0.452956 1.196996 -2.112758
37 5.124548 -0.000000 0.000000 2.417039 0.513636 -0.701021
38 11.580950 -0.000000 0.000000 0.000000 0.000000 -0.365533
39 11.182171 -0.000002 0.000017 -1.887844 0.097996 -0.312751
40 3.342029 -0.078177 1.535469 -0.066822 -0.142155 -0.247795
41 1.760565 0.000000 0.000000 -0.003707 -0.008347 -0.417902
42 0.946777 0.000000 0.000000 0.059844 0.161510 -0.356655
43 3.650023 0.193487 0.592403 -0.061796 -0.111438 -0.286498
44 1.940476 0.000000 0.000000 0.063015 0.157361 -0.382781
45 1.194153 0.000000 0.000000 -0.017478 -0.067896 -0.252168
46 3.920897 0.178574 -0.420632 -0.030866 0.002118 -0.237370
47 2.398545 0.000000 0.000000 0.016327 0.028042 -0.527349
48 1.228913 -0.000000 0.000000 -0.006292 -0.038933 -0.160270
49 3.969067 0.115063 -1.534794 -0.024555 0.031327 -0.228202
50 1.959841 0.000000 0.000000 -0.054600 -0.111020 -0.458274
51 1.099742 -0.000000 0.000000 -0.010217 -0.062642 -0.161791
52 1.244767 -0.892595 -1.077153 -1.537577 0.432036 -0.185459
53 1.976136 -0.000000 0.000000 0.000000 0.068928 -0.257871
54 1.377138 0.000000 0.000000 -0.000000 0.022268 0.192117
time 275
0 0.000000 0.000000 0.000000 1.570796 0.000000 0.000000
1 0.240616 -0.473704 38.394257 1.475363 -0.157549 0.124924
2 0.000000 0.000000 0.000000 0.000000 0.000000 0.000000
3 3.890447 0.000000 0.000000 -1.709862 -0.164649 -1.474972
4 20.402582 0.000000 0.000000 0.000000 -0.000000 0.645204
5 17.754948 0.000000 0.000000 -0.240323 0.201773 -1.538401
6 5.733515 0.000000 0.000000 0.009690 -0.018977 -0.363724
7 -3.890447 0.000000 -0.000000 -1.319536 -0.059379 -2.087085
8 20.402582 0.000000 0.000000 0.000000 -0.000000 0.684672
9 17.754948 0.000000 0.000000 0.378427 -0.109681 -1.621666
10 5.733515 0.000000 0.000000 -0.098159 0.014554 -0.344862
11 0.000000 3.345132 -1.055022 1.541268 0.036149 1.724699
12 4.232848 0.000000 -0.000000 -0.014350 0.125391 0.130791
13 4.327481 0.000000 -0.000000 -0.003700 0.043314 0.175122
14 6.430522 0.000000 -0.000000 0.115486 0.260213 0.479853
15 5.754028 0.000000 0.000000 2.843141 -0.146216 0.462196
16 4.208960 0.000000 -0.000000 -0.043165 0.178835 1.043287
17 4.203462 1.484258 1.588960 -0.273482 -1.127275 -1.435307
18 5.124548 -0.000000 0.000000 -0.909461 -0.177667 -1.549048
19 11.580950 0.000000 -0.000000 -0.000000 -0.000000 -0.772926
20 11.182189 -0.000002 -0.000032 1.457436 0.034672 -0.324590
21 3.342010 -0.071954 -1.535773 0.070874 0.142154 -0.247798
22 1.760565 0.000000 -0.000000 0.003707 0.008347 -0.417902
23 0.946777 -0.000000 0.000000 -0.059844 -0.161510 -0.356655
24 3.650005 0.195886 -0.591614 0.065848 0.111437 -0.286501
25 1.940476 0.000000 0.000000 -0.063015 -0.157361 -0.382781
26 1.194153 0.000000 -0.000000 0.017478 0.067896 -0.252168
27 3.920878 0.176868 0.421353 0.034918 -0.002119 -0.237374
28 2.398545 0.000000 0.000000 -0.016327 -0.028042 -0.527349
29 1.228913 -0.000000 0.000000 0.006292 0.038933 -0.160270
30 3.969047 0.108842 1.535248 0.028607 -0.031328 -0.228206
31 1.959841 0.000000 0.000000 0.054600 0.111020 -0.458274
32 1.099742 -0.000000 0.000000 0.010217 0.062642 -0.161791
33 1.244744 -0.896944 1.073525 1.541960 -0.431286 -0.187296
34 1.976136 0.000000 0.000000 0.000000 -0.068928 -0.257871
35 1.377138 -0.000000 0.000000 0.000000 -0.022268 0.192117
36 4.203462 1.484258 -1.588960 -0.448382 1.196662 -2.108361
37 5.124548 0.000000 0.000000 2.411855 0.509587 -0.716592
38 11.580950 0.000000 0.000000 0.000000 -0.000000 -0.361199
39 11.182171 -0.000002 0.000017 -1.893209 0.097496 -0.310169
40 3.342029 -0.078177 1.535469 -0.066822 -0.142155 -0.247795
41 1.760565 0.000000 0.000000 -0.003707 -0.008347 -0.417902
42 0.946777 0.000000 -0.000000 0.059844 0.161510 -0.356655
43 3.650023 0.193487 0.592403 -0.061796 -0.111438 -0.286498
44 1.940476 0.000000 0.000000 0.063015 0.157361 -0.382781
45 1.194153 0.000000 0.000000 -0.017478 -0.067896 -0.252168
46 3.920897 0.178574 -0.420632 -0.030866 0.002118 -0.237370
47 2.398545 0.000000 0.000000 0.016327 0.028042 -0.527349
48 1.228913 -0.000000 0.000000 -0.006292 -0.038933 -0.160270
49 3.969067 0.115063 -1.534794 -0.024555 0.031327 -0.228202
50 1.959841 0.000000 0.000000 -0.054600 -0.111020 -0.458274
51 1.099742 0.000000 0.000000 -0.010217 -0.062642 -0.161791
52 1.244767 -0.892595 -1.077153 -1.537577 0.432036 -0.185459
53 1.976136 0.000000 0.000000 0.000000 0.068928 -0.257871
54 1.377138 0.000000 -0.000000 0.000000 0.022268 0.192117
time 276
0 0.000000 0.000000 0.000000 1.570796 0.000000 0.000000
1 0.201917 -0.521665 38.406498 1.477062 -0.157934 0.126512
2 0.000000 0.000000 0.000000 0.000000 0.000000 0.000000
3 3.890447 0.000000 0.000000 -1.708741 -0.164588 -1.474764
4 20.402582 -0.000000 0.000000 -0.000000 0.000000 0.642414
5 17.754948 -0.000000 -0.000000 -0.240817 0.202283 -1.536735
6 5.733515 0.000000 0.000000 0.009691 -0.018972 -0.363417
7 -3.890447 0.000000 -0.000000 -1.319219 -0.059497 -2.085890
8 20.402582 0.000000 0.000000 -0.000000 0.000000 0.685106
9 17.754948 -0.000000 0.000000 0.377653 -0.106860 -1.621816
10 5.733515 0.000000 0.000000 -0.098158 0.014562 -0.345327
11 0.000000 3.345132 -1.055022 1.541657 0.036363 1.723601
12 4.232848 0.000000 0.000000 -0.014108 0.124882 0.130634
13 4.327481 0.000000 0.000000 -0.003606 0.043110 0.175034
14 6.430522 0.000000 0.000000 0.115221 0.259647 0.479690
15 5.754028 0.000000 -0.000000 2.841244 -0.149158 0.459662
16 4.208960 0.000000 -0.000000 -0.042281 0.179653 1.046059
17 4.203462 1.484258 1.588960 -0.276360 -1.125684 -1.433448
18 5.124548 0.000000 0.000000 -0.905129 -0.179810 -1.552045
19 11.580950 0.000000 -0.000000 -0.000000 -0.000000 -0.782403
20 11.182189 -0.000002 -0.000032 1.453826 0.025317 -0.330427
21 3.342010 -0.071954 -1.535773 0.070874 0.142154 -0.247798
22 1.760565 0.000000 -0.000000 0.003707 0.008347 -0.417902
23 0.946777 0.000000 0.000000 -0.059844 -0.161510 -0.356655
24 3.650005 0.195886 -0.591614 0.065848 0.111437 -0.286501
25 1.940476 0.000000 0.000000 -0.063015 -0.157361 -0.382781
26 1.194153 0.000000 0.000000 0.017478 0.067896 -0.252168
27 3.920878 0.176868 0.421353 0.034918 -0.002119 -0.237374
28 2.398545 0.000000 -0.000000 -0.016327 -0.028042 -0.527349
29 1.228913 0.000000 0.000000 0.006292 0.038933 -0.160270
30 3.969047 0.108842 1.535248 0.028607 -0.031328 -0.228206
31 1.959841 -0.000000 -0.000000 0.054600 0.111020 -0.458274
32 1.099742 0.000000 0.000000 0.010217 0.062642 -0.161791
33 1.244744 -0.896944 1.073525 1.541960 -0.431286 -0.187296
34 1.976136 0.000000 0.000000 0.000000 -0.068928 -0.257871
35 1.377138 0.000000 0.000000 0.000000 -0.022268 0.192117
36 4.203462 1.484258 -1.588960 -0.441094 1.196719 -2.101773
37 5.124548 -0.000000 0.000000 2.408133 0.505268 -0.732474
38 11.580950 -0.000000 -0.000000 -0.000000 -0.000000 -0.356554
39 11.182171 -0.000002 0.000017 -1.899437 0.095077 -0.307143
40 3.342029 -0.078177 1.535469 -0.066822 -0.142155 -0.247795
41 1.760565 -0.000000 0.000000 -0.003707 -0.008347 -0.417902
42 0.946777 0.000000 0.000000 0.059844 0.161510 -0.356655
43 3.650023 0.193487 0.592403 -0.061796 -0.111438 -0.286498
44 1.940476 -0.000000 0.000000 0.063015 0.157361 -0.382781
45 1.194153 0.000000 0.000000 -0.017478 -0.067896 -0.252168
46 3.920897 0.178574 -0.420632 -0.030866 0.002118 -0.237370
47 2.398545 -0.000000 0.000000 0.016327 0.028042 -0.527349
48 1.228913 -0.000000 0.000000 -0.006292 -0.038933 -0.160270
49 3.969067 0.115063 -1.534794 -0.024555 0.031327 -0.228202
50 1.959841 0.000000 0.000000 -0.054600 -0.111020 -0.458274
51 1.099742 0.000000 0.000000 -0.010217 -0.062642 -0.161791
52 1.244767 -0.892595 -1.077153 -1.537577 0.432036 -0.185459
53 1.976136 0.000000 0.000000 -0.000000 0.068928 -0.257871
54 1.377138 0.000000 0.000000 -0.000000 0.022268 0.192117
end
